"Title","Creator","Contributors","Date","Extent","Source","Keywords","Description","Digital Collection","Website","Contributing Institution","SC County","Rights","Language","Digitization Specifications","Date Digital","Type","Format","Media Type","Identifier","Digital Assistant","Series","OCLC number","Date created","Date modified","Reference URL","CONTENTdm number","CONTENTdm file name","CONTENTdm file path","Year","Original Transcript","Original Len","Special Pattern","General Pattern","Repeat Chars","Short/No Transcript","Quality","Issue Types","Detected Artifacts"
"Selective Service Registration and Health Cards for Ernest Garnes, Page 1","","","","","","","","","","","","Copyright Not Evaluated. For further information please contact the University of South Carolina, South Carolina Political Collections, Columbia, SC 29208.","","","","","","","mmsimkins00318","","","","2020-11-09","2020-11-09","http://cdm17173.contentdm.oclc.org/cdm/ref/collection/mmsimkins/id/406",406.0,"407.jp2","/mmsimkins/image/407.jp2","","",0,False,False,False,True,False,"['Empty Transcript']","[]"
"Selective Service Registration and Health Cards for Ernest Garnes, Page 2","","","","","","","","","","","","Copyright Not Evaluated. For further information please contact the University of South Carolina, South Carolina Political Collections, Columbia, SC 29208.","","","","","","","mmsimkins00319","","","","2020-11-09","2020-11-09","http://cdm17173.contentdm.oclc.org/cdm/ref/collection/mmsimkins/id/407",407.0,"408.jp2","/mmsimkins/image/408.jp2","","",0,False,False,False,True,False,"['Empty Transcript']","[]"
"Leaflet encouraging people to register to vote","","","","","","","","","","","","Copyright Not Evaluated. For further information please contact the University of South Carolina, South Carolina Political Collections, Columbia, SC 29208.","","","","","","","mmsimkins00370","","","","2020-11-09","2020-11-09","http://cdm17173.contentdm.oclc.org/cdm/ref/collection/mmsimkins/id/457",457.0,"458.jp2","/mmsimkins/image/458.jp2","","",0,False,False,False,True,False,"['Empty Transcript']","[]"
"Postcard from Eugene from Tyrol, Austria, Page 1","","","","","","","","","","","","Copyright Not Evaluated. For further information please contact the University of South Carolina, South Carolina Political Collections, Columbia, SC 29208.","","","","","","","mmsimkins00231","","","","2020-10-30","2020-10-30","http://cdm17173.contentdm.oclc.org/cdm/ref/collection/mmsimkins/id/485",485.0,"486.jp2","/mmsimkins/image/486.jp2","","",0,False,False,False,True,False,"['Empty Transcript']","[]"
"Postcard to Meredes Hart from Modjeska Simkins, featuring Benedict College, Page 1","","","","","","","","","","","","Copyright Not Evaluated. For further information please contact the University of South Carolina, South Carolina Political Collections, Columbia, SC 29208.","","","","","","","mmsimkins00233","","","","2020-10-30","2020-10-30","http://cdm17173.contentdm.oclc.org/cdm/ref/collection/mmsimkins/id/487",487.0,"488.jp2","/mmsimkins/image/488.jp2","","",0,False,False,False,True,False,"['Empty Transcript']","[]"
"Postcard from a Friend Visiting China, dated May 2, 1913, Page 1","","","","","","","","","","","","Copyright Not Evaluated. For further information please contact the University of South Carolina, South Carolina Political Collections, Columbia, SC 29208.","","","","","","","mmsimkins00244","","","","2020-10-30","2020-10-30","http://cdm17173.contentdm.oclc.org/cdm/ref/collection/mmsimkins/id/497",497.0,"498.jp2","/mmsimkins/image/498.jp2","","",0,False,False,False,True,False,"['Empty Transcript']","[]"
"Probate Court Record for the Estate of William Lawrences Garnes, Page 1","","","","","","","","","","","","Copyright Not Evaluated. For further information please contact the University of South Carolina, South Carolina Political Collections, Columbia, SC 29208.","","","","","","","mmsimkins00246","","","","2020-10-30","2020-10-30","http://cdm17173.contentdm.oclc.org/cdm/ref/collection/mmsimkins/id/499",499.0,"500.jp2","/mmsimkins/image/500.jp2","","",0,False,False,False,True,False,"['Empty Transcript']","[]"
"Probate Court Record for the Estate of William Lawrences Garnes, Page 2","","","","","","","","","","","","Copyright Not Evaluated. For further information please contact the University of South Carolina, South Carolina Political Collections, Columbia, SC 29208.","","","","","","","mmsimkins00247","","","","2020-10-30","2020-10-30","http://cdm17173.contentdm.oclc.org/cdm/ref/collection/mmsimkins/id/500",500.0,"501.jp2","/mmsimkins/image/501.jp2","","",0,False,False,False,True,False,"['Empty Transcript']","[]"
"Postcard from Austria for Modjeska Simkins and Her Husband, Andrew, Page 1","","","","","","","","","","","","Copyright Not Evaluated. For further information please contact the University of South Carolina, South Carolina Political Collections, Columbia, SC 29208.","","","","","","","mmsimkins00248","","","","2020-10-30","2020-10-30","http://cdm17173.contentdm.oclc.org/cdm/ref/collection/mmsimkins/id/501",501.0,"502.jp2","/mmsimkins/image/502.jp2","","",0,False,False,False,True,False,"['Empty Transcript']","[]"
"Postcard from W.L. Peay, dated Sept. 2, 1920, Page 1","","","","","","","","","","","","Copyright Not Evaluated. For further information please contact the University of South Carolina, South Carolina Political Collections, Columbia, SC 29208.","","","","","","","mmsimkins00252","","","","2020-10-30","2020-10-30","http://cdm17173.contentdm.oclc.org/cdm/ref/collection/mmsimkins/id/505",505.0,"506.jp2","/mmsimkins/image/506.jp2","","",0,False,False,False,True,False,"['Empty Transcript']","[]"
"Executpr's Account of the Estate of Susan H. Garnes, dated March 3, 1926, Page 1","","","","","","","","","","","","Copyright Not Evaluated. For further information please contact the University of South Carolina, South Carolina Political Collections, Columbia, SC 29208.","","","","","","","mmsimkins00256","","","","2020-10-30","2020-10-30","http://cdm17173.contentdm.oclc.org/cdm/ref/collection/mmsimkins/id/509",509.0,"510.jp2","/mmsimkins/image/510.jp2","","",0,False,False,False,True,False,"['Empty Transcript']","[]"
"Executpr's Account of the Estate of Susan H. Garnes, dated March 3, 1926, Page 2","","","","","","","","","","","","Copyright Not Evaluated. For further information please contact the University of South Carolina, South Carolina Political Collections, Columbia, SC 29208.","","","","","","","mmsimkins00257","","","","2020-10-30","2020-10-30","http://cdm17173.contentdm.oclc.org/cdm/ref/collection/mmsimkins/id/510",510.0,"511.jp2","/mmsimkins/image/511.jp2","","",0,False,False,False,True,False,"['Empty Transcript']","[]"
"Letter from friend; dated Feb. 25, 1921, Letter from friend; dated Feb. 25, 1922","","","","","","","","","","","","Copyright Not Evaluated. For further information please contact the University of South Carolina, South Carolina Political Collections, Columbia, SC 29208.","","","","","","","mmsimkins00258","","","","2020-10-30","2020-10-30","http://cdm17173.contentdm.oclc.org/cdm/ref/collection/mmsimkins/id/511",511.0,"512.jp2","/mmsimkins/image/512.jp2","","",0,False,False,False,True,False,"['Empty Transcript']","[]"
"Letter from an unknown correspondent","","","","","","","","","","","","Copyright Not Evaluated. For further information please contact the University of South Carolina, South Carolina Political Collections, Columbia, SC 29208.","","","","","","","mmsimkins00278","","","","2020-10-30","2020-10-30","http://cdm17173.contentdm.oclc.org/cdm/ref/collection/mmsimkins/id/529",529.0,"530.jp2","/mmsimkins/image/530.jp2","","",0,False,False,False,True,False,"['Empty Transcript']","[]"
"Application form for State High School Essay Contest on Tuberculosis","","","","","","","","","","","","Copyright Not Evaluated. For further information please contact the University of South Carolina, South Carolina Political Collections, Columbia, SC 29208.","","","","","","","mmsimkins00289","","","","2020-10-30","2020-10-30","http://cdm17173.contentdm.oclc.org/cdm/ref/collection/mmsimkins/id/539",539.0,"540.jp2","/mmsimkins/image/540.jp2","","",0,False,False,False,True,False,"['Empty Transcript']","[]"
"Letter from E.A. McCorkle, dated October 25, 1938, regarding the sale of Easter Seals","","","","","","","","","","","","Copyright Not Evaluated. For further information please contact the University of South Carolina, South Carolina Political Collections, Columbia, SC 29208.","","","","","","","mmsimkins00294","","","","2020-10-30","2020-10-30","http://cdm17173.contentdm.oclc.org/cdm/ref/collection/mmsimkins/id/543",543.0,"544.jp2","/mmsimkins/image/544.jp2","","",0,False,False,False,True,False,"['Empty Transcript']","[]"
"Friendly letter from John Bolt Culbertson","","","","","","","","","","","","Copyright Not Evaluated. For further information please contact the University of South Carolina, South Carolina Political Collections, Columbia, SC 29208.","","","","","","","mmsimkins01089","","","","2015-11-13","2015-11-13","http://cdm17173.contentdm.oclc.org/cdm/ref/collection/mmsimkins/id/644",644.0,"645.jp2","/mmsimkins/image/645.jp2","","",0,False,False,False,True,False,"['Empty Transcript']","[]"
"Letter from George, Page 2","","","","","","","","","","","","Copyright Not Evaluated. For further information please contact the University of South Carolina, South Carolina Political Collections, Columbia, SC 29208.","","","","","","","mmsimkins01095","","","","2015-11-13","2015-11-13","http://cdm17173.contentdm.oclc.org/cdm/ref/collection/mmsimkins/id/650",650.0,"651.jp2","/mmsimkins/image/651.jp2","","",0,False,False,False,True,False,"['Empty Transcript']","[]"
"Thank you card from Vickey Dye, Page 1","","","","","","","","","","","","Copyright Not Evaluated. For further information please contact the University of South Carolina, South Carolina Political Collections, Columbia, SC 29208.","","","","","","","mmsimkins01184","","","","2015-11-13","2015-11-13","http://cdm17173.contentdm.oclc.org/cdm/ref/collection/mmsimkins/id/734",734.0,"735.jp2","/mmsimkins/image/735.jp2","","",0,False,False,False,True,False,"['Empty Transcript']","[]"
"Thank you card from South Carolina Commission on Women for Simkins's participation in their Women of Achievement Luncheon, Page 1","","","","","","","","","","","","Copyright Not Evaluated. For further information please contact the University of South Carolina, South Carolina Political Collections, Columbia, SC 29208.","","","","","","","mmsimkins01433","","","","2015-11-13","2015-11-13","http://cdm17173.contentdm.oclc.org/cdm/ref/collection/mmsimkins/id/838",838.0,"839.jp2","/mmsimkins/image/839.jp2","","",0,False,False,False,True,False,"['Empty Transcript']","[]"
"Letter from Sarah Reese offering to help George Elmore with his mortgage","","","","","","","","","","","","Copyright Not Evaluated. For further information please contact the University of South Carolina, South Carolina Political Collections, Columbia, SC 29208.","","","","","","","mmsimkins00434","","","","2020-11-20","2020-11-20","http://cdm17173.contentdm.oclc.org/cdm/ref/collection/mmsimkins/id/896",896.0,"897.jp2","/mmsimkins/image/897.jp2","","",0,False,False,False,True,False,"['Empty Transcript']","[]"
"List of activities performed by inmates, Page 1","","","","","","","","","","","","Copyright Not Evaluated. For further information please contact the University of South Carolina, South Carolina Political Collections, Columbia, SC 29208.","","","","","","","mmsimkins00736","","","","2021-04-01","2021-04-01","http://cdm17173.contentdm.oclc.org/cdm/ref/collection/mmsimkins/id/956",956.0,"957.jp2","/mmsimkins/image/957.jp2","","",0,False,False,False,True,False,"['Empty Transcript']","[]"
"List of activities performed by inmates, Page 2","","","","","","","","","","","","Copyright Not Evaluated. For further information please contact the University of South Carolina, South Carolina Political Collections, Columbia, SC 29208.","","","","","","","mmsimkins00737","","","","2021-04-01","2021-04-01","http://cdm17173.contentdm.oclc.org/cdm/ref/collection/mmsimkins/id/957",957.0,"958.jp2","/mmsimkins/image/958.jp2","","",0,False,False,False,True,False,"['Empty Transcript']","[]"
"Christmas Card from friend named Nancy in Peru, Page 1","","","","","","","","","","","","Copyright Not Evaluated. For further information please contact the University of South Carolina, South Carolina Political Collections, Columbia, SC 29208.","","","","","","","mmsimkins01640","","","","2015-11-13","2015-11-13","http://cdm17173.contentdm.oclc.org/cdm/ref/collection/mmsimkins/id/1065",1065.0,"1066.jp2","/mmsimkins/image/1066.jp2","","",0,False,False,False,True,False,"['Empty Transcript']","[]"
"Letter to Modjeska Simkins from Emma Wheeler, Page 3","","","","","","","","","","","","Copyright Not Evaluated. For further information please contact the University of South Carolina, South Carolina Political Collections, Columbia, SC 29208.","","","","","","","mmsimkins00644","","","","2021-01-20","2021-01-20","http://cdm17173.contentdm.oclc.org/cdm/ref/collection/mmsimkins/id/1175",1175.0,"1279.jp2","/mmsimkins/image/1279.jp2","","",0,False,False,False,True,False,"['Empty Transcript']","[]"
"Newspaper clippings on debate between Simkins and old-guard white supremacist wing of South Carolina Democratic Party, Page 4","","","","","","","","","","","","Copyright Not Evaluated. For further information please contact the University of South Carolina, South Carolina Political Collections, Columbia, SC 29208.","","","","","","","mmsimkins00652","","","","2021-01-20","2021-01-20","http://cdm17173.contentdm.oclc.org/cdm/ref/collection/mmsimkins/id/1181",1181.0,"1285.jp2","/mmsimkins/image/1285.jp2","","",0,False,False,False,True,False,"['Empty Transcript']","[]"
"Letter from Emma Wheeler, Page 3","","","","","","","","","","","","Copyright Not Evaluated. For further information please contact the University of South Carolina, South Carolina Political Collections, Columbia, SC 29208.","","","","","","","mmsimkins00695","","","","2021-01-20","2021-01-20","http://cdm17173.contentdm.oclc.org/cdm/ref/collection/mmsimkins/id/1218",1218.0,"1322.jp2","/mmsimkins/image/1322.jp2","","",0,False,False,False,True,False,"['Empty Transcript']","[]"
"Letter from Emma Wheeler, Page 1","","","","","","","","","","","","Copyright Not Evaluated. For further information please contact the University of South Carolina, South Carolina Political Collections, Columbia, SC 29208.","","","","","","","mmsimkins00696","","","","2021-01-20","2021-01-20","http://cdm17173.contentdm.oclc.org/cdm/ref/collection/mmsimkins/id/1219",1219.0,"1323.jp2","/mmsimkins/image/1323.jp2","","",0,False,False,False,True,False,"['Empty Transcript']","[]"
"Letter from Emma Wheeler, Page 2","","","","","","","","","","","","Copyright Not Evaluated. For further information please contact the University of South Carolina, South Carolina Political Collections, Columbia, SC 29208.","","","","","","","mmsimkins00697","","","","2021-01-20","2021-01-20","http://cdm17173.contentdm.oclc.org/cdm/ref/collection/mmsimkins/id/1220",1220.0,"1324.jp2","/mmsimkins/image/1324.jp2","","",0,False,False,False,True,False,"['Empty Transcript']","[]"
"Postcard featuring several graduates of an institution, Page 1","","","","","","","","","","","","Copyright Not Evaluated. For further information please contact the University of South Carolina, South Carolina Political Collections, Columbia, SC 29208.","","","","","","","mmsimkins01493","","","","2015-11-13","2015-11-13","http://cdm17173.contentdm.oclc.org/cdm/ref/collection/mmsimkins/id/1226",1226.0,"1330.jp2","/mmsimkins/image/1330.jp2","","",0,False,False,False,True,False,"['Empty Transcript']","[]"
"Postcard from Simkins's Simbeth Motel, Page 1","","","","","","","","","","","","Copyright Not Evaluated. For further information please contact the University of South Carolina, South Carolina Political Collections, Columbia, SC 29208.","","","","","","","mmsimkins01497","","","","2015-11-13","2015-11-13","http://cdm17173.contentdm.oclc.org/cdm/ref/collection/mmsimkins/id/1230",1230.0,"1334.jp2","/mmsimkins/image/1334.jp2","","",0,False,False,False,True,False,"['Empty Transcript']","[]"
"Letter from a friend regarding a relative named George, Page 1","","","","","","","","","","","","Copyright Not Evaluated. For further information please contact the University of South Carolina, South Carolina Political Collections, Columbia, SC 29208.","","","","","","","mmsimkins00958","","","","2015-11-13","2015-11-13","http://cdm17173.contentdm.oclc.org/cdm/ref/collection/mmsimkins/id/1367",1367.0,"1471.jp2","/mmsimkins/image/1471.jp2","","",0,False,False,False,True,False,"['Empty Transcript']","[]"
"Letter to Andrew Simkins, Page 2","","","","","","","","","","","","Copyright Not Evaluated. For further information please contact the University of South Carolina, South Carolina Political Collections, Columbia, SC 29208.","","","","","","","mmsimkins00498","","","","2020-12-07","2020-12-07","http://cdm17173.contentdm.oclc.org/cdm/ref/collection/mmsimkins/id/1667",1667.0,"1977.jp2","/mmsimkins/image/1977.jp2","","",0,False,False,False,True,False,"['Empty Transcript']","[]"
"Letter to Modjeska Simkins from her friend Eugenie regarding the Bahai Southeastern Summer School in Frogmore, SC, Page 1","","","","","","","","","","","","Copyright Not Evaluated. For further information please contact the University of South Carolina, South Carolina Political Collections, Columbia, SC 29208.","","","","","","","mmsimkins00540","","","","2020-12-07","2020-12-07","http://cdm17173.contentdm.oclc.org/cdm/ref/collection/mmsimkins/id/1707",1707.0,"2017.jp2","/mmsimkins/image/2017.jp2","","",0,False,False,False,True,False,"['Empty Transcript']","[]"
"Letter to Modjeska Simkins from her friend Eugenie regarding the Bahai Southeastern Summer School in Frogmore, SC, Page 4","","","","","","","","","","","","Copyright Not Evaluated. For further information please contact the University of South Carolina, South Carolina Political Collections, Columbia, SC 29208.","","","","","","","mmsimkins00543","","","","2020-12-07","2020-12-07","http://cdm17173.contentdm.oclc.org/cdm/ref/collection/mmsimkins/id/1710",1710.0,"2020.jp2","/mmsimkins/image/2020.jp2","","",0,False,False,False,True,False,"['Empty Transcript']","[]"
"New Year's Card Sent Out by Modjeska Simkins, Page 1","","","","","","","","","","","","Copyright Not Evaluated. For further information please contact the University of South Carolina, South Carolina Political Collections, Columbia, SC 29208.","","","","","","","mmsimkins00567","","","","2020-12-07","2020-12-07","http://cdm17173.contentdm.oclc.org/cdm/ref/collection/mmsimkins/id/1711",1711.0,"2021.jp2","/mmsimkins/image/2021.jp2","","",0,False,False,False,True,False,"['Empty Transcript']","[]"
"Hand-written note regarding South Carolina Tax Commission penalties","","","","","","","","","","","","Copyright Not Evaluated. For further information please contact the University of South Carolina, South Carolina Political Collections, Columbia, SC 29208.","","","","","","","mmsimkins00587","","","","2020-12-07","2020-12-07","http://cdm17173.contentdm.oclc.org/cdm/ref/collection/mmsimkins/id/1729",1729.0,"2039.jp2","/mmsimkins/image/2039.jp2","","",0,False,False,False,True,False,"['Empty Transcript']","[]"
"Note cards, Page 4","","","","","","","","","","","","Copyright Not Evaluated. For further information please contact the University of South Carolina, South Carolina Political Collections, Columbia, SC 29208.","","","","","","","mmsimkins03282","","","","2016-01-12","2016-01-12","http://cdm17173.contentdm.oclc.org/cdm/ref/collection/mmsimkins/id/2190",2190.0,"2500.jp2","/mmsimkins/image/2500.jp2","","",0,False,False,False,True,False,"['Empty Transcript']","[]"
"Note cards, Page 7","","","","","","","","","","","","Copyright Not Evaluated. For further information please contact the University of South Carolina, South Carolina Political Collections, Columbia, SC 29208.","","","","","","","mmsimkins03285","","","","2016-01-12","2016-01-12","http://cdm17173.contentdm.oclc.org/cdm/ref/collection/mmsimkins/id/2193",2193.0,"2503.jp2","/mmsimkins/image/2503.jp2","","",0,False,False,False,True,False,"['Empty Transcript']","[]"
"Letter to ministers regarding a visit from Congressman Arthur W. Mitchell, Page 2","","","","","","","","","","","","Copyright Not Evaluated. For further information please contact the University of South Carolina, South Carolina Political Collections, Columbia, SC 29208.","","","","","","","mmsimkins02976","","","","2016-01-12","2016-01-12","http://cdm17173.contentdm.oclc.org/cdm/ref/collection/mmsimkins/id/2232",2232.0,"2542.jp2","/mmsimkins/image/2542.jp2","","",0,False,False,False,True,False,"['Empty Transcript']","[]"
"Democratic flier with voting instructions on voting for Democratic candidates","","","","","","","","","","","","Copyright Not Evaluated. For further information please contact the University of South Carolina, South Carolina Political Collections, Columbia, SC 29208.","","","","","","","mmsimkins02833","","","","2016-11-21","2016-11-21","http://cdm17173.contentdm.oclc.org/cdm/ref/collection/mmsimkins/id/2241",2241.0,"2551.jp2","/mmsimkins/image/2551.jp2","","",0,False,False,False,True,False,"['Empty Transcript']","[]"
"Candidate list for Progressive Democrats of Richland County, Page 1","","","","","","","","","","","","Copyright Not Evaluated. For further information please contact the University of South Carolina, South Carolina Political Collections, Columbia, SC 29208.","","","","","","","mmsimkins02849","","","","2016-01-12","2016-01-12","http://cdm17173.contentdm.oclc.org/cdm/ref/collection/mmsimkins/id/2257",2257.0,"2567.jp2","/mmsimkins/image/2567.jp2","","",0,False,False,False,True,False,"['Empty Transcript']","[]"
"Program for the Black History Awareness Week program at Central Correctional Institute, Page 1","","","","","","","","","","","","Copyright Not Evaluated. For further information please contact the University of South Carolina, South Carolina Political Collections, Columbia, SC 29208.","","","","","","","mmsimkins02399","","","","2016-01-12","2016-01-12","http://cdm17173.contentdm.oclc.org/cdm/ref/collection/mmsimkins/id/2716",2716.0,"3026.jp2","/mmsimkins/image/3026.jp2","","",0,False,False,False,True,False,"['Empty Transcript']","[]"
"Program for a 1981 dinner benefitting the Modjeska Simkins Endowment Fund, Page 2","","","","","","","","","","","","Copyright Not Evaluated. For further information please contact the University of South Carolina, South Carolina Political Collections, Columbia, SC 29208.","","","","","","","mmsimkins02348","","","","2016-01-12","2016-01-12","http://cdm17173.contentdm.oclc.org/cdm/ref/collection/mmsimkins/id/3006",3006.0,"3316.jp2","/mmsimkins/image/3316.jp2","","",0,False,False,False,True,False,"['Empty Transcript']","[]"
"Letter from Max Citron to Rev. A.B. Baily concerning the hospital fundraiser","","","","","","","","","","","","Copyright Not Evaluated. For further information please contact the University of South Carolina, South Carolina Political Collections, Columbia, SC 29208.","","","","","","","mmsimkins04272","","","","2016-01-15","2016-01-15","http://cdm17173.contentdm.oclc.org/cdm/ref/collection/mmsimkins/id/3101",3101.0,"3411.jp2","/mmsimkins/image/3411.jp2","","",0,False,False,False,True,False,"['Empty Transcript']","[]"
"Letter concerning the hospital fundraising campaign","","","","","","","","","","","","Copyright Not Evaluated. For further information please contact the University of South Carolina, South Carolina Political Collections, Columbia, SC 29208.","","","","","","","mmsimkins03812","","","","2016-01-15","2016-01-15","http://cdm17173.contentdm.oclc.org/cdm/ref/collection/mmsimkins/id/3241",3241.0,"3551.jp2","/mmsimkins/image/3551.jp2","","",0,False,False,False,True,False,"['Empty Transcript']","[]"
"Letter from a student in Simkins' sex education class","","","","","","","","","","","","Copyright Not Evaluated. For further information please contact the University of South Carolina, South Carolina Political Collections, Columbia, SC 29208.","","","","","","","mmsimkins03462","","","","2016-01-15","2016-01-15","http://cdm17173.contentdm.oclc.org/cdm/ref/collection/mmsimkins/id/3307",3307.0,"3617.jp2","/mmsimkins/image/3617.jp2","","",0,False,False,False,True,False,"['Empty Transcript']","[]"
"Essay describing the benefits of Simkins' sex education class","","","","","","","","","","","","Copyright Not Evaluated. For further information please contact the University of South Carolina, South Carolina Political Collections, Columbia, SC 29208.","","","","","","","mmsimkins03476","","","","2016-01-15","2016-01-15","http://cdm17173.contentdm.oclc.org/cdm/ref/collection/mmsimkins/id/3320",3320.0,"3630.jp2","/mmsimkins/image/3630.jp2","","",0,False,False,False,True,False,"['Empty Transcript']","[]"
"Program from April 18, 1942 program by Delta Sigma Theta sorority at SC State, Page 1","","","","","","","","","","","","Copyright Not Evaluated. For further information please contact the University of South Carolina, South Carolina Political Collections, Columbia, SC 29208.","","","","","","","mmsimkins03503","","","","2016-01-15","2016-01-15","http://cdm17173.contentdm.oclc.org/cdm/ref/collection/mmsimkins/id/3346",3346.0,"3656.jp2","/mmsimkins/image/3656.jp2","","",0,False,False,False,True,False,"['Empty Transcript']","[]"
"Letter enclosing a $0.46 donation from H.L. Dunlap of Ft. Mill","","","","","","","","","","","","Copyright Not Evaluated. For further information please contact the University of South Carolina, South Carolina Political Collections, Columbia, SC 29208.","","","","","","","mmsimkins03914","","","","2016-01-15","2016-01-15","http://cdm17173.contentdm.oclc.org/cdm/ref/collection/mmsimkins/id/3532",3532.0,"3842.jp2","/mmsimkins/image/3842.jp2","","",0,False,False,False,True,False,"['Empty Transcript']","[]"
"Letter from someone in Kershaw, SC enclosing donations for the Good Samaritan-Waverly Hospital","","","","","","","","","","","","Copyright Not Evaluated. For further information please contact the University of South Carolina, South Carolina Political Collections, Columbia, SC 29208.","","","","","","","mmsimkins03925","","","","2016-01-15","2016-01-15","http://cdm17173.contentdm.oclc.org/cdm/ref/collection/mmsimkins/id/3543",3543.0,"3853.jp2","/mmsimkins/image/3853.jp2","","",0,False,False,False,True,False,"['Empty Transcript']","[]"
"Letter enclosing a $25.00 donation from the Jane E. Hunter Federation Clubs","","","","","","","","","","","","Copyright Not Evaluated. For further information please contact the University of South Carolina, South Carolina Political Collections, Columbia, SC 29208.","","","","","","","mmsimkins03944","","","","2016-01-15","2016-01-15","http://cdm17173.contentdm.oclc.org/cdm/ref/collection/mmsimkins/id/3562",3562.0,"3872.jp2","/mmsimkins/image/3872.jp2","","",0,False,False,False,True,False,"['Empty Transcript']","[]"
"Letter enclosing a $10.00 donation from a masonic lodge in Moncks Corner","","","","","","","","","","","","Copyright Not Evaluated. For further information please contact the University of South Carolina, South Carolina Political Collections, Columbia, SC 29208.","","","","","","","mmsimkins03962","","","","2016-01-15","2016-01-15","http://cdm17173.contentdm.oclc.org/cdm/ref/collection/mmsimkins/id/3580",3580.0,"3890.jp2","/mmsimkins/image/3890.jp2","","",0,False,False,False,True,False,"['Empty Transcript']","[]"
"Letter enclosing a $5.00 donation from someone in Little Rock, SC","","","","","","","","","","","","Copyright Not Evaluated. For further information please contact the University of South Carolina, South Carolina Political Collections, Columbia, SC 29208.","","","","","","","mmsimkins03976","","","","2016-01-15","2016-01-15","http://cdm17173.contentdm.oclc.org/cdm/ref/collection/mmsimkins/id/3707",3707.0,"4017.jp2","/mmsimkins/image/4017.jp2","","",0,False,False,False,True,False,"['Empty Transcript']","[]"
"List of donors with some notes on the back, Page 1","","","","","","","","","","","","Copyright Not Evaluated. For further information please contact the University of South Carolina, South Carolina Political Collections, Columbia, SC 29208.","","","","","","","mmsimkins04351","","","","2016-01-25","2016-01-25","http://cdm17173.contentdm.oclc.org/cdm/ref/collection/mmsimkins/id/4014",4014.0,"4324.jp2","/mmsimkins/image/4324.jp2","","",0,False,False,False,True,False,"['Empty Transcript']","[]"
"Pamphlet entitled """"The South Carolina Woman: Heritage to Horizons"""", Page 1","","","","","","","","","","","","Copyright Not Evaluated. For further information please contact the University of South Carolina, South Carolina Political Collections, Columbia, SC 29208.","","","","","","","mmsimkins04395","","","","2016-01-25","2016-01-25","http://cdm17173.contentdm.oclc.org/cdm/ref/collection/mmsimkins/id/4206",4206.0,"4516.jp2","/mmsimkins/image/4516.jp2","","",0,False,False,False,True,False,"['Empty Transcript']","[]"
"Postcard to A.C. Redd from Montgomery, Page 2","","","","","","","","","","","","Copyright Not Evaluated. For further information please contact the University of South Carolina, South Carolina Political Collections, Columbia, SC 29208.","","","","","","","mmsimkins05058","","","","2016-02-01","2016-02-01","http://cdm17173.contentdm.oclc.org/cdm/ref/collection/mmsimkins/id/4418",4418.0,"4728.jp2","/mmsimkins/image/4728.jp2","","",0,False,False,False,True,False,"['Empty Transcript']","[]"
"Letter from Mae Dickson to James M. Hinton concerning school buildings in Beaufort, South Carolina","","","","","","","","","","","","Copyright Not Evaluated. For further information please contact the University of South Carolina, South Carolina Political Collections, Columbia, SC 29208.","","","","","","","mmsimkins05089","","","","2016-02-01","2016-02-01","http://cdm17173.contentdm.oclc.org/cdm/ref/collection/mmsimkins/id/4449",4449.0,"4759.jp2","/mmsimkins/image/4759.jp2","","",0,False,False,False,True,False,"['Empty Transcript']","[]"
"Letter from Mae Dickson to A.C. Redd concerning a school building for African American students in Beaufort, South Carolina, Page 3","","","","","","","","","","","","Copyright Not Evaluated. For further information please contact the University of South Carolina, South Carolina Political Collections, Columbia, SC 29208.","","","","","","","mmsimkins05092","","","","2016-02-01","2016-02-01","http://cdm17173.contentdm.oclc.org/cdm/ref/collection/mmsimkins/id/4452",4452.0,"4762.jp2","/mmsimkins/image/4762.jp2","","",0,False,False,False,True,False,"['Empty Transcript']","[]"
"Letter to A.C. Redd about school desegregation","","","","","","","","","","","","Copyright Not Evaluated. For further information please contact the University of South Carolina, South Carolina Political Collections, Columbia, SC 29208.","","","","","","","mmsimkins05205","","","","2016-11-21","2016-11-21","http://cdm17173.contentdm.oclc.org/cdm/ref/collection/mmsimkins/id/4582",4582.0,"4892.jp2","/mmsimkins/image/4892.jp2","","",0,False,False,False,True,False,"['Empty Transcript']","[]"
"Donation from Andrew Carter of Chicago","","","","","","","","","","","","Copyright Not Evaluated. For further information please contact the University of South Carolina, South Carolina Political Collections, Columbia, SC 29208.","","","","","","","mmsimkins05261","","","","2016-11-21","2016-11-21","http://cdm17173.contentdm.oclc.org/cdm/ref/collection/mmsimkins/id/4636",4636.0,"4946.jp2","/mmsimkins/image/4946.jp2","","",0,False,False,False,True,False,"['Empty Transcript']","[]"
"Donation from a Mrs. Snow of New York City, Page 1","","","","","","","","","","","","Copyright Not Evaluated. For further information please contact the University of South Carolina, South Carolina Political Collections, Columbia, SC 29208.","","","","","","","mmsimkins05282","","","","2016-02-01","2016-02-01","http://cdm17173.contentdm.oclc.org/cdm/ref/collection/mmsimkins/id/4656",4656.0,"4966.jp2","/mmsimkins/image/4966.jp2","","",0,False,False,False,True,False,"['Empty Transcript']","[]"
"Donation from Mr. and Mrs. Stewart of Washington, D.C.","","","","","","","","","","","","Copyright Not Evaluated. For further information please contact the University of South Carolina, South Carolina Political Collections, Columbia, SC 29208.","","","","","","","mmsimkins05285","","","","2016-02-01","2016-02-01","http://cdm17173.contentdm.oclc.org/cdm/ref/collection/mmsimkins/id/4658",4658.0,"4968.jp2","/mmsimkins/image/4968.jp2","","",0,False,False,False,True,False,"['Empty Transcript']","[]"
"Letter of support from a woman in Los Angeles, Page 3","","","","","","","","","","","","Copyright Not Evaluated. For further information please contact the University of South Carolina, South Carolina Political Collections, Columbia, SC 29208.","","","","","","","mmsimkins05318","","","","2016-02-01","2016-02-01","http://cdm17173.contentdm.oclc.org/cdm/ref/collection/mmsimkins/id/4690",4690.0,"5000.jp2","/mmsimkins/image/5000.jp2","","",0,False,False,False,True,False,"['Empty Transcript']","[]"
"Donation from someone in Chicago","","","","","","","","","","","","Copyright Not Evaluated. For further information please contact the University of South Carolina, South Carolina Political Collections, Columbia, SC 29208.","","","","","","","mmsimkins05375","","","","2016-02-01","2016-02-01","http://cdm17173.contentdm.oclc.org/cdm/ref/collection/mmsimkins/id/4744",4744.0,"5054.jp2","/mmsimkins/image/5054.jp2","","",0,False,False,False,True,False,"['Empty Transcript']","[]"
"Donation from a woman in Washington, D.C., Page 1","","","","","","","","","","","","Copyright Not Evaluated. For further information please contact the University of South Carolina, South Carolina Political Collections, Columbia, SC 29208.","","","","","","","mmsimkins05386","","","","2016-02-01","2016-02-01","http://cdm17173.contentdm.oclc.org/cdm/ref/collection/mmsimkins/id/4755",4755.0,"5065.jp2","/mmsimkins/image/5065.jp2","","",0,False,False,False,True,False,"['Empty Transcript']","[]"
"Minutes for the March 9, 1974 NAACP Board of Directors Meeting, Page 4","","","","","","","","","","","","Copyright Not Evaluated. For further information please contact the University of South Carolina, South Carolina Political Collections, Columbia, SC 29208.","","","","","","","mmsimkins05581","","","","2016-02-04","2016-02-04","http://cdm17173.contentdm.oclc.org/cdm/ref/collection/mmsimkins/id/4794",4794.0,"5104.jp2","/mmsimkins/image/5104.jp2","","",0,False,False,False,True,False,"['Empty Transcript']","[]"
"Letter from M.P. Kennedy to A.C. Redd, Page 2","","","","","","","","","","","","Copyright Not Evaluated. For further information please contact the University of South Carolina, South Carolina Political Collections, Columbia, SC 29208.","","","","","","","mmsimkins05725","","","","2016-02-04","2016-02-04","http://cdm17173.contentdm.oclc.org/cdm/ref/collection/mmsimkins/id/4983",4983.0,"5293.jp2","/mmsimkins/image/5293.jp2","","",0,False,False,False,True,False,"['Empty Transcript']","[]"
"Program, NAACP 74th birthday celebration and first special membership campaign rally, February 12, 1983, Page 4","","","","","","","","","","","","Copyright Not Evaluated. For further information please contact the University of South Carolina, South Carolina Political Collections, Columbia, SC 29208.","","","","","","","mmsimkins06372","","","","2016-02-19","2016-02-19","http://cdm17173.contentdm.oclc.org/cdm/ref/collection/mmsimkins/id/5281",5281.0,"5591.jp2","/mmsimkins/image/5591.jp2","","",0,False,False,False,True,False,"['Empty Transcript']","[]"
"Program, NAACP 74th birthday celebration and first special membership campaign rally, February 12, 1983, Page 5","","","","","","","","","","","","Copyright Not Evaluated. For further information please contact the University of South Carolina, South Carolina Political Collections, Columbia, SC 29208.","","","","","","","mmsimkins06373","","","","2016-02-19","2016-02-19","http://cdm17173.contentdm.oclc.org/cdm/ref/collection/mmsimkins/id/5282",5282.0,"5592.jp2","/mmsimkins/image/5592.jp2","","",0,False,False,False,True,False,"['Empty Transcript']","[]"
"Program, NAACP 74th birthday celebration and first special membership campaign rally, February 12, 1983, Page 9","","","","","","","","","","","","Copyright Not Evaluated. For further information please contact the University of South Carolina, South Carolina Political Collections, Columbia, SC 29208.","","","","","","","mmsimkins06377","","","","2016-02-19","2016-02-19","http://cdm17173.contentdm.oclc.org/cdm/ref/collection/mmsimkins/id/5286",5286.0,"5596.jp2","/mmsimkins/image/5596.jp2","","",0,False,False,False,True,False,"['Empty Transcript']","[]"
"Program, NAACP 74th birthday celebration and first special membership campaign rally, February 12, 1983, Page 10","","","","","","","","","","","","Copyright Not Evaluated. For further information please contact the University of South Carolina, South Carolina Political Collections, Columbia, SC 29208.","","","","","","","mmsimkins06378","","","","2016-02-19","2016-02-19","http://cdm17173.contentdm.oclc.org/cdm/ref/collection/mmsimkins/id/5287",5287.0,"5597.jp2","/mmsimkins/image/5597.jp2","","",0,False,False,False,True,False,"['Empty Transcript']","[]"
"Program, NAACP 74th birthday celebration and first special membership campaign rally, February 12, 1983, Page 12","","","","","","","","","","","","Copyright Not Evaluated. For further information please contact the University of South Carolina, South Carolina Political Collections, Columbia, SC 29208.","","","","","","","mmsimkins06380","","","","2016-02-19","2016-02-19","http://cdm17173.contentdm.oclc.org/cdm/ref/collection/mmsimkins/id/5289",5289.0,"5599.jp2","/mmsimkins/image/5599.jp2","","",0,False,False,False,True,False,"['Empty Transcript']","[]"
"Materials related to a NAACP lawsuit focused on legislative reapportionment, Page 19","","","","","","","","","","","","Copyright Not Evaluated. For further information please contact the University of South Carolina, South Carolina Political Collections, Columbia, SC 29208.","","","","","","","mmsimkins06064","","","","2016-02-19","2016-02-19","http://cdm17173.contentdm.oclc.org/cdm/ref/collection/mmsimkins/id/5380",5380.0,"5690.jp2","/mmsimkins/image/5690.jp2","","",0,False,False,False,True,False,"['Empty Transcript']","[]"
"Map of Columbia, Page 2","","","","","","","","","","","","Copyright Not Evaluated. For further information please contact the University of South Carolina, South Carolina Political Collections, Columbia, SC 29208.","","","","","","","mmsimkins06600","","","","2016-02-19","2016-02-19","http://cdm17173.contentdm.oclc.org/cdm/ref/collection/mmsimkins/id/5637",5637.0,"6022.jp2","/mmsimkins/image/6022.jp2","","",0,False,False,False,True,False,"['Empty Transcript']","[]"
"Program, NAACP ninth annual Freedom Fund dinner, May 22, 1987, Page 10","","","","","","","","","","","","Copyright Not Evaluated. For further information please contact the University of South Carolina, South Carolina Political Collections, Columbia, SC 29208.","","","","","","","mmsimkins06444","","","","2016-02-19","2016-02-19","http://cdm17173.contentdm.oclc.org/cdm/ref/collection/mmsimkins/id/5823",5823.0,"6208.jp2","/mmsimkins/image/6208.jp2","","",0,False,False,False,True,False,"['Empty Transcript']","[]"
"Program, NAACP ninth annual Freedom Fund dinner, May 22, 1987, Page 12","","","","","","","","","","","","Copyright Not Evaluated. For further information please contact the University of South Carolina, South Carolina Political Collections, Columbia, SC 29208.","","","","","","","mmsimkins06446","","","","2016-02-19","2016-02-19","http://cdm17173.contentdm.oclc.org/cdm/ref/collection/mmsimkins/id/5825",5825.0,"6210.jp2","/mmsimkins/image/6210.jp2","","",0,False,False,False,True,False,"['Empty Transcript']","[]"
"Program, NAACP ninth annual Freedom Fund dinner, May 22, 1987, Page 13","","","","","","","","","","","","Copyright Not Evaluated. For further information please contact the University of South Carolina, South Carolina Political Collections, Columbia, SC 29208.","","","","","","","mmsimkins06448","","","","2016-02-19","2016-02-19","http://cdm17173.contentdm.oclc.org/cdm/ref/collection/mmsimkins/id/5826",5826.0,"6211.jp2","/mmsimkins/image/6211.jp2","","",0,False,False,False,True,False,"['Empty Transcript']","[]"
"Program, NAACP ninth annual Freedom Fund dinner, May 22, 1987, Page 14","","","","","","","","","","","","Copyright Not Evaluated. For further information please contact the University of South Carolina, South Carolina Political Collections, Columbia, SC 29208.","","","","","","","mmsimkins06449","","","","2016-02-19","2016-02-19","http://cdm17173.contentdm.oclc.org/cdm/ref/collection/mmsimkins/id/5827",5827.0,"6212.jp2","/mmsimkins/image/6212.jp2","","",0,False,False,False,True,False,"['Empty Transcript']","[]"
"Program, NAACP ninth annual Freedom Fund dinner, May 22, 1987, Page 16","","","","","","","","","","","","Copyright Not Evaluated. For further information please contact the University of South Carolina, South Carolina Political Collections, Columbia, SC 29208.","","","","","","","mmsimkins06451","","","","2016-02-19","2016-02-19","http://cdm17173.contentdm.oclc.org/cdm/ref/collection/mmsimkins/id/5829",5829.0,"6214.jp2","/mmsimkins/image/6214.jp2","","",0,False,False,False,True,False,"['Empty Transcript']","[]"
"Program, NAACP ninth annual Freedom Fund dinner, May 22, 1987, Page 17","","","","","","","","","","","","Copyright Not Evaluated. For further information please contact the University of South Carolina, South Carolina Political Collections, Columbia, SC 29208.","","","","","","","mmsimkins06452","","","","2016-02-19","2016-02-19","http://cdm17173.contentdm.oclc.org/cdm/ref/collection/mmsimkins/id/5830",5830.0,"6215.jp2","/mmsimkins/image/6215.jp2","","",0,False,False,False,True,False,"['Empty Transcript']","[]"
"Program, NAACP ninth annual Freedom Fund dinner, May 22, 1987, Page 18","","","","","","","","","","","","Copyright Not Evaluated. For further information please contact the University of South Carolina, South Carolina Political Collections, Columbia, SC 29208.","","","","","","","mmsimkins06453","","","","2016-02-19","2016-02-19","http://cdm17173.contentdm.oclc.org/cdm/ref/collection/mmsimkins/id/5831",5831.0,"6216.jp2","/mmsimkins/image/6216.jp2","","",0,False,False,False,True,False,"['Empty Transcript']","[]"
"Program, NAACP ninth annual Freedom Fund dinner, May 22, 1987, Page 19","","","","","","","","","","","","Copyright Not Evaluated. For further information please contact the University of South Carolina, South Carolina Political Collections, Columbia, SC 29208.","","","","","","","mmsimkins06454","","","","2016-02-19","2016-02-19","http://cdm17173.contentdm.oclc.org/cdm/ref/collection/mmsimkins/id/5832",5832.0,"6217.jp2","/mmsimkins/image/6217.jp2","","",0,False,False,False,True,False,"['Empty Transcript']","[]"
"Program, NAACP ninth annual Freedom Fund dinner, May 22, 1987, Page 20","","","","","","","","","","","","Copyright Not Evaluated. For further information please contact the University of South Carolina, South Carolina Political Collections, Columbia, SC 29208.","","","","","","","mmsimkins06455","","","","2016-02-19","2016-02-19","http://cdm17173.contentdm.oclc.org/cdm/ref/collection/mmsimkins/id/5833",5833.0,"6218.jp2","/mmsimkins/image/6218.jp2","","",0,False,False,False,True,False,"['Empty Transcript']","[]"
"Program, NAACP ninth annual Freedom Fund dinner, May 22, 1987, Page 21","","","","","","","","","","","","Copyright Not Evaluated. For further information please contact the University of South Carolina, South Carolina Political Collections, Columbia, SC 29208.","","","","","","","mmsimkins06456","","","","2016-02-19","2016-02-19","http://cdm17173.contentdm.oclc.org/cdm/ref/collection/mmsimkins/id/5834",5834.0,"6219.jp2","/mmsimkins/image/6219.jp2","","",0,False,False,False,True,False,"['Empty Transcript']","[]"
"Program, NAACP ninth annual Freedom Fund dinner, May 22, 1987, Page 22","","","","","","","","","","","","Copyright Not Evaluated. For further information please contact the University of South Carolina, South Carolina Political Collections, Columbia, SC 29208.","","","","","","","mmsimkins06457","","","","2016-02-19","2016-02-19","http://cdm17173.contentdm.oclc.org/cdm/ref/collection/mmsimkins/id/5835",5835.0,"6220.jp2","/mmsimkins/image/6220.jp2","","",0,False,False,False,True,False,"['Empty Transcript']","[]"
"Program, NAACP ninth annual Freedom Fund dinner, May 22, 1987, Page 23","","","","","","","","","","","","Copyright Not Evaluated. For further information please contact the University of South Carolina, South Carolina Political Collections, Columbia, SC 29208.","","","","","","","mmsimkins06458","","","","2016-02-19","2016-02-19","http://cdm17173.contentdm.oclc.org/cdm/ref/collection/mmsimkins/id/5836",5836.0,"6221.jp2","/mmsimkins/image/6221.jp2","","",0,False,False,False,True,False,"['Empty Transcript']","[]"
"Program, NAACP ninth annual Freedom Fund dinner, May 22, 1987, Page 32","","","","","","","","","","","","Copyright Not Evaluated. For further information please contact the University of South Carolina, South Carolina Political Collections, Columbia, SC 29208.","","","","","","","mmsimkins06469","","","","2016-02-19","2016-02-19","http://cdm17173.contentdm.oclc.org/cdm/ref/collection/mmsimkins/id/5845",5845.0,"6230.jp2","/mmsimkins/image/6230.jp2","","",0,False,False,False,True,False,"['Empty Transcript']","[]"
"Program, NAACP ninth annual Freedom Fund dinner, May 22, 1987, Page 55","","","","","","","","","","","","Copyright Not Evaluated. For further information please contact the University of South Carolina, South Carolina Political Collections, Columbia, SC 29208.","","","","","","","mmsimkins06493","","","","2016-02-19","2016-02-19","http://cdm17173.contentdm.oclc.org/cdm/ref/collection/mmsimkins/id/5868",5868.0,"6253.jp2","/mmsimkins/image/6253.jp2","","",0,False,False,False,True,False,"['Empty Transcript']","[]"
"Program, in memoriam, Martin Luther King, Jr., Page 2","","","","","","","","","","","","Copyright Not Evaluated. For further information please contact the University of South Carolina, South Carolina Political Collections, Columbia, SC 29208.","","","","","","","mmsimkins07485","","","","2016-03-04","2016-03-04","http://cdm17173.contentdm.oclc.org/cdm/ref/collection/mmsimkins/id/6394",6394.0,"7004.jp2","/mmsimkins/image/7004.jp2","","",0,False,False,False,True,False,"['Empty Transcript']","[]"
"Pamphlet - The Common Communicable Diseases, Page 11","","","","","","","","","","","","Copyright Not Evaluated. For further information please contact the University of South Carolina, South Carolina Political Collections, Columbia, SC 29208.","","","","","","","mmsimkins08826","","","","2016-03-11","2016-03-11","http://cdm17173.contentdm.oclc.org/cdm/ref/collection/mmsimkins/id/7244",7244.0,"8079.jp2","/mmsimkins/image/8079.jp2","","",0,False,False,False,True,False,"['Empty Transcript']","[]"
"Handwritten notes, Page 2","","","","","","","","","","","","Copyright Not Evaluated. For further information please contact the University of South Carolina, South Carolina Political Collections, Columbia, SC 29208.","","","","","","","mmsimkins10378","","","","2016-03-28","2016-03-28","http://cdm17173.contentdm.oclc.org/cdm/ref/collection/mmsimkins/id/7942",7942.0,"8927.jp2","/mmsimkins/image/8927.jp2","","",0,False,False,False,True,False,"['Empty Transcript']","[]"
"News release, Southern Patriot News Service, May 17, 1967, Page 4","","","","","","","","","","","","Copyright Not Evaluated. For further information please contact the University of South Carolina, South Carolina Political Collections, Columbia, SC 29208.","","","","","","","mmsimkins09282","","","","2016-03-28","2016-03-28","http://cdm17173.contentdm.oclc.org/cdm/ref/collection/mmsimkins/id/8772",8772.0,"9832.jp2","/mmsimkins/image/9832.jp2","","",0,False,False,False,True,False,"['Empty Transcript']","[]"
"A public appeal for human rights, by Reverand Benjamin F. Chavis, Page 1","","","","","","","","","","","","Copyright Not Evaluated. For further information please contact the University of South Carolina, South Carolina Political Collections, Columbia, SC 29208.","","","","","","","mmsimkins10835","","","","2016-03-29","2016-03-29","http://cdm17173.contentdm.oclc.org/cdm/ref/collection/mmsimkins/id/9254",9254.0,"10314.jp2","/mmsimkins/image/10314.jp2","","",0,False,False,False,True,False,"['Empty Transcript']","[]"
"Handwritten notes, Page 2","","","","","","","","","","","","Copyright Not Evaluated. For further information please contact the University of South Carolina, South Carolina Political Collections, Columbia, SC 29208.","","","","","","","mmsimkins11687","","","","2016-03-29","2016-03-29","http://cdm17173.contentdm.oclc.org/cdm/ref/collection/mmsimkins/id/9685",9685.0,"10820.jp2","/mmsimkins/image/10820.jp2","","",0,False,False,False,True,False,"['Empty Transcript']","[]"
"Handwritten notes, Page 6","","","","","","","","","","","","Copyright Not Evaluated. For further information please contact the University of South Carolina, South Carolina Political Collections, Columbia, SC 29208.","","","","","","","mmsimkins11515","","","","2016-03-29","2016-03-29","http://cdm17173.contentdm.oclc.org/cdm/ref/collection/mmsimkins/id/9905",9905.0,"11040.jp2","/mmsimkins/image/11040.jp2","","",0,False,False,False,True,False,"['Empty Transcript']","[]"
"Handwritten notes","","","","","","","","","","","","Copyright Not Evaluated. For further information please contact the University of South Carolina, South Carolina Political Collections, Columbia, SC 29208.","","","","","","","mmsimkins11532","","","","2016-03-29","2016-03-29","http://cdm17173.contentdm.oclc.org/cdm/ref/collection/mmsimkins/id/9921",9921.0,"11056.jp2","/mmsimkins/image/11056.jp2","","",0,False,False,False,True,False,"['Empty Transcript']","[]"
"Newspaper clipping from unknown publication, ""Many Factors Considered In State Hospital Survey"", n.d.","","","","","","","","Modjeska Simkins Papers, 1909-1992","","University of South Carolina. South Carolina Political Collections","","Copyright Not Evaluated. For further information please contact the University of South Carolina, South Carolina Political Collections, Columbia, SC 29208.","","","","","","","mmsimkins14270","","","","2016-04-22","2016-04-22","http://cdm17173.contentdm.oclc.org/cdm/ref/collection/mmsimkins/id/11367",11367.0,"12727.jp2","/mmsimkins/image/12727.jp2","","",0,False,False,False,True,False,"['Empty Transcript']","[]"
"Newspaper clipping from the Chronicle, n.d.","","","","","","","","Modjeska Simkins Papers, 1909-1992","","University of South Carolina. South Carolina Political Collections","","Copyright Not Evaluated. For further information please contact the University of South Carolina, South Carolina Political Collections, Columbia, SC 29208.","","","","","","","mmsimkins14275","","","","2016-04-22","2016-04-22","http://cdm17173.contentdm.oclc.org/cdm/ref/collection/mmsimkins/id/11372",11372.0,"12732.jp2","/mmsimkins/image/12732.jp2","","",0,False,False,False,True,False,"['Empty Transcript']","[]"
"Newspaper clipping from unknown publication, ""NAACP Points To Health Needs In The South"", n.d.","","","","","","","","Modjeska Simkins Papers, 1909-1992","","University of South Carolina. South Carolina Political Collections","","Copyright Not Evaluated. For further information please contact the University of South Carolina, South Carolina Political Collections, Columbia, SC 29208.","","","","","","","mmsimkins14294","","","","2016-04-22","2016-04-22","http://cdm17173.contentdm.oclc.org/cdm/ref/collection/mmsimkins/id/11390",11390.0,"12750.jp2","/mmsimkins/image/12750.jp2","","",0,False,False,False,True,False,"['Empty Transcript']","[]"
"Newspaper clipping from unknown publication, ""United Nations Formally Receive NAACP Petition Attacking Bias Against America's Negro Citizens"", n.d.","","","","","","","","Modjeska Simkins Papers, 1909-1992","","University of South Carolina. South Carolina Political Collections","","Copyright Not Evaluated. For further information please contact the University of South Carolina, South Carolina Political Collections, Columbia, SC 29208.","","","","","","","mmsimkins14299","","","","2016-04-22","2016-04-22","http://cdm17173.contentdm.oclc.org/cdm/ref/collection/mmsimkins/id/11393",11393.0,"12753.jp2","/mmsimkins/image/12753.jp2","","",0,False,False,False,True,False,"['Empty Transcript']","[]"
"Newpaper clipping from unknown publication, n.d.","","","","","","","","Modjeska Simkins Papers, 1909-1992","","University of South Carolina. South Carolina Political Collections","","Copyright Not Evaluated. For further information please contact the University of South Carolina, South Carolina Political Collections, Columbia, SC 29208.","","","","","","","mmsimkins14302","","","","2016-04-22","2016-04-22","http://cdm17173.contentdm.oclc.org/cdm/ref/collection/mmsimkins/id/11396",11396.0,"12756.jp2","/mmsimkins/image/12756.jp2","","",0,False,False,False,True,False,"['Empty Transcript']","[]"
"Newspaper clipping from unknown publication, Three-Phase Plan Offered For Hospital, n.d.","","","","","","","","Modjeska Simkins Papers, 1909-1992","","University of South Carolina. South Carolina Political Collections","","Copyright Not Evaluated. For further information please contact the University of South Carolina, South Carolina Political Collections, Columbia, SC 29208.","","","","","","","mmsimkins13555","","","","2016-04-22","2016-04-22","http://cdm17173.contentdm.oclc.org/cdm/ref/collection/mmsimkins/id/11996",11996.0,"13356.jp2","/mmsimkins/image/13356.jp2","","",0,False,False,False,True,False,"['Empty Transcript']","[]"
"Newspaper clipping from The State, ""Simkins' spirit lives, mourners say"", April 10, 1992, Page 1","","","1992-04-10 00:00:00","","","","","Modjeska Simkins Papers, 1909-1992","","University of South Carolina. South Carolina Political Collections","","Copyright Not Evaluated. For further information please contact the University of South Carolina, South Carolina Political Collections, Columbia, SC 29208.","","","","","","","mmsimkins14259","","","","2016-11-29","2016-11-29","http://cdm17173.contentdm.oclc.org/cdm/ref/collection/mmsimkins/id/12052",12052.0,"13412.jp2","/mmsimkins/image/13412.jp2","1992","",0,False,False,False,True,False,"['Empty Transcript']","[]"
"Newspaper clipping from The State, ""Four State Hospital workers fired for beating patient"", July 28, 1984","","","1984-07-28 00:00:00","","","","","Modjeska Simkins Papers, 1909-1992","","University of South Carolina. South Carolina Political Collections","","Copyright Not Evaluated. For further information please contact the University of South Carolina, South Carolina Political Collections, Columbia, SC 29208.","","","","","","","mmsimkins14148","","","","2016-04-22","2016-04-22","http://cdm17173.contentdm.oclc.org/cdm/ref/collection/mmsimkins/id/12200",12200.0,"13560.jp2","/mmsimkins/image/13560.jp2","1984","",0,False,False,False,True,False,"['Empty Transcript']","[]"
"Newspaper clipping from The State, ""Sheheen's remap plan"", February 28, 1984","","","1984-02-28 00:00:00","","","","","Modjeska Simkins Papers, 1909-1992","","University of South Carolina. South Carolina Political Collections","","Copyright Not Evaluated. For further information please contact the University of South Carolina, South Carolina Political Collections, Columbia, SC 29208.","","","","","","","mmsimkins14149","","","","2016-04-22","2016-04-22","http://cdm17173.contentdm.oclc.org/cdm/ref/collection/mmsimkins/id/12201",12201.0,"13561.jp2","/mmsimkins/image/13561.jp2","1984","",0,False,False,False,True,False,"['Empty Transcript']","[]"
"Publication, The Rainbow Organizer, October 1984, Page 1","","","1984-10","","","","","Modjeska Simkins Papers, 1909-1992","","University of South Carolina. South Carolina Political Collections","","Copyright Not Evaluated. For further information please contact the University of South Carolina, South Carolina Political Collections, Columbia, SC 29208.","","","","","","","mmsimkins14153","","","","2016-04-22","2016-04-22","http://cdm17173.contentdm.oclc.org/cdm/ref/collection/mmsimkins/id/12205",12205.0,"13565.jp2","/mmsimkins/image/13565.jp2","1984","",0,False,False,False,True,False,"['Empty Transcript']","[]"
"Publication, The Rainbow Organizer, October 1984, Page 3","","","1984-10","","","","","Modjeska Simkins Papers, 1909-1992","","University of South Carolina. South Carolina Political Collections","","Copyright Not Evaluated. For further information please contact the University of South Carolina, South Carolina Political Collections, Columbia, SC 29208.","","","","","","","mmsimkins14155","","","","2016-04-22","2016-04-22","http://cdm17173.contentdm.oclc.org/cdm/ref/collection/mmsimkins/id/12207",12207.0,"13567.jp2","/mmsimkins/image/13567.jp2","1984","",0,False,False,False,True,False,"['Empty Transcript']","[]"
"Publication, The Rainbow Organizer, October 1984, Page 4","","","1984-10","","","","","Modjeska Simkins Papers, 1909-1992","","University of South Carolina. South Carolina Political Collections","","Copyright Not Evaluated. For further information please contact the University of South Carolina, South Carolina Political Collections, Columbia, SC 29208.","","","","","","","mmsimkins14157","","","","2016-04-22","2016-04-22","http://cdm17173.contentdm.oclc.org/cdm/ref/collection/mmsimkins/id/12208",12208.0,"13568.jp2","/mmsimkins/image/13568.jp2","1984","",0,False,False,False,True,False,"['Empty Transcript']","[]"
"Publication, Black Liberation Month News, February 1985, Page 6","","","1985-02","","","","","Modjeska Simkins Papers, 1909-1992","","University of South Carolina. South Carolina Political Collections","","Copyright Not Evaluated. For further information please contact the University of South Carolina, South Carolina Political Collections, Columbia, SC 29208.","","","","","","","mmsimkins14166","","","","2016-04-22","2016-04-22","http://cdm17173.contentdm.oclc.org/cdm/ref/collection/mmsimkins/id/12215",12215.0,"13575.jp2","/mmsimkins/image/13575.jp2","1985","",0,False,False,False,True,False,"['Empty Transcript']","[]"
"Flyer for program by the Aiken County Chapter of the NAACP, January 19, 1987","","","1987-01-19 00:00:00","","","","","Modjeska Simkins Papers, 1909-1992","","University of South Carolina. South Carolina Political Collections","","Copyright Not Evaluated. For further information please contact the University of South Carolina, South Carolina Political Collections, Columbia, SC 29208.","","","","","","","mmsimkins14204","","","","2016-04-22","2016-04-22","http://cdm17173.contentdm.oclc.org/cdm/ref/collection/mmsimkins/id/12252",12252.0,"13612.jp2","/mmsimkins/image/13612.jp2","1987","",0,False,False,False,True,False,"['Empty Transcript']","[]"
"Newspaper clipping from Muhammad Speaks, ""Mrs. King calls for investigation"", February 3, 1974","","","1974-02-03 00:00:00","","","","","Modjeska Simkins Papers, 1909-1992","","University of South Carolina. South Carolina Political Collections","","Copyright Not Evaluated. For further information please contact the University of South Carolina, South Carolina Political Collections, Columbia, SC 29208.","","","","","","","mmsimkins13914","","","","2016-11-29","2016-11-29","http://cdm17173.contentdm.oclc.org/cdm/ref/collection/mmsimkins/id/12301",12301.0,"13661.jp2","/mmsimkins/image/13661.jp2","1974","",0,False,False,False,True,False,"['Empty Transcript']","[]"
"Newspaper clipping from The State, ""FBI Tried To Disrupt S.C. KKK Between 1966-71"", December 20, 1977, Page 1","","","1977-12-20 00:00:00","","","","","Modjeska Simkins Papers, 1909-1992","","University of South Carolina. South Carolina Political Collections","","Copyright Not Evaluated. For further information please contact the University of South Carolina, South Carolina Political Collections, Columbia, SC 29208.","","","","","","","mmsimkins13998","","","","2016-04-22","2016-04-22","http://cdm17173.contentdm.oclc.org/cdm/ref/collection/mmsimkins/id/12378",12378.0,"13738.jp2","/mmsimkins/image/13738.jp2","1977","",0,False,False,False,True,False,"['Empty Transcript']","[]"
"Newspaper clipping from The Chronicle, ""PUSH Outlines Reasons For Boycott"", October 9, 1982","","","1982-10-09 00:00:00","","","","","Modjeska Simkins Papers, 1909-1992","","University of South Carolina. South Carolina Political Collections","","Copyright Not Evaluated. For further information please contact the University of South Carolina, South Carolina Political Collections, Columbia, SC 29208.","","","","","","","mmsimkins14053","","","","2016-04-22","2016-04-22","http://cdm17173.contentdm.oclc.org/cdm/ref/collection/mmsimkins/id/12430",12430.0,"13790.jp2","/mmsimkins/image/13790.jp2","1982","",0,False,False,False,True,False,"['Empty Transcript']","[]"
"Newspaper clipping from The State, ""Columbia City Council's Shape To Be Decided In Runoffs"", March 3, 1983, Page 2","","","1983-03-06 00:00:00","","","","","Modjeska Simkins Papers, 1909-1992","","University of South Carolina. South Carolina Political Collections","","Copyright Not Evaluated. For further information please contact the University of South Carolina, South Carolina Political Collections, Columbia, SC 29208.","","","","","","","mmsimkins14078","","","","2016-04-22","2016-04-22","http://cdm17173.contentdm.oclc.org/cdm/ref/collection/mmsimkins/id/12455",12455.0,"13815.jp2","/mmsimkins/image/13815.jp2","1983","",0,False,False,False,True,False,"['Empty Transcript']","[]"
"Newspaper clipping from The State, ""Ms. Simkins Complicates City Runoff"", March 6, 1983","","","1983-03-06 00:00:00","","","","","Modjeska Simkins Papers, 1909-1992","","University of South Carolina. South Carolina Political Collections","","Copyright Not Evaluated. For further information please contact the University of South Carolina, South Carolina Political Collections, Columbia, SC 29208.","","","","","","","mmsimkins14079","","","","2016-04-22","2016-04-22","http://cdm17173.contentdm.oclc.org/cdm/ref/collection/mmsimkins/id/12456",12456.0,"13816.jp2","/mmsimkins/image/13816.jp2","1983","",0,False,False,False,True,False,"['Empty Transcript']","[]"
"Newspaper clipping from The Coastal Times, July 20, 1983, Page 4","","","1983-07-20 00:00:00","","","","","Modjeska Simkins Papers, 1909-1992","","University of South Carolina. South Carolina Political Collections","","Copyright Not Evaluated. For further information please contact the University of South Carolina, South Carolina Political Collections, Columbia, SC 29208.","","","","","","","mmsimkins14092","","","","2016-04-22","2016-04-22","http://cdm17173.contentdm.oclc.org/cdm/ref/collection/mmsimkins/id/12468",12468.0,"13828.jp2","/mmsimkins/image/13828.jp2","1983","",0,False,False,False,True,False,"['Empty Transcript']","[]"
"Newspaper clipping from The State, December 11, 1983, Page 3","","","1983-12-11 00:00:00","","","","","Modjeska Simkins Papers, 1909-1992","","University of South Carolina. South Carolina Political Collections","","Copyright Not Evaluated. For further information please contact the University of South Carolina, South Carolina Political Collections, Columbia, SC 29208.","","","","","","","mmsimkins14124","","","","2016-04-22","2016-04-22","http://cdm17173.contentdm.oclc.org/cdm/ref/collection/mmsimkins/id/12497",12497.0,"13857.jp2","/mmsimkins/image/13857.jp2","1983","",0,False,False,False,True,False,"['Empty Transcript']","[]"
"Passport Issued July 21, 1961, Page 2","","","","","","","","","","","","Copyright Not Evaluated. For further information please contact the University of South Carolina, South Carolina Political Collections, Columbia, SC 29208.","","","","","","","mmsimkins00050","","","","2020-10-19","2020-10-19","http://cdm17173.contentdm.oclc.org/cdm/ref/collection/mmsimkins/id/12535",12535.0,"13895.jp2","/mmsimkins/image/13895.jp2","","",0,False,False,False,True,False,"['Empty Transcript']","[]"
"Passport Issued July 21, 1961, Page 4","","","","","","","","","","","","Copyright Not Evaluated. For further information please contact the University of South Carolina, South Carolina Political Collections, Columbia, SC 29208.","","","","","","","mmsimkins00052","","","","2016-11-22","2016-11-22","http://cdm17173.contentdm.oclc.org/cdm/ref/collection/mmsimkins/id/12537",12537.0,"13897.jp2","/mmsimkins/image/13897.jp2","","",0,False,False,False,True,False,"['Empty Transcript']","[]"
"Two poems from Lou Bryan","","","","","","","","","","","","Copyright Not Evaluated. For further information please contact the University of South Carolina, South Carolina Political Collections, Columbia, SC 29208.","","","","","","","mmsimkins01191","","","","2016-11-22","2016-11-22","http://cdm17173.contentdm.oclc.org/cdm/ref/collection/mmsimkins/id/12544",12544.0,"13904.jp2","/mmsimkins/image/13904.jp2","","",0,False,False,False,True,False,"['Empty Transcript']","[]"
"Memo from the Modjeska Simkins Endowment, Page 1","","","","","","","","","","","","Copyright Not Evaluated. For further information please contact the University of South Carolina, South Carolina Political Collections, Columbia, SC 29208.","","","","","","","mmsimkins01192","","","","2016-11-22","2016-11-22","http://cdm17173.contentdm.oclc.org/cdm/ref/collection/mmsimkins/id/12545",12545.0,"13905.jp2","/mmsimkins/image/13905.jp2","","",0,False,False,False,True,False,"['Empty Transcript']","[]"
"Memo from the Modjeska Simkins Endowment, Page 2","","","","","","","","","","","","Copyright Not Evaluated. For further information please contact the University of South Carolina, South Carolina Political Collections, Columbia, SC 29208.","","","","","","","mmsimkins01193","","","","2016-11-22","2016-11-22","http://cdm17173.contentdm.oclc.org/cdm/ref/collection/mmsimkins/id/12546",12546.0,"13906.jp2","/mmsimkins/image/13906.jp2","","",0,False,False,False,True,False,"['Empty Transcript']","[]"
"Letter from Lou Bryan, Page 1","","","","","","","","","","","","Copyright Not Evaluated. For further information please contact the University of South Carolina, South Carolina Political Collections, Columbia, SC 29208.","","","","","","","mmsimkins01194","","","","2016-11-22","2016-11-22","http://cdm17173.contentdm.oclc.org/cdm/ref/collection/mmsimkins/id/12547",12547.0,"13907.jp2","/mmsimkins/image/13907.jp2","","",0,False,False,False,True,False,"['Empty Transcript']","[]"
"Letter from Lou Bryan, Page 2","","","","","","","","","","","","Copyright Not Evaluated. For further information please contact the University of South Carolina, South Carolina Political Collections, Columbia, SC 29208.","","","","","","","mmsimkins01195","","","","2016-11-22","2016-11-22","http://cdm17173.contentdm.oclc.org/cdm/ref/collection/mmsimkins/id/12548",12548.0,"13908.jp2","/mmsimkins/image/13908.jp2","","",0,False,False,False,True,False,"['Empty Transcript']","[]"
"Letter to shareholders of the Glassmaster Company, Page 1","","","","","","","","","","","","Copyright Not Evaluated. For further information please contact the University of South Carolina, South Carolina Political Collections, Columbia, SC 29208.","","","","","","","mmsimkins01196","","","","2016-11-22","2016-11-22","http://cdm17173.contentdm.oclc.org/cdm/ref/collection/mmsimkins/id/12549",12549.0,"13909.jp2","/mmsimkins/image/13909.jp2","","",0,False,False,False,True,False,"['Empty Transcript']","[]"
"Letter to shareholders of the Glassmaster Company, Page 2","","","","","","","","","","","","Copyright Not Evaluated. For further information please contact the University of South Carolina, South Carolina Political Collections, Columbia, SC 29208.","","","","","","","mmsimkins01197","","","","2016-11-22","2016-11-22","http://cdm17173.contentdm.oclc.org/cdm/ref/collection/mmsimkins/id/12550",12550.0,"13910.jp2","/mmsimkins/image/13910.jp2","","",0,False,False,False,True,False,"['Empty Transcript']","[]"
"Letter from South Carolina Black Voting Rights Campaign director Jesse Taylor","","","","","","","","","","","","Copyright Not Evaluated. For further information please contact the University of South Carolina, South Carolina Political Collections, Columbia, SC 29208.","","","","","","","mmsimkins01198","","","","2016-11-22","2016-11-22","http://cdm17173.contentdm.oclc.org/cdm/ref/collection/mmsimkins/id/12551",12551.0,"13911.jp2","/mmsimkins/image/13911.jp2","","",0,False,False,False,True,False,"['Empty Transcript']","[]"
"Letter to Mrs. John Bolt Culbertson about her son's rejection from University of South Carolina's Law School","","","","","","","","","","","","Copyright Not Evaluated. For further information please contact the University of South Carolina, South Carolina Political Collections, Columbia, SC 29208.","","","","","","","mmsimkins01199","","","","2016-11-22","2016-11-22","http://cdm17173.contentdm.oclc.org/cdm/ref/collection/mmsimkins/id/12552",12552.0,"13912.jp2","/mmsimkins/image/13912.jp2","","",0,False,False,False,True,False,"['Empty Transcript']","[]"
"Letter from an inmate named Sabre in Wateree, Page 1","","","","","","","","","","","","Copyright Not Evaluated. For further information please contact the University of South Carolina, South Carolina Political Collections, Columbia, SC 29208.","","","","","","","mmsimkins01200","","","","2016-11-22","2016-11-22","http://cdm17173.contentdm.oclc.org/cdm/ref/collection/mmsimkins/id/12553",12553.0,"13913.jp2","/mmsimkins/image/13913.jp2","","",0,False,False,False,True,False,"['Empty Transcript']","[]"
"Letter from an inmate named Sabre in Wateree, Page 2","","","","","","","","","","","","Copyright Not Evaluated. For further information please contact the University of South Carolina, South Carolina Political Collections, Columbia, SC 29208.","","","","","","","mmsimkins01201","","","","2016-11-22","2016-11-22","http://cdm17173.contentdm.oclc.org/cdm/ref/collection/mmsimkins/id/12554",12554.0,"13914.jp2","/mmsimkins/image/13914.jp2","","",0,False,False,False,True,False,"['Empty Transcript']","[]"
"Letter of thanks to Simkins for her address to the African-American History Seminar at a prison in Wateree","","","","","","","","","","","","Copyright Not Evaluated. For further information please contact the University of South Carolina, South Carolina Political Collections, Columbia, SC 29208.","","","","","","","mmsimkins01202","","","","2016-11-22","2016-11-22","http://cdm17173.contentdm.oclc.org/cdm/ref/collection/mmsimkins/id/12555",12555.0,"13915.jp2","/mmsimkins/image/13915.jp2","","",0,False,False,False,True,False,"['Empty Transcript']","[]"
"Letter from an inmate named Sabre in Wateree, Page 1","","","","","","","","","","","","Copyright Not Evaluated. For further information please contact the University of South Carolina, South Carolina Political Collections, Columbia, SC 29208.","","","","","","","mmsimkins01203","","","","2016-11-22","2016-11-22","http://cdm17173.contentdm.oclc.org/cdm/ref/collection/mmsimkins/id/12556",12556.0,"13916.jp2","/mmsimkins/image/13916.jp2","","",0,False,False,False,True,False,"['Empty Transcript']","[]"
"Letter from an inmate named Sabre in Wateree, Page 2","","","","","","","","","","","","Copyright Not Evaluated. For further information please contact the University of South Carolina, South Carolina Political Collections, Columbia, SC 29208.","","","","","","","mmsimkins01204","","","","2016-11-22","2016-11-22","http://cdm17173.contentdm.oclc.org/cdm/ref/collection/mmsimkins/id/12557",12557.0,"13917.jp2","/mmsimkins/image/13917.jp2","","",0,False,False,False,True,False,"['Empty Transcript']","[]"
"Letter to Simkins from her friend Lou Bryan","","","","","","","","","","","","Copyright Not Evaluated. For further information please contact the University of South Carolina, South Carolina Political Collections, Columbia, SC 29208.","","","","","","","mmsimkins01205","","","","2016-11-22","2016-11-22","http://cdm17173.contentdm.oclc.org/cdm/ref/collection/mmsimkins/id/12558",12558.0,"13918.jp2","/mmsimkins/image/13918.jp2","","",0,False,False,False,True,False,"['Empty Transcript']","[]"
"Letter from Richland County Sheriff Frank Powell to state Senator Thomas E. Garrison, Page 1","","","","","","","","","","","","Copyright Not Evaluated. For further information please contact the University of South Carolina, South Carolina Political Collections, Columbia, SC 29208.","","","","","","","mmsimkins01207","","","","2016-11-22","2016-11-22","http://cdm17173.contentdm.oclc.org/cdm/ref/collection/mmsimkins/id/12559",12559.0,"13919.jp2","/mmsimkins/image/13919.jp2","","",0,False,False,False,True,False,"['Empty Transcript']","[]"
"Letter from Richland County Sheriff Frank Powell to state Senator Thomas E. Garrison, Page 2","","","","","","","","","","","","Copyright Not Evaluated. For further information please contact the University of South Carolina, South Carolina Political Collections, Columbia, SC 29208.","","","","","","","mmsimkins01208","","","","2016-11-22","2016-11-22","http://cdm17173.contentdm.oclc.org/cdm/ref/collection/mmsimkins/id/12560",12560.0,"13920.jp2","/mmsimkins/image/13920.jp2","","",0,False,False,False,True,False,"['Empty Transcript']","[]"
"Letter from attorney John D. Delgado about a fugitive named John Penley","","","","","","","","","","","","Copyright Not Evaluated. For further information please contact the University of South Carolina, South Carolina Political Collections, Columbia, SC 29208.","","","","","","","mmsimkins01209","","","","2016-11-22","2016-11-22","http://cdm17173.contentdm.oclc.org/cdm/ref/collection/mmsimkins/id/12561",12561.0,"13921.jp2","/mmsimkins/image/13921.jp2","","",0,False,False,False,True,False,"['Empty Transcript']","[]"
"Letter to Modjeska Simkins and John Delgado from fugitive and activist John Penley, Page 1","","","","","","","","","","","","Copyright Not Evaluated. For further information please contact the University of South Carolina, South Carolina Political Collections, Columbia, SC 29208.","","","","","","","mmsimkins01210","","","","2016-11-22","2016-11-22","http://cdm17173.contentdm.oclc.org/cdm/ref/collection/mmsimkins/id/12562",12562.0,"13922.jp2","/mmsimkins/image/13922.jp2","","",0,False,False,False,True,False,"['Empty Transcript']","[]"
"Letter to Modjeska Simkins and John Delgado from fugitive and activist John Penley, Page 2","","","","","","","","","","","","Copyright Not Evaluated. For further information please contact the University of South Carolina, South Carolina Political Collections, Columbia, SC 29208.","","","","","","","mmsimkins01211","","","","2016-11-22","2016-11-22","http://cdm17173.contentdm.oclc.org/cdm/ref/collection/mmsimkins/id/12563",12563.0,"13923.jp2","/mmsimkins/image/13923.jp2","","",0,False,False,False,True,False,"['Empty Transcript']","[]"
"Letter to Modjeska Simkins and John Delgado from fugitive and activist John Penley, Page 3","","","","","","","","","","","","Copyright Not Evaluated. For further information please contact the University of South Carolina, South Carolina Political Collections, Columbia, SC 29208.","","","","","","","mmsimkins01212","","","","2016-11-22","2016-11-22","http://cdm17173.contentdm.oclc.org/cdm/ref/collection/mmsimkins/id/12564",12564.0,"13924.jp2","/mmsimkins/image/13924.jp2","","",0,False,False,False,True,False,"['Empty Transcript']","[]"
"Letter from Julius S. Daly","","","","","","","","","","","","Copyright Not Evaluated. For further information please contact the University of South Carolina, South Carolina Political Collections, Columbia, SC 29208.","","","","","","","mmsimkins01213","","","","2016-11-22","2016-11-22","http://cdm17173.contentdm.oclc.org/cdm/ref/collection/mmsimkins/id/12565",12565.0,"13925.jp2","/mmsimkins/image/13925.jp2","","",0,False,False,False,True,False,"['Empty Transcript']","[]"
"Letter from Lou Bryan","","","","","","","","","","","","Copyright Not Evaluated. For further information please contact the University of South Carolina, South Carolina Political Collections, Columbia, SC 29208.","","","","","","","mmsimkins01214","","","","2016-11-22","2016-11-22","http://cdm17173.contentdm.oclc.org/cdm/ref/collection/mmsimkins/id/12566",12566.0,"13926.jp2","/mmsimkins/image/13926.jp2","","",0,False,False,False,True,False,"['Empty Transcript']","[]"
"Letter from Veronica Halter, asking for financial assistance to attend Winthrop College","","","","","","","","","","","","Copyright Not Evaluated. For further information please contact the University of South Carolina, South Carolina Political Collections, Columbia, SC 29208.","","","","","","","mmsimkins01215","","","","2016-11-22","2016-11-22","http://cdm17173.contentdm.oclc.org/cdm/ref/collection/mmsimkins/id/12567",12567.0,"13927.jp2","/mmsimkins/image/13927.jp2","","",0,False,False,False,True,False,"['Empty Transcript']","[]"
"Letter to Simkins supporters in reference to her 1984 city council campaign","","","","","","","","","","","","Copyright Not Evaluated. For further information please contact the University of South Carolina, South Carolina Political Collections, Columbia, SC 29208.","","","","","","","mmsimkins01216","","","","2016-11-22","2016-11-22","http://cdm17173.contentdm.oclc.org/cdm/ref/collection/mmsimkins/id/12568",12568.0,"13928.jp2","/mmsimkins/image/13928.jp2","","",0,False,False,False,True,False,"['Empty Transcript']","[]"
"Letter from state representative Joyce Hearn about a personell matter with SLED","","","","","","","","","","","","Copyright Not Evaluated. For further information please contact the University of South Carolina, South Carolina Political Collections, Columbia, SC 29208.","","","","","","","mmsimkins01217","","","","2016-11-22","2016-11-22","http://cdm17173.contentdm.oclc.org/cdm/ref/collection/mmsimkins/id/12569",12569.0,"13929.jp2","/mmsimkins/image/13929.jp2","","",0,False,False,False,True,False,"['Empty Transcript']","[]"
"Letter from Joyce C. Hearn to J.P. Strom about security at Mental Health facilities","","","","","","","","","","","","Copyright Not Evaluated. For further information please contact the University of South Carolina, South Carolina Political Collections, Columbia, SC 29208.","","","","","","","mmsimkins01218","","","","2016-11-22","2016-11-22","http://cdm17173.contentdm.oclc.org/cdm/ref/collection/mmsimkins/id/12570",12570.0,"13930.jp2","/mmsimkins/image/13930.jp2","","",0,False,False,False,True,False,"['Empty Transcript']","[]"
"Invitation to speak at Jim Dombrowski's memorial service","","","","","","","","","","","","Copyright Not Evaluated. For further information please contact the University of South Carolina, South Carolina Political Collections, Columbia, SC 29208.","","","","","","","mmsimkins01219","","","","2016-11-22","2016-11-22","http://cdm17173.contentdm.oclc.org/cdm/ref/collection/mmsimkins/id/12571",12571.0,"13931.jp2","/mmsimkins/image/13931.jp2","","",0,False,False,False,True,False,"['Empty Transcript']","[]"
"Letter from Alan McGregor, thanking Simkins for her contribution to the Fund for Southern Communities","","","","","","","","","","","","Copyright Not Evaluated. For further information please contact the University of South Carolina, South Carolina Political Collections, Columbia, SC 29208.","","","","","","","mmsimkins01220","","","","2016-11-22","2016-11-22","http://cdm17173.contentdm.oclc.org/cdm/ref/collection/mmsimkins/id/12572",12572.0,"13932.jp2","/mmsimkins/image/13932.jp2","","",0,False,False,False,True,False,"['Empty Transcript']","[]"
"Letter to Simkins from Concerned Citiznes for Carver, an organization concerned about school closures in Due West, SC","","","","","","","","","","","","Copyright Not Evaluated. For further information please contact the University of South Carolina, South Carolina Political Collections, Columbia, SC 29208.","","","","","","","mmsimkins01221","","","","2016-11-22","2016-11-22","http://cdm17173.contentdm.oclc.org/cdm/ref/collection/mmsimkins/id/12573",12573.0,"13933.jp2","/mmsimkins/image/13933.jp2","","",0,False,False,False,True,False,"['Empty Transcript']","[]"
"Press release regarding labor conditions at Tuomey Hospital in Sumter, SC","","","","","","","","","","","","Copyright Not Evaluated. For further information please contact the University of South Carolina, South Carolina Political Collections, Columbia, SC 29208.","","","","","","","mmsimkins01222","","","","2016-11-22","2016-11-22","http://cdm17173.contentdm.oclc.org/cdm/ref/collection/mmsimkins/id/12574",12574.0,"13934.jp2","/mmsimkins/image/13934.jp2","","",0,False,False,False,True,False,"['Empty Transcript']","[]"
"Christmas Letter from Mary and Lou Bryan","","","","","","","","","","","","Copyright Not Evaluated. For further information please contact the University of South Carolina, South Carolina Political Collections, Columbia, SC 29208.","","","","","","","mmsimkins01223","","","","2016-11-22","2016-11-22","http://cdm17173.contentdm.oclc.org/cdm/ref/collection/mmsimkins/id/12575",12575.0,"13935.jp2","/mmsimkins/image/13935.jp2","","",0,False,False,False,True,False,"['Empty Transcript']","[]"
"Letter from Clarice, Page 1","","","","","","","","","","","","Copyright Not Evaluated. For further information please contact the University of South Carolina, South Carolina Political Collections, Columbia, SC 29208.","","","","","","","mmsimkins01224","","","","2016-11-22","2016-11-22","http://cdm17173.contentdm.oclc.org/cdm/ref/collection/mmsimkins/id/12576",12576.0,"13936.jp2","/mmsimkins/image/13936.jp2","","",0,False,False,False,True,False,"['Empty Transcript']","[]"
"Letter from Clarice, Page 2","","","","","","","","","","","","Copyright Not Evaluated. For further information please contact the University of South Carolina, South Carolina Political Collections, Columbia, SC 29208.","","","","","","","mmsimkins01225","","","","2016-11-22","2016-11-22","http://cdm17173.contentdm.oclc.org/cdm/ref/collection/mmsimkins/id/12577",12577.0,"13937.jp2","/mmsimkins/image/13937.jp2","","",0,False,False,False,True,False,"['Empty Transcript']","[]"
"Union Contract Status Report from workers at Tuomey Hospital in Sumter, Page 1","","","","","","","","","","","","Copyright Not Evaluated. For further information please contact the University of South Carolina, South Carolina Political Collections, Columbia, SC 29208.","","","","","","","mmsimkins01226","","","","2016-11-22","2016-11-22","http://cdm17173.contentdm.oclc.org/cdm/ref/collection/mmsimkins/id/12578",12578.0,"13938.jp2","/mmsimkins/image/13938.jp2","","",0,False,False,False,True,False,"['Empty Transcript']","[]"
"Union Contract Status Report from workers at Tuomey Hospital in Sumter, Page 2","","","","","","","","","","","","Copyright Not Evaluated. For further information please contact the University of South Carolina, South Carolina Political Collections, Columbia, SC 29208.","","","","","","","mmsimkins01227","","","","2016-11-22","2016-11-22","http://cdm17173.contentdm.oclc.org/cdm/ref/collection/mmsimkins/id/12579",12579.0,"13939.jp2","/mmsimkins/image/13939.jp2","","",0,False,False,False,True,False,"['Empty Transcript']","[]"
"Letter regarding TV reporter Edith Hall, from Hall's father, Page 1","","","","","","","","","","","","Copyright Not Evaluated. For further information please contact the University of South Carolina, South Carolina Political Collections, Columbia, SC 29208.","","","","","","","mmsimkins01228","","","","2016-11-22","2016-11-22","http://cdm17173.contentdm.oclc.org/cdm/ref/collection/mmsimkins/id/12580",12580.0,"13940.jp2","/mmsimkins/image/13940.jp2","","",0,False,False,False,True,False,"['Empty Transcript']","[]"
"Letter regarding TV reporter Edith Hall, from Hall's father, Page 2","","","","","","","","","","","","Copyright Not Evaluated. For further information please contact the University of South Carolina, South Carolina Political Collections, Columbia, SC 29208.","","","","","","","mmsimkins01229","","","","2016-11-22","2016-11-22","http://cdm17173.contentdm.oclc.org/cdm/ref/collection/mmsimkins/id/12581",12581.0,"13941.jp2","/mmsimkins/image/13941.jp2","","",0,False,False,False,True,False,"['Empty Transcript']","[]"
"Letter from the Columbia Council of Neighborhoods, asking Simkins to present at a meeting","","","","","","","","","","","","Copyright Not Evaluated. For further information please contact the University of South Carolina, South Carolina Political Collections, Columbia, SC 29208.","","","","","","","mmsimkins01230","","","","2016-11-22","2016-11-22","http://cdm17173.contentdm.oclc.org/cdm/ref/collection/mmsimkins/id/12582",12582.0,"13942.jp2","/mmsimkins/image/13942.jp2","","",0,False,False,False,True,False,"['Empty Transcript']","[]"
"Newsletter regarding the Tuomey Hospital labor situation","","","","","","","","","","","","Copyright Not Evaluated. For further information please contact the University of South Carolina, South Carolina Political Collections, Columbia, SC 29208.","","","","","","","mmsimkins01231","","","","2016-11-22","2016-11-22","http://cdm17173.contentdm.oclc.org/cdm/ref/collection/mmsimkins/id/12583",12583.0,"13943.jp2","/mmsimkins/image/13943.jp2","","",0,False,False,False,True,False,"['Empty Transcript']","[]"
"Thank you note from Verna Green, principal of Arden Elementary in Richland District 1, Page 1","","","","","","","","","","","","Copyright Not Evaluated. For further information please contact the University of South Carolina, South Carolina Political Collections, Columbia, SC 29208.","","","","","","","mmsimkins01232","","","","2016-11-22","2016-11-22","http://cdm17173.contentdm.oclc.org/cdm/ref/collection/mmsimkins/id/12584",12584.0,"13944.jp2","/mmsimkins/image/13944.jp2","","",0,False,False,False,True,False,"['Empty Transcript']","[]"
"Thank you note from Verna Green, principal of Arden Elementary in Richland District 2, Page 2","","","","","","","","","","","","Copyright Not Evaluated. For further information please contact the University of South Carolina, South Carolina Political Collections, Columbia, SC 29208.","","","","","","","mmsimkins01233","","","","2016-11-22","2016-11-22","http://cdm17173.contentdm.oclc.org/cdm/ref/collection/mmsimkins/id/12585",12585.0,"13945.jp2","/mmsimkins/image/13945.jp2","","",0,False,False,False,True,False,"['Empty Transcript']","[]"
"Letter from Modeska Simkins to supporters, regarding her 1984 campaign for city council","","","","","","","","","","","","Copyright Not Evaluated. For further information please contact the University of South Carolina, South Carolina Political Collections, Columbia, SC 29208.","","","","","","","mmsimkins01234","","","","2016-11-22","2016-11-22","http://cdm17173.contentdm.oclc.org/cdm/ref/collection/mmsimkins/id/12586",12586.0,"13946.jp2","/mmsimkins/image/13946.jp2","","",0,False,False,False,True,False,"['Empty Transcript']","[]"
"Thank you letter to Simkins from Tom Turnipseed","","","","","","","","","","","","Copyright Not Evaluated. For further information please contact the University of South Carolina, South Carolina Political Collections, Columbia, SC 29208.","","","","","","","mmsimkins01235","","","","2016-11-22","2016-11-22","http://cdm17173.contentdm.oclc.org/cdm/ref/collection/mmsimkins/id/12587",12587.0,"13947.jp2","/mmsimkins/image/13947.jp2","","",0,False,False,False,True,False,"['Empty Transcript']","[]"
"Letter to Simkins from Richland County Sheriff Frank Powell","","","","","","","","","","","","Copyright Not Evaluated. For further information please contact the University of South Carolina, South Carolina Political Collections, Columbia, SC 29208.","","","","","","","mmsimkins01236","","","","2016-11-22","2016-11-22","http://cdm17173.contentdm.oclc.org/cdm/ref/collection/mmsimkins/id/12588",12588.0,"13948.jp2","/mmsimkins/image/13948.jp2","","",0,False,False,False,True,False,"['Empty Transcript']","[]"
"Letter to Simkins from Lou Bryan, Page 1","","","","","","","","","","","","Copyright Not Evaluated. For further information please contact the University of South Carolina, South Carolina Political Collections, Columbia, SC 29208.","","","","","","","mmsimkins01237","","","","2016-11-22","2016-11-22","http://cdm17173.contentdm.oclc.org/cdm/ref/collection/mmsimkins/id/12589",12589.0,"13949.jp2","/mmsimkins/image/13949.jp2","","",0,False,False,False,True,False,"['Empty Transcript']","[]"
"Letter to Simkins from Lou Bryan, Page 2","","","","","","","","","","","","Copyright Not Evaluated. For further information please contact the University of South Carolina, South Carolina Political Collections, Columbia, SC 29208.","","","","","","","mmsimkins01238","","","","2016-11-22","2016-11-22","http://cdm17173.contentdm.oclc.org/cdm/ref/collection/mmsimkins/id/12590",12590.0,"13950.jp2","/mmsimkins/image/13950.jp2","","",0,False,False,False,True,False,"['Empty Transcript']","[]"
"Letter from Lou Bryan regarding 1984 campaign, Page 1","","","","","","","","","","","","Copyright Not Evaluated. For further information please contact the University of South Carolina, South Carolina Political Collections, Columbia, SC 29208.","","","","","","","mmsimkins01239","","","","2016-11-22","2016-11-22","http://cdm17173.contentdm.oclc.org/cdm/ref/collection/mmsimkins/id/12591",12591.0,"13951.jp2","/mmsimkins/image/13951.jp2","","",0,False,False,False,True,False,"['Empty Transcript']","[]"
"Letter from Lou Bryan regarding 1984 campaign, Page 2","","","","","","","","","","","","Copyright Not Evaluated. For further information please contact the University of South Carolina, South Carolina Political Collections, Columbia, SC 29208.","","","","","","","mmsimkins01240","","","","2016-11-22","2016-11-22","http://cdm17173.contentdm.oclc.org/cdm/ref/collection/mmsimkins/id/12592",12592.0,"13952.jp2","/mmsimkins/image/13952.jp2","","",0,False,False,False,True,False,"['Empty Transcript']","[]"
"Letter from Herbert, of the American Institute of Marxist Studies, including a news clipping from 1966","","","","","","","","","","","","Copyright Not Evaluated. For further information please contact the University of South Carolina, South Carolina Political Collections, Columbia, SC 29208.","","","","","","","mmsimkins01241","","","","2016-11-22","2016-11-22","http://cdm17173.contentdm.oclc.org/cdm/ref/collection/mmsimkins/id/12593",12593.0,"13953.jp2","/mmsimkins/image/13953.jp2","","",0,False,False,False,True,False,"['Empty Transcript']","[]"
"Letter from Lou Bryan, Page 1","","","","","","","","","","","","Copyright Not Evaluated. For further information please contact the University of South Carolina, South Carolina Political Collections, Columbia, SC 29208.","","","","","","","mmsimkins01243","","","","2016-11-22","2016-11-22","http://cdm17173.contentdm.oclc.org/cdm/ref/collection/mmsimkins/id/12594",12594.0,"13954.jp2","/mmsimkins/image/13954.jp2","","",0,False,False,False,True,False,"['Empty Transcript']","[]"
"Letter from Lou Bryan, Page 2","","","","","","","","","","","","Copyright Not Evaluated. For further information please contact the University of South Carolina, South Carolina Political Collections, Columbia, SC 29208.","","","","","","","mmsimkins01244","","","","2016-11-22","2016-11-22","http://cdm17173.contentdm.oclc.org/cdm/ref/collection/mmsimkins/id/12595",12595.0,"13955.jp2","/mmsimkins/image/13955.jp2","","",0,False,False,False,True,False,"['Empty Transcript']","[]"
"Letter to John Penley from U.S. Attorney Henry McMaster","","","","","","","","","","","","Copyright Not Evaluated. For further information please contact the University of South Carolina, South Carolina Political Collections, Columbia, SC 29208.","","","","","","","mmsimkins01246","","","","2016-11-22","2016-11-22","http://cdm17173.contentdm.oclc.org/cdm/ref/collection/mmsimkins/id/12596",12596.0,"13956.jp2","/mmsimkins/image/13956.jp2","","",0,False,False,False,True,False,"['Empty Transcript']","[]"
"Letter to Simkins from Lou Bryan, Page 1","","","","","","","","","","","","Copyright Not Evaluated. For further information please contact the University of South Carolina, South Carolina Political Collections, Columbia, SC 29208.","","","","","","","mmsimkins01247","","","","2016-11-22","2016-11-22","http://cdm17173.contentdm.oclc.org/cdm/ref/collection/mmsimkins/id/12597",12597.0,"13957.jp2","/mmsimkins/image/13957.jp2","","",0,False,False,False,True,False,"['Empty Transcript']","[]"
"Letter to Simkins from Lou Bryan, Page 2","","","","","","","","","","","","Copyright Not Evaluated. For further information please contact the University of South Carolina, South Carolina Political Collections, Columbia, SC 29208.","","","","","","","mmsimkins01248","","","","2016-11-22","2016-11-22","http://cdm17173.contentdm.oclc.org/cdm/ref/collection/mmsimkins/id/12598",12598.0,"13958.jp2","/mmsimkins/image/13958.jp2","","",0,False,False,False,True,False,"['Empty Transcript']","[]"
"Letter to Simkins from Lou Bryan, Page 3","","","","","","","","","","","","Copyright Not Evaluated. For further information please contact the University of South Carolina, South Carolina Political Collections, Columbia, SC 29208.","","","","","","","mmsimkins01249","","","","2016-11-22","2016-11-22","http://cdm17173.contentdm.oclc.org/cdm/ref/collection/mmsimkins/id/12599",12599.0,"13959.jp2","/mmsimkins/image/13959.jp2","","",0,False,False,False,True,False,"['Empty Transcript']","[]"
"Memo to Simkins from Lou Bryan, Page 1","","","","","","","","","","","","Copyright Not Evaluated. For further information please contact the University of South Carolina, South Carolina Political Collections, Columbia, SC 29208.","","","","","","","mmsimkins01250","","","","2016-11-22","2016-11-22","http://cdm17173.contentdm.oclc.org/cdm/ref/collection/mmsimkins/id/12600",12600.0,"13960.jp2","/mmsimkins/image/13960.jp2","","",0,False,False,False,True,False,"['Empty Transcript']","[]"
"Memo to Simkins from Lou Bryan, Page 2","","","","","","","","","","","","Copyright Not Evaluated. For further information please contact the University of South Carolina, South Carolina Political Collections, Columbia, SC 29208.","","","","","","","mmsimkins01251","","","","2016-11-22","2016-11-22","http://cdm17173.contentdm.oclc.org/cdm/ref/collection/mmsimkins/id/12601",12601.0,"13961.jp2","/mmsimkins/image/13961.jp2","","",0,False,False,False,True,False,"['Empty Transcript']","[]"
"Letter from Bob Coble inviting Simkins to a party","","","","","","","","","","","","Copyright Not Evaluated. For further information please contact the University of South Carolina, South Carolina Political Collections, Columbia, SC 29208.","","","","","","","mmsimkins01252","","","","2016-11-22","2016-11-22","http://cdm17173.contentdm.oclc.org/cdm/ref/collection/mmsimkins/id/12602",12602.0,"13962.jp2","/mmsimkins/image/13962.jp2","","",0,False,False,False,True,False,"['Empty Transcript']","[]"
"Poem from Lou Bryan","","","","","","","","","","","","Copyright Not Evaluated. For further information please contact the University of South Carolina, South Carolina Political Collections, Columbia, SC 29208.","","","","","","","mmsimkins01278","","","","2016-11-22","2016-11-22","http://cdm17173.contentdm.oclc.org/cdm/ref/collection/mmsimkins/id/12603",12603.0,"13963.jp2","/mmsimkins/image/13963.jp2","","",0,False,False,False,True,False,"['Empty Transcript']","[]"
"Letter from John Penley regarding a loan from Simkins","","","","","","","","","","","","Copyright Not Evaluated. For further information please contact the University of South Carolina, South Carolina Political Collections, Columbia, SC 29208.","","","","","","","mmsimkins01279","","","","2016-11-22","2016-11-22","http://cdm17173.contentdm.oclc.org/cdm/ref/collection/mmsimkins/id/12604",12604.0,"13964.jp2","/mmsimkins/image/13964.jp2","","",0,False,False,False,True,False,"['Empty Transcript']","[]"
"Letter to Simkins from Attorney John Delgado regarding the bond on John Penley","","","","","","","","","","","","Copyright Not Evaluated. For further information please contact the University of South Carolina, South Carolina Political Collections, Columbia, SC 29208.","","","","","","","mmsimkins01281","","","","2016-11-22","2016-11-22","http://cdm17173.contentdm.oclc.org/cdm/ref/collection/mmsimkins/id/12605",12605.0,"13965.jp2","/mmsimkins/image/13965.jp2","","",0,False,False,False,True,False,"['Empty Transcript']","[]"
"Letter to Simkins from Pauline Hatchell, Page 1","","","","","","","","","","","","Copyright Not Evaluated. For further information please contact the University of South Carolina, South Carolina Political Collections, Columbia, SC 29208.","","","","","","","mmsimkins01283","","","","2016-11-22","2016-11-22","http://cdm17173.contentdm.oclc.org/cdm/ref/collection/mmsimkins/id/12606",12606.0,"13966.jp2","/mmsimkins/image/13966.jp2","","",0,False,False,False,True,False,"['Empty Transcript']","[]"
"Letter to Simkins from Pauline Hatchell, Page 2","","","","","","","","","","","","Copyright Not Evaluated. For further information please contact the University of South Carolina, South Carolina Political Collections, Columbia, SC 29208.","","","","","","","mmsimkins01284","","","","2016-11-22","2016-11-22","http://cdm17173.contentdm.oclc.org/cdm/ref/collection/mmsimkins/id/12607",12607.0,"13967.jp2","/mmsimkins/image/13967.jp2","","",0,False,False,False,True,False,"['Empty Transcript']","[]"
"Simkins's personal notes, Page 1","","","","","","","","","","","","Copyright Not Evaluated. For further information please contact the University of South Carolina, South Carolina Political Collections, Columbia, SC 29208.","","","","","","","mmsimkins01285","","","","2016-11-22","2016-11-22","http://cdm17173.contentdm.oclc.org/cdm/ref/collection/mmsimkins/id/12608",12608.0,"13968.jp2","/mmsimkins/image/13968.jp2","","",0,False,False,False,True,False,"['Empty Transcript']","[]"
"Simkins's personal notes, Page 2","","","","","","","","","","","","Copyright Not Evaluated. For further information please contact the University of South Carolina, South Carolina Political Collections, Columbia, SC 29208.","","","","","","","mmsimkins01286","","","","2016-11-22","2016-11-22","http://cdm17173.contentdm.oclc.org/cdm/ref/collection/mmsimkins/id/12609",12609.0,"13969.jp2","/mmsimkins/image/13969.jp2","","",0,False,False,False,True,False,"['Empty Transcript']","[]"
"Simkins's personal notes, Page 3","","","","","","","","","","","","Copyright Not Evaluated. For further information please contact the University of South Carolina, South Carolina Political Collections, Columbia, SC 29208.","","","","","","","mmsimkins01287","","","","2016-11-22","2016-11-22","http://cdm17173.contentdm.oclc.org/cdm/ref/collection/mmsimkins/id/12610",12610.0,"13970.jp2","/mmsimkins/image/13970.jp2","","",0,False,False,False,True,False,"['Empty Transcript']","[]"
"Letter to Simkins from inmate Willie Duncan, Jr., Page 1","","","","","","","","","","","","Copyright Not Evaluated. For further information please contact the University of South Carolina, South Carolina Political Collections, Columbia, SC 29208.","","","","","","","mmsimkins01289","","","","2016-11-22","2016-11-22","http://cdm17173.contentdm.oclc.org/cdm/ref/collection/mmsimkins/id/12611",12611.0,"13971.jp2","/mmsimkins/image/13971.jp2","","",0,False,False,False,True,False,"['Empty Transcript']","[]"
"Letter to Simkins from inmate Willie Duncan, Jr., Page 2","","","","","","","","","","","","Copyright Not Evaluated. For further information please contact the University of South Carolina, South Carolina Political Collections, Columbia, SC 29208.","","","","","","","mmsimkins01290","","","","2016-11-22","2016-11-22","http://cdm17173.contentdm.oclc.org/cdm/ref/collection/mmsimkins/id/12612",12612.0,"13972.jp2","/mmsimkins/image/13972.jp2","","",0,False,False,False,True,False,"['Empty Transcript']","[]"
"Letter to Simkins from inmate Willie Duncan, Jr., Page 3","","","","","","","","","","","","Copyright Not Evaluated. For further information please contact the University of South Carolina, South Carolina Political Collections, Columbia, SC 29208.","","","","","","","mmsimkins01291","","","","2016-11-22","2016-11-22","http://cdm17173.contentdm.oclc.org/cdm/ref/collection/mmsimkins/id/12613",12613.0,"13973.jp2","/mmsimkins/image/13973.jp2","","",0,False,False,False,True,False,"['Empty Transcript']","[]"
"Letter inviting Simkins to a meeting of the Minority Development Council","","","","","","","","","","","","Copyright Not Evaluated. For further information please contact the University of South Carolina, South Carolina Political Collections, Columbia, SC 29208.","","","","","","","mmsimkins01292","","","","2016-11-22","2016-11-22","http://cdm17173.contentdm.oclc.org/cdm/ref/collection/mmsimkins/id/12614",12614.0,"13974.jp2","/mmsimkins/image/13974.jp2","","",0,False,False,False,True,False,"['Empty Transcript']","[]"
"Program for An Interfaith Service on Life, Death, and Justice, Page 1","","","","","","","","","","","","Copyright Not Evaluated. For further information please contact the University of South Carolina, South Carolina Political Collections, Columbia, SC 29208.","","","","","","","mmsimkins01293","","","","2016-11-22","2016-11-22","http://cdm17173.contentdm.oclc.org/cdm/ref/collection/mmsimkins/id/12615",12615.0,"13975.jp2","/mmsimkins/image/13975.jp2","","",0,False,False,False,True,False,"['Empty Transcript']","[]"
"Program for An Interfaith Service on Life, Death, and Justice, Page 2","","","","","","","","","","","","Copyright Not Evaluated. For further information please contact the University of South Carolina, South Carolina Political Collections, Columbia, SC 29208.","","","","","","","mmsimkins01294","","","","2016-11-22","2016-11-22","http://cdm17173.contentdm.oclc.org/cdm/ref/collection/mmsimkins/id/12616",12616.0,"13976.jp2","/mmsimkins/image/13976.jp2","","",0,False,False,False,True,False,"['Empty Transcript']","[]"
"Program for a vigil and rally for the South Carolina Coalition Against the Death Penalty","","","","","","","","","","","","Copyright Not Evaluated. For further information please contact the University of South Carolina, South Carolina Political Collections, Columbia, SC 29208.","","","","","","","mmsimkins01295","","","","2016-11-22","2016-11-22","http://cdm17173.contentdm.oclc.org/cdm/ref/collection/mmsimkins/id/12617",12617.0,"13977.jp2","/mmsimkins/image/13977.jp2","","",0,False,False,False,True,False,"['Empty Transcript']","[]"
"Program for a vigil and rally for the South Carolina Coalition Against the Death Penalty","","","","","","","","","","","","Copyright Not Evaluated. For further information please contact the University of South Carolina, South Carolina Political Collections, Columbia, SC 29208.","","","","","","","mmsimkins01296","","","","2016-11-22","2016-11-22","http://cdm17173.contentdm.oclc.org/cdm/ref/collection/mmsimkins/id/12618",12618.0,"13978.jp2","/mmsimkins/image/13978.jp2","","",0,False,False,False,True,False,"['Empty Transcript']","[]"
"Letter to Simkins regarding the execution fo J.C. Shaw, Page 1","","","","","","","","","","","","Copyright Not Evaluated. For further information please contact the University of South Carolina, South Carolina Political Collections, Columbia, SC 29208.","","","","","","","mmsimkins01297","","","","2016-11-22","2016-11-22","http://cdm17173.contentdm.oclc.org/cdm/ref/collection/mmsimkins/id/12619",12619.0,"13979.jp2","/mmsimkins/image/13979.jp2","","",0,False,False,False,True,False,"['Empty Transcript']","[]"
"Letter to Simkins regarding the execution fo J.C. Shaw, Page 2","","","","","","","","","","","","Copyright Not Evaluated. For further information please contact the University of South Carolina, South Carolina Political Collections, Columbia, SC 29208.","","","","","","","mmsimkins01298","","","","2016-11-22","2016-11-22","http://cdm17173.contentdm.oclc.org/cdm/ref/collection/mmsimkins/id/12620",12620.0,"13980.jp2","/mmsimkins/image/13980.jp2","","",0,False,False,False,True,False,"['Empty Transcript']","[]"
"Thank you note from Malissa Barnette","","","","","","","","","","","","Copyright Not Evaluated. For further information please contact the University of South Carolina, South Carolina Political Collections, Columbia, SC 29208.","","","","","","","mmsimkins01299","","","","2016-11-22","2016-11-22","http://cdm17173.contentdm.oclc.org/cdm/ref/collection/mmsimkins/id/12621",12621.0,"13981.jp2","/mmsimkins/image/13981.jp2","","",0,False,False,False,True,False,"['Empty Transcript']","[]"
"Letter to Simkins from Tom Turnipseed","","","","","","","","","","","","Copyright Not Evaluated. For further information please contact the University of South Carolina, South Carolina Political Collections, Columbia, SC 29208.","","","","","","","mmsimkins01300","","","","2016-11-22","2016-11-22","http://cdm17173.contentdm.oclc.org/cdm/ref/collection/mmsimkins/id/12622",12622.0,"13982.jp2","/mmsimkins/image/13982.jp2","","",0,False,False,False,True,False,"['Empty Transcript']","[]"
"Letter to Simkins from Septima Clark","","","","","","","","","","","","Copyright Not Evaluated. For further information please contact the University of South Carolina, South Carolina Political Collections, Columbia, SC 29208.","","","","","","","mmsimkins01301","","","","2016-11-22","2016-11-22","http://cdm17173.contentdm.oclc.org/cdm/ref/collection/mmsimkins/id/12623",12623.0,"13983.jp2","/mmsimkins/image/13983.jp2","","",0,False,False,False,True,False,"['Empty Transcript']","[]"
"Letter to Simkins from Charles Aiken","","","","","","","","","","","","Copyright Not Evaluated. For further information please contact the University of South Carolina, South Carolina Political Collections, Columbia, SC 29208.","","","","","","","mmsimkins01302","","","","2016-11-22","2016-11-22","http://cdm17173.contentdm.oclc.org/cdm/ref/collection/mmsimkins/id/12624",12624.0,"13984.jp2","/mmsimkins/image/13984.jp2","","",0,False,False,False,True,False,"['Empty Transcript']","[]"
"Letter from Lucille Taylor asking Simkins or a loan, Page 1","","","","","","","","","","","","Copyright Not Evaluated. For further information please contact the University of South Carolina, South Carolina Political Collections, Columbia, SC 29208.","","","","","","","mmsimkins01303","","","","2016-11-22","2016-11-22","http://cdm17173.contentdm.oclc.org/cdm/ref/collection/mmsimkins/id/12625",12625.0,"13985.jp2","/mmsimkins/image/13985.jp2","","",0,False,False,False,True,False,"['Empty Transcript']","[]"
"Letter from Lucille Taylor asking Simkins or a loan, Page 2","","","","","","","","","","","","Copyright Not Evaluated. For further information please contact the University of South Carolina, South Carolina Political Collections, Columbia, SC 29208.","","","","","","","mmsimkins01304","","","","2016-11-22","2016-11-22","http://cdm17173.contentdm.oclc.org/cdm/ref/collection/mmsimkins/id/12626",12626.0,"13986.jp2","/mmsimkins/image/13986.jp2","","",0,False,False,False,True,False,"['Empty Transcript']","[]"
"Letter from Lois L. Duke, thanking Simkins for her assistance with dissertation research","","","","","","","","","","","","Copyright Not Evaluated. For further information please contact the University of South Carolina, South Carolina Political Collections, Columbia, SC 29208.","","","","","","","mmsimkins01305","","","","2016-11-22","2016-11-22","http://cdm17173.contentdm.oclc.org/cdm/ref/collection/mmsimkins/id/12627",12627.0,"13987.jp2","/mmsimkins/image/13987.jp2","","",0,False,False,False,True,False,"['Empty Transcript']","[]"
"Letter from Henry Guinyard (Sabre), asking Simkins for help in attaining a pardon, Page 1","","","","","","","","","","","","Copyright Not Evaluated. For further information please contact the University of South Carolina, South Carolina Political Collections, Columbia, SC 29208.","","","","","","","mmsimkins01306","","","","2016-11-22","2016-11-22","http://cdm17173.contentdm.oclc.org/cdm/ref/collection/mmsimkins/id/12628",12628.0,"13988.jp2","/mmsimkins/image/13988.jp2","","",0,False,False,False,True,False,"['Empty Transcript']","[]"
"Letter from Henry Guinyard (Sabre), asking Simkins for help in attaining a pardon, Page 2","","","","","","","","","","","","Copyright Not Evaluated. For further information please contact the University of South Carolina, South Carolina Political Collections, Columbia, SC 29208.","","","","","","","mmsimkins01307","","","","2016-11-22","2016-11-22","http://cdm17173.contentdm.oclc.org/cdm/ref/collection/mmsimkins/id/12629",12629.0,"13989.jp2","/mmsimkins/image/13989.jp2","","",0,False,False,False,True,False,"['Empty Transcript']","[]"
"Letter from Henry Guinyard (Sabre), asking Simkins for help in attaining a pardon, Page 3","","","","","","","","","","","","Copyright Not Evaluated. For further information please contact the University of South Carolina, South Carolina Political Collections, Columbia, SC 29208.","","","","","","","mmsimkins01309","","","","2016-11-22","2016-11-22","http://cdm17173.contentdm.oclc.org/cdm/ref/collection/mmsimkins/id/12630",12630.0,"13990.jp2","/mmsimkins/image/13990.jp2","","",0,False,False,False,True,False,"['Empty Transcript']","[]"
"Letter to Simkins from Lou Bryan, with a poem on the back, Page 1","","","","","","","","","","","","Copyright Not Evaluated. For further information please contact the University of South Carolina, South Carolina Political Collections, Columbia, SC 29208.","","","","","","","mmsimkins01310","","","","2016-11-22","2016-11-22","http://cdm17173.contentdm.oclc.org/cdm/ref/collection/mmsimkins/id/12631",12631.0,"13991.jp2","/mmsimkins/image/13991.jp2","","",0,False,False,False,True,False,"['Empty Transcript']","[]"
"Letter to Simkins from Lou Bryan, with a poem on the back, Page 2","","","","","","","","","","","","Copyright Not Evaluated. For further information please contact the University of South Carolina, South Carolina Political Collections, Columbia, SC 29208.","","","","","","","mmsimkins01311","","","","2016-11-22","2016-11-22","http://cdm17173.contentdm.oclc.org/cdm/ref/collection/mmsimkins/id/12632",12632.0,"13992.jp2","/mmsimkins/image/13992.jp2","","",0,False,False,False,True,False,"['Empty Transcript']","[]"
"Letter from Robert J. Moore, history professor at Columbia College","","","","","","","","","","","","Copyright Not Evaluated. For further information please contact the University of South Carolina, South Carolina Political Collections, Columbia, SC 29208.","","","","","","","mmsimkins01312","","","","2016-11-22","2016-11-22","http://cdm17173.contentdm.oclc.org/cdm/ref/collection/mmsimkins/id/12633",12633.0,"13993.jp2","/mmsimkins/image/13993.jp2","","",0,False,False,False,True,False,"['Empty Transcript']","[]"
"Request for an oral history interview from a history professor at Virginia Tech","","","","","","","","","","","","Copyright Not Evaluated. For further information please contact the University of South Carolina, South Carolina Political Collections, Columbia, SC 29208.","","","","","","","mmsimkins01313","","","","2016-11-22","2016-11-22","http://cdm17173.contentdm.oclc.org/cdm/ref/collection/mmsimkins/id/12634",12634.0,"13994.jp2","/mmsimkins/image/13994.jp2","","",0,False,False,False,True,False,"['Empty Transcript']","[]"
"Letter to Simkins for Lou Bryan","","","","","","","","","","","","Copyright Not Evaluated. For further information please contact the University of South Carolina, South Carolina Political Collections, Columbia, SC 29208.","","","","","","","mmsimkins01314","","","","2016-11-22","2016-11-22","http://cdm17173.contentdm.oclc.org/cdm/ref/collection/mmsimkins/id/12635",12635.0,"13995.jp2","/mmsimkins/image/13995.jp2","","",0,False,False,False,True,False,"['Empty Transcript']","[]"
"Newspaper clipping about a 12-year-old-girl who died in a police chase","","","","","","","","","","","","Copyright Not Evaluated. For further information please contact the University of South Carolina, South Carolina Political Collections, Columbia, SC 29208.","","","","","","","mmsimkins01317","","","","2016-11-22","2016-11-22","http://cdm17173.contentdm.oclc.org/cdm/ref/collection/mmsimkins/id/12636",12636.0,"13996.jp2","/mmsimkins/image/13996.jp2","","",0,False,False,False,True,False,"['Empty Transcript']","[]"
"Letter from the Cheraw branch of the NAACP asking Simkins to attend their meeting","","","","","","","","","","","","Copyright Not Evaluated. For further information please contact the University of South Carolina, South Carolina Political Collections, Columbia, SC 29208.","","","","","","","mmsimkins01318","","","","2016-11-22","2016-11-22","http://cdm17173.contentdm.oclc.org/cdm/ref/collection/mmsimkins/id/12637",12637.0,"13997.jp2","/mmsimkins/image/13997.jp2","","",0,False,False,False,True,False,"['Empty Transcript']","[]"
"Letter from Jacob Jennings, Jr., president of Malcolm X College in Chicago","","","","","","","","","","","","Copyright Not Evaluated. For further information please contact the University of South Carolina, South Carolina Political Collections, Columbia, SC 29208.","","","","","","","mmsimkins01319","","","","2016-11-22","2016-11-22","http://cdm17173.contentdm.oclc.org/cdm/ref/collection/mmsimkins/id/12638",12638.0,"13998.jp2","/mmsimkins/image/13998.jp2","","",0,False,False,False,True,False,"['Empty Transcript']","[]"
"Letter from Myrtle Glascoe at the Avery Research Center, thanking Simkins for her participation in the Afro-American Women's History Conference","","","","","","","","","","","","Copyright Not Evaluated. For further information please contact the University of South Carolina, South Carolina Political Collections, Columbia, SC 29208.","","","","","","","mmsimkins01320","","","","2016-11-22","2016-11-22","http://cdm17173.contentdm.oclc.org/cdm/ref/collection/mmsimkins/id/12639",12639.0,"13999.jp2","/mmsimkins/image/13999.jp2","","",0,False,False,False,True,False,"['Empty Transcript']","[]"
"Letter from Ruth Lindall, thanking Simkins for meeting with the Piedmont Peace Resource Center","","","","","","","","","","","","Copyright Not Evaluated. For further information please contact the University of South Carolina, South Carolina Political Collections, Columbia, SC 29208.","","","","","","","mmsimkins01321","","","","2016-11-22","2016-11-22","http://cdm17173.contentdm.oclc.org/cdm/ref/collection/mmsimkins/id/12640",12640.0,"14000.jp2","/mmsimkins/image/14000.jp2","","",0,False,False,False,True,False,"['Empty Transcript']","[]"
"Letter from African American politicians asking voters to elect Jim Clyburn Secretary of State and supporting Mike Daniel for governor","","","","","","","","","","","","Copyright Not Evaluated. For further information please contact the University of South Carolina, South Carolina Political Collections, Columbia, SC 29208.","","","","","","","mmsimkins01322","","","","2016-11-22","2016-11-22","http://cdm17173.contentdm.oclc.org/cdm/ref/collection/mmsimkins/id/12641",12641.0,"14001.jp2","/mmsimkins/image/14001.jp2","","",0,False,False,False,True,False,"['Empty Transcript']","[]"
"Thank-you letter from Frankie B. Outten, regarding a history of Second Calvary Church","","","","","","","","","","","","Copyright Not Evaluated. For further information please contact the University of South Carolina, South Carolina Political Collections, Columbia, SC 29208.","","","","","","","mmsimkins01323","","","","2016-11-22","2016-11-22","http://cdm17173.contentdm.oclc.org/cdm/ref/collection/mmsimkins/id/12642",12642.0,"14002.jp2","/mmsimkins/image/14002.jp2","","",0,False,False,False,True,False,"['Empty Transcript']","[]"
"Letter to Simkins from Jacquesline Howard","","","","","","","","","","","","Copyright Not Evaluated. For further information please contact the University of South Carolina, South Carolina Political Collections, Columbia, SC 29208.","","","","","","","mmsimkins01324","","","","2016-11-22","2016-11-22","http://cdm17173.contentdm.oclc.org/cdm/ref/collection/mmsimkins/id/12643",12643.0,"14003.jp2","/mmsimkins/image/14003.jp2","","",0,False,False,False,True,False,"['Empty Transcript']","[]"
"Letter from a convict named Willie Duncan, Jr.","","","","","","","","","","","","Copyright Not Evaluated. For further information please contact the University of South Carolina, South Carolina Political Collections, Columbia, SC 29208.","","","","","","","mmsimkins01325","","","","2016-11-22","2016-11-22","http://cdm17173.contentdm.oclc.org/cdm/ref/collection/mmsimkins/id/12644",12644.0,"14004.jp2","/mmsimkins/image/14004.jp2","","",0,False,False,False,True,False,"['Empty Transcript']","[]"
"Letter from a convict named Willie Duncan, Jr.","","","","","","","","","","","","Copyright Not Evaluated. For further information please contact the University of South Carolina, South Carolina Political Collections, Columbia, SC 29208.","","","","","","","mmsimkins01326","","","","2016-11-22","2016-11-22","http://cdm17173.contentdm.oclc.org/cdm/ref/collection/mmsimkins/id/12645",12645.0,"14005.jp2","/mmsimkins/image/14005.jp2","","",0,False,False,False,True,False,"['Empty Transcript']","[]"
"Letter thanking Simkins for her participation in the Watkins Prayer Breakfast","","","","","","","","","","","","Copyright Not Evaluated. For further information please contact the University of South Carolina, South Carolina Political Collections, Columbia, SC 29208.","","","","","","","mmsimkins01327","","","","2016-11-22","2016-11-22","http://cdm17173.contentdm.oclc.org/cdm/ref/collection/mmsimkins/id/12646",12646.0,"14006.jp2","/mmsimkins/image/14006.jp2","","",0,False,False,False,True,False,"['Empty Transcript']","[]"
"Letter from Michael Figures, asking for Simkins's support during the trial of the Klansmen who lynched Michael Donald, Page 1","","","","","","","","","","","","Copyright Not Evaluated. For further information please contact the University of South Carolina, South Carolina Political Collections, Columbia, SC 29208.","","","","","","","mmsimkins01328","","","","2016-11-22","2016-11-22","http://cdm17173.contentdm.oclc.org/cdm/ref/collection/mmsimkins/id/12647",12647.0,"14007.jp2","/mmsimkins/image/14007.jp2","","",0,False,False,False,True,False,"['Empty Transcript']","[]"
"Letter from Michael Figures, asking for Simkins's support during the trial of the Klansmen who lynched Michael Donald, Page 2","","","","","","","","","","","","Copyright Not Evaluated. For further information please contact the University of South Carolina, South Carolina Political Collections, Columbia, SC 29208.","","","","","","","mmsimkins01329","","","","2016-11-22","2016-11-22","http://cdm17173.contentdm.oclc.org/cdm/ref/collection/mmsimkins/id/12648",12648.0,"14008.jp2","/mmsimkins/image/14008.jp2","","",0,False,False,False,True,False,"['Empty Transcript']","[]"
"Letter from Gordon E. Wood thanking Simkins for contributing to the Piedmont Peace Resource Center","","","","","","","","","","","","Copyright Not Evaluated. For further information please contact the University of South Carolina, South Carolina Political Collections, Columbia, SC 29208.","","","","","","","mmsimkins01330","","","","2016-11-22","2016-11-22","http://cdm17173.contentdm.oclc.org/cdm/ref/collection/mmsimkins/id/12649",12649.0,"14009.jp2","/mmsimkins/image/14009.jp2","","",0,False,False,False,True,False,"['Empty Transcript']","[]"
"Letter to Simkins from John Rideout","","","","","","","","","","","","Copyright Not Evaluated. For further information please contact the University of South Carolina, South Carolina Political Collections, Columbia, SC 29208.","","","","","","","mmsimkins01331","","","","2016-11-22","2016-11-22","http://cdm17173.contentdm.oclc.org/cdm/ref/collection/mmsimkins/id/12650",12650.0,"14010.jp2","/mmsimkins/image/14010.jp2","","",0,False,False,False,True,False,"['Empty Transcript']","[]"
"Copy of Program for Excellence in South Carolina, a book by Charles D. """"Pug"""" Ravenel, Page 1","","","","","","","","","","","","Copyright Not Evaluated. For further information please contact the University of South Carolina, South Carolina Political Collections, Columbia, SC 29208.","","","","","","","mmsimkins02675","","","","2016-11-22","2016-11-22","http://cdm17173.contentdm.oclc.org/cdm/ref/collection/mmsimkins/id/12652",12652.0,"14012.jp2","/mmsimkins/image/14012.jp2","","",0,False,False,False,True,False,"['Empty Transcript']","[]"
"Copy of Program for Excellence in South Carolina, a book by Charles D. """"Pug"""" Ravenel, Page 2","","","","","","","","","","","","Copyright Not Evaluated. For further information please contact the University of South Carolina, South Carolina Political Collections, Columbia, SC 29208.","","","","","","","mmsimkins02676","","","","2016-11-22","2016-11-22","http://cdm17173.contentdm.oclc.org/cdm/ref/collection/mmsimkins/id/12653",12653.0,"14013.jp2","/mmsimkins/image/14013.jp2","","",0,False,False,False,True,False,"['Empty Transcript']","[]"
"Copy of Program for Excellence in South Carolina, a book by Charles D. """"Pug"""" Ravenel, Page 3","","","","","","","","","","","","Copyright Not Evaluated. For further information please contact the University of South Carolina, South Carolina Political Collections, Columbia, SC 29208.","","","","","","","mmsimkins02677","","","","2016-11-22","2016-11-22","http://cdm17173.contentdm.oclc.org/cdm/ref/collection/mmsimkins/id/12654",12654.0,"14014.jp2","/mmsimkins/image/14014.jp2","","",0,False,False,False,True,False,"['Empty Transcript']","[]"
"NAACP brochure from 1952 entitled """"A Primer for Political Action"""", Page 1","","","","","","","","","","","","Copyright Not Evaluated. For further information please contact the University of South Carolina, South Carolina Political Collections, Columbia, SC 29208.","","","","","","","mmsimkins02678","","","","2016-11-22","2016-11-22","http://cdm17173.contentdm.oclc.org/cdm/ref/collection/mmsimkins/id/12655",12655.0,"14015.jp2","/mmsimkins/image/14015.jp2","","",0,False,False,False,True,False,"['Empty Transcript']","[]"
"NAACP brochure from 1952 entitled """"A Primer for Political Action"""", Page 2","","","","","","","","","","","","Copyright Not Evaluated. For further information please contact the University of South Carolina, South Carolina Political Collections, Columbia, SC 29208.","","","","","","","mmsimkins02679","","","","2016-11-22","2016-11-22","http://cdm17173.contentdm.oclc.org/cdm/ref/collection/mmsimkins/id/12656",12656.0,"14016.jp2","/mmsimkins/image/14016.jp2","","",0,False,False,False,True,False,"['Empty Transcript']","[]"
"NAACP brochure from 1952 entitled """"A Primer for Political Action"""", Page 3","","","","","","","","","","","","Copyright Not Evaluated. For further information please contact the University of South Carolina, South Carolina Political Collections, Columbia, SC 29208.","","","","","","","mmsimkins02680","","","","2016-11-22","2016-11-22","http://cdm17173.contentdm.oclc.org/cdm/ref/collection/mmsimkins/id/12657",12657.0,"14017.jp2","/mmsimkins/image/14017.jp2","","",0,False,False,False,True,False,"['Empty Transcript']","[]"
"NAACP brochure from 1952 entitled """"A Primer for Political Action"""", Page 4","","","","","","","","","","","","Copyright Not Evaluated. For further information please contact the University of South Carolina, South Carolina Political Collections, Columbia, SC 29208.","","","","","","","mmsimkins02681","","","","2016-11-22","2016-11-22","http://cdm17173.contentdm.oclc.org/cdm/ref/collection/mmsimkins/id/12658",12658.0,"14018.jp2","/mmsimkins/image/14018.jp2","","",0,False,False,False,True,False,"['Empty Transcript']","[]"
"NAACP brochure from 1952 entitled """"A Primer for Political Action"""", Page 5","","","","","","","","","","","","Copyright Not Evaluated. For further information please contact the University of South Carolina, South Carolina Political Collections, Columbia, SC 29208.","","","","","","","mmsimkins02682","","","","2016-11-22","2016-11-22","http://cdm17173.contentdm.oclc.org/cdm/ref/collection/mmsimkins/id/12659",12659.0,"14019.jp2","/mmsimkins/image/14019.jp2","","",0,False,False,False,True,False,"['Empty Transcript']","[]"
"NAACP brochure from 1952 entitled """"A Primer for Political Action"""", Page 6","","","","","","","","","","","","Copyright Not Evaluated. For further information please contact the University of South Carolina, South Carolina Political Collections, Columbia, SC 29208.","","","","","","","mmsimkins02683","","","","2016-11-22","2016-11-22","http://cdm17173.contentdm.oclc.org/cdm/ref/collection/mmsimkins/id/12660",12660.0,"14020.jp2","/mmsimkins/image/14020.jp2","","",0,False,False,False,True,False,"['Empty Transcript']","[]"
"NAACP brochure from 1952 entitled """"A Primer for Political Action"""", Page 7","","","","","","","","","","","","Copyright Not Evaluated. For further information please contact the University of South Carolina, South Carolina Political Collections, Columbia, SC 29208.","","","","","","","mmsimkins02684","","","","2016-11-22","2016-11-22","http://cdm17173.contentdm.oclc.org/cdm/ref/collection/mmsimkins/id/12661",12661.0,"14021.jp2","/mmsimkins/image/14021.jp2","","",0,False,False,False,True,False,"['Empty Transcript']","[]"
"NAACP brochure from 1952 entitled """"A Primer for Political Action"""", Page 8","","","","","","","","","","","","Copyright Not Evaluated. For further information please contact the University of South Carolina, South Carolina Political Collections, Columbia, SC 29208.","","","","","","","mmsimkins02685","","","","2016-11-22","2016-11-22","http://cdm17173.contentdm.oclc.org/cdm/ref/collection/mmsimkins/id/12662",12662.0,"14022.jp2","/mmsimkins/image/14022.jp2","","",0,False,False,False,True,False,"['Empty Transcript']","[]"
"NAACP brochure from 1952 entitled """"A Primer for Political Action"""", Page 9","","","","","","","","","","","","Copyright Not Evaluated. For further information please contact the University of South Carolina, South Carolina Political Collections, Columbia, SC 29208.","","","","","","","mmsimkins02686","","","","2016-11-22","2016-11-22","http://cdm17173.contentdm.oclc.org/cdm/ref/collection/mmsimkins/id/12663",12663.0,"14023.jp2","/mmsimkins/image/14023.jp2","","",0,False,False,False,True,False,"['Empty Transcript']","[]"
"Campaign booklet for Adlai Stevenson, highlighting his commitment to civil rights, Page 1","","","","","","","","","","","","Copyright Not Evaluated. For further information please contact the University of South Carolina, South Carolina Political Collections, Columbia, SC 29208.","","","","","","","mmsimkins02687","","","","2016-11-22","2016-11-22","http://cdm17173.contentdm.oclc.org/cdm/ref/collection/mmsimkins/id/12664",12664.0,"14024.jp2","/mmsimkins/image/14024.jp2","","",0,False,False,False,True,False,"['Empty Transcript']","[]"
"Campaign booklet for Adlai Stevenson, highlighting his commitment to civil rights, Page 2","","","","","","","","","","","","Copyright Not Evaluated. For further information please contact the University of South Carolina, South Carolina Political Collections, Columbia, SC 29208.","","","","","","","mmsimkins02688","","","","2016-11-22","2016-11-22","http://cdm17173.contentdm.oclc.org/cdm/ref/collection/mmsimkins/id/12665",12665.0,"14025.jp2","/mmsimkins/image/14025.jp2","","",0,False,False,False,True,False,"['Empty Transcript']","[]"
"Campaign booklet for Adlai Stevenson, highlighting his commitment to civil rights, Page 3","","","","","","","","","","","","Copyright Not Evaluated. For further information please contact the University of South Carolina, South Carolina Political Collections, Columbia, SC 29208.","","","","","","","mmsimkins02689","","","","2016-11-22","2016-11-22","http://cdm17173.contentdm.oclc.org/cdm/ref/collection/mmsimkins/id/12666",12666.0,"14026.jp2","/mmsimkins/image/14026.jp2","","",0,False,False,False,True,False,"['Empty Transcript']","[]"
"Campaign booklet for Adlai Stevenson, highlighting his commitment to civil rights, Page 4","","","","","","","","","","","","Copyright Not Evaluated. For further information please contact the University of South Carolina, South Carolina Political Collections, Columbia, SC 29208.","","","","","","","mmsimkins02690","","","","2016-11-22","2016-11-22","http://cdm17173.contentdm.oclc.org/cdm/ref/collection/mmsimkins/id/12667",12667.0,"14027.jp2","/mmsimkins/image/14027.jp2","","",0,False,False,False,True,False,"['Empty Transcript']","[]"
"Campaign booklet for Adlai Stevenson, highlighting his commitment to civil rights, Page 5","","","","","","","","","","","","Copyright Not Evaluated. For further information please contact the University of South Carolina, South Carolina Political Collections, Columbia, SC 29208.","","","","","","","mmsimkins02691","","","","2016-11-22","2016-11-22","http://cdm17173.contentdm.oclc.org/cdm/ref/collection/mmsimkins/id/12668",12668.0,"14028.jp2","/mmsimkins/image/14028.jp2","","",0,False,False,False,True,False,"['Empty Transcript']","[]"
"Campaign booklet for Adlai Stevenson, highlighting his commitment to civil rights, Page 6","","","","","","","","","","","","Copyright Not Evaluated. For further information please contact the University of South Carolina, South Carolina Political Collections, Columbia, SC 29208.","","","","","","","mmsimkins02692","","","","2016-11-22","2016-11-22","http://cdm17173.contentdm.oclc.org/cdm/ref/collection/mmsimkins/id/12669",12669.0,"14029.jp2","/mmsimkins/image/14029.jp2","","",0,False,False,False,True,False,"['Empty Transcript']","[]"
"Campaign booklet for Adlai Stevenson, highlighting his commitment to civil rights, Page 7","","","","","","","","","","","","Copyright Not Evaluated. For further information please contact the University of South Carolina, South Carolina Political Collections, Columbia, SC 29208.","","","","","","","mmsimkins02693","","","","2016-11-22","2016-11-22","http://cdm17173.contentdm.oclc.org/cdm/ref/collection/mmsimkins/id/12670",12670.0,"14030.jp2","/mmsimkins/image/14030.jp2","","",0,False,False,False,True,False,"['Empty Transcript']","[]"
"Campaign booklet for Adlai Stevenson, highlighting his commitment to civil rights, Page 8","","","","","","","","","","","","Copyright Not Evaluated. For further information please contact the University of South Carolina, South Carolina Political Collections, Columbia, SC 29208.","","","","","","","mmsimkins02695","","","","2016-11-22","2016-11-22","http://cdm17173.contentdm.oclc.org/cdm/ref/collection/mmsimkins/id/12671",12671.0,"14031.jp2","/mmsimkins/image/14031.jp2","","",0,False,False,False,True,False,"['Empty Transcript']","[]"
"Campaign booklet for Adlai Stevenson, highlighting his commitment to civil rights, Page 9","","","","","","","","","","","","Copyright Not Evaluated. For further information please contact the University of South Carolina, South Carolina Political Collections, Columbia, SC 29208.","","","","","","","mmsimkins02696","","","","2016-11-22","2016-11-22","http://cdm17173.contentdm.oclc.org/cdm/ref/collection/mmsimkins/id/12672",12672.0,"14032.jp2","/mmsimkins/image/14032.jp2","","",0,False,False,False,True,False,"['Empty Transcript']","[]"
"Campaign booklet for Adlai Stevenson, highlighting his commitment to civil rights, Page 10","","","","","","","","","","","","Copyright Not Evaluated. For further information please contact the University of South Carolina, South Carolina Political Collections, Columbia, SC 29208.","","","","","","","mmsimkins02697","","","","2016-11-22","2016-11-22","http://cdm17173.contentdm.oclc.org/cdm/ref/collection/mmsimkins/id/12673",12673.0,"14033.jp2","/mmsimkins/image/14033.jp2","","",0,False,False,False,True,False,"['Empty Transcript']","[]"
"Campaign booklet for Adlai Stevenson, highlighting his commitment to civil rights, Page 11","","","","","","","","","","","","Copyright Not Evaluated. For further information please contact the University of South Carolina, South Carolina Political Collections, Columbia, SC 29208.","","","","","","","mmsimkins02698","","","","2016-11-22","2016-11-22","http://cdm17173.contentdm.oclc.org/cdm/ref/collection/mmsimkins/id/12674",12674.0,"14034.jp2","/mmsimkins/image/14034.jp2","","",0,False,False,False,True,False,"['Empty Transcript']","[]"
"Campaign booklet for Adlai Stevenson, highlighting his commitment to civil rights, Page 12","","","","","","","","","","","","Copyright Not Evaluated. For further information please contact the University of South Carolina, South Carolina Political Collections, Columbia, SC 29208.","","","","","","","mmsimkins02699","","","","2016-11-22","2016-11-22","http://cdm17173.contentdm.oclc.org/cdm/ref/collection/mmsimkins/id/12675",12675.0,"14035.jp2","/mmsimkins/image/14035.jp2","","",0,False,False,False,True,False,"['Empty Transcript']","[]"
"Campaign booklet for Adlai Stevenson, highlighting his commitment to civil rights, Page 13","","","","","","","","","","","","Copyright Not Evaluated. For further information please contact the University of South Carolina, South Carolina Political Collections, Columbia, SC 29208.","","","","","","","mmsimkins02700","","","","2016-11-22","2016-11-22","http://cdm17173.contentdm.oclc.org/cdm/ref/collection/mmsimkins/id/12676",12676.0,"14036.jp2","/mmsimkins/image/14036.jp2","","",0,False,False,False,True,False,"['Empty Transcript']","[]"
"Campaign booklet for Adlai Stevenson, highlighting his commitment to civil rights, Page 14","","","","","","","","","","","","Copyright Not Evaluated. For further information please contact the University of South Carolina, South Carolina Political Collections, Columbia, SC 29208.","","","","","","","mmsimkins02701","","","","2016-11-22","2016-11-22","http://cdm17173.contentdm.oclc.org/cdm/ref/collection/mmsimkins/id/12677",12677.0,"14037.jp2","/mmsimkins/image/14037.jp2","","",0,False,False,False,True,False,"['Empty Transcript']","[]"
"Campaign booklet for Adlai Stevenson, highlighting his commitment to civil rights, Page 15","","","","","","","","","","","","Copyright Not Evaluated. For further information please contact the University of South Carolina, South Carolina Political Collections, Columbia, SC 29208.","","","","","","","mmsimkins02703","","","","2016-11-22","2016-11-22","http://cdm17173.contentdm.oclc.org/cdm/ref/collection/mmsimkins/id/12678",12678.0,"14038.jp2","/mmsimkins/image/14038.jp2","","",0,False,False,False,True,False,"['Empty Transcript']","[]"
"Campaign booklet for Adlai Stevenson, highlighting his commitment to civil rights, Page 16","","","","","","","","","","","","Copyright Not Evaluated. For further information please contact the University of South Carolina, South Carolina Political Collections, Columbia, SC 29208.","","","","","","","mmsimkins02704","","","","2016-11-22","2016-11-22","http://cdm17173.contentdm.oclc.org/cdm/ref/collection/mmsimkins/id/12679",12679.0,"14039.jp2","/mmsimkins/image/14039.jp2","","",0,False,False,False,True,False,"['Empty Transcript']","[]"
"Campaign booklet for Adlai Stevenson, highlighting his commitment to civil rights, Page 17","","","","","","","","","","","","Copyright Not Evaluated. For further information please contact the University of South Carolina, South Carolina Political Collections, Columbia, SC 29208.","","","","","","","mmsimkins02705","","","","2016-11-22","2016-11-22","http://cdm17173.contentdm.oclc.org/cdm/ref/collection/mmsimkins/id/12680",12680.0,"14040.jp2","/mmsimkins/image/14040.jp2","","",0,False,False,False,True,False,"['Empty Transcript']","[]"
"Campaign booklet for Adlai Stevenson, highlighting his commitment to civil rights, Page 18","","","","","","","","","","","","Copyright Not Evaluated. For further information please contact the University of South Carolina, South Carolina Political Collections, Columbia, SC 29208.","","","","","","","mmsimkins02706","","","","2016-11-22","2016-11-22","http://cdm17173.contentdm.oclc.org/cdm/ref/collection/mmsimkins/id/12681",12681.0,"14041.jp2","/mmsimkins/image/14041.jp2","","",0,False,False,False,True,False,"['Empty Transcript']","[]"
"Campaign booklet for Adlai Stevenson, highlighting his commitment to civil rights, Page 19","","","","","","","","","","","","Copyright Not Evaluated. For further information please contact the University of South Carolina, South Carolina Political Collections, Columbia, SC 29208.","","","","","","","mmsimkins02707","","","","2016-11-22","2016-11-22","http://cdm17173.contentdm.oclc.org/cdm/ref/collection/mmsimkins/id/12682",12682.0,"14042.jp2","/mmsimkins/image/14042.jp2","","",0,False,False,False,True,False,"['Empty Transcript']","[]"
"Campaign booklet for Adlai Stevenson, highlighting his commitment to civil rights, Page 20","","","","","","","","","","","","Copyright Not Evaluated. For further information please contact the University of South Carolina, South Carolina Political Collections, Columbia, SC 29208.","","","","","","","mmsimkins02708","","","","2016-11-22","2016-11-22","http://cdm17173.contentdm.oclc.org/cdm/ref/collection/mmsimkins/id/12683",12683.0,"14043.jp2","/mmsimkins/image/14043.jp2","","",0,False,False,False,True,False,"['Empty Transcript']","[]"
"Campaign booklet for Adlai Stevenson, highlighting his commitment to civil rights, Page 21","","","","","","","","","","","","Copyright Not Evaluated. For further information please contact the University of South Carolina, South Carolina Political Collections, Columbia, SC 29208.","","","","","","","mmsimkins02709","","","","2016-11-22","2016-11-22","http://cdm17173.contentdm.oclc.org/cdm/ref/collection/mmsimkins/id/12684",12684.0,"14044.jp2","/mmsimkins/image/14044.jp2","","",0,False,False,False,True,False,"['Empty Transcript']","[]"
"Campaign booklet for Adlai Stevenson, highlighting his commitment to civil rights, Page 22","","","","","","","","","","","","Copyright Not Evaluated. For further information please contact the University of South Carolina, South Carolina Political Collections, Columbia, SC 29208.","","","","","","","mmsimkins02710","","","","2016-11-22","2016-11-22","http://cdm17173.contentdm.oclc.org/cdm/ref/collection/mmsimkins/id/12685",12685.0,"14045.jp2","/mmsimkins/image/14045.jp2","","",0,False,False,False,True,False,"['Empty Transcript']","[]"
"Campaign booklet for Adlai Stevenson, highlighting his commitment to civil rights, Page 23","","","","","","","","","","","","Copyright Not Evaluated. For further information please contact the University of South Carolina, South Carolina Political Collections, Columbia, SC 29208.","","","","","","","mmsimkins02711","","","","2016-11-22","2016-11-22","http://cdm17173.contentdm.oclc.org/cdm/ref/collection/mmsimkins/id/12686",12686.0,"14046.jp2","/mmsimkins/image/14046.jp2","","",0,False,False,False,True,False,"['Empty Transcript']","[]"
"Campaign booklet for Adlai Stevenson, highlighting his commitment to civil rights, Page 24","","","","","","","","","","","","Copyright Not Evaluated. For further information please contact the University of South Carolina, South Carolina Political Collections, Columbia, SC 29208.","","","","","","","mmsimkins02712","","","","2016-11-22","2016-11-22","http://cdm17173.contentdm.oclc.org/cdm/ref/collection/mmsimkins/id/12687",12687.0,"14047.jp2","/mmsimkins/image/14047.jp2","","",0,False,False,False,True,False,"['Empty Transcript']","[]"
"NAACP Campaign brochure for John F. Kennedy, Page 1","","","","","","","","","","","","Copyright Not Evaluated. For further information please contact the University of South Carolina, South Carolina Political Collections, Columbia, SC 29208.","","","","","","","mmsimkins02713","","","","2016-11-22","2016-11-22","http://cdm17173.contentdm.oclc.org/cdm/ref/collection/mmsimkins/id/12688",12688.0,"14048.jp2","/mmsimkins/image/14048.jp2","","",0,False,False,False,True,False,"['Empty Transcript']","[]"
"NAACP Campaign brochure for John F. Kennedy, Page 2","","","","","","","","","","","","Copyright Not Evaluated. For further information please contact the University of South Carolina, South Carolina Political Collections, Columbia, SC 29208.","","","","","","","mmsimkins02714","","","","2016-11-22","2016-11-22","http://cdm17173.contentdm.oclc.org/cdm/ref/collection/mmsimkins/id/12689",12689.0,"14049.jp2","/mmsimkins/image/14049.jp2","","",0,False,False,False,True,False,"['Empty Transcript']","[]"
"Campaign brochure for Richland Democrats from c. 1972, Page 1","","","","","","","","","","","","Copyright Not Evaluated. For further information please contact the University of South Carolina, South Carolina Political Collections, Columbia, SC 29208.","","","","","","","mmsimkins02715","","","","2016-11-22","2016-11-22","http://cdm17173.contentdm.oclc.org/cdm/ref/collection/mmsimkins/id/12690",12690.0,"14050.jp2","/mmsimkins/image/14050.jp2","","",0,False,False,False,True,False,"['Empty Transcript']","[]"
"Campaign brochure for Richland Democrats from c. 1972, Page 2","","","","","","","","","","","","Copyright Not Evaluated. For further information please contact the University of South Carolina, South Carolina Political Collections, Columbia, SC 29208.","","","","","","","mmsimkins02716","","","","2016-11-22","2016-11-22","http://cdm17173.contentdm.oclc.org/cdm/ref/collection/mmsimkins/id/12691",12691.0,"14051.jp2","/mmsimkins/image/14051.jp2","","",0,False,False,False,True,False,"['Empty Transcript']","[]"
"Campaign slip for W.A. """"Bob"""" Jeter, Page 1","","","","","","","","","","","","Copyright Not Evaluated. For further information please contact the University of South Carolina, South Carolina Political Collections, Columbia, SC 29208.","","","","","","","mmsimkins02717","","","","2016-11-22","2016-11-22","http://cdm17173.contentdm.oclc.org/cdm/ref/collection/mmsimkins/id/12692",12692.0,"14052.jp2","/mmsimkins/image/14052.jp2","","",0,False,False,False,True,False,"['Empty Transcript']","[]"
"Campaign slip for W.A."""" Bob"""" Jeter, Page 2","","","","","","","","","","","","Copyright Not Evaluated. For further information please contact the University of South Carolina, South Carolina Political Collections, Columbia, SC 29208.","","","","","","","mmsimkins02718","","","","2016-11-22","2016-11-22","http://cdm17173.contentdm.oclc.org/cdm/ref/collection/mmsimkins/id/12693",12693.0,"14053.jp2","/mmsimkins/image/14053.jp2","","",0,False,False,False,True,False,"['Empty Transcript']","[]"
"Kennedy / Johnson campaign poster","","","","","","","","","","","","Copyright Not Evaluated. For further information please contact the University of South Carolina, South Carolina Political Collections, Columbia, SC 29208.","","","","","","","mmsimkins02719","","","","2016-11-22","2016-11-22","http://cdm17173.contentdm.oclc.org/cdm/ref/collection/mmsimkins/id/12694",12694.0,"14054.jp2","/mmsimkins/image/14054.jp2","","",0,False,False,False,True,False,"['Empty Transcript']","[]"
"Brochure from the Democratic National Committee discussing John F. Kennedy's religious views, Page 1","","","","","","","","","","","","Copyright Not Evaluated. For further information please contact the University of South Carolina, South Carolina Political Collections, Columbia, SC 29208.","","","","","","","mmsimkins02720","","","","2016-11-22","2016-11-22","http://cdm17173.contentdm.oclc.org/cdm/ref/collection/mmsimkins/id/12695",12695.0,"14055.jp2","/mmsimkins/image/14055.jp2","","",0,False,False,False,True,False,"['Empty Transcript']","[]"
"Brochure from the Democratic National Committee discussing John F. Kennedy's religious views, Page 2","","","","","","","","","","","","Copyright Not Evaluated. For further information please contact the University of South Carolina, South Carolina Political Collections, Columbia, SC 29208.","","","","","","","mmsimkins02721","","","","2016-11-22","2016-11-22","http://cdm17173.contentdm.oclc.org/cdm/ref/collection/mmsimkins/id/12696",12696.0,"14056.jp2","/mmsimkins/image/14056.jp2","","",0,False,False,False,True,False,"['Empty Transcript']","[]"
"Campaign brochure for John F. Kennedy, Page 1","","","","","","","","","","","","Copyright Not Evaluated. For further information please contact the University of South Carolina, South Carolina Political Collections, Columbia, SC 29208.","","","","","","","mmsimkins02722","","","","2016-11-22","2016-11-22","http://cdm17173.contentdm.oclc.org/cdm/ref/collection/mmsimkins/id/12697",12697.0,"14057.jp2","/mmsimkins/image/14057.jp2","","",0,False,False,False,True,False,"['Empty Transcript']","[]"
"Campaign brochure for John F. Kennedy, Page 2","","","","","","","","","","","","Copyright Not Evaluated. For further information please contact the University of South Carolina, South Carolina Political Collections, Columbia, SC 29208.","","","","","","","mmsimkins02723","","","","2016-11-22","2016-11-22","http://cdm17173.contentdm.oclc.org/cdm/ref/collection/mmsimkins/id/12698",12698.0,"14058.jp2","/mmsimkins/image/14058.jp2","","",0,False,False,False,True,False,"['Empty Transcript']","[]"
"Campaign brochure for John F. Kennedy, Page 1","","","","","","","","","","","","Copyright Not Evaluated. For further information please contact the University of South Carolina, South Carolina Political Collections, Columbia, SC 29208.","","","","","","","mmsimkins02724","","","","2016-11-22","2016-11-22","http://cdm17173.contentdm.oclc.org/cdm/ref/collection/mmsimkins/id/12699",12699.0,"14059.jp2","/mmsimkins/image/14059.jp2","","",0,False,False,False,True,False,"['Empty Transcript']","[]"
"Campaign brochure for John F. Kennedy, Page 2","","","","","","","","","","","","Copyright Not Evaluated. For further information please contact the University of South Carolina, South Carolina Political Collections, Columbia, SC 29208.","","","","","","","mmsimkins02725","","","","2016-11-22","2016-11-22","http://cdm17173.contentdm.oclc.org/cdm/ref/collection/mmsimkins/id/12700",12700.0,"14060.jp2","/mmsimkins/image/14060.jp2","","",0,False,False,False,True,False,"['Empty Transcript']","[]"
"Campaign brochure for Brantley Harvey's successful 1974 campaign for Lt. Governor, Page 1","","","","","","","","","","","","Copyright Not Evaluated. For further information please contact the University of South Carolina, South Carolina Political Collections, Columbia, SC 29208.","","","","","","","mmsimkins02726","","","","2016-11-22","2016-11-22","http://cdm17173.contentdm.oclc.org/cdm/ref/collection/mmsimkins/id/12701",12701.0,"14061.jp2","/mmsimkins/image/14061.jp2","","",0,False,False,False,True,False,"['Empty Transcript']","[]"
"Campaign brochure for Brantley Harvey's successful 1974 campaign for Lt. Governor, Page 2","","","","","","","","","","","","Copyright Not Evaluated. For further information please contact the University of South Carolina, South Carolina Political Collections, Columbia, SC 29208.","","","","","","","mmsimkins02727","","","","2016-11-22","2016-11-22","http://cdm17173.contentdm.oclc.org/cdm/ref/collection/mmsimkins/id/12702",12702.0,"14062.jp2","/mmsimkins/image/14062.jp2","","",0,False,False,False,True,False,"['Empty Transcript']","[]"
"Brochure for John Bolt Culbertson's unsuccessful 1968 Senate campaign against Fritz Hollings, Page 1","","","","","","","","","","","","Copyright Not Evaluated. For further information please contact the University of South Carolina, South Carolina Political Collections, Columbia, SC 29208.","","","","","","","mmsimkins02728","","","","2016-11-22","2016-11-22","http://cdm17173.contentdm.oclc.org/cdm/ref/collection/mmsimkins/id/12703",12703.0,"14063.jp2","/mmsimkins/image/14063.jp2","","",0,False,False,False,True,False,"['Empty Transcript']","[]"
"Brochure for John Bolt Culbertson's unsuccessful 1968 Senate campaign against Fritz Hollings, Page 2","","","","","","","","","","","","Copyright Not Evaluated. For further information please contact the University of South Carolina, South Carolina Political Collections, Columbia, SC 29208.","","","","","","","mmsimkins02729","","","","2016-11-22","2016-11-22","http://cdm17173.contentdm.oclc.org/cdm/ref/collection/mmsimkins/id/12704",12704.0,"14064.jp2","/mmsimkins/image/14064.jp2","","",0,False,False,False,True,False,"['Empty Transcript']","[]"
"Campaign card for Wilson Miles, candidate for South Carolina House from Richland County","","","","","","","","","","","","Copyright Not Evaluated. For further information please contact the University of South Carolina, South Carolina Political Collections, Columbia, SC 29208.","","","","","","","mmsimkins02731","","","","2016-11-22","2016-11-22","http://cdm17173.contentdm.oclc.org/cdm/ref/collection/mmsimkins/id/12705",12705.0,"14065.jp2","/mmsimkins/image/14065.jp2","","",0,False,False,False,True,False,"['Empty Transcript']","[]"
"Brochure for Donald Russell's unsuccessful 1966 campaign for Senate, Page 1","","","","","","","","","","","","Copyright Not Evaluated. For further information please contact the University of South Carolina, South Carolina Political Collections, Columbia, SC 29208.","","","","","","","mmsimkins02732","","","","2016-11-22","2016-11-22","http://cdm17173.contentdm.oclc.org/cdm/ref/collection/mmsimkins/id/12706",12706.0,"14066.jp2","/mmsimkins/image/14066.jp2","","",0,False,False,False,True,False,"['Empty Transcript']","[]"
"Brochure for Donald Russell's unsuccessful 1966 campaign for Senate, Page 2","","","","","","","","","","","","Copyright Not Evaluated. For further information please contact the University of South Carolina, South Carolina Political Collections, Columbia, SC 29208.","","","","","","","mmsimkins02733","","","","2016-11-22","2016-11-22","http://cdm17173.contentdm.oclc.org/cdm/ref/collection/mmsimkins/id/12707",12707.0,"14067.jp2","/mmsimkins/image/14067.jp2","","",0,False,False,False,True,False,"['Empty Transcript']","[]"
"Brochure for John Bolt Culbertson's unsuccessful 1972 Senate campaign against Fritz Hollings, Page 1","","","","","","","","","","","","Copyright Not Evaluated. For further information please contact the University of South Carolina, South Carolina Political Collections, Columbia, SC 29208.","","","","","","","mmsimkins02734","","","","2016-11-22","2016-11-22","http://cdm17173.contentdm.oclc.org/cdm/ref/collection/mmsimkins/id/12708",12708.0,"14068.jp2","/mmsimkins/image/14068.jp2","","",0,False,False,False,True,False,"['Empty Transcript']","[]"
"Candidate endorsement sheet from the Richland County Citizens Committtee for the 1970 primaries","","","","","","","","","","","","Copyright Not Evaluated. For further information please contact the University of South Carolina, South Carolina Political Collections, Columbia, SC 29208.","","","","","","","mmsimkins02735","","","","2016-11-22","2016-11-22","http://cdm17173.contentdm.oclc.org/cdm/ref/collection/mmsimkins/id/12709",12709.0,"14069.jp2","/mmsimkins/image/14069.jp2","","",0,False,False,False,True,False,"['Empty Transcript']","[]"
"Candidate endorsement sheet from South Carolinians for effective voting for the 1966 primaries","","","","","","","","","","","","Copyright Not Evaluated. For further information please contact the University of South Carolina, South Carolina Political Collections, Columbia, SC 29208.","","","","","","","mmsimkins02736","","","","2016-11-22","2016-11-22","http://cdm17173.contentdm.oclc.org/cdm/ref/collection/mmsimkins/id/12710",12710.0,"14070.jp2","/mmsimkins/image/14070.jp2","","",0,False,False,False,True,False,"['Empty Transcript']","[]"
"Campaign card for James L. Felder, candidate for South Carolina House in 1970, Page 1","","","","","","","","","","","","Copyright Not Evaluated. For further information please contact the University of South Carolina, South Carolina Political Collections, Columbia, SC 29208.","","","","","","","mmsimkins02737","","","","2016-11-22","2016-11-22","http://cdm17173.contentdm.oclc.org/cdm/ref/collection/mmsimkins/id/12711",12711.0,"14071.jp2","/mmsimkins/image/14071.jp2","","",0,False,False,False,True,False,"['Empty Transcript']","[]"
"Campaign card for James L. Felder, candidate for South Carolina House in 1970, Page 2","","","","","","","","","","","","Copyright Not Evaluated. For further information please contact the University of South Carolina, South Carolina Political Collections, Columbia, SC 29208.","","","","","","","mmsimkins02738","","","","2016-11-22","2016-11-22","http://cdm17173.contentdm.oclc.org/cdm/ref/collection/mmsimkins/id/12712",12712.0,"14072.jp2","/mmsimkins/image/14072.jp2","","",0,False,False,False,True,False,"['Empty Transcript']","[]"
"Campaign card for Isadore Lourie, candidate for the South Carolina House of Representatives, Page 1","","","","","","","","","","","","Copyright Not Evaluated. For further information please contact the University of South Carolina, South Carolina Political Collections, Columbia, SC 29208.","","","","","","","mmsimkins02739","","","","2016-11-22","2016-11-22","http://cdm17173.contentdm.oclc.org/cdm/ref/collection/mmsimkins/id/12713",12713.0,"14073.jp2","/mmsimkins/image/14073.jp2","","",0,False,False,False,True,False,"['Empty Transcript']","[]"
"Campaign card for Isadore Lourie, candidate for the South Carolina House of Representatives, Page 2","","","","","","","","","","","","Copyright Not Evaluated. For further information please contact the University of South Carolina, South Carolina Political Collections, Columbia, SC 29208.","","","","","","","mmsimkins02740","","","","2016-11-22","2016-11-22","http://cdm17173.contentdm.oclc.org/cdm/ref/collection/mmsimkins/id/12714",12714.0,"14074.jp2","/mmsimkins/image/14074.jp2","","",0,False,False,False,True,False,"['Empty Transcript']","[]"
"Campaign card for Preston H. Callison, Page 1","","","","","","","","","","","","Copyright Not Evaluated. For further information please contact the University of South Carolina, South Carolina Political Collections, Columbia, SC 29208.","","","","","","","mmsimkins02741","","","","2016-11-22","2016-11-22","http://cdm17173.contentdm.oclc.org/cdm/ref/collection/mmsimkins/id/12715",12715.0,"14075.jp2","/mmsimkins/image/14075.jp2","","",0,False,False,False,True,False,"['Empty Transcript']","[]"
"Campaign card for Preston H. Callison, Page 2","","","","","","","","","","","","Copyright Not Evaluated. For further information please contact the University of South Carolina, South Carolina Political Collections, Columbia, SC 29208.","","","","","","","mmsimkins02742","","","","2016-11-22","2016-11-22","http://cdm17173.contentdm.oclc.org/cdm/ref/collection/mmsimkins/id/12716",12716.0,"14076.jp2","/mmsimkins/image/14076.jp2","","",0,False,False,False,True,False,"['Empty Transcript']","[]"
"Candidate endorsement sheet printed by SCFEV","","","","","","","","","","","","Copyright Not Evaluated. For further information please contact the University of South Carolina, South Carolina Political Collections, Columbia, SC 29208.","","","","","","","mmsimkins02743","","","","2016-11-22","2016-11-22","http://cdm17173.contentdm.oclc.org/cdm/ref/collection/mmsimkins/id/12717",12717.0,"14077.jp2","/mmsimkins/image/14077.jp2","","",0,False,False,False,True,False,"['Empty Transcript']","[]"
"Instructions on how to vote for Lyndon Johnson in 1964","","","","","","","","","","","","Copyright Not Evaluated. For further information please contact the University of South Carolina, South Carolina Political Collections, Columbia, SC 29208.","","","","","","","mmsimkins02744","","","","2016-11-22","2016-11-22","http://cdm17173.contentdm.oclc.org/cdm/ref/collection/mmsimkins/id/12718",12718.0,"14078.jp2","/mmsimkins/image/14078.jp2","","",0,False,False,False,True,False,"['Empty Transcript']","[]"
"Campaign brochure that the Richland County Citizens Committee printed in support of John Bolt Culbertson, Page 1","","","","","","","","","","","","Copyright Not Evaluated. For further information please contact the University of South Carolina, South Carolina Political Collections, Columbia, SC 29208.","","","","","","","mmsimkins02745","","","","2016-11-22","2016-11-22","http://cdm17173.contentdm.oclc.org/cdm/ref/collection/mmsimkins/id/12719",12719.0,"14079.jp2","/mmsimkins/image/14079.jp2","","",0,False,False,False,True,False,"['Empty Transcript']","[]"
"Campaign brochure that the Richland County Citizens Committee printed in support of John Bolt Culbertson, Page 2","","","","","","","","","","","","Copyright Not Evaluated. For further information please contact the University of South Carolina, South Carolina Political Collections, Columbia, SC 29208.","","","","","","","mmsimkins02746","","","","2016-11-22","2016-11-22","http://cdm17173.contentdm.oclc.org/cdm/ref/collection/mmsimkins/id/12720",12720.0,"14080.jp2","/mmsimkins/image/14080.jp2","","",0,False,False,False,True,False,"['Empty Transcript']","[]"
"Brochure reprinting an address by Democratic presidential nominee George McGovern, Page 1","","","","","","","","","","","","Copyright Not Evaluated. For further information please contact the University of South Carolina, South Carolina Political Collections, Columbia, SC 29208.","","","","","","","mmsimkins02747","","","","2016-11-22","2016-11-22","http://cdm17173.contentdm.oclc.org/cdm/ref/collection/mmsimkins/id/12721",12721.0,"14081.jp2","/mmsimkins/image/14081.jp2","","",0,False,False,False,True,False,"['Empty Transcript']","[]"
"Brochure reprinting an address by Democratic presidential nominee George McGovern, Page 2","","","","","","","","","","","","Copyright Not Evaluated. For further information please contact the University of South Carolina, South Carolina Political Collections, Columbia, SC 29208.","","","","","","","mmsimkins02748","","","","2016-11-22","2016-11-22","http://cdm17173.contentdm.oclc.org/cdm/ref/collection/mmsimkins/id/12722",12722.0,"14082.jp2","/mmsimkins/image/14082.jp2","","",0,False,False,False,True,False,"['Empty Transcript']","[]"
"Sample ballot endorsing Charles T. Brooks for magistrate in Richland County, Page 1","","","","","","","","","","","","Copyright Not Evaluated. For further information please contact the University of South Carolina, South Carolina Political Collections, Columbia, SC 29208.","","","","","","","mmsimkins02749","","","","2016-11-22","2016-11-22","http://cdm17173.contentdm.oclc.org/cdm/ref/collection/mmsimkins/id/12723",12723.0,"14083.jp2","/mmsimkins/image/14083.jp2","","",0,False,False,False,True,False,"['Empty Transcript']","[]"
"Sample ballot endorsing Charles T. Brooks for magistrate in Richland County, Page 2","","","","","","","","","","","","Copyright Not Evaluated. For further information please contact the University of South Carolina, South Carolina Political Collections, Columbia, SC 29208.","","","","","","","mmsimkins02750","","","","2016-11-22","2016-11-22","http://cdm17173.contentdm.oclc.org/cdm/ref/collection/mmsimkins/id/12724",12724.0,"14084.jp2","/mmsimkins/image/14084.jp2","","",0,False,False,False,True,False,"['Empty Transcript']","[]"
"Campaign card for W.C. """"Bill"""" Mahaffey, candidate for Richland County coroner","","","","","","","","","","","","Copyright Not Evaluated. For further information please contact the University of South Carolina, South Carolina Political Collections, Columbia, SC 29208.","","","","","","","mmsimkins02751","","","","2016-11-22","2016-11-22","http://cdm17173.contentdm.oclc.org/cdm/ref/collection/mmsimkins/id/12725",12725.0,"14085.jp2","/mmsimkins/image/14085.jp2","","",0,False,False,False,True,False,"['Empty Transcript']","[]"
"Campaign postcard for I.S. Leevy Johnson, Page 1","","","","","","","","","","","","Copyright Not Evaluated. For further information please contact the University of South Carolina, South Carolina Political Collections, Columbia, SC 29208.","","","","","","","mmsimkins02752","","","","2016-11-22","2016-11-22","http://cdm17173.contentdm.oclc.org/cdm/ref/collection/mmsimkins/id/12726",12726.0,"14086.jp2","/mmsimkins/image/14086.jp2","","",0,False,False,False,True,False,"['Empty Transcript']","[]"
"Campaign postcard for I.S. Leevy Johnson, Page 2","","","","","","","","","","","","Copyright Not Evaluated. For further information please contact the University of South Carolina, South Carolina Political Collections, Columbia, SC 29208.","","","","","","","mmsimkins02753","","","","2016-11-22","2016-11-22","http://cdm17173.contentdm.oclc.org/cdm/ref/collection/mmsimkins/id/12727",12727.0,"14087.jp2","/mmsimkins/image/14087.jp2","","",0,False,False,False,True,False,"['Empty Transcript']","[]"
"1964 Campaign brochure for Lyndon Johnson and Hubert Humphrey, Page 1","","","","","","","","","","","","Copyright Not Evaluated. For further information please contact the University of South Carolina, South Carolina Political Collections, Columbia, SC 29208.","","","","","","","mmsimkins02754","","","","2016-11-22","2016-11-22","http://cdm17173.contentdm.oclc.org/cdm/ref/collection/mmsimkins/id/12728",12728.0,"14088.jp2","/mmsimkins/image/14088.jp2","","",0,False,False,False,True,False,"['Empty Transcript']","[]"
"1964 Campaign brochure for Lyndon Johnson and Hubert Humphrey, Page 2","","","","","","","","","","","","Copyright Not Evaluated. For further information please contact the University of South Carolina, South Carolina Political Collections, Columbia, SC 29208.","","","","","","","mmsimkins02755","","","","2016-11-22","2016-11-22","http://cdm17173.contentdm.oclc.org/cdm/ref/collection/mmsimkins/id/12729",12729.0,"14089.jp2","/mmsimkins/image/14089.jp2","","",0,False,False,False,True,False,"['Empty Transcript']","[]"
"Campaign card for South Carolina State House candidate Tom Broadwater, Page 1","","","","","","","","","","","","Copyright Not Evaluated. For further information please contact the University of South Carolina, South Carolina Political Collections, Columbia, SC 29208.","","","","","","","mmsimkins02756","","","","2016-11-22","2016-11-22","http://cdm17173.contentdm.oclc.org/cdm/ref/collection/mmsimkins/id/12730",12730.0,"14090.jp2","/mmsimkins/image/14090.jp2","","",0,False,False,False,True,False,"['Empty Transcript']","[]"
"Campaign card for South Carolina State House candidate Tom Broadwater, Page 2","","","","","","","","","","","","Copyright Not Evaluated. For further information please contact the University of South Carolina, South Carolina Political Collections, Columbia, SC 29208.","","","","","","","mmsimkins02757","","","","2016-11-22","2016-11-22","http://cdm17173.contentdm.oclc.org/cdm/ref/collection/mmsimkins/id/12731",12731.0,"14091.jp2","/mmsimkins/image/14091.jp2","","",0,False,False,False,True,False,"['Empty Transcript']","[]"
"Campaign brochure for Ed H. Day, candidate for Richland County Council, Page 1","","","","","","","","","","","","Copyright Not Evaluated. For further information please contact the University of South Carolina, South Carolina Political Collections, Columbia, SC 29208.","","","","","","","mmsimkins02758","","","","2016-11-22","2016-11-22","http://cdm17173.contentdm.oclc.org/cdm/ref/collection/mmsimkins/id/12732",12732.0,"14092.jp2","/mmsimkins/image/14092.jp2","","",0,False,False,False,True,False,"['Empty Transcript']","[]"
"Campaign brochure for Ed H. Day, candidate for Richland County Council, Page 2","","","","","","","","","","","","Copyright Not Evaluated. For further information please contact the University of South Carolina, South Carolina Political Collections, Columbia, SC 29208.","","","","","","","mmsimkins02759","","","","2016-11-22","2016-11-22","http://cdm17173.contentdm.oclc.org/cdm/ref/collection/mmsimkins/id/12733",12733.0,"14093.jp2","/mmsimkins/image/14093.jp2","","",0,False,False,False,True,False,"['Empty Transcript']","[]"
"Candidate endorsement sheet from 1978","","","","","","","","","","","","Copyright Not Evaluated. For further information please contact the University of South Carolina, South Carolina Political Collections, Columbia, SC 29208.","","","","","","","mmsimkins02760","","","","2016-11-22","2016-11-22","http://cdm17173.contentdm.oclc.org/cdm/ref/collection/mmsimkins/id/12734",12734.0,"14094.jp2","/mmsimkins/image/14094.jp2","","",0,False,False,False,True,False,"['Empty Transcript']","[]"
"Campaign card for Richard Jackson III, candidate for Richland County Council","","","","","","","","","","","","Copyright Not Evaluated. For further information please contact the University of South Carolina, South Carolina Political Collections, Columbia, SC 29208.","","","","","","","mmsimkins02761","","","","2016-11-22","2016-11-22","http://cdm17173.contentdm.oclc.org/cdm/ref/collection/mmsimkins/id/12735",12735.0,"14095.jp2","/mmsimkins/image/14095.jp2","","",0,False,False,False,True,False,"['Empty Transcript']","[]"
"Campaing card for Julius L. Crocker, candidate for Richland County Auditor, Page 1","","","","","","","","","","","","Copyright Not Evaluated. For further information please contact the University of South Carolina, South Carolina Political Collections, Columbia, SC 29208.","","","","","","","mmsimkins02762","","","","2016-11-22","2016-11-22","http://cdm17173.contentdm.oclc.org/cdm/ref/collection/mmsimkins/id/12736",12736.0,"14096.jp2","/mmsimkins/image/14096.jp2","","",0,False,False,False,True,False,"['Empty Transcript']","[]"
"Campaing card for Julius L. Crocker, candidate for Richland County Auditor, Page 2","","","","","","","","","","","","Copyright Not Evaluated. For further information please contact the University of South Carolina, South Carolina Political Collections, Columbia, SC 29208.","","","","","","","mmsimkins02763","","","","2016-11-22","2016-11-22","http://cdm17173.contentdm.oclc.org/cdm/ref/collection/mmsimkins/id/12737",12737.0,"14097.jp2","/mmsimkins/image/14097.jp2","","",0,False,False,False,True,False,"['Empty Transcript']","[]"
"Campaign card for George C. Kosko, candidate for Fifth Circuit Solicitor, Page 1","","","","","","","","","","","","Copyright Not Evaluated. For further information please contact the University of South Carolina, South Carolina Political Collections, Columbia, SC 29208.","","","","","","","mmsimkins02764","","","","2016-11-22","2016-11-22","http://cdm17173.contentdm.oclc.org/cdm/ref/collection/mmsimkins/id/12738",12738.0,"14098.jp2","/mmsimkins/image/14098.jp2","","",0,False,False,False,True,False,"['Empty Transcript']","[]"
"Campaign card for George C. Kosko, candidate for Fifth Circuit Solicitor, Page 2","","","","","","","","","","","","Copyright Not Evaluated. For further information please contact the University of South Carolina, South Carolina Political Collections, Columbia, SC 29208.","","","","","","","mmsimkins02765","","","","2016-11-22","2016-11-22","http://cdm17173.contentdm.oclc.org/cdm/ref/collection/mmsimkins/id/12739",12739.0,"14099.jp2","/mmsimkins/image/14099.jp2","","",0,False,False,False,True,False,"['Empty Transcript']","[]"
"Campaign card for Bud Hadley, Jr.","","","","","","","","","","","","Copyright Not Evaluated. For further information please contact the University of South Carolina, South Carolina Political Collections, Columbia, SC 29208.","","","","","","","mmsimkins02766","","","","2016-11-22","2016-11-22","http://cdm17173.contentdm.oclc.org/cdm/ref/collection/mmsimkins/id/12740",12740.0,"14100.jp2","/mmsimkins/image/14100.jp2","","",0,False,False,False,True,False,"['Empty Transcript']","[]"
"Campaign sheet for W.D. """"Son"""" Grimsley, candidate for Richland County Council, Page 1","","","","","","","","","","","","Copyright Not Evaluated. For further information please contact the University of South Carolina, South Carolina Political Collections, Columbia, SC 29208.","","","","","","","mmsimkins02767","","","","2016-11-22","2016-11-22","http://cdm17173.contentdm.oclc.org/cdm/ref/collection/mmsimkins/id/12741",12741.0,"14101.jp2","/mmsimkins/image/14101.jp2","","",0,False,False,False,True,False,"['Empty Transcript']","[]"
"Campaign sheet for W.D. """"Son"""" Grimsley, candidate for Richland County Council, Page 2","","","","","","","","","","","","Copyright Not Evaluated. For further information please contact the University of South Carolina, South Carolina Political Collections, Columbia, SC 29208.","","","","","","","mmsimkins02768","","","","2016-11-22","2016-11-22","http://cdm17173.contentdm.oclc.org/cdm/ref/collection/mmsimkins/id/12742",12742.0,"14102.jp2","/mmsimkins/image/14102.jp2","","",0,False,False,False,True,False,"['Empty Transcript']","[]"
"Campaign flier for Richland County Council candidate Ken Westmoreland, Page 1","","","","","","","","","","","","Copyright Not Evaluated. For further information please contact the University of South Carolina, South Carolina Political Collections, Columbia, SC 29208.","","","","","","","mmsimkins02769","","","","2016-11-22","2016-11-22","http://cdm17173.contentdm.oclc.org/cdm/ref/collection/mmsimkins/id/12743",12743.0,"14103.jp2","/mmsimkins/image/14103.jp2","","",0,False,False,False,True,False,"['Empty Transcript']","[]"
"Campaign flier for Richland County Council candidate Ken Westmoreland, Page 2","","","","","","","","","","","","Copyright Not Evaluated. For further information please contact the University of South Carolina, South Carolina Political Collections, Columbia, SC 29208.","","","","","","","mmsimkins02770","","","","2016-11-22","2016-11-22","http://cdm17173.contentdm.oclc.org/cdm/ref/collection/mmsimkins/id/12744",12744.0,"14104.jp2","/mmsimkins/image/14104.jp2","","",0,False,False,False,True,False,"['Empty Transcript']","[]"
"Campaign candidate for Richland 1 school board candidate Sam McGregor","","","","","","","","","","","","Copyright Not Evaluated. For further information please contact the University of South Carolina, South Carolina Political Collections, Columbia, SC 29208.","","","","","","","mmsimkins02771","","","","2016-11-22","2016-11-22","http://cdm17173.contentdm.oclc.org/cdm/ref/collection/mmsimkins/id/12745",12745.0,"14105.jp2","/mmsimkins/image/14105.jp2","","",0,False,False,False,True,False,"['Empty Transcript']","[]"
"Campaign brochure for Richland County Councilman Jim Barber, Page 1","","","","","","","","","","","","Copyright Not Evaluated. For further information please contact the University of South Carolina, South Carolina Political Collections, Columbia, SC 29208.","","","","","","","mmsimkins02772","","","","2016-11-22","2016-11-22","http://cdm17173.contentdm.oclc.org/cdm/ref/collection/mmsimkins/id/12746",12746.0,"14106.jp2","/mmsimkins/image/14106.jp2","","",0,False,False,False,True,False,"['Empty Transcript']","[]"
"Campaign brochure for Richland County Councilman Jim Barber, Page 2","","","","","","","","","","","","Copyright Not Evaluated. For further information please contact the University of South Carolina, South Carolina Political Collections, Columbia, SC 29208.","","","","","","","mmsimkins02773","","","","2016-11-22","2016-11-22","http://cdm17173.contentdm.oclc.org/cdm/ref/collection/mmsimkins/id/12747",12747.0,"14107.jp2","/mmsimkins/image/14107.jp2","","",0,False,False,False,True,False,"['Empty Transcript']","[]"
"Campaign brochure for Richland County Councilman Jim Barber, Page 3","","","","","","","","","","","","Copyright Not Evaluated. For further information please contact the University of South Carolina, South Carolina Political Collections, Columbia, SC 29208.","","","","","","","mmsimkins02774","","","","2016-11-22","2016-11-22","http://cdm17173.contentdm.oclc.org/cdm/ref/collection/mmsimkins/id/12748",12748.0,"14108.jp2","/mmsimkins/image/14108.jp2","","",0,False,False,False,True,False,"['Empty Transcript']","[]"
"Program for 1978 South Carolina Democratic Party State Convention, Page 1","","","","","","","","","","","","Copyright Not Evaluated. For further information please contact the University of South Carolina, South Carolina Political Collections, Columbia, SC 29208.","","","","","","","mmsimkins02775","","","","2016-11-22","2016-11-22","http://cdm17173.contentdm.oclc.org/cdm/ref/collection/mmsimkins/id/12749",12749.0,"14109.jp2","/mmsimkins/image/14109.jp2","","",0,False,False,False,True,False,"['Empty Transcript']","[]"
"Program for 1978 South Carolina Democratic Party State Convention, Page 2","","","","","","","","","","","","Copyright Not Evaluated. For further information please contact the University of South Carolina, South Carolina Political Collections, Columbia, SC 29208.","","","","","","","mmsimkins02776","","","","2016-11-22","2016-11-22","http://cdm17173.contentdm.oclc.org/cdm/ref/collection/mmsimkins/id/12750",12750.0,"14110.jp2","/mmsimkins/image/14110.jp2","","",0,False,False,False,True,False,"['Empty Transcript']","[]"
"Program for 1978 South Carolina Democratic Party State Convention, Page 3","","","","","","","","","","","","Copyright Not Evaluated. For further information please contact the University of South Carolina, South Carolina Political Collections, Columbia, SC 29208.","","","","","","","mmsimkins02777","","","","2016-11-22","2016-11-22","http://cdm17173.contentdm.oclc.org/cdm/ref/collection/mmsimkins/id/12751",12751.0,"14111.jp2","/mmsimkins/image/14111.jp2","","",0,False,False,False,True,False,"['Empty Transcript']","[]"
"Program for 1978 South Carolina Democratic Party State Convention, Page 4","","","","","","","","","","","","Copyright Not Evaluated. For further information please contact the University of South Carolina, South Carolina Political Collections, Columbia, SC 29208.","","","","","","","mmsimkins02778","","","","2016-11-22","2016-11-22","http://cdm17173.contentdm.oclc.org/cdm/ref/collection/mmsimkins/id/12752",12752.0,"14112.jp2","/mmsimkins/image/14112.jp2","","",0,False,False,False,True,False,"['Empty Transcript']","[]"
"Program for 1978 South Carolina Democratic Party State Convention, Page 5","","","","","","","","","","","","Copyright Not Evaluated. For further information please contact the University of South Carolina, South Carolina Political Collections, Columbia, SC 29208.","","","","","","","mmsimkins02779","","","","2016-11-22","2016-11-22","http://cdm17173.contentdm.oclc.org/cdm/ref/collection/mmsimkins/id/12753",12753.0,"14113.jp2","/mmsimkins/image/14113.jp2","","",0,False,False,False,True,False,"['Empty Transcript']","[]"
"List of candidates for 1974 election","","","","","","","","","","","","Copyright Not Evaluated. For further information please contact the University of South Carolina, South Carolina Political Collections, Columbia, SC 29208.","","","","","","","mmsimkins02780","","","","2016-11-22","2016-11-22","http://cdm17173.contentdm.oclc.org/cdm/ref/collection/mmsimkins/id/12754",12754.0,"14114.jp2","/mmsimkins/image/14114.jp2","","",0,False,False,False,True,False,"['Empty Transcript']","[]"
"Campaign brochure for Columbia City Council candidate Jimmy Gilbert","","","","","","","","","","","","Copyright Not Evaluated. For further information please contact the University of South Carolina, South Carolina Political Collections, Columbia, SC 29208.","","","","","","","mmsimkins02781","","","","2016-11-22","2016-11-22","http://cdm17173.contentdm.oclc.org/cdm/ref/collection/mmsimkins/id/12755",12755.0,"14115.jp2","/mmsimkins/image/14115.jp2","","",0,False,False,False,True,False,"['Empty Transcript']","[]"
"Campaign card for Richland County Council candidate Jack W. Parker, Page 1","","","","","","","","","","","","Copyright Not Evaluated. For further information please contact the University of South Carolina, South Carolina Political Collections, Columbia, SC 29208.","","","","","","","mmsimkins02782","","","","2016-11-22","2016-11-22","http://cdm17173.contentdm.oclc.org/cdm/ref/collection/mmsimkins/id/12756",12756.0,"14116.jp2","/mmsimkins/image/14116.jp2","","",0,False,False,False,True,False,"['Empty Transcript']","[]"
"Campaign card for Richland County Council candidate Jack W. Parker, Page 2","","","","","","","","","","","","Copyright Not Evaluated. For further information please contact the University of South Carolina, South Carolina Political Collections, Columbia, SC 29208.","","","","","","","mmsimkins02783","","","","2016-11-22","2016-11-22","http://cdm17173.contentdm.oclc.org/cdm/ref/collection/mmsimkins/id/12757",12757.0,"14117.jp2","/mmsimkins/image/14117.jp2","","",0,False,False,False,True,False,"['Empty Transcript']","[]"
"Campaing card for Samuel Peay, candidate for magistrate in Richland County, Page 1","","","","","","","","","","","","Copyright Not Evaluated. For further information please contact the University of South Carolina, South Carolina Political Collections, Columbia, SC 29208.","","","","","","","mmsimkins02784","","","","2016-11-22","2016-11-22","http://cdm17173.contentdm.oclc.org/cdm/ref/collection/mmsimkins/id/12758",12758.0,"14118.jp2","/mmsimkins/image/14118.jp2","","",0,False,False,False,True,False,"['Empty Transcript']","[]"
"Campaing card for Samuel Peay, candidate for magistrate in Richland County, Page 2","","","","","","","","","","","","Copyright Not Evaluated. For further information please contact the University of South Carolina, South Carolina Political Collections, Columbia, SC 29208.","","","","","","","mmsimkins02785","","","","2016-11-22","2016-11-22","http://cdm17173.contentdm.oclc.org/cdm/ref/collection/mmsimkins/id/12759",12759.0,"14119.jp2","/mmsimkins/image/14119.jp2","","",0,False,False,False,True,False,"['Empty Transcript']","[]"
"Campaign brochure for Charles T. Brroks, candidate for magistrate in Richladn County, Page 1","","","","","","","","","","","","Copyright Not Evaluated. For further information please contact the University of South Carolina, South Carolina Political Collections, Columbia, SC 29208.","","","","","","","mmsimkins02786","","","","2016-11-22","2016-11-22","http://cdm17173.contentdm.oclc.org/cdm/ref/collection/mmsimkins/id/12760",12760.0,"14120.jp2","/mmsimkins/image/14120.jp2","","",0,False,False,False,True,False,"['Empty Transcript']","[]"
"Campaign brochure for Charles T. Brroks, candidate for magistrate in Richladn County, Page 2","","","","","","","","","","","","Copyright Not Evaluated. For further information please contact the University of South Carolina, South Carolina Political Collections, Columbia, SC 29208.","","","","","","","mmsimkins02787","","","","2016-11-22","2016-11-22","http://cdm17173.contentdm.oclc.org/cdm/ref/collection/mmsimkins/id/12761",12761.0,"14121.jp2","/mmsimkins/image/14121.jp2","","",0,False,False,False,True,False,"['Empty Transcript']","[]"
"Sample ballot endorsing W.P. """"Bill"""" Blanks for magistrate, Page 1","","","","","","","","","","","","Copyright Not Evaluated. For further information please contact the University of South Carolina, South Carolina Political Collections, Columbia, SC 29208.","","","","","","","mmsimkins02788","","","","2016-11-22","2016-11-22","http://cdm17173.contentdm.oclc.org/cdm/ref/collection/mmsimkins/id/12762",12762.0,"14122.jp2","/mmsimkins/image/14122.jp2","","",0,False,False,False,True,False,"['Empty Transcript']","[]"
"Sample ballot endorsing W.P. """"Bill"""" Blanks for magistrate, Page 2","","","","","","","","","","","","Copyright Not Evaluated. For further information please contact the University of South Carolina, South Carolina Political Collections, Columbia, SC 29208.","","","","","","","mmsimkins02789","","","","2016-11-22","2016-11-22","http://cdm17173.contentdm.oclc.org/cdm/ref/collection/mmsimkins/id/12763",12763.0,"14123.jp2","/mmsimkins/image/14123.jp2","","",0,False,False,False,True,False,"['Empty Transcript']","[]"
"Campaign card for W.D. """"Son"""" Grimsley, candidate for Richland County Council, Page 1","","","","","","","","","","","","Copyright Not Evaluated. For further information please contact the University of South Carolina, South Carolina Political Collections, Columbia, SC 29208.","","","","","","","mmsimkins02790","","","","2016-11-22","2016-11-22","http://cdm17173.contentdm.oclc.org/cdm/ref/collection/mmsimkins/id/12764",12764.0,"14124.jp2","/mmsimkins/image/14124.jp2","","",0,False,False,False,True,False,"['Empty Transcript']","[]"
"Campaign card for W.D. """"Son"""" Grimsley, candidate for Richland County Council, Page 2","","","","","","","","","","","","Copyright Not Evaluated. For further information please contact the University of South Carolina, South Carolina Political Collections, Columbia, SC 29208.","","","","","","","mmsimkins02791","","","","2016-11-22","2016-11-22","http://cdm17173.contentdm.oclc.org/cdm/ref/collection/mmsimkins/id/12765",12765.0,"14125.jp2","/mmsimkins/image/14125.jp2","","",0,False,False,False,True,False,"['Empty Transcript']","[]"
"Brochure for Tom Smith, 1978 candidate for Lt. Governor, Page 1","","","","","","","","","","","","Copyright Not Evaluated. For further information please contact the University of South Carolina, South Carolina Political Collections, Columbia, SC 29208.","","","","","","","mmsimkins02792","","","","2016-11-22","2016-11-22","http://cdm17173.contentdm.oclc.org/cdm/ref/collection/mmsimkins/id/12766",12766.0,"14126.jp2","/mmsimkins/image/14126.jp2","","",0,False,False,False,True,False,"['Empty Transcript']","[]"
"Brochure for Tom Smith, 1978 candidate for Lt. Governor, Page 2","","","","","","","","","","","","Copyright Not Evaluated. For further information please contact the University of South Carolina, South Carolina Political Collections, Columbia, SC 29208.","","","","","","","mmsimkins02793","","","","2016-11-22","2016-11-22","http://cdm17173.contentdm.oclc.org/cdm/ref/collection/mmsimkins/id/12767",12767.0,"14127.jp2","/mmsimkins/image/14127.jp2","","",0,False,False,False,True,False,"['Empty Transcript']","[]"
"Campaign card for """"Shep"""" A. Griffith, canddiate for Richland County Sheriff, Page 1","","","","","","","","","","","","Copyright Not Evaluated. For further information please contact the University of South Carolina, South Carolina Political Collections, Columbia, SC 29208.","","","","","","","mmsimkins02794","","","","2016-11-22","2016-11-22","http://cdm17173.contentdm.oclc.org/cdm/ref/collection/mmsimkins/id/12768",12768.0,"14128.jp2","/mmsimkins/image/14128.jp2","","",0,False,False,False,True,False,"['Empty Transcript']","[]"
"Campaign card for """"Shep"""" A. Griffith, canddiate for Richland County Sheriff, Page 2","","","","","","","","","","","","Copyright Not Evaluated. For further information please contact the University of South Carolina, South Carolina Political Collections, Columbia, SC 29208.","","","","","","","mmsimkins02795","","","","2016-11-22","2016-11-22","http://cdm17173.contentdm.oclc.org/cdm/ref/collection/mmsimkins/id/12769",12769.0,"14129.jp2","/mmsimkins/image/14129.jp2","","",0,False,False,False,True,False,"['Empty Transcript']","[]"
"Democratic Party campaign card that includes instructions for voting, Page 1","","","","","","","","","","","","Copyright Not Evaluated. For further information please contact the University of South Carolina, South Carolina Political Collections, Columbia, SC 29208.","","","","","","","mmsimkins02796","","","","2016-11-22","2016-11-22","http://cdm17173.contentdm.oclc.org/cdm/ref/collection/mmsimkins/id/12770",12770.0,"14130.jp2","/mmsimkins/image/14130.jp2","","",0,False,False,False,True,False,"['Empty Transcript']","[]"
"Democratic Party campaign card that includes instructions for voting, Page 2","","","","","","","","","","","","Copyright Not Evaluated. For further information please contact the University of South Carolina, South Carolina Political Collections, Columbia, SC 29208.","","","","","","","mmsimkins02797","","","","2016-11-22","2016-11-22","http://cdm17173.contentdm.oclc.org/cdm/ref/collection/mmsimkins/id/12771",12771.0,"14131.jp2","/mmsimkins/image/14131.jp2","","",0,False,False,False,True,False,"['Empty Transcript']","[]"
"Campaign flier for John Bolt Culbertson, candidate for U.S. Senate in 1968, Page 1","","","","","","","","","","","","Copyright Not Evaluated. For further information please contact the University of South Carolina, South Carolina Political Collections, Columbia, SC 29208.","","","","","","","mmsimkins02798","","","","2016-11-22","2016-11-22","http://cdm17173.contentdm.oclc.org/cdm/ref/collection/mmsimkins/id/12772",12772.0,"14132.jp2","/mmsimkins/image/14132.jp2","","",0,False,False,False,True,False,"['Empty Transcript']","[]"
"Campaign flier for John Bolt Culbertson, candidate for U.S. Senate in 1969, Page 2","","","","","","","","","","","","Copyright Not Evaluated. For further information please contact the University of South Carolina, South Carolina Political Collections, Columbia, SC 29208.","","","","","","","mmsimkins02799","","","","2016-11-22","2016-11-22","http://cdm17173.contentdm.oclc.org/cdm/ref/collection/mmsimkins/id/12773",12773.0,"14133.jp2","/mmsimkins/image/14133.jp2","","",0,False,False,False,True,False,"['Empty Transcript']","[]"
"Brochure for Human Rights Week, Dec. 10-17, Page 1","","","","","","","","","","","","Copyright Not Evaluated. For further information please contact the University of South Carolina, South Carolina Political Collections, Columbia, SC 29208.","","","","","","","mmsimkins02800","","","","2016-11-22","2016-11-22","http://cdm17173.contentdm.oclc.org/cdm/ref/collection/mmsimkins/id/12774",12774.0,"14134.jp2","/mmsimkins/image/14134.jp2","","",0,False,False,False,True,False,"['Empty Transcript']","[]"
"Brochure for Human Rights Week, Dec. 10-17, Page 2","","","","","","","","","","","","Copyright Not Evaluated. For further information please contact the University of South Carolina, South Carolina Political Collections, Columbia, SC 29208.","","","","","","","mmsimkins02801","","","","2016-11-22","2016-11-22","http://cdm17173.contentdm.oclc.org/cdm/ref/collection/mmsimkins/id/12775",12775.0,"14135.jp2","/mmsimkins/image/14135.jp2","","",0,False,False,False,True,False,"['Empty Transcript']","[]"
"Brochure for Human Rights Week, Dec. 10-17, Page 3","","","","","","","","","","","","Copyright Not Evaluated. For further information please contact the University of South Carolina, South Carolina Political Collections, Columbia, SC 29208.","","","","","","","mmsimkins02802","","","","2016-11-22","2016-11-22","http://cdm17173.contentdm.oclc.org/cdm/ref/collection/mmsimkins/id/12776",12776.0,"14136.jp2","/mmsimkins/image/14136.jp2","","",0,False,False,False,True,False,"['Empty Transcript']","[]"
"Brochure for Human Rights Week, Dec. 10-17, Page 4","","","","","","","","","","","","Copyright Not Evaluated. For further information please contact the University of South Carolina, South Carolina Political Collections, Columbia, SC 29208.","","","","","","","mmsimkins02803","","","","2016-11-22","2016-11-22","http://cdm17173.contentdm.oclc.org/cdm/ref/collection/mmsimkins/id/12777",12777.0,"14137.jp2","/mmsimkins/image/14137.jp2","","",0,False,False,False,True,False,"['Empty Transcript']","[]"
"Campaign brochure for Pat Robertson's 1988 presidential campaign, Page 1","","","","","","","","","","","","Copyright Not Evaluated. For further information please contact the University of South Carolina, South Carolina Political Collections, Columbia, SC 29208.","","","","","","","mmsimkins02804","","","","2016-11-22","2016-11-22","http://cdm17173.contentdm.oclc.org/cdm/ref/collection/mmsimkins/id/12778",12778.0,"14138.jp2","/mmsimkins/image/14138.jp2","","",0,False,False,False,True,False,"['Empty Transcript']","[]"
"Campaign brochure for Pat Robertson's 1988 presidential campaign, Page 2","","","","","","","","","","","","Copyright Not Evaluated. For further information please contact the University of South Carolina, South Carolina Political Collections, Columbia, SC 29208.","","","","","","","mmsimkins02805","","","","2016-11-22","2016-11-22","http://cdm17173.contentdm.oclc.org/cdm/ref/collection/mmsimkins/id/12779",12779.0,"14139.jp2","/mmsimkins/image/14139.jp2","","",0,False,False,False,True,False,"['Empty Transcript']","[]"
"Campaign brochure for Pat Robertson's 1988 presidential campaign, Page 3","","","","","","","","","","","","Copyright Not Evaluated. For further information please contact the University of South Carolina, South Carolina Political Collections, Columbia, SC 29208.","","","","","","","mmsimkins02806","","","","2016-11-22","2016-11-22","http://cdm17173.contentdm.oclc.org/cdm/ref/collection/mmsimkins/id/12780",12780.0,"14140.jp2","/mmsimkins/image/14140.jp2","","",0,False,False,False,True,False,"['Empty Transcript']","[]"
"Campaign brochure for Pat Robertson's 1988 presidential campaign, Page 4","","","","","","","","","","","","Copyright Not Evaluated. For further information please contact the University of South Carolina, South Carolina Political Collections, Columbia, SC 29208.","","","","","","","mmsimkins02807","","","","2016-11-22","2016-11-22","http://cdm17173.contentdm.oclc.org/cdm/ref/collection/mmsimkins/id/12781",12781.0,"14141.jp2","/mmsimkins/image/14141.jp2","","",0,False,False,False,True,False,"['Empty Transcript']","[]"
"Brochure attacking the House Un-American Activities Committee, distributed by the Citizens Committee to Preserve American Freedoms, Page 1","","","","","","","","","","","","Copyright Not Evaluated. For further information please contact the University of South Carolina, South Carolina Political Collections, Columbia, SC 29208.","","","","","","","mmsimkins02808","","","","2016-11-22","2016-11-22","http://cdm17173.contentdm.oclc.org/cdm/ref/collection/mmsimkins/id/12782",12782.0,"14142.jp2","/mmsimkins/image/14142.jp2","","",0,False,False,False,True,False,"['Empty Transcript']","[]"
"Brochure attacking the House Un-American Activities Committee, distributed by the Citizens Committee to Preserve American Freedoms, Page 2","","","","","","","","","","","","Copyright Not Evaluated. For further information please contact the University of South Carolina, South Carolina Political Collections, Columbia, SC 29208.","","","","","","","mmsimkins02809","","","","2016-11-22","2016-11-22","http://cdm17173.contentdm.oclc.org/cdm/ref/collection/mmsimkins/id/12783",12783.0,"14143.jp2","/mmsimkins/image/14143.jp2","","",0,False,False,False,True,False,"['Empty Transcript']","[]"
"Campaign flier for Rhett Jacobs, candidate for Richland County Sheriff, Page 1","","","","","","","","","","","","Copyright Not Evaluated. For further information please contact the University of South Carolina, South Carolina Political Collections, Columbia, SC 29208.","","","","","","","mmsimkins02810","","","","2016-11-22","2016-11-22","http://cdm17173.contentdm.oclc.org/cdm/ref/collection/mmsimkins/id/12784",12784.0,"14144.jp2","/mmsimkins/image/14144.jp2","","",0,False,False,False,True,False,"['Empty Transcript']","[]"
"Campaign flier for Rhett Jacobs, candidate for Richland County Sheriff, Page 2","","","","","","","","","","","","Copyright Not Evaluated. For further information please contact the University of South Carolina, South Carolina Political Collections, Columbia, SC 29208.","","","","","","","mmsimkins02811","","","","2016-11-22","2016-11-22","http://cdm17173.contentdm.oclc.org/cdm/ref/collection/mmsimkins/id/12785",12785.0,"14145.jp2","/mmsimkins/image/14145.jp2","","",0,False,False,False,True,False,"['Empty Transcript']","[]"
"Campaign card for John Roy Harper, II, candidate for Columbia City Council in 1983, Page 1","","","","","","","","","","","","Copyright Not Evaluated. For further information please contact the University of South Carolina, South Carolina Political Collections, Columbia, SC 29208.","","","","","","","mmsimkins02812","","","","2016-11-22","2016-11-22","http://cdm17173.contentdm.oclc.org/cdm/ref/collection/mmsimkins/id/12786",12786.0,"14146.jp2","/mmsimkins/image/14146.jp2","","",0,False,False,False,True,False,"['Empty Transcript']","[]"
"Campaign card for John Roy Harper, II, candidate for Columbia City Council in 1983, Page 2","","","","","","","","","","","","Copyright Not Evaluated. For further information please contact the University of South Carolina, South Carolina Political Collections, Columbia, SC 29208.","","","","","","","mmsimkins02813","","","","2016-11-22","2016-11-22","http://cdm17173.contentdm.oclc.org/cdm/ref/collection/mmsimkins/id/12787",12787.0,"14147.jp2","/mmsimkins/image/14147.jp2","","",0,False,False,False,True,False,"['Empty Transcript']","[]"
"Card designating Modjeska Simkins an official poll watcher for Charles D. """"Pug"""" Ravenel","","","","","","","","","","","","Copyright Not Evaluated. For further information please contact the University of South Carolina, South Carolina Political Collections, Columbia, SC 29208.","","","","","","","mmsimkins02814","","","","2016-11-22","2016-11-22","http://cdm17173.contentdm.oclc.org/cdm/ref/collection/mmsimkins/id/12788",12788.0,"14148.jp2","/mmsimkins/image/14148.jp2","","",0,False,False,False,True,False,"['Empty Transcript']","[]"
"Campaign card for Robert McNair, 1962 candidate for Lt. Governor, Page 1","","","","","","","","","","","","Copyright Not Evaluated. For further information please contact the University of South Carolina, South Carolina Political Collections, Columbia, SC 29208.","","","","","","","mmsimkins02815","","","","2016-11-22","2016-11-22","http://cdm17173.contentdm.oclc.org/cdm/ref/collection/mmsimkins/id/12789",12789.0,"14149.jp2","/mmsimkins/image/14149.jp2","","",0,False,False,False,True,False,"['Empty Transcript']","[]"
"Campaign card for Robert McNair, 1962 candidate for Lt. Governor, Page 2","","","","","","","","","","","","Copyright Not Evaluated. For further information please contact the University of South Carolina, South Carolina Political Collections, Columbia, SC 29208.","","","","","","","mmsimkins02816","","","","2016-11-22","2016-11-22","http://cdm17173.contentdm.oclc.org/cdm/ref/collection/mmsimkins/id/12790",12790.0,"14150.jp2","/mmsimkins/image/14150.jp2","","",0,False,False,False,True,False,"['Empty Transcript']","[]"
"Campaign card for Robert Mcnair, 1962 candidate for Governor, Page 1","","","","","","","","","","","","Copyright Not Evaluated. For further information please contact the University of South Carolina, South Carolina Political Collections, Columbia, SC 29208.","","","","","","","mmsimkins02817","","","","2016-11-22","2016-11-22","http://cdm17173.contentdm.oclc.org/cdm/ref/collection/mmsimkins/id/12791",12791.0,"14151.jp2","/mmsimkins/image/14151.jp2","","",0,False,False,False,True,False,"['Empty Transcript']","[]"
"Campaign card for Robert Mcnair, 1962 candidate for Governor, Page 2","","","","","","","","","","","","Copyright Not Evaluated. For further information please contact the University of South Carolina, South Carolina Political Collections, Columbia, SC 29208.","","","","","","","mmsimkins02818","","","","2016-11-22","2016-11-22","http://cdm17173.contentdm.oclc.org/cdm/ref/collection/mmsimkins/id/12792",12792.0,"14152.jp2","/mmsimkins/image/14152.jp2","","",0,False,False,False,True,False,"['Empty Transcript']","[]"
"Campaign card for Olin D. Johnson, candidate for Senate, Page 1","","","","","","","","","","","","Copyright Not Evaluated. For further information please contact the University of South Carolina, South Carolina Political Collections, Columbia, SC 29208.","","","","","","","mmsimkins02819","","","","2016-11-22","2016-11-22","http://cdm17173.contentdm.oclc.org/cdm/ref/collection/mmsimkins/id/12793",12793.0,"14153.jp2","/mmsimkins/image/14153.jp2","","",0,False,False,False,True,False,"['Empty Transcript']","[]"
"Campaign card for Olin D. Johnson, candidate for Senate, Page 2","","","","","","","","","","","","Copyright Not Evaluated. For further information please contact the University of South Carolina, South Carolina Political Collections, Columbia, SC 29208.","","","","","","","mmsimkins02820","","","","2016-11-22","2016-11-22","http://cdm17173.contentdm.oclc.org/cdm/ref/collection/mmsimkins/id/12794",12794.0,"14154.jp2","/mmsimkins/image/14154.jp2","","",0,False,False,False,True,False,"['Empty Transcript']","[]"
"Candidate endorsement list printed by South Carolinians for effective voting","","","","","","","","","","","","Copyright Not Evaluated. For further information please contact the University of South Carolina, South Carolina Political Collections, Columbia, SC 29208.","","","","","","","mmsimkins02821","","","","2016-11-22","2016-11-22","http://cdm17173.contentdm.oclc.org/cdm/ref/collection/mmsimkins/id/12795",12795.0,"14155.jp2","/mmsimkins/image/14155.jp2","","",0,False,False,False,True,False,"['Empty Transcript']","[]"
"Campaign brochure for Ike McGraw, candidate for Richland 1 school board, Page 1","","","","","","","","","","","","Copyright Not Evaluated. For further information please contact the University of South Carolina, South Carolina Political Collections, Columbia, SC 29208.","","","","","","","mmsimkins02822","","","","2016-11-22","2016-11-22","http://cdm17173.contentdm.oclc.org/cdm/ref/collection/mmsimkins/id/12796",12796.0,"14156.jp2","/mmsimkins/image/14156.jp2","","",0,False,False,False,True,False,"['Empty Transcript']","[]"
"Campaign brochure for Ike McGraw, candidate for Richland 1 school board, Page 2","","","","","","","","","","","","Copyright Not Evaluated. For further information please contact the University of South Carolina, South Carolina Political Collections, Columbia, SC 29208.","","","","","","","mmsimkins02823","","","","2016-11-22","2016-11-22","http://cdm17173.contentdm.oclc.org/cdm/ref/collection/mmsimkins/id/12797",12797.0,"14157.jp2","/mmsimkins/image/14157.jp2","","",0,False,False,False,True,False,"['Empty Transcript']","[]"
"Campaign card for Carl Chase, candidate for Richland County Sheriff, Page 1","","","","","","","","","","","","Copyright Not Evaluated. For further information please contact the University of South Carolina, South Carolina Political Collections, Columbia, SC 29208.","","","","","","","mmsimkins02824","","","","2016-11-22","2016-11-22","http://cdm17173.contentdm.oclc.org/cdm/ref/collection/mmsimkins/id/12798",12798.0,"14158.jp2","/mmsimkins/image/14158.jp2","","",0,False,False,False,True,False,"['Empty Transcript']","[]"
"Campaign card for Carl Chase, candidate for Richland County Sheriff, Page 2","","","","","","","","","","","","Copyright Not Evaluated. For further information please contact the University of South Carolina, South Carolina Political Collections, Columbia, SC 29208.","","","","","","","mmsimkins02825","","","","2016-11-22","2016-11-22","http://cdm17173.contentdm.oclc.org/cdm/ref/collection/mmsimkins/id/12799",12799.0,"14159.jp2","/mmsimkins/image/14159.jp2","","",0,False,False,False,True,False,"['Empty Transcript']","[]"
"Campaign brochure for Charlotte LeGrant, candidate for Richland County Council, Page 1","","","","","","","","","","","","Copyright Not Evaluated. For further information please contact the University of South Carolina, South Carolina Political Collections, Columbia, SC 29208.","","","","","","","mmsimkins02826","","","","2016-11-22","2016-11-22","http://cdm17173.contentdm.oclc.org/cdm/ref/collection/mmsimkins/id/12800",12800.0,"14160.jp2","/mmsimkins/image/14160.jp2","","",0,False,False,False,True,False,"['Empty Transcript']","[]"
"Campaign brochure for Charlotte LeGrant, candidate for Richland County Council, Page 2","","","","","","","","","","","","Copyright Not Evaluated. For further information please contact the University of South Carolina, South Carolina Political Collections, Columbia, SC 29208.","","","","","","","mmsimkins02827","","","","2016-11-22","2016-11-22","http://cdm17173.contentdm.oclc.org/cdm/ref/collection/mmsimkins/id/12801",12801.0,"14161.jp2","/mmsimkins/image/14161.jp2","","",0,False,False,False,True,False,"['Empty Transcript']","[]"
"Candidate list and voting instructions for 1966 elections, Page 1","","","","","","","","","","","","Copyright Not Evaluated. For further information please contact the University of South Carolina, South Carolina Political Collections, Columbia, SC 29208.","","","","","","","mmsimkins02828","","","","2016-11-22","2016-11-22","http://cdm17173.contentdm.oclc.org/cdm/ref/collection/mmsimkins/id/12802",12802.0,"14162.jp2","/mmsimkins/image/14162.jp2","","",0,False,False,False,True,False,"['Empty Transcript']","[]"
"Candidate list and voting instructions for 1966 elections, Page 2","","","","","","","","","","","","Copyright Not Evaluated. For further information please contact the University of South Carolina, South Carolina Political Collections, Columbia, SC 29208.","","","","","","","mmsimkins02829","","","","2016-11-22","2016-11-22","http://cdm17173.contentdm.oclc.org/cdm/ref/collection/mmsimkins/id/12803",12803.0,"14163.jp2","/mmsimkins/image/14163.jp2","","",0,False,False,False,True,False,"['Empty Transcript']","[]"
"Campaign flier for Paul Z. Bennett, canddiate for Columbia City Council, Page 1","","","","","","","","","","","","Copyright Not Evaluated. For further information please contact the University of South Carolina, South Carolina Political Collections, Columbia, SC 29208.","","","","","","","mmsimkins02830","","","","2016-11-22","2016-11-22","http://cdm17173.contentdm.oclc.org/cdm/ref/collection/mmsimkins/id/12804",12804.0,"14164.jp2","/mmsimkins/image/14164.jp2","","",0,False,False,False,True,False,"['Empty Transcript']","[]"
"Campaign flier for Paul Z. Bennett, canddiate for Columbia City Council, Page 2","","","","","","","","","","","","Copyright Not Evaluated. For further information please contact the University of South Carolina, South Carolina Political Collections, Columbia, SC 29208.","","","","","","","mmsimkins02831","","","","2016-11-22","2016-11-22","http://cdm17173.contentdm.oclc.org/cdm/ref/collection/mmsimkins/id/12805",12805.0,"14165.jp2","/mmsimkins/image/14165.jp2","","",0,False,False,False,True,False,"['Empty Transcript']","[]"
"RCCC broadcast, January 10, 1967, Page 1","","","","","","","","","","","","Copyright Not Evaluated. For further information please contact the University of South Carolina, South Carolina Political Collections, Columbia, SC 29208.","","","","","","","mmsimkins07105","","","","2016-11-23","2016-11-23","http://cdm17173.contentdm.oclc.org/cdm/ref/collection/mmsimkins/id/12807",12807.0,"14167.jp2","/mmsimkins/image/14167.jp2","","",0,False,False,False,True,False,"['Empty Transcript']","[]"
"RCCC broadcast, January 10, 1967, Page 2","","","","","","","","","","","","Copyright Not Evaluated. For further information please contact the University of South Carolina, South Carolina Political Collections, Columbia, SC 29208.","","","","","","","mmsimkins07106","","","","2016-11-22","2016-11-22","http://cdm17173.contentdm.oclc.org/cdm/ref/collection/mmsimkins/id/12808",12808.0,"14168.jp2","/mmsimkins/image/14168.jp2","","",0,False,False,False,True,False,"['Empty Transcript']","[]"
"RCCC broadcast, January 10, 1967, Page 3","","","","","","","","","","","","Copyright Not Evaluated. For further information please contact the University of South Carolina, South Carolina Political Collections, Columbia, SC 29208.","","","","","","","mmsimkins07107","","","","2016-11-22","2016-11-22","http://cdm17173.contentdm.oclc.org/cdm/ref/collection/mmsimkins/id/12809",12809.0,"14169.jp2","/mmsimkins/image/14169.jp2","","",0,False,False,False,True,False,"['Empty Transcript']","[]"
"RCCC broadcast, January 10, 1967, Page 4","","","","","","","","","","","","Copyright Not Evaluated. For further information please contact the University of South Carolina, South Carolina Political Collections, Columbia, SC 29208.","","","","","","","mmsimkins07108","","","","2016-11-22","2016-11-22","http://cdm17173.contentdm.oclc.org/cdm/ref/collection/mmsimkins/id/12810",12810.0,"14170.jp2","/mmsimkins/image/14170.jp2","","",0,False,False,False,True,False,"['Empty Transcript']","[]"
"RCCC broadcast, January 10, 1967, Page 5","","","","","","","","","","","","Copyright Not Evaluated. For further information please contact the University of South Carolina, South Carolina Political Collections, Columbia, SC 29208.","","","","","","","mmsimkins07109","","","","2016-11-22","2016-11-22","http://cdm17173.contentdm.oclc.org/cdm/ref/collection/mmsimkins/id/12811",12811.0,"14171.jp2","/mmsimkins/image/14171.jp2","","",0,False,False,False,True,False,"['Empty Transcript']","[]"
"Remarks concerning the proposed Barhamville Elementary School, Page 1","","","","","","","","","","","","Copyright Not Evaluated. For further information please contact the University of South Carolina, South Carolina Political Collections, Columbia, SC 29208.","","","","","","","mmsimkins07110","","","","2016-11-22","2016-11-22","http://cdm17173.contentdm.oclc.org/cdm/ref/collection/mmsimkins/id/12812",12812.0,"14172.jp2","/mmsimkins/image/14172.jp2","","",0,False,False,False,True,False,"['Empty Transcript']","[]"
"Remarks concerning the proposed Barhamville Elementary School, Page 2","","","","","","","","","","","","Copyright Not Evaluated. For further information please contact the University of South Carolina, South Carolina Political Collections, Columbia, SC 29208.","","","","","","","mmsimkins07111","","","","2016-11-22","2016-11-22","http://cdm17173.contentdm.oclc.org/cdm/ref/collection/mmsimkins/id/12813",12813.0,"14173.jp2","/mmsimkins/image/14173.jp2","","",0,False,False,False,True,False,"['Empty Transcript']","[]"
"Remarks concerning the proposed Barhamville Elementary School, Page 3","","","","","","","","","","","","Copyright Not Evaluated. For further information please contact the University of South Carolina, South Carolina Political Collections, Columbia, SC 29208.","","","","","","","mmsimkins07112","","","","2016-11-22","2016-11-22","http://cdm17173.contentdm.oclc.org/cdm/ref/collection/mmsimkins/id/12814",12814.0,"14174.jp2","/mmsimkins/image/14174.jp2","","",0,False,False,False,True,False,"['Empty Transcript']","[]"
"Remarks concerning the proposed Barhamville Elementary School, Page 4","","","","","","","","","","","","Copyright Not Evaluated. For further information please contact the University of South Carolina, South Carolina Political Collections, Columbia, SC 29208.","","","","","","","mmsimkins07114","","","","2016-11-22","2016-11-22","http://cdm17173.contentdm.oclc.org/cdm/ref/collection/mmsimkins/id/12815",12815.0,"14175.jp2","/mmsimkins/image/14175.jp2","","",0,False,False,False,True,False,"['Empty Transcript']","[]"
"Remarks concerning the proposed Barhamville Elementary School, Page 5","","","","","","","","","","","","Copyright Not Evaluated. For further information please contact the University of South Carolina, South Carolina Political Collections, Columbia, SC 29208.","","","","","","","mmsimkins07115","","","","2016-11-22","2016-11-22","http://cdm17173.contentdm.oclc.org/cdm/ref/collection/mmsimkins/id/12816",12816.0,"14176.jp2","/mmsimkins/image/14176.jp2","","",0,False,False,False,True,False,"['Empty Transcript']","[]"
"Remarks concerning the proposed Barhamville Elementary School, Page 6","","","","","","","","","","","","Copyright Not Evaluated. For further information please contact the University of South Carolina, South Carolina Political Collections, Columbia, SC 29208.","","","","","","","mmsimkins07116","","","","2016-11-22","2016-11-22","http://cdm17173.contentdm.oclc.org/cdm/ref/collection/mmsimkins/id/12817",12817.0,"14177.jp2","/mmsimkins/image/14177.jp2","","",0,False,False,False,True,False,"['Empty Transcript']","[]"
"Remarks concerning the proposed Barhamville Elementary School, Page 7","","","","","","","","","","","","Copyright Not Evaluated. For further information please contact the University of South Carolina, South Carolina Political Collections, Columbia, SC 29208.","","","","","","","mmsimkins07117","","","","2016-11-22","2016-11-22","http://cdm17173.contentdm.oclc.org/cdm/ref/collection/mmsimkins/id/12818",12818.0,"14178.jp2","/mmsimkins/image/14178.jp2","","",0,False,False,False,True,False,"['Empty Transcript']","[]"
"RCCC broadcast, March 1, 1967, Page 1","","","","","","","","","","","","Copyright Not Evaluated. For further information please contact the University of South Carolina, South Carolina Political Collections, Columbia, SC 29208.","","","","","","","mmsimkins07118","","","","2016-11-22","2016-11-22","http://cdm17173.contentdm.oclc.org/cdm/ref/collection/mmsimkins/id/12819",12819.0,"14179.jp2","/mmsimkins/image/14179.jp2","","",0,False,False,False,True,False,"['Empty Transcript']","[]"
"RCCC broadcast, March 1, 1967, Page 2","","","","","","","","","","","","Copyright Not Evaluated. For further information please contact the University of South Carolina, South Carolina Political Collections, Columbia, SC 29208.","","","","","","","mmsimkins07120","","","","2016-11-22","2016-11-22","http://cdm17173.contentdm.oclc.org/cdm/ref/collection/mmsimkins/id/12820",12820.0,"14180.jp2","/mmsimkins/image/14180.jp2","","",0,False,False,False,True,False,"['Empty Transcript']","[]"
"RCCC broadcast, March 1, 1967, Page 3","","","","","","","","","","","","Copyright Not Evaluated. For further information please contact the University of South Carolina, South Carolina Political Collections, Columbia, SC 29208.","","","","","","","mmsimkins07121","","","","2016-11-22","2016-11-22","http://cdm17173.contentdm.oclc.org/cdm/ref/collection/mmsimkins/id/12821",12821.0,"14181.jp2","/mmsimkins/image/14181.jp2","","",0,False,False,False,True,False,"['Empty Transcript']","[]"
"RCCC broadcast, March 1, 1967, Page 4","","","","","","","","","","","","Copyright Not Evaluated. For further information please contact the University of South Carolina, South Carolina Political Collections, Columbia, SC 29208.","","","","","","","mmsimkins07122","","","","2016-11-22","2016-11-22","http://cdm17173.contentdm.oclc.org/cdm/ref/collection/mmsimkins/id/12822",12822.0,"14182.jp2","/mmsimkins/image/14182.jp2","","",0,False,False,False,True,False,"['Empty Transcript']","[]"
"RCCC broadcast, March 1, 1967, Page 5","","","","","","","","","","","","Copyright Not Evaluated. For further information please contact the University of South Carolina, South Carolina Political Collections, Columbia, SC 29208.","","","","","","","mmsimkins07123","","","","2016-11-22","2016-11-22","http://cdm17173.contentdm.oclc.org/cdm/ref/collection/mmsimkins/id/12823",12823.0,"14183.jp2","/mmsimkins/image/14183.jp2","","",0,False,False,False,True,False,"['Empty Transcript']","[]"
"RCCC broadcast, March 1, 1967, Page 6","","","","","","","","","","","","Copyright Not Evaluated. For further information please contact the University of South Carolina, South Carolina Political Collections, Columbia, SC 29208.","","","","","","","mmsimkins07125","","","","2016-11-22","2016-11-22","http://cdm17173.contentdm.oclc.org/cdm/ref/collection/mmsimkins/id/12824",12824.0,"14184.jp2","/mmsimkins/image/14184.jp2","","",0,False,False,False,True,False,"['Empty Transcript']","[]"
"RCCC broadcast, March 22, 1967, Page 1","","","","","","","","","","","","Copyright Not Evaluated. For further information please contact the University of South Carolina, South Carolina Political Collections, Columbia, SC 29208.","","","","","","","mmsimkins07127","","","","2016-11-22","2016-11-22","http://cdm17173.contentdm.oclc.org/cdm/ref/collection/mmsimkins/id/12825",12825.0,"14185.jp2","/mmsimkins/image/14185.jp2","","",0,False,False,False,True,False,"['Empty Transcript']","[]"
"Statement on RCCC organization","","","","","","","","","","","","Copyright Not Evaluated. For further information please contact the University of South Carolina, South Carolina Political Collections, Columbia, SC 29208.","","","","","","","mmsimkins07128","","","","2016-11-22","2016-11-22","http://cdm17173.contentdm.oclc.org/cdm/ref/collection/mmsimkins/id/12826",12826.0,"14186.jp2","/mmsimkins/image/14186.jp2","","",0,False,False,False,True,False,"['Empty Transcript']","[]"
"RCCC broadcast, March 22, 1967, Page 2","","","","","","","","","","","","Copyright Not Evaluated. For further information please contact the University of South Carolina, South Carolina Political Collections, Columbia, SC 29208.","","","","","","","mmsimkins07129","","","","2016-11-22","2016-11-22","http://cdm17173.contentdm.oclc.org/cdm/ref/collection/mmsimkins/id/12827",12827.0,"14187.jp2","/mmsimkins/image/14187.jp2","","",0,False,False,False,True,False,"['Empty Transcript']","[]"
"RCCC broadcast, March 22, 1967, Page 3","","","","","","","","","","","","Copyright Not Evaluated. For further information please contact the University of South Carolina, South Carolina Political Collections, Columbia, SC 29208.","","","","","","","mmsimkins07130","","","","2016-11-22","2016-11-22","http://cdm17173.contentdm.oclc.org/cdm/ref/collection/mmsimkins/id/12828",12828.0,"14188.jp2","/mmsimkins/image/14188.jp2","","",0,False,False,False,True,False,"['Empty Transcript']","[]"
"RCCC broadcast, March 22, 1967, Page 4","","","","","","","","","","","","Copyright Not Evaluated. For further information please contact the University of South Carolina, South Carolina Political Collections, Columbia, SC 29208.","","","","","","","mmsimkins07131","","","","2016-11-22","2016-11-22","http://cdm17173.contentdm.oclc.org/cdm/ref/collection/mmsimkins/id/12829",12829.0,"14189.jp2","/mmsimkins/image/14189.jp2","","",0,False,False,False,True,False,"['Empty Transcript']","[]"
"RCCC broadcast, March 22, 1967, Page 5","","","","","","","","","","","","Copyright Not Evaluated. For further information please contact the University of South Carolina, South Carolina Political Collections, Columbia, SC 29208.","","","","","","","mmsimkins07132","","","","2016-11-22","2016-11-22","http://cdm17173.contentdm.oclc.org/cdm/ref/collection/mmsimkins/id/12830",12830.0,"14190.jp2","/mmsimkins/image/14190.jp2","","",0,False,False,False,True,False,"['Empty Transcript']","[]"
"Excerpts of address delivered by Simkins, prior to 1967 strike against the Administration of the Institution, Page 1","","","","","","","","","","","","Copyright Not Evaluated. For further information please contact the University of South Carolina, South Carolina Political Collections, Columbia, SC 29208.","","","","","","","mmsimkins07133","","","","2016-11-22","2016-11-22","http://cdm17173.contentdm.oclc.org/cdm/ref/collection/mmsimkins/id/12831",12831.0,"14191.jp2","/mmsimkins/image/14191.jp2","","",0,False,False,False,True,False,"['Empty Transcript']","[]"
"Excerpts of address delivered by Simkins, prior to 1967 strike against the Administration of the Institution, Page 2","","","","","","","","","","","","Copyright Not Evaluated. For further information please contact the University of South Carolina, South Carolina Political Collections, Columbia, SC 29208.","","","","","","","mmsimkins07134","","","","2016-11-22","2016-11-22","http://cdm17173.contentdm.oclc.org/cdm/ref/collection/mmsimkins/id/12832",12832.0,"14192.jp2","/mmsimkins/image/14192.jp2","","",0,False,False,False,True,False,"['Empty Transcript']","[]"
"Letter to Mr. Foard concerning the Kenneth Love Case","","","","","","","","","","","","Copyright Not Evaluated. For further information please contact the University of South Carolina, South Carolina Political Collections, Columbia, SC 29208.","","","","","","","mmsimkins07136","","","","2016-11-22","2016-11-22","http://cdm17173.contentdm.oclc.org/cdm/ref/collection/mmsimkins/id/12833",12833.0,"14193.jp2","/mmsimkins/image/14193.jp2","","",0,False,False,False,True,False,"['Empty Transcript']","[]"
"RCCC broadcast, March 22, 1967, Page 1","","","","","","","","","","","","Copyright Not Evaluated. For further information please contact the University of South Carolina, South Carolina Political Collections, Columbia, SC 29208.","","","","","","","mmsimkins07137","","","","2016-11-22","2016-11-22","http://cdm17173.contentdm.oclc.org/cdm/ref/collection/mmsimkins/id/12834",12834.0,"14194.jp2","/mmsimkins/image/14194.jp2","","",0,False,False,False,True,False,"['Empty Transcript']","[]"
"RCCC broadcast, March 22, 1967, Page 2","","","","","","","","","","","","Copyright Not Evaluated. For further information please contact the University of South Carolina, South Carolina Political Collections, Columbia, SC 29208.","","","","","","","mmsimkins07138","","","","2016-11-22","2016-11-22","http://cdm17173.contentdm.oclc.org/cdm/ref/collection/mmsimkins/id/12835",12835.0,"14195.jp2","/mmsimkins/image/14195.jp2","","",0,False,False,False,True,False,"['Empty Transcript']","[]"
"RCCC broadcast, March 22, 1967, Page 3","","","","","","","","","","","","Copyright Not Evaluated. For further information please contact the University of South Carolina, South Carolina Political Collections, Columbia, SC 29208.","","","","","","","mmsimkins07139","","","","2016-11-22","2016-11-22","http://cdm17173.contentdm.oclc.org/cdm/ref/collection/mmsimkins/id/12836",12836.0,"14196.jp2","/mmsimkins/image/14196.jp2","","",0,False,False,False,True,False,"['Empty Transcript']","[]"
"RCCC broadcast, March 22, 1967, Page 3","","","","","","","","","","","","Copyright Not Evaluated. For further information please contact the University of South Carolina, South Carolina Political Collections, Columbia, SC 29208.","","","","","","","mmsimkins07140","","","","2016-11-22","2016-11-22","http://cdm17173.contentdm.oclc.org/cdm/ref/collection/mmsimkins/id/12837",12837.0,"14197.jp2","/mmsimkins/image/14197.jp2","","",0,False,False,False,True,False,"['Empty Transcript']","[]"
"Conclusion - RCCC broadcast, March 15, 1967","","","","","","","","","","","","Copyright Not Evaluated. For further information please contact the University of South Carolina, South Carolina Political Collections, Columbia, SC 29208.","","","","","","","mmsimkins07141","","","","2016-11-22","2016-11-22","http://cdm17173.contentdm.oclc.org/cdm/ref/collection/mmsimkins/id/12838",12838.0,"14198.jp2","/mmsimkins/image/14198.jp2","","",0,False,False,False,True,False,"['Empty Transcript']","[]"
"RCCC broadcast, March 22, 1967, Page 4","","","","","","","","","","","","Copyright Not Evaluated. For further information please contact the University of South Carolina, South Carolina Political Collections, Columbia, SC 29208.","","","","","","","mmsimkins07142","","","","2016-11-22","2016-11-22","http://cdm17173.contentdm.oclc.org/cdm/ref/collection/mmsimkins/id/12839",12839.0,"14199.jp2","/mmsimkins/image/14199.jp2","","",0,False,False,False,True,False,"['Empty Transcript']","[]"
"RCCC broadcast, March 22, 1967, Page 5","","","","","","","","","","","","Copyright Not Evaluated. For further information please contact the University of South Carolina, South Carolina Political Collections, Columbia, SC 29208.","","","","","","","mmsimkins07143","","","","2016-11-22","2016-11-22","http://cdm17173.contentdm.oclc.org/cdm/ref/collection/mmsimkins/id/12840",12840.0,"14200.jp2","/mmsimkins/image/14200.jp2","","",0,False,False,False,True,False,"['Empty Transcript']","[]"
"RCCC broadcast, March 22, 1967, Page 6","","","","","","","","","","","","Copyright Not Evaluated. For further information please contact the University of South Carolina, South Carolina Political Collections, Columbia, SC 29208.","","","","","","","mmsimkins07144","","","","2016-11-22","2016-11-22","http://cdm17173.contentdm.oclc.org/cdm/ref/collection/mmsimkins/id/12841",12841.0,"14201.jp2","/mmsimkins/image/14201.jp2","","",0,False,False,False,True,False,"['Empty Transcript']","[]"
"RCCC broadcast, March 22, 1967, Page 7","","","","","","","","","","","","Copyright Not Evaluated. For further information please contact the University of South Carolina, South Carolina Political Collections, Columbia, SC 29208.","","","","","","","mmsimkins07145","","","","2016-11-22","2016-11-22","http://cdm17173.contentdm.oclc.org/cdm/ref/collection/mmsimkins/id/12842",12842.0,"14202.jp2","/mmsimkins/image/14202.jp2","","",0,False,False,False,True,False,"['Empty Transcript']","[]"
"Letter to Adam Clayton Powell, March 25, 1967, Page 1","","","","","","","","","","","","Copyright Not Evaluated. For further information please contact the University of South Carolina, South Carolina Political Collections, Columbia, SC 29208.","","","","","","","mmsimkins07146","","","","2016-11-22","2016-11-22","http://cdm17173.contentdm.oclc.org/cdm/ref/collection/mmsimkins/id/12843",12843.0,"14203.jp2","/mmsimkins/image/14203.jp2","","",0,False,False,False,True,False,"['Empty Transcript']","[]"
"Letter to Adam Clayton Powell, March 25, 1967, Page 2","","","","","","","","","","","","Copyright Not Evaluated. For further information please contact the University of South Carolina, South Carolina Political Collections, Columbia, SC 29208.","","","","","","","mmsimkins07147","","","","2016-11-22","2016-11-22","http://cdm17173.contentdm.oclc.org/cdm/ref/collection/mmsimkins/id/12844",12844.0,"14204.jp2","/mmsimkins/image/14204.jp2","","",0,False,False,False,True,False,"['Empty Transcript']","[]"
"Remarks before meeting of task force for qaulity eduction, April 9, 1967, Page 1","","","","","","","","","","","","Copyright Not Evaluated. For further information please contact the University of South Carolina, South Carolina Political Collections, Columbia, SC 29208.","","","","","","","mmsimkins07148","","","","2016-11-22","2016-11-22","http://cdm17173.contentdm.oclc.org/cdm/ref/collection/mmsimkins/id/12845",12845.0,"14205.jp2","/mmsimkins/image/14205.jp2","","",0,False,False,False,True,False,"['Empty Transcript']","[]"
"Letter from the NAACP about the Legal Defense Fund, Page 1","","","","","","","","","","","","Copyright Not Evaluated. For further information please contact the University of South Carolina, South Carolina Political Collections, Columbia, SC 29208.","","","","","","","mmsimkins05620","","","","2016-11-23","2016-11-23","http://cdm17173.contentdm.oclc.org/cdm/ref/collection/mmsimkins/id/12847",12847.0,"14207.jp2","/mmsimkins/image/14207.jp2","","",0,False,False,False,True,False,"['Empty Transcript']","[]"
"Letter from the NAACP about the Legal Defense Fund, Page 2","","","","","","","","","","","","Copyright Not Evaluated. For further information please contact the University of South Carolina, South Carolina Political Collections, Columbia, SC 29208.","","","","","","","mmsimkins05621","","","","2016-11-22","2016-11-22","http://cdm17173.contentdm.oclc.org/cdm/ref/collection/mmsimkins/id/12848",12848.0,"14208.jp2","/mmsimkins/image/14208.jp2","","",0,False,False,False,True,False,"['Empty Transcript']","[]"
"Program for a conference in Charlotte on war and human rights, Page 1","","","","","","","","","","","","Copyright Not Evaluated. For further information please contact the University of South Carolina, South Carolina Political Collections, Columbia, SC 29208.","","","","","","","mmsimkins05622","","","","2016-11-22","2016-11-22","http://cdm17173.contentdm.oclc.org/cdm/ref/collection/mmsimkins/id/12849",12849.0,"14209.jp2","/mmsimkins/image/14209.jp2","","",0,False,False,False,True,False,"['Empty Transcript']","[]"
"Program for a conference in Charlotte on war and human rights, Page 2","","","","","","","","","","","","Copyright Not Evaluated. For further information please contact the University of South Carolina, South Carolina Political Collections, Columbia, SC 29208.","","","","","","","mmsimkins05623","","","","2016-11-22","2016-11-22","http://cdm17173.contentdm.oclc.org/cdm/ref/collection/mmsimkins/id/12850",12850.0,"14210.jp2","/mmsimkins/image/14210.jp2","","",0,False,False,False,True,False,"['Empty Transcript']","[]"
"Flier from the NAACP about the 1980 state Democratic convention","","","","","","","","","","","","Copyright Not Evaluated. For further information please contact the University of South Carolina, South Carolina Political Collections, Columbia, SC 29208.","","","","","","","mmsimkins05624","","","","2016-11-22","2016-11-22","http://cdm17173.contentdm.oclc.org/cdm/ref/collection/mmsimkins/id/12851",12851.0,"14211.jp2","/mmsimkins/image/14211.jp2","","",0,False,False,False,True,False,"['Empty Transcript']","[]"
"Brochure about death-row inmate Johnny """"Imani"""" Harris, published by the NAACP Legal Defense Fund, Page 1","","","","","","","","","","","","Copyright Not Evaluated. For further information please contact the University of South Carolina, South Carolina Political Collections, Columbia, SC 29208.","","","","","","","mmsimkins05625","","","","2016-11-22","2016-11-22","http://cdm17173.contentdm.oclc.org/cdm/ref/collection/mmsimkins/id/12852",12852.0,"14212.jp2","/mmsimkins/image/14212.jp2","","",0,False,False,False,True,False,"['Empty Transcript']","[]"
"Brochure about death-row inmate Johnny """"Imani"""" Harris, published by the NAACP Legal Defense Fund, Page 2","","","","","","","","","","","","Copyright Not Evaluated. For further information please contact the University of South Carolina, South Carolina Political Collections, Columbia, SC 29208.","","","","","","","mmsimkins05626","","","","2016-11-22","2016-11-22","http://cdm17173.contentdm.oclc.org/cdm/ref/collection/mmsimkins/id/12853",12853.0,"14213.jp2","/mmsimkins/image/14213.jp2","","",0,False,False,False,True,False,"['Empty Transcript']","[]"
"Brochure about death-row inmate Johnny """"Imani"""" Harris, published by the NAACP Legal Defense Fund, Page 3","","","","","","","","","","","","Copyright Not Evaluated. For further information please contact the University of South Carolina, South Carolina Political Collections, Columbia, SC 29208.","","","","","","","mmsimkins05627","","","","2016-11-22","2016-11-22","http://cdm17173.contentdm.oclc.org/cdm/ref/collection/mmsimkins/id/12854",12854.0,"14214.jp2","/mmsimkins/image/14214.jp2","","",0,False,False,False,True,False,"['Empty Transcript']","[]"
"Letter from the South Carolina NAACP about the Freedom Dinner as well as a lawsuit about Senate reapportionment, Page 1","","","","","","","","","","","","Copyright Not Evaluated. For further information please contact the University of South Carolina, South Carolina Political Collections, Columbia, SC 29208.","","","","","","","mmsimkins05628","","","","2016-11-22","2016-11-22","http://cdm17173.contentdm.oclc.org/cdm/ref/collection/mmsimkins/id/12855",12855.0,"14215.jp2","/mmsimkins/image/14215.jp2","","",0,False,False,False,True,False,"['Empty Transcript']","[]"
"Letter from the South Carolina NAACP about the Freedom Dinner as well as a lawsuit about Senate reapportionment, Page 2","","","","","","","","","","","","Copyright Not Evaluated. For further information please contact the University of South Carolina, South Carolina Political Collections, Columbia, SC 29208.","","","","","","","mmsimkins05629","","","","2016-11-22","2016-11-22","http://cdm17173.contentdm.oclc.org/cdm/ref/collection/mmsimkins/id/12856",12856.0,"14216.jp2","/mmsimkins/image/14216.jp2","","",0,False,False,False,True,False,"['Empty Transcript']","[]"
"Flier about an NAACP rally against Bob Jones University","","","","","","","","","","","","Copyright Not Evaluated. For further information please contact the University of South Carolina, South Carolina Political Collections, Columbia, SC 29208.","","","","","","","mmsimkins05630","","","","2016-11-22","2016-11-22","http://cdm17173.contentdm.oclc.org/cdm/ref/collection/mmsimkins/id/12857",12857.0,"14217.jp2","/mmsimkins/image/14217.jp2","","",0,False,False,False,True,False,"['Empty Transcript']","[]"
"Flier advertising Black Dollar Days","","","","","","","","","","","","Copyright Not Evaluated. For further information please contact the University of South Carolina, South Carolina Political Collections, Columbia, SC 29208.","","","","","","","mmsimkins05631","","","","2016-11-22","2016-11-22","http://cdm17173.contentdm.oclc.org/cdm/ref/collection/mmsimkins/id/12858",12858.0,"14218.jp2","/mmsimkins/image/14218.jp2","","",0,False,False,False,True,False,"['Empty Transcript']","[]"
"Letter from Simkins to Dr. Gibson about the NAACP handling of the Isaac Williams case","","","","","","","","","","","","Copyright Not Evaluated. For further information please contact the University of South Carolina, South Carolina Political Collections, Columbia, SC 29208.","","","","","","","mmsimkins05632","","","","2016-11-22","2016-11-22","http://cdm17173.contentdm.oclc.org/cdm/ref/collection/mmsimkins/id/12859",12859.0,"14219.jp2","/mmsimkins/image/14219.jp2","","",0,False,False,False,True,False,"['Empty Transcript']","[]"
"Open letter to NAACP members from Modjeska Simkins, about the Isaac Williams case, Page 1","","","","","","","","","","","","Copyright Not Evaluated. For further information please contact the University of South Carolina, South Carolina Political Collections, Columbia, SC 29208.","","","","","","","mmsimkins05633","","","","2016-11-22","2016-11-22","http://cdm17173.contentdm.oclc.org/cdm/ref/collection/mmsimkins/id/12860",12860.0,"14220.jp2","/mmsimkins/image/14220.jp2","","",0,False,False,False,True,False,"['Empty Transcript']","[]"
"Open letter to NAACP members from Modjeska Simkins, about the Isaac Williams case, Page 2","","","","","","","","","","","","Copyright Not Evaluated. For further information please contact the University of South Carolina, South Carolina Political Collections, Columbia, SC 29208.","","","","","","","mmsimkins05634","","","","2016-11-22","2016-11-22","http://cdm17173.contentdm.oclc.org/cdm/ref/collection/mmsimkins/id/12861",12861.0,"14221.jp2","/mmsimkins/image/14221.jp2","","",0,False,False,False,True,False,"['Empty Transcript']","[]"
"Letter from Isaac Williams to W.F. Gibson about the Freedom Fund Dinner","","","","","","","","","","","","Copyright Not Evaluated. For further information please contact the University of South Carolina, South Carolina Political Collections, Columbia, SC 29208.","","","","","","","mmsimkins05635","","","","2016-11-22","2016-11-22","http://cdm17173.contentdm.oclc.org/cdm/ref/collection/mmsimkins/id/12862",12862.0,"14222.jp2","/mmsimkins/image/14222.jp2","","",0,False,False,False,True,False,"['Empty Transcript']","[]"
"Letter from Isaac Williams, responding to W.F. Gibson's letter about the Freedom Fund Dinner","","","","","","","","","","","","Copyright Not Evaluated. For further information please contact the University of South Carolina, South Carolina Political Collections, Columbia, SC 29208.","","","","","","","mmsimkins05636","","","","2016-11-22","2016-11-22","http://cdm17173.contentdm.oclc.org/cdm/ref/collection/mmsimkins/id/12863",12863.0,"14223.jp2","/mmsimkins/image/14223.jp2","","",0,False,False,False,True,False,"['Empty Transcript']","[]"
"Letter from Madie Robinson about Isaac Williams' reply to W.F. Gibson","","","","","","","","","","","","Copyright Not Evaluated. For further information please contact the University of South Carolina, South Carolina Political Collections, Columbia, SC 29208.","","","","","","","mmsimkins05637","","","","2016-11-22","2016-11-22","http://cdm17173.contentdm.oclc.org/cdm/ref/collection/mmsimkins/id/12864",12864.0,"14224.jp2","/mmsimkins/image/14224.jp2","","",0,False,False,False,True,False,"['Empty Transcript']","[]"
"Invitation to the NAACP Freedom Fund Dinner from W.F. Gibson","","","","","","","","","","","","Copyright Not Evaluated. For further information please contact the University of South Carolina, South Carolina Political Collections, Columbia, SC 29208.","","","","","","","mmsimkins05638","","","","2016-11-22","2016-11-22","http://cdm17173.contentdm.oclc.org/cdm/ref/collection/mmsimkins/id/12865",12865.0,"14225.jp2","/mmsimkins/image/14225.jp2","","",0,False,False,False,True,False,"['Empty Transcript']","[]"
"Letter to NAACP members about the Isaac Williams situation","","","","","","","","","","","","Copyright Not Evaluated. For further information please contact the University of South Carolina, South Carolina Political Collections, Columbia, SC 29208.","","","","","","","mmsimkins05639","","","","2016-11-22","2016-11-22","http://cdm17173.contentdm.oclc.org/cdm/ref/collection/mmsimkins/id/12866",12866.0,"14226.jp2","/mmsimkins/image/14226.jp2","","",0,False,False,False,True,False,"['Empty Transcript']","[]"
"Letter from sevearl African American leaders in Columbia opposing Tom Turnipseed for Lieutenat Governor, Page 1","","","","","","","","","","","","Copyright Not Evaluated. For further information please contact the University of South Carolina, South Carolina Political Collections, Columbia, SC 29208.","","","","","","","mmsimkins05640","","","","2016-11-22","2016-11-22","http://cdm17173.contentdm.oclc.org/cdm/ref/collection/mmsimkins/id/12867",12867.0,"14227.jp2","/mmsimkins/image/14227.jp2","","",0,False,False,False,True,False,"['Empty Transcript']","[]"
"Letter from several African American leaders in Columbia opposing Tom Turnipseed for Lieutenat Governor, Page 2","","","","","","","","","","","","Copyright Not Evaluated. For further information please contact the University of South Carolina, South Carolina Political Collections, Columbia, SC 29208.","","","","","","","mmsimkins05641","","","","2016-11-22","2016-11-22","http://cdm17173.contentdm.oclc.org/cdm/ref/collection/mmsimkins/id/12868",12868.0,"14228.jp2","/mmsimkins/image/14228.jp2","","",0,False,False,False,True,False,"['Empty Transcript']","[]"
"Letter from W.F. Gibson about certain statements by Isaac Williams","","","","","","","","","","","","Copyright Not Evaluated. For further information please contact the University of South Carolina, South Carolina Political Collections, Columbia, SC 29208.","","","","","","","mmsimkins05642","","","","2016-11-22","2016-11-22","http://cdm17173.contentdm.oclc.org/cdm/ref/collection/mmsimkins/id/12869",12869.0,"14229.jp2","/mmsimkins/image/14229.jp2","","",0,False,False,False,True,False,"['Empty Transcript']","[]"
"Memo about fair representation and the Columbia City Council","","","","","","","","","","","","Copyright Not Evaluated. For further information please contact the University of South Carolina, South Carolina Political Collections, Columbia, SC 29208.","","","","","","","mmsimkins05643","","","","2016-11-22","2016-11-22","http://cdm17173.contentdm.oclc.org/cdm/ref/collection/mmsimkins/id/12870",12870.0,"14230.jp2","/mmsimkins/image/14230.jp2","","",0,False,False,False,True,False,"['Empty Transcript']","[]"
"Flier from W.F. Gibson about Senate Reapportionment hearings","","","","","","","","","","","","Copyright Not Evaluated. For further information please contact the University of South Carolina, South Carolina Political Collections, Columbia, SC 29208.","","","","","","","mmsimkins05644","","","","2016-11-22","2016-11-22","http://cdm17173.contentdm.oclc.org/cdm/ref/collection/mmsimkins/id/12871",12871.0,"14231.jp2","/mmsimkins/image/14231.jp2","","",0,False,False,False,True,False,"['Empty Transcript']","[]"
"News stories about NAACP opposition to Ronald Reagan's policies, Page 1","","","","","","","","","","","","Copyright Not Evaluated. For further information please contact the University of South Carolina, South Carolina Political Collections, Columbia, SC 29208.","","","","","","","mmsimkins05645","","","","2016-11-22","2016-11-22","http://cdm17173.contentdm.oclc.org/cdm/ref/collection/mmsimkins/id/12872",12872.0,"14232.jp2","/mmsimkins/image/14232.jp2","","",0,False,False,False,True,False,"['Empty Transcript']","[]"
"News stories about NAACP opposition to Ronald Reagan's policies, Page 2","","","","","","","","","","","","Copyright Not Evaluated. For further information please contact the University of South Carolina, South Carolina Political Collections, Columbia, SC 29208.","","","","","","","mmsimkins05646","","","","2016-11-22","2016-11-22","http://cdm17173.contentdm.oclc.org/cdm/ref/collection/mmsimkins/id/12873",12873.0,"14233.jp2","/mmsimkins/image/14233.jp2","","",0,False,False,False,True,False,"['Empty Transcript']","[]"
"News stories about NAACP opposition to Ronald Reagan's policies, Page 3","","","","","","","","","","","","Copyright Not Evaluated. For further information please contact the University of South Carolina, South Carolina Political Collections, Columbia, SC 29208.","","","","","","","mmsimkins05647","","","","2016-11-22","2016-11-22","http://cdm17173.contentdm.oclc.org/cdm/ref/collection/mmsimkins/id/12874",12874.0,"14234.jp2","/mmsimkins/image/14234.jp2","","",0,False,False,False,True,False,"['Empty Transcript']","[]"
"News stories about NAACP opposition to Ronald Reagan's policies, Page 4","","","","","","","","","","","","Copyright Not Evaluated. For further information please contact the University of South Carolina, South Carolina Political Collections, Columbia, SC 29208.","","","","","","","mmsimkins05648","","","","2016-11-22","2016-11-22","http://cdm17173.contentdm.oclc.org/cdm/ref/collection/mmsimkins/id/12875",12875.0,"14235.jp2","/mmsimkins/image/14235.jp2","","",0,False,False,False,True,False,"['Empty Transcript']","[]"
"News clippings about police brutality, Page 1","","","","","","","","","","","","Copyright Not Evaluated. For further information please contact the University of South Carolina, South Carolina Political Collections, Columbia, SC 29208.","","","","","","","mmsimkins05649","","","","2016-11-22","2016-11-22","http://cdm17173.contentdm.oclc.org/cdm/ref/collection/mmsimkins/id/12876",12876.0,"14236.jp2","/mmsimkins/image/14236.jp2","","",0,False,False,False,True,False,"['Empty Transcript']","[]"
"News clippings about police brutality, Page 2","","","","","","","","","","","","Copyright Not Evaluated. For further information please contact the University of South Carolina, South Carolina Political Collections, Columbia, SC 29208.","","","","","","","mmsimkins05650","","","","2016-11-22","2016-11-22","http://cdm17173.contentdm.oclc.org/cdm/ref/collection/mmsimkins/id/12877",12877.0,"14237.jp2","/mmsimkins/image/14237.jp2","","",0,False,False,False,True,False,"['Empty Transcript']","[]"
"News clippings about police brutality, Page 3","","","","","","","","","","","","Copyright Not Evaluated. For further information please contact the University of South Carolina, South Carolina Political Collections, Columbia, SC 29208.","","","","","","","mmsimkins05651","","","","2016-11-22","2016-11-22","http://cdm17173.contentdm.oclc.org/cdm/ref/collection/mmsimkins/id/12878",12878.0,"14238.jp2","/mmsimkins/image/14238.jp2","","",0,False,False,False,True,False,"['Empty Transcript']","[]"
"Letter from the Coalition for Single Member Districts","","","","","","","","","","","","Copyright Not Evaluated. For further information please contact the University of South Carolina, South Carolina Political Collections, Columbia, SC 29208.","","","","","","","mmsimkins05652","","","","2016-11-22","2016-11-22","http://cdm17173.contentdm.oclc.org/cdm/ref/collection/mmsimkins/id/12879",12879.0,"14239.jp2","/mmsimkins/image/14239.jp2","","",0,False,False,False,True,False,"['Empty Transcript']","[]"
"Flier for the 20th Anniversary March on Washington","","","","","","","","","","","","Copyright Not Evaluated. For further information please contact the University of South Carolina, South Carolina Political Collections, Columbia, SC 29208.","","","","","","","mmsimkins05653","","","","2016-11-22","2016-11-22","http://cdm17173.contentdm.oclc.org/cdm/ref/collection/mmsimkins/id/12880",12880.0,"14240.jp2","/mmsimkins/image/14240.jp2","","",0,False,False,False,True,False,"['Empty Transcript']","[]"
"Letter from the USC Black Alumni Caucus about the 1985 celebration of the birthday of Martin Luther King, Jr.","","","","","","","","","","","","Copyright Not Evaluated. For further information please contact the University of South Carolina, South Carolina Political Collections, Columbia, SC 29208.","","","","","","","mmsimkins05654","","","","2016-11-22","2016-11-22","http://cdm17173.contentdm.oclc.org/cdm/ref/collection/mmsimkins/id/12881",12881.0,"14241.jp2","/mmsimkins/image/14241.jp2","","",0,False,False,False,True,False,"['Empty Transcript']","[]"
"Invitation from the Columbia Branch NAACP to the 1985 Martin Luther King, Jr. birthday dainner","","","","","","","","","","","","Copyright Not Evaluated. For further information please contact the University of South Carolina, South Carolina Political Collections, Columbia, SC 29208.","","","","","","","mmsimkins05655","","","","2016-11-22","2016-11-22","http://cdm17173.contentdm.oclc.org/cdm/ref/collection/mmsimkins/id/12882",12882.0,"14242.jp2","/mmsimkins/image/14242.jp2","","",0,False,False,False,True,False,"['Empty Transcript']","[]"
"Letter to Simkins concerning the composition of Grand Juries in South Carolina","","","","","","","","","","","","Copyright Not Evaluated. For further information please contact the University of South Carolina, South Carolina Political Collections, Columbia, SC 29208.","","","","","","","mmsimkins05656","","","","2016-11-22","2016-11-22","http://cdm17173.contentdm.oclc.org/cdm/ref/collection/mmsimkins/id/12883",12883.0,"14243.jp2","/mmsimkins/image/14243.jp2","","",0,False,False,False,True,False,"['Empty Transcript']","[]"
"Membership letter from the NAACP","","","","","","","","","","","","Copyright Not Evaluated. For further information please contact the University of South Carolina, South Carolina Political Collections, Columbia, SC 29208.","","","","","","","mmsimkins05657","","","","2016-11-22","2016-11-22","http://cdm17173.contentdm.oclc.org/cdm/ref/collection/mmsimkins/id/12884",12884.0,"14244.jp2","/mmsimkins/image/14244.jp2","","",0,False,False,False,True,False,"['Empty Transcript']","[]"
"Fact Sheet entitled """"Assault on Democracy in the Alabama Black Belt"""", Page 1","","","","","","","","","","","","Copyright Not Evaluated. For further information please contact the University of South Carolina, South Carolina Political Collections, Columbia, SC 29208.","","","","","","","mmsimkins05658","","","","2016-11-22","2016-11-22","http://cdm17173.contentdm.oclc.org/cdm/ref/collection/mmsimkins/id/12885",12885.0,"14245.jp2","/mmsimkins/image/14245.jp2","","",0,False,False,False,True,False,"['Empty Transcript']","[]"
"Fact Sheet entitled """"Assault on Democracy in the Alabama Black Belt"""", Page 2","","","","","","","","","","","","Copyright Not Evaluated. For further information please contact the University of South Carolina, South Carolina Political Collections, Columbia, SC 29208.","","","","","","","mmsimkins05659","","","","2016-11-22","2016-11-22","http://cdm17173.contentdm.oclc.org/cdm/ref/collection/mmsimkins/id/12886",12886.0,"14246.jp2","/mmsimkins/image/14246.jp2","","",0,False,False,False,True,False,"['Empty Transcript']","[]"
"Clippings from NAACP-related news stories, Page 1","","","","","","","","","","","","Copyright Not Evaluated. For further information please contact the University of South Carolina, South Carolina Political Collections, Columbia, SC 29208.","","","","","","","mmsimkins05660","","","","2016-11-22","2016-11-22","http://cdm17173.contentdm.oclc.org/cdm/ref/collection/mmsimkins/id/12887",12887.0,"14247.jp2","/mmsimkins/image/14247.jp2","","",0,False,False,False,True,False,"['Empty Transcript']","[]"
"Clippings from NAACP-related news stories, Page 2","","","","","","","","","","","","Copyright Not Evaluated. For further information please contact the University of South Carolina, South Carolina Political Collections, Columbia, SC 29208.","","","","","","","mmsimkins05661","","","","2016-11-22","2016-11-22","http://cdm17173.contentdm.oclc.org/cdm/ref/collection/mmsimkins/id/12888",12888.0,"14248.jp2","/mmsimkins/image/14248.jp2","","",0,False,False,False,True,False,"['Empty Transcript']","[]"
"Clippings from NAACP-related news stories, Page 3","","","","","","","","","","","","Copyright Not Evaluated. For further information please contact the University of South Carolina, South Carolina Political Collections, Columbia, SC 29208.","","","","","","","mmsimkins05662","","","","2016-11-22","2016-11-22","http://cdm17173.contentdm.oclc.org/cdm/ref/collection/mmsimkins/id/12889",12889.0,"14249.jp2","/mmsimkins/image/14249.jp2","","",0,False,False,False,True,False,"['Empty Transcript']","[]"
"Program for the 1986 Martin Luther King Jr. birthday celebration at South Carolina State, Page 1","","","","","","","","","","","","Copyright Not Evaluated. For further information please contact the University of South Carolina, South Carolina Political Collections, Columbia, SC 29208.","","","","","","","mmsimkins05663","","","","2016-11-22","2016-11-22","http://cdm17173.contentdm.oclc.org/cdm/ref/collection/mmsimkins/id/12890",12890.0,"14250.jp2","/mmsimkins/image/14250.jp2","","",0,False,False,False,True,False,"['Empty Transcript']","[]"
"Program for the 1986 Martin Luther King Jr. birthday celebration at South Carolina State, Page 2","","","","","","","","","","","","Copyright Not Evaluated. For further information please contact the University of South Carolina, South Carolina Political Collections, Columbia, SC 29208.","","","","","","","mmsimkins05664","","","","2016-11-22","2016-11-22","http://cdm17173.contentdm.oclc.org/cdm/ref/collection/mmsimkins/id/12891",12891.0,"14251.jp2","/mmsimkins/image/14251.jp2","","",0,False,False,False,True,False,"['Empty Transcript']","[]"
"Program for a University of South Carolina NAACP program entiteld """"The Plight of the Black Person in South Carolin"""", Page 1","","","","","","","","","","","","Copyright Not Evaluated. For further information please contact the University of South Carolina, South Carolina Political Collections, Columbia, SC 29208.","","","","","","","mmsimkins05665","","","","2016-11-22","2016-11-22","http://cdm17173.contentdm.oclc.org/cdm/ref/collection/mmsimkins/id/12892",12892.0,"14252.jp2","/mmsimkins/image/14252.jp2","","",0,False,False,False,True,False,"['Empty Transcript']","[]"
"Program for a University of South Carolina NAACP program entiteld """"The Plight of the Black Person in South Carolin"""", Page 2","","","","","","","","","","","","Copyright Not Evaluated. For further information please contact the University of South Carolina, South Carolina Political Collections, Columbia, SC 29208.","","","","","","","mmsimkins05666","","","","2016-11-22","2016-11-22","http://cdm17173.contentdm.oclc.org/cdm/ref/collection/mmsimkins/id/12893",12893.0,"14253.jp2","/mmsimkins/image/14253.jp2","","",0,False,False,False,True,False,"['Empty Transcript']","[]"
"Fundraising letter from the NAACP legal defense fund, Page 1","","","","","","","","","","","","Copyright Not Evaluated. For further information please contact the University of South Carolina, South Carolina Political Collections, Columbia, SC 29208.","","","","","","","mmsimkins05667","","","","2016-11-22","2016-11-22","http://cdm17173.contentdm.oclc.org/cdm/ref/collection/mmsimkins/id/12894",12894.0,"14254.jp2","/mmsimkins/image/14254.jp2","","",0,False,False,False,True,False,"['Empty Transcript']","[]"
"Fundraising letter from the NAACP legal defense fund, Page 2","","","","","","","","","","","","Copyright Not Evaluated. For further information please contact the University of South Carolina, South Carolina Political Collections, Columbia, SC 29208.","","","","","","","mmsimkins05668","","","","2016-11-22","2016-11-22","http://cdm17173.contentdm.oclc.org/cdm/ref/collection/mmsimkins/id/12895",12895.0,"14255.jp2","/mmsimkins/image/14255.jp2","","",0,False,False,False,True,False,"['Empty Transcript']","[]"
"Program from the 1987 Aiken County NAACP Martin Luther King, Jr. birthday celebration, Page 1","","","","","","","","","","","","Copyright Not Evaluated. For further information please contact the University of South Carolina, South Carolina Political Collections, Columbia, SC 29208.","","","","","","","mmsimkins05669","","","","2016-11-22","2016-11-22","http://cdm17173.contentdm.oclc.org/cdm/ref/collection/mmsimkins/id/12896",12896.0,"14256.jp2","/mmsimkins/image/14256.jp2","","",0,False,False,False,True,False,"['Empty Transcript']","[]"
"Program from the 1987 Aiken County NAACP Martin Luther King, Jr. birthday celebration, Page 2","","","","","","","","","","","","Copyright Not Evaluated. For further information please contact the University of South Carolina, South Carolina Political Collections, Columbia, SC 29208.","","","","","","","mmsimkins05670","","","","2016-11-22","2016-11-22","http://cdm17173.contentdm.oclc.org/cdm/ref/collection/mmsimkins/id/12897",12897.0,"14257.jp2","/mmsimkins/image/14257.jp2","","",0,False,False,False,True,False,"['Empty Transcript']","[]"
"Program from the 1987 Aiken County NAACP Martin Luther King, Jr. birthday celebration, Page 1","","","","","","","","","","","","Copyright Not Evaluated. For further information please contact the University of South Carolina, South Carolina Political Collections, Columbia, SC 29208.","","","","","","","mmsimkins05671","","","","2016-11-22","2016-11-22","http://cdm17173.contentdm.oclc.org/cdm/ref/collection/mmsimkins/id/12898",12898.0,"14258.jp2","/mmsimkins/image/14258.jp2","","",0,False,False,False,True,False,"['Empty Transcript']","[]"
"Program from the 1987 Aiken County NAACP Martin Luther King, Jr. birthday celebration, Page 2","","","","","","","","","","","","Copyright Not Evaluated. For further information please contact the University of South Carolina, South Carolina Political Collections, Columbia, SC 29208.","","","","","","","mmsimkins05672","","","","2016-11-22","2016-11-22","http://cdm17173.contentdm.oclc.org/cdm/ref/collection/mmsimkins/id/12899",12899.0,"14259.jp2","/mmsimkins/image/14259.jp2","","",0,False,False,False,True,False,"['Empty Transcript']","[]"
"Program from the 1987 Aiken County NAACP Martin Luther King, Jr. birthday celebration, Page 3","","","","","","","","","","","","Copyright Not Evaluated. For further information please contact the University of South Carolina, South Carolina Political Collections, Columbia, SC 29208.","","","","","","","mmsimkins05673","","","","2016-11-22","2016-11-22","http://cdm17173.contentdm.oclc.org/cdm/ref/collection/mmsimkins/id/12900",12900.0,"14260.jp2","/mmsimkins/image/14260.jp2","","",0,False,False,False,True,False,"['Empty Transcript']","[]"
"Program for a North Columbia NAACP Youth Council presentation, Page 1","","","","","","","","","","","","Copyright Not Evaluated. For further information please contact the University of South Carolina, South Carolina Political Collections, Columbia, SC 29208.","","","","","","","mmsimkins05674","","","","2016-11-22","2016-11-22","http://cdm17173.contentdm.oclc.org/cdm/ref/collection/mmsimkins/id/12901",12901.0,"14261.jp2","/mmsimkins/image/14261.jp2","","",0,False,False,False,True,False,"['Empty Transcript']","[]"
"Program for a North Columbia NAACP Youth Council presentation, Page 2","","","","","","","","","","","","Copyright Not Evaluated. For further information please contact the University of South Carolina, South Carolina Political Collections, Columbia, SC 29208.","","","","","","","mmsimkins05675","","","","2016-11-22","2016-11-22","http://cdm17173.contentdm.oclc.org/cdm/ref/collection/mmsimkins/id/12902",12902.0,"14262.jp2","/mmsimkins/image/14262.jp2","","",0,False,False,False,True,False,"['Empty Transcript']","[]"
"Letter from several African American men on death row in South Carolina, Page 1","","","","","","","","","","","","Copyright Not Evaluated. For further information please contact the University of South Carolina, South Carolina Political Collections, Columbia, SC 29208.","","","","","","","mmsimkins05676","","","","2016-11-22","2016-11-22","http://cdm17173.contentdm.oclc.org/cdm/ref/collection/mmsimkins/id/12903",12903.0,"14263.jp2","/mmsimkins/image/14263.jp2","","",0,False,False,False,True,False,"['Empty Transcript']","[]"
"Letter from several African American men on death row in South Carolina, Page 2","","","","","","","","","","","","Copyright Not Evaluated. For further information please contact the University of South Carolina, South Carolina Political Collections, Columbia, SC 29208.","","","","","","","mmsimkins05677","","","","2016-11-22","2016-11-22","http://cdm17173.contentdm.oclc.org/cdm/ref/collection/mmsimkins/id/12904",12904.0,"14264.jp2","/mmsimkins/image/14264.jp2","","",0,False,False,False,True,False,"['Empty Transcript']","[]"
"Invitation to attend the NAACP Youth and College Division Black History Month banquet","","","","","","","","","","","","Copyright Not Evaluated. For further information please contact the University of South Carolina, South Carolina Political Collections, Columbia, SC 29208.","","","","","","","mmsimkins05678","","","","2016-11-22","2016-11-22","http://cdm17173.contentdm.oclc.org/cdm/ref/collection/mmsimkins/id/12905",12905.0,"14265.jp2","/mmsimkins/image/14265.jp2","","",0,False,False,False,True,False,"['Empty Transcript']","[]"
"Letter from the NAACP Special Contribution Fund, Page 1","","","","","","","","","","","","Copyright Not Evaluated. For further information please contact the University of South Carolina, South Carolina Political Collections, Columbia, SC 29208.","","","","","","","mmsimkins05679","","","","2016-11-22","2016-11-22","http://cdm17173.contentdm.oclc.org/cdm/ref/collection/mmsimkins/id/12906",12906.0,"14266.jp2","/mmsimkins/image/14266.jp2","","",0,False,False,False,True,False,"['Empty Transcript']","[]"
"Letter from the NAACP Special Contribution Fund, Page 2","","","","","","","","","","","","Copyright Not Evaluated. For further information please contact the University of South Carolina, South Carolina Political Collections, Columbia, SC 29208.","","","","","","","mmsimkins05680","","","","2016-11-22","2016-11-22","http://cdm17173.contentdm.oclc.org/cdm/ref/collection/mmsimkins/id/12907",12907.0,"14267.jp2","/mmsimkins/image/14267.jp2","","",0,False,False,False,True,False,"['Empty Transcript']","[]"
"Letter from the NAACP Special Contribution Fund","","","","","","","","","","","","Copyright Not Evaluated. For further information please contact the University of South Carolina, South Carolina Political Collections, Columbia, SC 29208.","","","","","","","mmsimkins05681","","","","2016-11-22","2016-11-22","http://cdm17173.contentdm.oclc.org/cdm/ref/collection/mmsimkins/id/12908",12908.0,"14268.jp2","/mmsimkins/image/14268.jp2","","",0,False,False,False,True,False,"['Empty Transcript']","[]"
"Letter from the NAACP Special Contribution Fund, Page 1","","","","","","","","","","","","Copyright Not Evaluated. For further information please contact the University of South Carolina, South Carolina Political Collections, Columbia, SC 29208.","","","","","","","mmsimkins05682","","","","2016-11-22","2016-11-22","http://cdm17173.contentdm.oclc.org/cdm/ref/collection/mmsimkins/id/12909",12909.0,"14269.jp2","/mmsimkins/image/14269.jp2","","",0,False,False,False,True,False,"['Empty Transcript']","[]"
"Letter from the NAACP Special Contribution Fund, Page 2","","","","","","","","","","","","Copyright Not Evaluated. For further information please contact the University of South Carolina, South Carolina Political Collections, Columbia, SC 29208.","","","","","","","mmsimkins05683","","","","2016-11-22","2016-11-22","http://cdm17173.contentdm.oclc.org/cdm/ref/collection/mmsimkins/id/12910",12910.0,"14270.jp2","/mmsimkins/image/14270.jp2","","",0,False,False,False,True,False,"['Empty Transcript']","[]"
"Letter from the NAACP Special Contribution Fund, Page 1","","","","","","","","","","","","Copyright Not Evaluated. For further information please contact the University of South Carolina, South Carolina Political Collections, Columbia, SC 29208.","","","","","","","mmsimkins05684","","","","2016-11-22","2016-11-22","http://cdm17173.contentdm.oclc.org/cdm/ref/collection/mmsimkins/id/12911",12911.0,"14271.jp2","/mmsimkins/image/14271.jp2","","",0,False,False,False,True,False,"['Empty Transcript']","[]"
"Letter from the NAACP Special Contribution Fund, Page 2","","","","","","","","","","","","Copyright Not Evaluated. For further information please contact the University of South Carolina, South Carolina Political Collections, Columbia, SC 29208.","","","","","","","mmsimkins05685","","","","2016-11-22","2016-11-22","http://cdm17173.contentdm.oclc.org/cdm/ref/collection/mmsimkins/id/12912",12912.0,"14272.jp2","/mmsimkins/image/14272.jp2","","",0,False,False,False,True,False,"['Empty Transcript']","[]"
"Letter from the NAACP Special Contribution Fund, Page 3","","","","","","","","","","","","Copyright Not Evaluated. For further information please contact the University of South Carolina, South Carolina Political Collections, Columbia, SC 29208.","","","","","","","mmsimkins05686","","","","2016-11-22","2016-11-22","http://cdm17173.contentdm.oclc.org/cdm/ref/collection/mmsimkins/id/12913",12913.0,"14273.jp2","/mmsimkins/image/14273.jp2","","",0,False,False,False,True,False,"['Empty Transcript']","[]"
"Letter from the NAACP Special Contribution Fund, Page 4","","","","","","","","","","","","Copyright Not Evaluated. For further information please contact the University of South Carolina, South Carolina Political Collections, Columbia, SC 29208.","","","","","","","mmsimkins05687","","","","2016-11-22","2016-11-22","http://cdm17173.contentdm.oclc.org/cdm/ref/collection/mmsimkins/id/12914",12914.0,"14274.jp2","/mmsimkins/image/14274.jp2","","",0,False,False,False,True,False,"['Empty Transcript']","[]"
"Letter to Simkins, thanking her for speaking at the Sumter Branch of the NAACP, Page 1","","","","","","","","","","","","Copyright Not Evaluated. For further information please contact the University of South Carolina, South Carolina Political Collections, Columbia, SC 29208.","","","","","","","mmsimkins05688","","","","2016-11-22","2016-11-22","http://cdm17173.contentdm.oclc.org/cdm/ref/collection/mmsimkins/id/12915",12915.0,"14275.jp2","/mmsimkins/image/14275.jp2","","",0,False,False,False,True,False,"['Empty Transcript']","[]"
"Letter to Simkins, thanking her for speaking at the Sumter Branch of the NAACP, Page 2","","","","","","","","","","","","Copyright Not Evaluated. For further information please contact the University of South Carolina, South Carolina Political Collections, Columbia, SC 29208.","","","","","","","mmsimkins05689","","","","2016-11-22","2016-11-22","http://cdm17173.contentdm.oclc.org/cdm/ref/collection/mmsimkins/id/12916",12916.0,"14276.jp2","/mmsimkins/image/14276.jp2","","",0,False,False,False,True,False,"['Empty Transcript']","[]"
"Annual meeting, January 29, 1972  - Our One Imperative, Page 1","","","","","","","","","","","","Copyright Not Evaluated. For further information please contact the University of South Carolina, South Carolina Political Collections, Columbia, SC 29208.","","","","","","","mmsimkins12892","","","","2016-11-23","2016-11-23","http://cdm17173.contentdm.oclc.org/cdm/ref/collection/mmsimkins/id/12918",12918.0,"14278.jp2","/mmsimkins/image/14278.jp2","","",0,False,False,False,True,False,"['Empty Transcript']","[]"
"Annual meeting, January 29, 1972  - Our One Imperative, Page 2","","","","","","","","","","","","Copyright Not Evaluated. For further information please contact the University of South Carolina, South Carolina Political Collections, Columbia, SC 29208.","","","","","","","mmsimkins12893","","","","2016-11-23","2016-11-23","http://cdm17173.contentdm.oclc.org/cdm/ref/collection/mmsimkins/id/12919",12919.0,"14279.jp2","/mmsimkins/image/14279.jp2","","",0,False,False,False,True,False,"['Empty Transcript']","[]"
"Annual meeting, January 29, 1972  - Our One Imperative, Page 3","","","","","","","","","","","","Copyright Not Evaluated. For further information please contact the University of South Carolina, South Carolina Political Collections, Columbia, SC 29208.","","","","","","","mmsimkins12894","","","","2016-11-23","2016-11-23","http://cdm17173.contentdm.oclc.org/cdm/ref/collection/mmsimkins/id/12920",12920.0,"14280.jp2","/mmsimkins/image/14280.jp2","","",0,False,False,False,True,False,"['Empty Transcript']","[]"
"Annual meeting, January 29, 1972  - Our One Imperative, Page 4","","","","","","","","","","","","Copyright Not Evaluated. For further information please contact the University of South Carolina, South Carolina Political Collections, Columbia, SC 29208.","","","","","","","mmsimkins12895","","","","2016-11-23","2016-11-23","http://cdm17173.contentdm.oclc.org/cdm/ref/collection/mmsimkins/id/12921",12921.0,"14281.jp2","/mmsimkins/image/14281.jp2","","",0,False,False,False,True,False,"['Empty Transcript']","[]"
"Annual meeting, January 29, 1972  - Our One Imperative, Page 5","","","","","","","","","","","","Copyright Not Evaluated. For further information please contact the University of South Carolina, South Carolina Political Collections, Columbia, SC 29208.","","","","","","","mmsimkins12896","","","","2016-11-23","2016-11-23","http://cdm17173.contentdm.oclc.org/cdm/ref/collection/mmsimkins/id/12922",12922.0,"14282.jp2","/mmsimkins/image/14282.jp2","","",0,False,False,False,True,False,"['Empty Transcript']","[]"
"Annual meeting, January 29, 1972  - Our One Imperative, Page 6","","","","","","","","","","","","Copyright Not Evaluated. For further information please contact the University of South Carolina, South Carolina Political Collections, Columbia, SC 29208.","","","","","","","mmsimkins12897","","","","2016-11-23","2016-11-23","http://cdm17173.contentdm.oclc.org/cdm/ref/collection/mmsimkins/id/12923",12923.0,"14283.jp2","/mmsimkins/image/14283.jp2","","",0,False,False,False,True,False,"['Empty Transcript']","[]"
"Program for First Annual Awards Luncheon, December 11, 1977, Page 1","","","","","","","","","","","","Copyright Not Evaluated. For further information please contact the University of South Carolina, South Carolina Political Collections, Columbia, SC 29208.","","","","","","","mmsimkins12898","","","","2016-11-23","2016-11-23","http://cdm17173.contentdm.oclc.org/cdm/ref/collection/mmsimkins/id/12924",12924.0,"14284.jp2","/mmsimkins/image/14284.jp2","","",0,False,False,False,True,False,"['Empty Transcript']","[]"
"Program for First Annual Awards Luncheon, December 11, 1977, Page 2","","","","","","","","","","","","Copyright Not Evaluated. For further information please contact the University of South Carolina, South Carolina Political Collections, Columbia, SC 29208.","","","","","","","mmsimkins12899","","","","2016-11-23","2016-11-23","http://cdm17173.contentdm.oclc.org/cdm/ref/collection/mmsimkins/id/12925",12925.0,"14285.jp2","/mmsimkins/image/14285.jp2","","",0,False,False,False,True,False,"['Empty Transcript']","[]"
"Program for First Annual Awards Luncheon, December 11, 1977, Page 3","","","","","","","","","","","","Copyright Not Evaluated. For further information please contact the University of South Carolina, South Carolina Political Collections, Columbia, SC 29208.","","","","","","","mmsimkins12900","","","","2016-11-23","2016-11-23","http://cdm17173.contentdm.oclc.org/cdm/ref/collection/mmsimkins/id/12926",12926.0,"14286.jp2","/mmsimkins/image/14286.jp2","","",0,False,False,False,True,False,"['Empty Transcript']","[]"
"Program for First Annual Awards Luncheon, December 11, 1977, Page 4","","","","","","","","","","","","Copyright Not Evaluated. For further information please contact the University of South Carolina, South Carolina Political Collections, Columbia, SC 29208.","","","","","","","mmsimkins12901","","","","2016-11-23","2016-11-23","http://cdm17173.contentdm.oclc.org/cdm/ref/collection/mmsimkins/id/12927",12927.0,"14287.jp2","/mmsimkins/image/14287.jp2","","",0,False,False,False,True,False,"['Empty Transcript']","[]"
"Program for First Annual Awards Luncheon, December 11, 1977, Page 5","","","","","","","","","","","","Copyright Not Evaluated. For further information please contact the University of South Carolina, South Carolina Political Collections, Columbia, SC 29208.","","","","","","","mmsimkins12902","","","","2016-11-23","2016-11-23","http://cdm17173.contentdm.oclc.org/cdm/ref/collection/mmsimkins/id/12928",12928.0,"14288.jp2","/mmsimkins/image/14288.jp2","","",0,False,False,False,True,False,"['Empty Transcript']","[]"
"Program for First Annual Awards Luncheon, December 11, 1977, Page 6","","","","","","","","","","","","Copyright Not Evaluated. For further information please contact the University of South Carolina, South Carolina Political Collections, Columbia, SC 29208.","","","","","","","mmsimkins12903","","","","2016-11-23","2016-11-23","http://cdm17173.contentdm.oclc.org/cdm/ref/collection/mmsimkins/id/12929",12929.0,"14289.jp2","/mmsimkins/image/14289.jp2","","",0,False,False,False,True,False,"['Empty Transcript']","[]"
"Program for First Annual Awards Luncheon, December 11, 1977, Page 7","","","","","","","","","","","","Copyright Not Evaluated. For further information please contact the University of South Carolina, South Carolina Political Collections, Columbia, SC 29208.","","","","","","","mmsimkins12904","","","","2016-11-23","2016-11-23","http://cdm17173.contentdm.oclc.org/cdm/ref/collection/mmsimkins/id/12930",12930.0,"14290.jp2","/mmsimkins/image/14290.jp2","","",0,False,False,False,True,False,"['Empty Transcript']","[]"
"List of founders - William L. Patterson Foundation","","","","","","","","","","","","Copyright Not Evaluated. For further information please contact the University of South Carolina, South Carolina Political Collections, Columbia, SC 29208.","","","","","","","mmsimkins12905","","","","2016-11-23","2016-11-23","http://cdm17173.contentdm.oclc.org/cdm/ref/collection/mmsimkins/id/12931",12931.0,"14291.jp2","/mmsimkins/image/14291.jp2","","",0,False,False,False,True,False,"['Empty Transcript']","[]"
"Letter from Coretta Scott King and Congressman Andrew Young, Spring, 1974, Page 1","","","","","","","","","","","","Copyright Not Evaluated. For further information please contact the University of South Carolina, South Carolina Political Collections, Columbia, SC 29208.","","","","","","","mmsimkins12906","","","","2016-11-23","2016-11-23","http://cdm17173.contentdm.oclc.org/cdm/ref/collection/mmsimkins/id/12932",12932.0,"14292.jp2","/mmsimkins/image/14292.jp2","","",0,False,False,False,True,False,"['Empty Transcript']","[]"
"Letter from Coretta Scott King and Congressman Andrew Young, Spring, 1974, Page 2","","","","","","","","","","","","Copyright Not Evaluated. For further information please contact the University of South Carolina, South Carolina Political Collections, Columbia, SC 29208.","","","","","","","mmsimkins12907","","","","2016-11-23","2016-11-23","http://cdm17173.contentdm.oclc.org/cdm/ref/collection/mmsimkins/id/12933",12933.0,"14293.jp2","/mmsimkins/image/14293.jp2","","",0,False,False,False,True,False,"['Empty Transcript']","[]"
"Notice of Board meeting - Public Voice, December 19, 1974","","","","","","","","","","","","Copyright Not Evaluated. For further information please contact the University of South Carolina, South Carolina Political Collections, Columbia, SC 29208.","","","","","","","mmsimkins12908","","","","2016-11-23","2016-11-23","http://cdm17173.contentdm.oclc.org/cdm/ref/collection/mmsimkins/id/12934",12934.0,"14294.jp2","/mmsimkins/image/14294.jp2","","",0,False,False,False,True,False,"['Empty Transcript']","[]"
"Minutes of the meeting of October 12, 1974, Page 1","","","","","","","","","","","","Copyright Not Evaluated. For further information please contact the University of South Carolina, South Carolina Political Collections, Columbia, SC 29208.","","","","","","","mmsimkins12909","","","","2016-11-23","2016-11-23","http://cdm17173.contentdm.oclc.org/cdm/ref/collection/mmsimkins/id/12935",12935.0,"14295.jp2","/mmsimkins/image/14295.jp2","","",0,False,False,False,True,False,"['Empty Transcript']","[]"
"Minutes of the meeting of October 12, 1974, Page 2","","","","","","","","","","","","Copyright Not Evaluated. For further information please contact the University of South Carolina, South Carolina Political Collections, Columbia, SC 29208.","","","","","","","mmsimkins12910","","","","2016-11-23","2016-11-23","http://cdm17173.contentdm.oclc.org/cdm/ref/collection/mmsimkins/id/12936",12936.0,"14296.jp2","/mmsimkins/image/14296.jp2","","",0,False,False,False,True,False,"['Empty Transcript']","[]"
"Minutes of the meeting of October 12, 1974, Page 3","","","","","","","","","","","","Copyright Not Evaluated. For further information please contact the University of South Carolina, South Carolina Political Collections, Columbia, SC 29208.","","","","","","","mmsimkins12911","","","","2016-11-23","2016-11-23","http://cdm17173.contentdm.oclc.org/cdm/ref/collection/mmsimkins/id/12937",12937.0,"14297.jp2","/mmsimkins/image/14297.jp2","","",0,False,False,False,True,False,"['Empty Transcript']","[]"
"Memorandum to Bill Harden regarding Public Voice, 1975, Page 1","","","","","","","","","","","","Copyright Not Evaluated. For further information please contact the University of South Carolina, South Carolina Political Collections, Columbia, SC 29208.","","","","","","","mmsimkins12912","","","","2016-11-23","2016-11-23","http://cdm17173.contentdm.oclc.org/cdm/ref/collection/mmsimkins/id/12938",12938.0,"14298.jp2","/mmsimkins/image/14298.jp2","","",0,False,False,False,True,False,"['Empty Transcript']","[]"
"Memorandum to Bill Harden regarding Public Voice, 1975, Page 2","","","","","","","","","","","","Copyright Not Evaluated. For further information please contact the University of South Carolina, South Carolina Political Collections, Columbia, SC 29208.","","","","","","","mmsimkins12913","","","","2016-11-23","2016-11-23","http://cdm17173.contentdm.oclc.org/cdm/ref/collection/mmsimkins/id/12939",12939.0,"14299.jp2","/mmsimkins/image/14299.jp2","","",0,False,False,False,True,False,"['Empty Transcript']","[]"
"Memorandum to Bill Harden regarding Public Voice, 1975, Page 3","","","","","","","","","","","","Copyright Not Evaluated. For further information please contact the University of South Carolina, South Carolina Political Collections, Columbia, SC 29208.","","","","","","","mmsimkins12914","","","","2016-11-23","2016-11-23","http://cdm17173.contentdm.oclc.org/cdm/ref/collection/mmsimkins/id/12940",12940.0,"14300.jp2","/mmsimkins/image/14300.jp2","","",0,False,False,False,True,False,"['Empty Transcript']","[]"
"Memorandum to Bill Harden regarding Public Voice, 1975, Page 4","","","","","","","","","","","","Copyright Not Evaluated. For further information please contact the University of South Carolina, South Carolina Political Collections, Columbia, SC 29208.","","","","","","","mmsimkins12915","","","","2016-11-23","2016-11-23","http://cdm17173.contentdm.oclc.org/cdm/ref/collection/mmsimkins/id/12941",12941.0,"14301.jp2","/mmsimkins/image/14301.jp2","","",0,False,False,False,True,False,"['Empty Transcript']","[]"
"Memorandum to Bill Harden regarding Public Voice, 1975, Page 5","","","","","","","","","","","","Copyright Not Evaluated. For further information please contact the University of South Carolina, South Carolina Political Collections, Columbia, SC 29208.","","","","","","","mmsimkins12916","","","","2016-11-23","2016-11-23","http://cdm17173.contentdm.oclc.org/cdm/ref/collection/mmsimkins/id/12942",12942.0,"14302.jp2","/mmsimkins/image/14302.jp2","","",0,False,False,False,True,False,"['Empty Transcript']","[]"
"Memorandum to Bill Harden regarding Public Voice, 1975, Page 6","","","","","","","","","","","","Copyright Not Evaluated. For further information please contact the University of South Carolina, South Carolina Political Collections, Columbia, SC 29208.","","","","","","","mmsimkins12917","","","","2016-11-23","2016-11-23","http://cdm17173.contentdm.oclc.org/cdm/ref/collection/mmsimkins/id/12943",12943.0,"14303.jp2","/mmsimkins/image/14303.jp2","","",0,False,False,False,True,False,"['Empty Transcript']","[]"
"Memorandum to Bill Harden regarding Public Voice, 1975, Page 7","","","","","","","","","","","","Copyright Not Evaluated. For further information please contact the University of South Carolina, South Carolina Political Collections, Columbia, SC 29208.","","","","","","","mmsimkins12918","","","","2016-11-23","2016-11-23","http://cdm17173.contentdm.oclc.org/cdm/ref/collection/mmsimkins/id/12944",12944.0,"14304.jp2","/mmsimkins/image/14304.jp2","","",0,False,False,False,True,False,"['Empty Transcript']","[]"
"Memorandum to Bill Harden regarding Public Voice, 1975, Page 8","","","","","","","","","","","","Copyright Not Evaluated. For further information please contact the University of South Carolina, South Carolina Political Collections, Columbia, SC 29208.","","","","","","","mmsimkins12919","","","","2016-11-23","2016-11-23","http://cdm17173.contentdm.oclc.org/cdm/ref/collection/mmsimkins/id/12945",12945.0,"14305.jp2","/mmsimkins/image/14305.jp2","","",0,False,False,False,True,False,"['Empty Transcript']","[]"
"Memorandum to Bill Harden regarding Public Voice, 1975, Page 9","","","","","","","","","","","","Copyright Not Evaluated. For further information please contact the University of South Carolina, South Carolina Political Collections, Columbia, SC 29208.","","","","","","","mmsimkins12920","","","","2016-11-23","2016-11-23","http://cdm17173.contentdm.oclc.org/cdm/ref/collection/mmsimkins/id/12946",12946.0,"14306.jp2","/mmsimkins/image/14306.jp2","","",0,False,False,False,True,False,"['Empty Transcript']","[]"
"Letter to Mrs. Simkins, from Alex Hurder, November 26, 1975","","","","","","","","","","","","Copyright Not Evaluated. For further information please contact the University of South Carolina, South Carolina Political Collections, Columbia, SC 29208.","","","","","","","mmsimkins12921","","","","2016-11-23","2016-11-23","http://cdm17173.contentdm.oclc.org/cdm/ref/collection/mmsimkins/id/12947",12947.0,"14307.jp2","/mmsimkins/image/14307.jp2","","",0,False,False,False,True,False,"['Empty Transcript']","[]"
"Celebration of Jessica Smith's eightieth birthday and fortieth year as editor of New World Review, February 1, 1976, Page 1","","","","","","","","","","","","Copyright Not Evaluated. For further information please contact the University of South Carolina, South Carolina Political Collections, Columbia, SC 29208.","","","","","","","mmsimkins12922","","","","2016-11-23","2016-11-23","http://cdm17173.contentdm.oclc.org/cdm/ref/collection/mmsimkins/id/12948",12948.0,"14308.jp2","/mmsimkins/image/14308.jp2","","",0,False,False,False,True,False,"['Empty Transcript']","[]"
"Celebration of Jessica Smith's eightieth birthday and fortieth year as editor of New World Review, February 1, 1976, Page 2","","","","","","","","","","","","Copyright Not Evaluated. For further information please contact the University of South Carolina, South Carolina Political Collections, Columbia, SC 29208.","","","","","","","mmsimkins12923","","","","2016-11-23","2016-11-23","http://cdm17173.contentdm.oclc.org/cdm/ref/collection/mmsimkins/id/12949",12949.0,"14309.jp2","/mmsimkins/image/14309.jp2","","",0,False,False,False,True,False,"['Empty Transcript']","[]"
"Celebration of Jessica Smith's eightieth birthday and fortieth year as editor of New World Review, February 1, 1976, Page 3","","","","","","","","","","","","Copyright Not Evaluated. For further information please contact the University of South Carolina, South Carolina Political Collections, Columbia, SC 29208.","","","","","","","mmsimkins12924","","","","2016-11-23","2016-11-23","http://cdm17173.contentdm.oclc.org/cdm/ref/collection/mmsimkins/id/12950",12950.0,"14310.jp2","/mmsimkins/image/14310.jp2","","",0,False,False,False,True,False,"['Empty Transcript']","[]"
"Celebration of Jessica Smith's eightieth birthday and fortieth year as editor of New World Review, February 1, 1976, Page 4","","","","","","","","","","","","Copyright Not Evaluated. For further information please contact the University of South Carolina, South Carolina Political Collections, Columbia, SC 29208.","","","","","","","mmsimkins12925","","","","2016-11-23","2016-11-23","http://cdm17173.contentdm.oclc.org/cdm/ref/collection/mmsimkins/id/12951",12951.0,"14311.jp2","/mmsimkins/image/14311.jp2","","",0,False,False,False,True,False,"['Empty Transcript']","[]"
"Celebration of Jessica Smith's eightieth birthday and fortieth year as editor of New World Review, February 1, 1976, Page 5","","","","","","","","","","","","Copyright Not Evaluated. For further information please contact the University of South Carolina, South Carolina Political Collections, Columbia, SC 29208.","","","","","","","mmsimkins12926","","","","2016-11-23","2016-11-23","http://cdm17173.contentdm.oclc.org/cdm/ref/collection/mmsimkins/id/12952",12952.0,"14312.jp2","/mmsimkins/image/14312.jp2","","",0,False,False,False,True,False,"['Empty Transcript']","[]"
"North Carolina: Laboratory for Racism and Repression, Page 1","","","","","","","","","","","","Copyright Not Evaluated. For further information please contact the University of South Carolina, South Carolina Political Collections, Columbia, SC 29208.","","","","","","","mmsimkins12927","","","","2016-11-23","2016-11-23","http://cdm17173.contentdm.oclc.org/cdm/ref/collection/mmsimkins/id/12953",12953.0,"14313.jp2","/mmsimkins/image/14313.jp2","","",0,False,False,False,True,False,"['Empty Transcript']","[]"
"North Carolina: Laboratory for Racism and Repression, Page 2","","","","","","","","","","","","Copyright Not Evaluated. For further information please contact the University of South Carolina, South Carolina Political Collections, Columbia, SC 29208.","","","","","","","mmsimkins12928","","","","2016-11-23","2016-11-23","http://cdm17173.contentdm.oclc.org/cdm/ref/collection/mmsimkins/id/12954",12954.0,"14314.jp2","/mmsimkins/image/14314.jp2","","",0,False,False,False,True,False,"['Empty Transcript']","[]"
"North Carolina: Laboratory for Racism and Repression, Page 3","","","","","","","","","","","","Copyright Not Evaluated. For further information please contact the University of South Carolina, South Carolina Political Collections, Columbia, SC 29208.","","","","","","","mmsimkins12929","","","","2016-11-23","2016-11-23","http://cdm17173.contentdm.oclc.org/cdm/ref/collection/mmsimkins/id/12955",12955.0,"14315.jp2","/mmsimkins/image/14315.jp2","","",0,False,False,False,True,False,"['Empty Transcript']","[]"
"North Carolina: Laboratory for Racism and Repression, Page 4","","","","","","","","","","","","Copyright Not Evaluated. For further information please contact the University of South Carolina, South Carolina Political Collections, Columbia, SC 29208.","","","","","","","mmsimkins12930","","","","2016-11-23","2016-11-23","http://cdm17173.contentdm.oclc.org/cdm/ref/collection/mmsimkins/id/12956",12956.0,"14316.jp2","/mmsimkins/image/14316.jp2","","",0,False,False,False,True,False,"['Empty Transcript']","[]"
"North Carolina: Laboratory for Racism and Repression, Page 5","","","","","","","","","","","","Copyright Not Evaluated. For further information please contact the University of South Carolina, South Carolina Political Collections, Columbia, SC 29208.","","","","","","","mmsimkins12931","","","","2016-11-23","2016-11-23","http://cdm17173.contentdm.oclc.org/cdm/ref/collection/mmsimkins/id/12957",12957.0,"14317.jp2","/mmsimkins/image/14317.jp2","","",0,False,False,False,True,False,"['Empty Transcript']","[]"
"North Carolina: Laboratory for Racism and Repression, Page 6","","","","","","","","","","","","Copyright Not Evaluated. For further information please contact the University of South Carolina, South Carolina Political Collections, Columbia, SC 29208.","","","","","","","mmsimkins12932","","","","2016-11-23","2016-11-23","http://cdm17173.contentdm.oclc.org/cdm/ref/collection/mmsimkins/id/12958",12958.0,"14318.jp2","/mmsimkins/image/14318.jp2","","",0,False,False,False,True,False,"['Empty Transcript']","[]"
"North Carolina: Laboratory for Racism and Repression, Page 7","","","","","","","","","","","","Copyright Not Evaluated. For further information please contact the University of South Carolina, South Carolina Political Collections, Columbia, SC 29208.","","","","","","","mmsimkins12933","","","","2016-11-23","2016-11-23","http://cdm17173.contentdm.oclc.org/cdm/ref/collection/mmsimkins/id/12959",12959.0,"14319.jp2","/mmsimkins/image/14319.jp2","","",0,False,False,False,True,False,"['Empty Transcript']","[]"
"North Carolina: Laboratory for Racism and Repression, Page 8","","","","","","","","","","","","Copyright Not Evaluated. For further information please contact the University of South Carolina, South Carolina Political Collections, Columbia, SC 29208.","","","","","","","mmsimkins12934","","","","2016-11-23","2016-11-23","http://cdm17173.contentdm.oclc.org/cdm/ref/collection/mmsimkins/id/12960",12960.0,"14320.jp2","/mmsimkins/image/14320.jp2","","",0,False,False,False,True,False,"['Empty Transcript']","[]"
"North Carolina: Laboratory for Racism and Repression, Page 9","","","","","","","","","","","","Copyright Not Evaluated. For further information please contact the University of South Carolina, South Carolina Political Collections, Columbia, SC 29208.","","","","","","","mmsimkins12935","","","","2016-11-23","2016-11-23","http://cdm17173.contentdm.oclc.org/cdm/ref/collection/mmsimkins/id/12961",12961.0,"14321.jp2","/mmsimkins/image/14321.jp2","","",0,False,False,False,True,False,"['Empty Transcript']","[]"
"North Carolina: Laboratory for Racism and Repression, Page 10","","","","","","","","","","","","Copyright Not Evaluated. For further information please contact the University of South Carolina, South Carolina Political Collections, Columbia, SC 29208.","","","","","","","mmsimkins12937","","","","2016-11-23","2016-11-23","http://cdm17173.contentdm.oclc.org/cdm/ref/collection/mmsimkins/id/12962",12962.0,"14322.jp2","/mmsimkins/image/14322.jp2","","",0,False,False,False,True,False,"['Empty Transcript']","[]"
"North Carolina: Laboratory for Racism and Repression, Page 11","","","","","","","","","","","","Copyright Not Evaluated. For further information please contact the University of South Carolina, South Carolina Political Collections, Columbia, SC 29208.","","","","","","","mmsimkins12938","","","","2016-11-23","2016-11-23","http://cdm17173.contentdm.oclc.org/cdm/ref/collection/mmsimkins/id/12963",12963.0,"14323.jp2","/mmsimkins/image/14323.jp2","","",0,False,False,False,True,False,"['Empty Transcript']","[]"
"North Carolina: Laboratory for Racism and Repression, Page 12","","","","","","","","","","","","Copyright Not Evaluated. For further information please contact the University of South Carolina, South Carolina Political Collections, Columbia, SC 29208.","","","","","","","mmsimkins12939","","","","2016-11-23","2016-11-23","http://cdm17173.contentdm.oclc.org/cdm/ref/collection/mmsimkins/id/12964",12964.0,"14324.jp2","/mmsimkins/image/14324.jp2","","",0,False,False,False,True,False,"['Empty Transcript']","[]"
"North Carolina: Laboratory for Racism and Repression, Page 13","","","","","","","","","","","","Copyright Not Evaluated. For further information please contact the University of South Carolina, South Carolina Political Collections, Columbia, SC 29208.","","","","","","","mmsimkins12940","","","","2016-11-23","2016-11-23","http://cdm17173.contentdm.oclc.org/cdm/ref/collection/mmsimkins/id/12965",12965.0,"14325.jp2","/mmsimkins/image/14325.jp2","","",0,False,False,False,True,False,"['Empty Transcript']","[]"
"Southern Newsletter, Volume 5, Number 5 - September, 1960, Page 1","","","","","","","","","","","","Copyright Not Evaluated. For further information please contact the University of South Carolina, South Carolina Political Collections, Columbia, SC 29208.","","","","","","","mmsimkins12829","","","","2016-11-23","2016-11-23","http://cdm17173.contentdm.oclc.org/cdm/ref/collection/mmsimkins/id/12967",12967.0,"14327.jp2","/mmsimkins/image/14327.jp2","","",0,False,False,False,True,False,"['Empty Transcript']","[]"
"Southern Newsletter, Volume 5, Number 5 - September, 1960, Page 2","","","","","","","","","","","","Copyright Not Evaluated. For further information please contact the University of South Carolina, South Carolina Political Collections, Columbia, SC 29208.","","","","","","","mmsimkins12830","","","","2016-11-23","2016-11-23","http://cdm17173.contentdm.oclc.org/cdm/ref/collection/mmsimkins/id/12968",12968.0,"14328.jp2","/mmsimkins/image/14328.jp2","","",0,False,False,False,True,False,"['Empty Transcript']","[]"
"Southern Newsletter, Volume 5, Number 5 - September, 1960, Page 3","","","","","","","","","","","","Copyright Not Evaluated. For further information please contact the University of South Carolina, South Carolina Political Collections, Columbia, SC 29208.","","","","","","","mmsimkins12831","","","","2016-11-23","2016-11-23","http://cdm17173.contentdm.oclc.org/cdm/ref/collection/mmsimkins/id/12969",12969.0,"14329.jp2","/mmsimkins/image/14329.jp2","","",0,False,False,False,True,False,"['Empty Transcript']","[]"
"Southern Newsletter, Volume 5, Number 5 - September, 1960, Page 4","","","","","","","","","","","","Copyright Not Evaluated. For further information please contact the University of South Carolina, South Carolina Political Collections, Columbia, SC 29208.","","","","","","","mmsimkins12833","","","","2016-11-23","2016-11-23","http://cdm17173.contentdm.oclc.org/cdm/ref/collection/mmsimkins/id/12970",12970.0,"14330.jp2","/mmsimkins/image/14330.jp2","","",0,False,False,False,True,False,"['Empty Transcript']","[]"
"Southern Newsletter, Volume 5, Number 5 - September, 1960, Page 5","","","","","","","","","","","","Copyright Not Evaluated. For further information please contact the University of South Carolina, South Carolina Political Collections, Columbia, SC 29208.","","","","","","","mmsimkins12834","","","","2016-11-23","2016-11-23","http://cdm17173.contentdm.oclc.org/cdm/ref/collection/mmsimkins/id/12971",12971.0,"14331.jp2","/mmsimkins/image/14331.jp2","","",0,False,False,False,True,False,"['Empty Transcript']","[]"
"Southern Newsletter, Volume 5, Number 5 - September, 1960, Page 6","","","","","","","","","","","","Copyright Not Evaluated. For further information please contact the University of South Carolina, South Carolina Political Collections, Columbia, SC 29208.","","","","","","","mmsimkins12835","","","","2016-11-23","2016-11-23","http://cdm17173.contentdm.oclc.org/cdm/ref/collection/mmsimkins/id/12972",12972.0,"14332.jp2","/mmsimkins/image/14332.jp2","","",0,False,False,False,True,False,"['Empty Transcript']","[]"
"Southern Newsletter, Volume 5, Number 5 - September, 1960, Page 7","","","","","","","","","","","","Copyright Not Evaluated. For further information please contact the University of South Carolina, South Carolina Political Collections, Columbia, SC 29208.","","","","","","","mmsimkins12836","","","","2016-11-23","2016-11-23","http://cdm17173.contentdm.oclc.org/cdm/ref/collection/mmsimkins/id/12973",12973.0,"14333.jp2","/mmsimkins/image/14333.jp2","","",0,False,False,False,True,False,"['Empty Transcript']","[]"
"Southern Newsletter, Volume 5, Number 5 - September, 1960, Page 8","","","","","","","","","","","","Copyright Not Evaluated. For further information please contact the University of South Carolina, South Carolina Political Collections, Columbia, SC 29208.","","","","","","","mmsimkins12837","","","","2016-11-23","2016-11-23","http://cdm17173.contentdm.oclc.org/cdm/ref/collection/mmsimkins/id/12974",12974.0,"14334.jp2","/mmsimkins/image/14334.jp2","","",0,False,False,False,True,False,"['Empty Transcript']","[]"
"Southern Newsletter, Volume 5, Number 5 - September, 1960, Page 9","","","","","","","","","","","","Copyright Not Evaluated. For further information please contact the University of South Carolina, South Carolina Political Collections, Columbia, SC 29208.","","","","","","","mmsimkins12838","","","","2016-11-23","2016-11-23","http://cdm17173.contentdm.oclc.org/cdm/ref/collection/mmsimkins/id/12975",12975.0,"14335.jp2","/mmsimkins/image/14335.jp2","","",0,False,False,False,True,False,"['Empty Transcript']","[]"
"Southern Newsletter, Volume 5, Number 5 - September, 1960, Page 10","","","","","","","","","","","","Copyright Not Evaluated. For further information please contact the University of South Carolina, South Carolina Political Collections, Columbia, SC 29208.","","","","","","","mmsimkins12839","","","","2016-11-23","2016-11-23","http://cdm17173.contentdm.oclc.org/cdm/ref/collection/mmsimkins/id/12976",12976.0,"14336.jp2","/mmsimkins/image/14336.jp2","","",0,False,False,False,True,False,"['Empty Transcript']","[]"
"Southern Labor News","","","","","","","","","","","","Copyright Not Evaluated. For further information please contact the University of South Carolina, South Carolina Political Collections, Columbia, SC 29208.","","","","","","","mmsimkins12840","","","","2016-11-23","2016-11-23","http://cdm17173.contentdm.oclc.org/cdm/ref/collection/mmsimkins/id/12977",12977.0,"14337.jp2","/mmsimkins/image/14337.jp2","","",0,False,False,False,True,False,"['Empty Transcript']","[]"
"Statement on Clemson briefing, Page 1","","","","","","","","","","","","Copyright Not Evaluated. For further information please contact the University of South Carolina, South Carolina Political Collections, Columbia, SC 29208.","","","","","","","mmsimkins12841","","","","2016-11-23","2016-11-23","http://cdm17173.contentdm.oclc.org/cdm/ref/collection/mmsimkins/id/12978",12978.0,"14338.jp2","/mmsimkins/image/14338.jp2","","",0,False,False,False,True,False,"['Empty Transcript']","[]"
"Statement on Clemson briefing, Page 2","","","","","","","","","","","","Copyright Not Evaluated. For further information please contact the University of South Carolina, South Carolina Political Collections, Columbia, SC 29208.","","","","","","","mmsimkins12842","","","","2016-11-23","2016-11-23","http://cdm17173.contentdm.oclc.org/cdm/ref/collection/mmsimkins/id/12979",12979.0,"14339.jp2","/mmsimkins/image/14339.jp2","","",0,False,False,False,True,False,"['Empty Transcript']","[]"
"The Student Voice, Volume 5, Number 17, July 22, 1964, Page 1","","","","","","","","","","","","Copyright Not Evaluated. For further information please contact the University of South Carolina, South Carolina Political Collections, Columbia, SC 29208.","","","","","","","mmsimkins12843","","","","2016-11-23","2016-11-23","http://cdm17173.contentdm.oclc.org/cdm/ref/collection/mmsimkins/id/12980",12980.0,"14340.jp2","/mmsimkins/image/14340.jp2","","",0,False,False,False,True,False,"['Empty Transcript']","[]"
"The Student Voice, Volume 5, Number 17, July 22, 1964, Page 2","","","","","","","","","","","","Copyright Not Evaluated. For further information please contact the University of South Carolina, South Carolina Political Collections, Columbia, SC 29208.","","","","","","","mmsimkins12844","","","","2016-11-23","2016-11-23","http://cdm17173.contentdm.oclc.org/cdm/ref/collection/mmsimkins/id/12981",12981.0,"14341.jp2","/mmsimkins/image/14341.jp2","","",0,False,False,False,True,False,"['Empty Transcript']","[]"
"The Student Voice, Volume 5, Number 17, July 22, 1964, Page 3","","","","","","","","","","","","Copyright Not Evaluated. For further information please contact the University of South Carolina, South Carolina Political Collections, Columbia, SC 29208.","","","","","","","mmsimkins12845","","","","2016-11-23","2016-11-23","http://cdm17173.contentdm.oclc.org/cdm/ref/collection/mmsimkins/id/12982",12982.0,"14342.jp2","/mmsimkins/image/14342.jp2","","",0,False,False,False,True,False,"['Empty Transcript']","[]"
"Answer to Governor McNair's attack on visiting students","","","","","","","","","","","","Copyright Not Evaluated. For further information please contact the University of South Carolina, South Carolina Political Collections, Columbia, SC 29208.","","","","","","","mmsimkins12846","","","","2016-11-23","2016-11-23","http://cdm17173.contentdm.oclc.org/cdm/ref/collection/mmsimkins/id/12983",12983.0,"14343.jp2","/mmsimkins/image/14343.jp2","","",0,False,False,False,True,False,"['Empty Transcript']","[]"
"The New South Student, May, 1966, Volume 3, Number 3, Page 1","","","","","","","","","","","","Copyright Not Evaluated. For further information please contact the University of South Carolina, South Carolina Political Collections, Columbia, SC 29208.","","","","","","","mmsimkins12847","","","","2016-11-23","2016-11-23","http://cdm17173.contentdm.oclc.org/cdm/ref/collection/mmsimkins/id/12984",12984.0,"14344.jp2","/mmsimkins/image/14344.jp2","","",0,False,False,False,True,False,"['Empty Transcript']","[]"
"The New South Student, May, 1966, Volume 3, Number 3, Page 2","","","","","","","","","","","","Copyright Not Evaluated. For further information please contact the University of South Carolina, South Carolina Political Collections, Columbia, SC 29208.","","","","","","","mmsimkins12848","","","","2016-11-23","2016-11-23","http://cdm17173.contentdm.oclc.org/cdm/ref/collection/mmsimkins/id/12985",12985.0,"14345.jp2","/mmsimkins/image/14345.jp2","","",0,False,False,False,True,False,"['Empty Transcript']","[]"
"The New South Student, May, 1966, Volume 3, Number 3, Page 3","","","","","","","","","","","","Copyright Not Evaluated. For further information please contact the University of South Carolina, South Carolina Political Collections, Columbia, SC 29208.","","","","","","","mmsimkins12849","","","","2016-11-23","2016-11-23","http://cdm17173.contentdm.oclc.org/cdm/ref/collection/mmsimkins/id/12986",12986.0,"14346.jp2","/mmsimkins/image/14346.jp2","","",0,False,False,False,True,False,"['Empty Transcript']","[]"
"The New South Student, May, 1966, Volume 3, Number 3, Page 4","","","","","","","","","","","","Copyright Not Evaluated. For further information please contact the University of South Carolina, South Carolina Political Collections, Columbia, SC 29208.","","","","","","","mmsimkins12850","","","","2016-11-23","2016-11-23","http://cdm17173.contentdm.oclc.org/cdm/ref/collection/mmsimkins/id/12987",12987.0,"14347.jp2","/mmsimkins/image/14347.jp2","","",0,False,False,False,True,False,"['Empty Transcript']","[]"
"The New South Student, May, 1966, Volume 3, Number 3, Page 5","","","","","","","","","","","","Copyright Not Evaluated. For further information please contact the University of South Carolina, South Carolina Political Collections, Columbia, SC 29208.","","","","","","","mmsimkins12851","","","","2016-11-23","2016-11-23","http://cdm17173.contentdm.oclc.org/cdm/ref/collection/mmsimkins/id/12988",12988.0,"14348.jp2","/mmsimkins/image/14348.jp2","","",0,False,False,False,True,False,"['Empty Transcript']","[]"
"The New South Student, May, 1966, Volume 3, Number 3, Page 6","","","","","","","","","","","","Copyright Not Evaluated. For further information please contact the University of South Carolina, South Carolina Political Collections, Columbia, SC 29208.","","","","","","","mmsimkins12852","","","","2016-11-23","2016-11-23","http://cdm17173.contentdm.oclc.org/cdm/ref/collection/mmsimkins/id/12989",12989.0,"14349.jp2","/mmsimkins/image/14349.jp2","","",0,False,False,False,True,False,"['Empty Transcript']","[]"
"The New South Student, May, 1966, Volume 3, Number 3, Page 7","","","","","","","","","","","","Copyright Not Evaluated. For further information please contact the University of South Carolina, South Carolina Political Collections, Columbia, SC 29208.","","","","","","","mmsimkins12853","","","","2016-11-23","2016-11-23","http://cdm17173.contentdm.oclc.org/cdm/ref/collection/mmsimkins/id/12990",12990.0,"14350.jp2","/mmsimkins/image/14350.jp2","","",0,False,False,False,True,False,"['Empty Transcript']","[]"
"The New South Student, May, 1966, Volume 3, Number 3, Page 8","","","","","","","","","","","","Copyright Not Evaluated. For further information please contact the University of South Carolina, South Carolina Political Collections, Columbia, SC 29208.","","","","","","","mmsimkins12854","","","","2016-11-23","2016-11-23","http://cdm17173.contentdm.oclc.org/cdm/ref/collection/mmsimkins/id/12991",12991.0,"14351.jp2","/mmsimkins/image/14351.jp2","","",0,False,False,False,True,False,"['Empty Transcript']","[]"
"The New South Student, May, 1966, Volume 3, Number 3, Page 9","","","","","","","","","","","","Copyright Not Evaluated. For further information please contact the University of South Carolina, South Carolina Political Collections, Columbia, SC 29208.","","","","","","","mmsimkins12855","","","","2016-11-23","2016-11-23","http://cdm17173.contentdm.oclc.org/cdm/ref/collection/mmsimkins/id/12992",12992.0,"14352.jp2","/mmsimkins/image/14352.jp2","","",0,False,False,False,True,False,"['Empty Transcript']","[]"
"The New South Student, May, 1966, Volume 3, Number 3, Page 10","","","","","","","","","","","","Copyright Not Evaluated. For further information please contact the University of South Carolina, South Carolina Political Collections, Columbia, SC 29208.","","","","","","","mmsimkins12856","","","","2016-11-23","2016-11-23","http://cdm17173.contentdm.oclc.org/cdm/ref/collection/mmsimkins/id/12993",12993.0,"14353.jp2","/mmsimkins/image/14353.jp2","","",0,False,False,False,True,False,"['Empty Transcript']","[]"
"The New South Student, May, 1966, Volume 3, Number 3, Page 11","","","","","","","","","","","","Copyright Not Evaluated. For further information please contact the University of South Carolina, South Carolina Political Collections, Columbia, SC 29208.","","","","","","","mmsimkins12857","","","","2016-11-23","2016-11-23","http://cdm17173.contentdm.oclc.org/cdm/ref/collection/mmsimkins/id/12994",12994.0,"14354.jp2","/mmsimkins/image/14354.jp2","","",0,False,False,False,True,False,"['Empty Transcript']","[]"
"The New South Student, May, 1966, Volume 3, Number 3, Page 12","","","","","","","","","","","","Copyright Not Evaluated. For further information please contact the University of South Carolina, South Carolina Political Collections, Columbia, SC 29208.","","","","","","","mmsimkins12858","","","","2016-11-23","2016-11-23","http://cdm17173.contentdm.oclc.org/cdm/ref/collection/mmsimkins/id/12995",12995.0,"14355.jp2","/mmsimkins/image/14355.jp2","","",0,False,False,False,True,False,"['Empty Transcript']","[]"
"Application blank for summer project","","","","","","","","","","","","Copyright Not Evaluated. For further information please contact the University of South Carolina, South Carolina Political Collections, Columbia, SC 29208.","","","","","","","mmsimkins12859","","","","2016-11-23","2016-11-23","http://cdm17173.contentdm.oclc.org/cdm/ref/collection/mmsimkins/id/12996",12996.0,"14356.jp2","/mmsimkins/image/14356.jp2","","",0,False,False,False,True,False,"['Empty Transcript']","[]"
"Statement on Duke employees","","","","","","","","","","","","Copyright Not Evaluated. For further information please contact the University of South Carolina, South Carolina Political Collections, Columbia, SC 29208.","","","","","","","mmsimkins12860","","","","2016-11-23","2016-11-23","http://cdm17173.contentdm.oclc.org/cdm/ref/collection/mmsimkins/id/12997",12997.0,"14357.jp2","/mmsimkins/image/14357.jp2","","",0,False,False,False,True,False,"['Empty Transcript']","[]"
"Notes on November and October meetings, Columbia Council on Human Relations","","","","","","","","","","","","Copyright Not Evaluated. For further information please contact the University of South Carolina, South Carolina Political Collections, Columbia, SC 29208.","","","","","","","mmsimkins12861","","","","2016-11-23","2016-11-23","http://cdm17173.contentdm.oclc.org/cdm/ref/collection/mmsimkins/id/12998",12998.0,"14358.jp2","/mmsimkins/image/14358.jp2","","",0,False,False,False,True,False,"['Empty Transcript']","[]"
"Letter to stockholders regarding annual meeting, January 17, 1966","","","","","","","","","","","","Copyright Not Evaluated. For further information please contact the University of South Carolina, South Carolina Political Collections, Columbia, SC 29208.","","","","","","","mmsimkins12862","","","","2016-11-23","2016-11-23","http://cdm17173.contentdm.oclc.org/cdm/ref/collection/mmsimkins/id/12999",12999.0,"14359.jp2","/mmsimkins/image/14359.jp2","","",0,False,False,False,True,False,"['Empty Transcript']","[]"
"Report to Mayor Lester L. Bates and The Community Relations Council on the Causes of Racial Unrest in Columbia, Page 1","","","","","","","","","","","","Copyright Not Evaluated. For further information please contact the University of South Carolina, South Carolina Political Collections, Columbia, SC 29208.","","","","","","","mmsimkins12863","","","","2016-11-23","2016-11-23","http://cdm17173.contentdm.oclc.org/cdm/ref/collection/mmsimkins/id/13000",13000.0,"14360.jp2","/mmsimkins/image/14360.jp2","","",0,False,False,False,True,False,"['Empty Transcript']","[]"
"Report to Mayor Lester L. Bates and The Community Relations Council on the Causes of Racial Unrest in Columbia, Page 2","","","","","","","","","","","","Copyright Not Evaluated. For further information please contact the University of South Carolina, South Carolina Political Collections, Columbia, SC 29208.","","","","","","","mmsimkins12864","","","","2016-11-23","2016-11-23","http://cdm17173.contentdm.oclc.org/cdm/ref/collection/mmsimkins/id/13001",13001.0,"14361.jp2","/mmsimkins/image/14361.jp2","","",0,False,False,False,True,False,"['Empty Transcript']","[]"
"Report to Mayor Lester L. Bates and The Community Relations Council on the Causes of Racial Unrest in Columbia, Page 3","","","","","","","","","","","","Copyright Not Evaluated. For further information please contact the University of South Carolina, South Carolina Political Collections, Columbia, SC 29208.","","","","","","","mmsimkins12865","","","","2016-11-23","2016-11-23","http://cdm17173.contentdm.oclc.org/cdm/ref/collection/mmsimkins/id/13002",13002.0,"14362.jp2","/mmsimkins/image/14362.jp2","","",0,False,False,False,True,False,"['Empty Transcript']","[]"
"Report to Mayor Lester L. Bates and The Community Relations Council on the Causes of Racial Unrest in Columbia, Page 4","","","","","","","","","","","","Copyright Not Evaluated. For further information please contact the University of South Carolina, South Carolina Political Collections, Columbia, SC 29208.","","","","","","","mmsimkins12866","","","","2016-11-23","2016-11-23","http://cdm17173.contentdm.oclc.org/cdm/ref/collection/mmsimkins/id/13003",13003.0,"14363.jp2","/mmsimkins/image/14363.jp2","","",0,False,False,False,True,False,"['Empty Transcript']","[]"
"Report to Mayor Lester L. Bates and The Community Relations Council on the Causes of Racial Unrest in Columbia, Page 5","","","","","","","","","","","","Copyright Not Evaluated. For further information please contact the University of South Carolina, South Carolina Political Collections, Columbia, SC 29208.","","","","","","","mmsimkins12867","","","","2016-11-23","2016-11-23","http://cdm17173.contentdm.oclc.org/cdm/ref/collection/mmsimkins/id/13004",13004.0,"14364.jp2","/mmsimkins/image/14364.jp2","","",0,False,False,False,True,False,"['Empty Transcript']","[]"
"Report to Mayor Lester L. Bates and The Community Relations Council on the Causes of Racial Unrest in Columbia, Page 6","","","","","","","","","","","","Copyright Not Evaluated. For further information please contact the University of South Carolina, South Carolina Political Collections, Columbia, SC 29208.","","","","","","","mmsimkins12868","","","","2016-11-23","2016-11-23","http://cdm17173.contentdm.oclc.org/cdm/ref/collection/mmsimkins/id/13005",13005.0,"14365.jp2","/mmsimkins/image/14365.jp2","","",0,False,False,False,True,False,"['Empty Transcript']","[]"
"Report to Mayor Lester L. Bates and The Community Relations Council on the Causes of Racial Unrest in Columbia, Page 7","","","","","","","","","","","","Copyright Not Evaluated. For further information please contact the University of South Carolina, South Carolina Political Collections, Columbia, SC 29208.","","","","","","","mmsimkins12869","","","","2016-11-23","2016-11-23","http://cdm17173.contentdm.oclc.org/cdm/ref/collection/mmsimkins/id/13006",13006.0,"14366.jp2","/mmsimkins/image/14366.jp2","","",0,False,False,False,True,False,"['Empty Transcript']","[]"
"Report to Mayor Lester L. Bates and The Community Relations Council on the Causes of Racial Unrest in Columbia, Page 8","","","","","","","","","","","","Copyright Not Evaluated. For further information please contact the University of South Carolina, South Carolina Political Collections, Columbia, SC 29208.","","","","","","","mmsimkins12870","","","","2016-11-23","2016-11-23","http://cdm17173.contentdm.oclc.org/cdm/ref/collection/mmsimkins/id/13007",13007.0,"14367.jp2","/mmsimkins/image/14367.jp2","","",0,False,False,False,True,False,"['Empty Transcript']","[]"
"Report to Mayor Lester L. Bates and The Community Relations Council on the Causes of Racial Unrest in Columbia, Page 9","","","","","","","","","","","","Copyright Not Evaluated. For further information please contact the University of South Carolina, South Carolina Political Collections, Columbia, SC 29208.","","","","","","","mmsimkins12871","","","","2016-11-23","2016-11-23","http://cdm17173.contentdm.oclc.org/cdm/ref/collection/mmsimkins/id/13008",13008.0,"14368.jp2","/mmsimkins/image/14368.jp2","","",0,False,False,False,True,False,"['Empty Transcript']","[]"
"Report to Mayor Lester L. Bates and The Community Relations Council on the Causes of Racial Unrest in Columbia, Page 10","","","","","","","","","","","","Copyright Not Evaluated. For further information please contact the University of South Carolina, South Carolina Political Collections, Columbia, SC 29208.","","","","","","","mmsimkins12872","","","","2016-11-23","2016-11-23","http://cdm17173.contentdm.oclc.org/cdm/ref/collection/mmsimkins/id/13009",13009.0,"14369.jp2","/mmsimkins/image/14369.jp2","","",0,False,False,False,True,False,"['Empty Transcript']","[]"
"Report to Mayor Lester L. Bates and The Community Relations Council on the Causes of Racial Unrest in Columbia, Page 11","","","","","","","","","","","","Copyright Not Evaluated. For further information please contact the University of South Carolina, South Carolina Political Collections, Columbia, SC 29208.","","","","","","","mmsimkins12873","","","","2016-11-23","2016-11-23","http://cdm17173.contentdm.oclc.org/cdm/ref/collection/mmsimkins/id/13010",13010.0,"14370.jp2","/mmsimkins/image/14370.jp2","","",0,False,False,False,True,False,"['Empty Transcript']","[]"
"Report to Mayor Lester L. Bates and The Community Relations Council on the Causes of Racial Unrest in Columbia, Page 12","","","","","","","","","","","","Copyright Not Evaluated. For further information please contact the University of South Carolina, South Carolina Political Collections, Columbia, SC 29208.","","","","","","","mmsimkins12874","","","","2016-11-23","2016-11-23","http://cdm17173.contentdm.oclc.org/cdm/ref/collection/mmsimkins/id/13011",13011.0,"14371.jp2","/mmsimkins/image/14371.jp2","","",0,False,False,False,True,False,"['Empty Transcript']","[]"
"Report to Mayor Lester L. Bates and The Community Relations Council on the Causes of Racial Unrest in Columbia, Page 13","","","","","","","","","","","","Copyright Not Evaluated. For further information please contact the University of South Carolina, South Carolina Political Collections, Columbia, SC 29208.","","","","","","","mmsimkins12875","","","","2016-11-23","2016-11-23","http://cdm17173.contentdm.oclc.org/cdm/ref/collection/mmsimkins/id/13012",13012.0,"14372.jp2","/mmsimkins/image/14372.jp2","","",0,False,False,False,True,False,"['Empty Transcript']","[]"
"Report to Mayor Lester L. Bates and The Community Relations Council on the Causes of Racial Unrest in Columbia, Page 14","","","","","","","","","","","","Copyright Not Evaluated. For further information please contact the University of South Carolina, South Carolina Political Collections, Columbia, SC 29208.","","","","","","","mmsimkins12876","","","","2016-11-23","2016-11-23","http://cdm17173.contentdm.oclc.org/cdm/ref/collection/mmsimkins/id/13013",13013.0,"14373.jp2","/mmsimkins/image/14373.jp2","","",0,False,False,False,True,False,"['Empty Transcript']","[]"
"Report to Mayor Lester L. Bates and The Community Relations Council on the Causes of Racial Unrest in Columbia, Page 15","","","","","","","","","","","","Copyright Not Evaluated. For further information please contact the University of South Carolina, South Carolina Political Collections, Columbia, SC 29208.","","","","","","","mmsimkins12877","","","","2016-11-23","2016-11-23","http://cdm17173.contentdm.oclc.org/cdm/ref/collection/mmsimkins/id/13014",13014.0,"14374.jp2","/mmsimkins/image/14374.jp2","","",0,False,False,False,True,False,"['Empty Transcript']","[]"
"Report to Mayor Lester L. Bates and The Community Relations Council on the Causes of Racial Unrest in Columbia, Page 16","","","","","","","","","","","","Copyright Not Evaluated. For further information please contact the University of South Carolina, South Carolina Political Collections, Columbia, SC 29208.","","","","","","","mmsimkins12878","","","","2016-11-23","2016-11-23","http://cdm17173.contentdm.oclc.org/cdm/ref/collection/mmsimkins/id/13015",13015.0,"14375.jp2","/mmsimkins/image/14375.jp2","","",0,False,False,False,True,False,"['Empty Transcript']","[]"
"Report to Mayor Lester L. Bates and The Community Relations Council on the Causes of Racial Unrest in Columbia, Page 17","","","","","","","","","","","","Copyright Not Evaluated. For further information please contact the University of South Carolina, South Carolina Political Collections, Columbia, SC 29208.","","","","","","","mmsimkins12879","","","","2016-11-23","2016-11-23","http://cdm17173.contentdm.oclc.org/cdm/ref/collection/mmsimkins/id/13016",13016.0,"14376.jp2","/mmsimkins/image/14376.jp2","","",0,False,False,False,True,False,"['Empty Transcript']","[]"
"Report to Mayor Lester L. Bates and The Community Relations Council on the Causes of Racial Unrest in Columbia, Page 18","","","","","","","","","","","","Copyright Not Evaluated. For further information please contact the University of South Carolina, South Carolina Political Collections, Columbia, SC 29208.","","","","","","","mmsimkins12880","","","","2016-11-23","2016-11-23","http://cdm17173.contentdm.oclc.org/cdm/ref/collection/mmsimkins/id/13017",13017.0,"14377.jp2","/mmsimkins/image/14377.jp2","","",0,False,False,False,True,False,"['Empty Transcript']","[]"
"Report to Mayor Lester L. Bates and The Community Relations Council on the Causes of Racial Unrest in Columbia, Page 19","","","","","","","","","","","","Copyright Not Evaluated. For further information please contact the University of South Carolina, South Carolina Political Collections, Columbia, SC 29208.","","","","","","","mmsimkins12881","","","","2016-11-23","2016-11-23","http://cdm17173.contentdm.oclc.org/cdm/ref/collection/mmsimkins/id/13018",13018.0,"14378.jp2","/mmsimkins/image/14378.jp2","","",0,False,False,False,True,False,"['Empty Transcript']","[]"
"Report to Mayor Lester L. Bates and The Community Relations Council on the Causes of Racial Unrest in Columbia, Page 20","","","","","","","","","","","","Copyright Not Evaluated. For further information please contact the University of South Carolina, South Carolina Political Collections, Columbia, SC 29208.","","","","","","","mmsimkins12882","","","","2016-11-23","2016-11-23","http://cdm17173.contentdm.oclc.org/cdm/ref/collection/mmsimkins/id/13019",13019.0,"14379.jp2","/mmsimkins/image/14379.jp2","","",0,False,False,False,True,False,"['Empty Transcript']","[]"
"Report to Mayor Lester L. Bates and The Community Relations Council on the Causes of Racial Unrest in Columbia, Page 21","","","","","","","","","","","","Copyright Not Evaluated. For further information please contact the University of South Carolina, South Carolina Political Collections, Columbia, SC 29208.","","","","","","","mmsimkins12883","","","","2016-11-23","2016-11-23","http://cdm17173.contentdm.oclc.org/cdm/ref/collection/mmsimkins/id/13020",13020.0,"14380.jp2","/mmsimkins/image/14380.jp2","","",0,False,False,False,True,False,"['Empty Transcript']","[]"
"Report to Mayor Lester L. Bates and The Community Relations Council on the Causes of Racial Unrest in Columbia, Page 22","","","","","","","","","","","","Copyright Not Evaluated. For further information please contact the University of South Carolina, South Carolina Political Collections, Columbia, SC 29208.","","","","","","","mmsimkins12884","","","","2016-11-23","2016-11-23","http://cdm17173.contentdm.oclc.org/cdm/ref/collection/mmsimkins/id/13021",13021.0,"14381.jp2","/mmsimkins/image/14381.jp2","","",0,False,False,False,True,False,"['Empty Transcript']","[]"
"Report to Mayor Lester L. Bates and The Community Relations Council on the Causes of Racial Unrest in Columbia, Page 23","","","","","","","","","","","","Copyright Not Evaluated. For further information please contact the University of South Carolina, South Carolina Political Collections, Columbia, SC 29208.","","","","","","","mmsimkins12885","","","","2016-11-23","2016-11-23","http://cdm17173.contentdm.oclc.org/cdm/ref/collection/mmsimkins/id/13022",13022.0,"14382.jp2","/mmsimkins/image/14382.jp2","","",0,False,False,False,True,False,"['Empty Transcript']","[]"
"Leaflet on ending racist repression, Page 1","","","","","","","","","","","","Copyright Not Evaluated. For further information please contact the University of South Carolina, South Carolina Political Collections, Columbia, SC 29208.","","","","","","","mmsimkins12886","","","","2016-11-23","2016-11-23","http://cdm17173.contentdm.oclc.org/cdm/ref/collection/mmsimkins/id/13023",13023.0,"14383.jp2","/mmsimkins/image/14383.jp2","","",0,False,False,False,True,False,"['Empty Transcript']","[]"
"Leaflet on ending racist repression, Page 2","","","","","","","","","","","","Copyright Not Evaluated. For further information please contact the University of South Carolina, South Carolina Political Collections, Columbia, SC 29208.","","","","","","","mmsimkins12887","","","","2016-11-23","2016-11-23","http://cdm17173.contentdm.oclc.org/cdm/ref/collection/mmsimkins/id/13024",13024.0,"14384.jp2","/mmsimkins/image/14384.jp2","","",0,False,False,False,True,False,"['Empty Transcript']","[]"
"Leaflet on ending racist repression, Page 3","","","","","","","","","","","","Copyright Not Evaluated. For further information please contact the University of South Carolina, South Carolina Political Collections, Columbia, SC 29208.","","","","","","","mmsimkins12888","","","","2016-11-23","2016-11-23","http://cdm17173.contentdm.oclc.org/cdm/ref/collection/mmsimkins/id/13025",13025.0,"14385.jp2","/mmsimkins/image/14385.jp2","","",0,False,False,False,True,False,"['Empty Transcript']","[]"
"Leaflet on ending racist repression, Page 4","","","","","","","","","","","","Copyright Not Evaluated. For further information please contact the University of South Carolina, South Carolina Political Collections, Columbia, SC 29208.","","","","","","","mmsimkins12889","","","","2016-11-23","2016-11-23","http://cdm17173.contentdm.oclc.org/cdm/ref/collection/mmsimkins/id/13026",13026.0,"14386.jp2","/mmsimkins/image/14386.jp2","","",0,False,False,False,True,False,"['Empty Transcript']","[]"
"Statement on campaign values","","","","","","","","","","","","Copyright Not Evaluated. For further information please contact the University of South Carolina, South Carolina Political Collections, Columbia, SC 29208.","","","","","","","mmsimkins12890","","","","2016-11-23","2016-11-23","http://cdm17173.contentdm.oclc.org/cdm/ref/collection/mmsimkins/id/13027",13027.0,"14387.jp2","/mmsimkins/image/14387.jp2","","",0,False,False,False,True,False,"['Empty Transcript']","[]"
"International Combined Corporation Record No. 2, Page 1","","","","","","","","","","","","Copyright Not Evaluated. For further information please contact the University of South Carolina, South Carolina Political Collections, Columbia, SC 29208.","","","","","","","mmsimkins12677","","","","2016-11-23","2016-11-23","http://cdm17173.contentdm.oclc.org/cdm/ref/collection/mmsimkins/id/13029",13029.0,"14389.jp2","/mmsimkins/image/14389.jp2","","",0,False,False,False,True,False,"['Empty Transcript']","[]"
"International Combined Corporation Record No. 2, Page 2","","","","","","","","","","","","Copyright Not Evaluated. For further information please contact the University of South Carolina, South Carolina Political Collections, Columbia, SC 29208.","","","","","","","mmsimkins12678","","","","2016-11-23","2016-11-23","http://cdm17173.contentdm.oclc.org/cdm/ref/collection/mmsimkins/id/13030",13030.0,"14390.jp2","/mmsimkins/image/14390.jp2","","",0,False,False,False,True,False,"['Empty Transcript']","[]"
"International Combined Corporation Record No. 2, Page 3","","","","","","","","","","","","Copyright Not Evaluated. For further information please contact the University of South Carolina, South Carolina Political Collections, Columbia, SC 29208.","","","","","","","mmsimkins12679","","","","2016-11-23","2016-11-23","http://cdm17173.contentdm.oclc.org/cdm/ref/collection/mmsimkins/id/13031",13031.0,"14391.jp2","/mmsimkins/image/14391.jp2","","",0,False,False,False,True,False,"['Empty Transcript']","[]"
"International Combined Corporation Record No. 2, Page 4","","","","","","","","","","","","Copyright Not Evaluated. For further information please contact the University of South Carolina, South Carolina Political Collections, Columbia, SC 29208.","","","","","","","mmsimkins12680","","","","2016-11-23","2016-11-23","http://cdm17173.contentdm.oclc.org/cdm/ref/collection/mmsimkins/id/13032",13032.0,"14392.jp2","/mmsimkins/image/14392.jp2","","",0,False,False,False,True,False,"['Empty Transcript']","[]"
"International Combined Corporation Record No. 2, Page 5","","","","","","","","","","","","Copyright Not Evaluated. For further information please contact the University of South Carolina, South Carolina Political Collections, Columbia, SC 29208.","","","","","","","mmsimkins12681","","","","2016-11-23","2016-11-23","http://cdm17173.contentdm.oclc.org/cdm/ref/collection/mmsimkins/id/13033",13033.0,"14393.jp2","/mmsimkins/image/14393.jp2","","",0,False,False,False,True,False,"['Empty Transcript']","[]"
"International Combined Corporation Record No. 2, Page 6","","","","","","","","","","","","Copyright Not Evaluated. For further information please contact the University of South Carolina, South Carolina Political Collections, Columbia, SC 29208.","","","","","","","mmsimkins12682","","","","2016-11-23","2016-11-23","http://cdm17173.contentdm.oclc.org/cdm/ref/collection/mmsimkins/id/13034",13034.0,"14394.jp2","/mmsimkins/image/14394.jp2","","",0,False,False,False,True,False,"['Empty Transcript']","[]"
"International Combined Corporation Record No. 2, Page 7","","","","","","","","","","","","Copyright Not Evaluated. For further information please contact the University of South Carolina, South Carolina Political Collections, Columbia, SC 29208.","","","","","","","mmsimkins12683","","","","2016-11-23","2016-11-23","http://cdm17173.contentdm.oclc.org/cdm/ref/collection/mmsimkins/id/13035",13035.0,"14395.jp2","/mmsimkins/image/14395.jp2","","",0,False,False,False,True,False,"['Empty Transcript']","[]"
"International Combined Corporation Record No. 2, Page 8","","","","","","","","","","","","Copyright Not Evaluated. For further information please contact the University of South Carolina, South Carolina Political Collections, Columbia, SC 29208.","","","","","","","mmsimkins12685","","","","2016-11-23","2016-11-23","http://cdm17173.contentdm.oclc.org/cdm/ref/collection/mmsimkins/id/13036",13036.0,"14396.jp2","/mmsimkins/image/14396.jp2","","",0,False,False,False,True,False,"['Empty Transcript']","[]"
"International Combined Corporation Record No. 2, Page 9","","","","","","","","","","","","Copyright Not Evaluated. For further information please contact the University of South Carolina, South Carolina Political Collections, Columbia, SC 29208.","","","","","","","mmsimkins12686","","","","2016-11-23","2016-11-23","http://cdm17173.contentdm.oclc.org/cdm/ref/collection/mmsimkins/id/13037",13037.0,"14397.jp2","/mmsimkins/image/14397.jp2","","",0,False,False,False,True,False,"['Empty Transcript']","[]"
"International Combined Corporation Record No. 2, Page 10","","","","","","","","","","","","Copyright Not Evaluated. For further information please contact the University of South Carolina, South Carolina Political Collections, Columbia, SC 29208.","","","","","","","mmsimkins12687","","","","2016-11-23","2016-11-23","http://cdm17173.contentdm.oclc.org/cdm/ref/collection/mmsimkins/id/13038",13038.0,"14398.jp2","/mmsimkins/image/14398.jp2","","",0,False,False,False,True,False,"['Empty Transcript']","[]"
"International Combined Corporation Record No. 2, Page 11","","","","","","","","","","","","Copyright Not Evaluated. For further information please contact the University of South Carolina, South Carolina Political Collections, Columbia, SC 29208.","","","","","","","mmsimkins12689","","","","2016-11-23","2016-11-23","http://cdm17173.contentdm.oclc.org/cdm/ref/collection/mmsimkins/id/13039",13039.0,"14399.jp2","/mmsimkins/image/14399.jp2","","",0,False,False,False,True,False,"['Empty Transcript']","[]"
"International Combined Corporation Record No. 2, Page 12","","","","","","","","","","","","Copyright Not Evaluated. For further information please contact the University of South Carolina, South Carolina Political Collections, Columbia, SC 29208.","","","","","","","mmsimkins12690","","","","2016-11-23","2016-11-23","http://cdm17173.contentdm.oclc.org/cdm/ref/collection/mmsimkins/id/13040",13040.0,"14400.jp2","/mmsimkins/image/14400.jp2","","",0,False,False,False,True,False,"['Empty Transcript']","[]"
"International Combined Corporation Record No. 2, Page 13","","","","","","","","","","","","Copyright Not Evaluated. For further information please contact the University of South Carolina, South Carolina Political Collections, Columbia, SC 29208.","","","","","","","mmsimkins12691","","","","2016-11-23","2016-11-23","http://cdm17173.contentdm.oclc.org/cdm/ref/collection/mmsimkins/id/13041",13041.0,"14401.jp2","/mmsimkins/image/14401.jp2","","",0,False,False,False,True,False,"['Empty Transcript']","[]"
"International Combined Corporation Record No. 2, Page 14","","","","","","","","","","","","Copyright Not Evaluated. For further information please contact the University of South Carolina, South Carolina Political Collections, Columbia, SC 29208.","","","","","","","mmsimkins12692","","","","2016-11-23","2016-11-23","http://cdm17173.contentdm.oclc.org/cdm/ref/collection/mmsimkins/id/13042",13042.0,"14402.jp2","/mmsimkins/image/14402.jp2","","",0,False,False,False,True,False,"['Empty Transcript']","[]"
"International Combined Corporation Record No. 2, Page 15","","","","","","","","","","","","Copyright Not Evaluated. For further information please contact the University of South Carolina, South Carolina Political Collections, Columbia, SC 29208.","","","","","","","mmsimkins12693","","","","2016-11-23","2016-11-23","http://cdm17173.contentdm.oclc.org/cdm/ref/collection/mmsimkins/id/13043",13043.0,"14403.jp2","/mmsimkins/image/14403.jp2","","",0,False,False,False,True,False,"['Empty Transcript']","[]"
"International Combined Corporation Record No. 2, Page 16","","","","","","","","","","","","Copyright Not Evaluated. For further information please contact the University of South Carolina, South Carolina Political Collections, Columbia, SC 29208.","","","","","","","mmsimkins12694","","","","2016-11-23","2016-11-23","http://cdm17173.contentdm.oclc.org/cdm/ref/collection/mmsimkins/id/13044",13044.0,"14404.jp2","/mmsimkins/image/14404.jp2","","",0,False,False,False,True,False,"['Empty Transcript']","[]"
"International Combined Corporation Record No. 2, Page 17","","","","","","","","","","","","Copyright Not Evaluated. For further information please contact the University of South Carolina, South Carolina Political Collections, Columbia, SC 29208.","","","","","","","mmsimkins12695","","","","2016-11-23","2016-11-23","http://cdm17173.contentdm.oclc.org/cdm/ref/collection/mmsimkins/id/13045",13045.0,"14405.jp2","/mmsimkins/image/14405.jp2","","",0,False,False,False,True,False,"['Empty Transcript']","[]"
"International Combined Corporation Record No. 2, Page 18","","","","","","","","","","","","Copyright Not Evaluated. For further information please contact the University of South Carolina, South Carolina Political Collections, Columbia, SC 29208.","","","","","","","mmsimkins12696","","","","2016-11-23","2016-11-23","http://cdm17173.contentdm.oclc.org/cdm/ref/collection/mmsimkins/id/13046",13046.0,"14406.jp2","/mmsimkins/image/14406.jp2","","",0,False,False,False,True,False,"['Empty Transcript']","[]"
"International Combined Corporation Record No. 2, Page 19","","","","","","","","","","","","Copyright Not Evaluated. For further information please contact the University of South Carolina, South Carolina Political Collections, Columbia, SC 29208.","","","","","","","mmsimkins12697","","","","2016-11-23","2016-11-23","http://cdm17173.contentdm.oclc.org/cdm/ref/collection/mmsimkins/id/13047",13047.0,"14407.jp2","/mmsimkins/image/14407.jp2","","",0,False,False,False,True,False,"['Empty Transcript']","[]"
"International Combined Corporation Record No. 2, Page 20","","","","","","","","","","","","Copyright Not Evaluated. For further information please contact the University of South Carolina, South Carolina Political Collections, Columbia, SC 29208.","","","","","","","mmsimkins12698","","","","2016-11-23","2016-11-23","http://cdm17173.contentdm.oclc.org/cdm/ref/collection/mmsimkins/id/13048",13048.0,"14408.jp2","/mmsimkins/image/14408.jp2","","",0,False,False,False,True,False,"['Empty Transcript']","[]"
"International Combined Corporation Record No. 2, Page 21","","","","","","","","","","","","Copyright Not Evaluated. For further information please contact the University of South Carolina, South Carolina Political Collections, Columbia, SC 29208.","","","","","","","mmsimkins12699","","","","2016-11-23","2016-11-23","http://cdm17173.contentdm.oclc.org/cdm/ref/collection/mmsimkins/id/13049",13049.0,"14409.jp2","/mmsimkins/image/14409.jp2","","",0,False,False,False,True,False,"['Empty Transcript']","[]"
"International Combined Corporation Record No. 2, Page 22","","","","","","","","","","","","Copyright Not Evaluated. For further information please contact the University of South Carolina, South Carolina Political Collections, Columbia, SC 29208.","","","","","","","mmsimkins12700","","","","2016-11-23","2016-11-23","http://cdm17173.contentdm.oclc.org/cdm/ref/collection/mmsimkins/id/13050",13050.0,"14410.jp2","/mmsimkins/image/14410.jp2","","",0,False,False,False,True,False,"['Empty Transcript']","[]"
"International Combined Corporation Record No. 2, Page 23","","","","","","","","","","","","Copyright Not Evaluated. For further information please contact the University of South Carolina, South Carolina Political Collections, Columbia, SC 29208.","","","","","","","mmsimkins12701","","","","2016-11-23","2016-11-23","http://cdm17173.contentdm.oclc.org/cdm/ref/collection/mmsimkins/id/13051",13051.0,"14411.jp2","/mmsimkins/image/14411.jp2","","",0,False,False,False,True,False,"['Empty Transcript']","[]"
"International Combined Corporation Record No. 2, Page 24","","","","","","","","","","","","Copyright Not Evaluated. For further information please contact the University of South Carolina, South Carolina Political Collections, Columbia, SC 29208.","","","","","","","mmsimkins12702","","","","2016-11-23","2016-11-23","http://cdm17173.contentdm.oclc.org/cdm/ref/collection/mmsimkins/id/13052",13052.0,"14412.jp2","/mmsimkins/image/14412.jp2","","",0,False,False,False,True,False,"['Empty Transcript']","[]"
"International Combined Corporation Record No. 2, Page 25","","","","","","","","","","","","Copyright Not Evaluated. For further information please contact the University of South Carolina, South Carolina Political Collections, Columbia, SC 29208.","","","","","","","mmsimkins12703","","","","2016-11-23","2016-11-23","http://cdm17173.contentdm.oclc.org/cdm/ref/collection/mmsimkins/id/13053",13053.0,"14413.jp2","/mmsimkins/image/14413.jp2","","",0,False,False,False,True,False,"['Empty Transcript']","[]"
"International Combined Corporation Record No. 2, Page 26","","","","","","","","","","","","Copyright Not Evaluated. For further information please contact the University of South Carolina, South Carolina Political Collections, Columbia, SC 29208.","","","","","","","mmsimkins12704","","","","2016-11-23","2016-11-23","http://cdm17173.contentdm.oclc.org/cdm/ref/collection/mmsimkins/id/13054",13054.0,"14414.jp2","/mmsimkins/image/14414.jp2","","",0,False,False,False,True,False,"['Empty Transcript']","[]"
"International Combined Corporation Record No. 2, Page 27","","","","","","","","","","","","Copyright Not Evaluated. For further information please contact the University of South Carolina, South Carolina Political Collections, Columbia, SC 29208.","","","","","","","mmsimkins12705","","","","2016-11-23","2016-11-23","http://cdm17173.contentdm.oclc.org/cdm/ref/collection/mmsimkins/id/13055",13055.0,"14415.jp2","/mmsimkins/image/14415.jp2","","",0,False,False,False,True,False,"['Empty Transcript']","[]"
"International Combined Corporation Record No. 2, Page 28","","","","","","","","","","","","Copyright Not Evaluated. For further information please contact the University of South Carolina, South Carolina Political Collections, Columbia, SC 29208.","","","","","","","mmsimkins12706","","","","2016-11-23","2016-11-23","http://cdm17173.contentdm.oclc.org/cdm/ref/collection/mmsimkins/id/13056",13056.0,"14416.jp2","/mmsimkins/image/14416.jp2","","",0,False,False,False,True,False,"['Empty Transcript']","[]"
"International Combined Corporation Record No. 2, Page 29","","","","","","","","","","","","Copyright Not Evaluated. For further information please contact the University of South Carolina, South Carolina Political Collections, Columbia, SC 29208.","","","","","","","mmsimkins12707","","","","2016-11-23","2016-11-23","http://cdm17173.contentdm.oclc.org/cdm/ref/collection/mmsimkins/id/13057",13057.0,"14417.jp2","/mmsimkins/image/14417.jp2","","",0,False,False,False,True,False,"['Empty Transcript']","[]"
"International Combined Corporation Record No. 2, Page 30","","","","","","","","","","","","Copyright Not Evaluated. For further information please contact the University of South Carolina, South Carolina Political Collections, Columbia, SC 29208.","","","","","","","mmsimkins12708","","","","2016-11-23","2016-11-23","http://cdm17173.contentdm.oclc.org/cdm/ref/collection/mmsimkins/id/13058",13058.0,"14418.jp2","/mmsimkins/image/14418.jp2","","",0,False,False,False,True,False,"['Empty Transcript']","[]"
"International Combined Corporation Record No. 2, Page 31","","","","","","","","","","","","Copyright Not Evaluated. For further information please contact the University of South Carolina, South Carolina Political Collections, Columbia, SC 29208.","","","","","","","mmsimkins12709","","","","2016-11-23","2016-11-23","http://cdm17173.contentdm.oclc.org/cdm/ref/collection/mmsimkins/id/13059",13059.0,"14419.jp2","/mmsimkins/image/14419.jp2","","",0,False,False,False,True,False,"['Empty Transcript']","[]"
"International Combined Corporation Record No. 2, Page 32","","","","","","","","","","","","Copyright Not Evaluated. For further information please contact the University of South Carolina, South Carolina Political Collections, Columbia, SC 29208.","","","","","","","mmsimkins12710","","","","2016-11-23","2016-11-23","http://cdm17173.contentdm.oclc.org/cdm/ref/collection/mmsimkins/id/13060",13060.0,"14420.jp2","/mmsimkins/image/14420.jp2","","",0,False,False,False,True,False,"['Empty Transcript']","[]"
"International Combined Corporation Record No. 2, Page 33","","","","","","","","","","","","Copyright Not Evaluated. For further information please contact the University of South Carolina, South Carolina Political Collections, Columbia, SC 29208.","","","","","","","mmsimkins12713","","","","2016-11-23","2016-11-23","http://cdm17173.contentdm.oclc.org/cdm/ref/collection/mmsimkins/id/13061",13061.0,"14421.jp2","/mmsimkins/image/14421.jp2","","",0,False,False,False,True,False,"['Empty Transcript']","[]"
"International Combined Corporation Record No. 2, Page 34","","","","","","","","","","","","Copyright Not Evaluated. For further information please contact the University of South Carolina, South Carolina Political Collections, Columbia, SC 29208.","","","","","","","mmsimkins12714","","","","2016-11-23","2016-11-23","http://cdm17173.contentdm.oclc.org/cdm/ref/collection/mmsimkins/id/13062",13062.0,"14422.jp2","/mmsimkins/image/14422.jp2","","",0,False,False,False,True,False,"['Empty Transcript']","[]"
"International Combined Corporation Record No. 2, Page 35","","","","","","","","","","","","Copyright Not Evaluated. For further information please contact the University of South Carolina, South Carolina Political Collections, Columbia, SC 29208.","","","","","","","mmsimkins12715","","","","2016-11-23","2016-11-23","http://cdm17173.contentdm.oclc.org/cdm/ref/collection/mmsimkins/id/13063",13063.0,"14423.jp2","/mmsimkins/image/14423.jp2","","",0,False,False,False,True,False,"['Empty Transcript']","[]"
"International Combined Corporation Record No. 2, Page 36","","","","","","","","","","","","Copyright Not Evaluated. For further information please contact the University of South Carolina, South Carolina Political Collections, Columbia, SC 29208.","","","","","","","mmsimkins12716","","","","2016-11-23","2016-11-23","http://cdm17173.contentdm.oclc.org/cdm/ref/collection/mmsimkins/id/13064",13064.0,"14424.jp2","/mmsimkins/image/14424.jp2","","",0,False,False,False,True,False,"['Empty Transcript']","[]"
"International Combined Corporation Record No. 2, Page 37","","","","","","","","","","","","Copyright Not Evaluated. For further information please contact the University of South Carolina, South Carolina Political Collections, Columbia, SC 29208.","","","","","","","mmsimkins12717","","","","2016-11-23","2016-11-23","http://cdm17173.contentdm.oclc.org/cdm/ref/collection/mmsimkins/id/13065",13065.0,"14425.jp2","/mmsimkins/image/14425.jp2","","",0,False,False,False,True,False,"['Empty Transcript']","[]"
"International Combined Corporation Record No. 2, Page 38","","","","","","","","","","","","Copyright Not Evaluated. For further information please contact the University of South Carolina, South Carolina Political Collections, Columbia, SC 29208.","","","","","","","mmsimkins12718","","","","2016-11-23","2016-11-23","http://cdm17173.contentdm.oclc.org/cdm/ref/collection/mmsimkins/id/13066",13066.0,"14426.jp2","/mmsimkins/image/14426.jp2","","",0,False,False,False,True,False,"['Empty Transcript']","[]"
"International Combined Corporation Record No. 2, Page 39","","","","","","","","","","","","Copyright Not Evaluated. For further information please contact the University of South Carolina, South Carolina Political Collections, Columbia, SC 29208.","","","","","","","mmsimkins12719","","","","2016-11-23","2016-11-23","http://cdm17173.contentdm.oclc.org/cdm/ref/collection/mmsimkins/id/13067",13067.0,"14427.jp2","/mmsimkins/image/14427.jp2","","",0,False,False,False,True,False,"['Empty Transcript']","[]"
"International Combined Corporation Record No. 2, Page 40","","","","","","","","","","","","Copyright Not Evaluated. For further information please contact the University of South Carolina, South Carolina Political Collections, Columbia, SC 29208.","","","","","","","mmsimkins12720","","","","2016-11-23","2016-11-23","http://cdm17173.contentdm.oclc.org/cdm/ref/collection/mmsimkins/id/13068",13068.0,"14428.jp2","/mmsimkins/image/14428.jp2","","",0,False,False,False,True,False,"['Empty Transcript']","[]"
"International Combined Corporation Record No. 2, Page 41","","","","","","","","","","","","Copyright Not Evaluated. For further information please contact the University of South Carolina, South Carolina Political Collections, Columbia, SC 29208.","","","","","","","mmsimkins12721","","","","2016-11-23","2016-11-23","http://cdm17173.contentdm.oclc.org/cdm/ref/collection/mmsimkins/id/13069",13069.0,"14429.jp2","/mmsimkins/image/14429.jp2","","",0,False,False,False,True,False,"['Empty Transcript']","[]"
"International Combined Corporation Record No. 2, Page 42","","","","","","","","","","","","Copyright Not Evaluated. For further information please contact the University of South Carolina, South Carolina Political Collections, Columbia, SC 29208.","","","","","","","mmsimkins12722","","","","2016-11-23","2016-11-23","http://cdm17173.contentdm.oclc.org/cdm/ref/collection/mmsimkins/id/13070",13070.0,"14430.jp2","/mmsimkins/image/14430.jp2","","",0,False,False,False,True,False,"['Empty Transcript']","[]"
"International Combined Corporation Record No. 2, Page 43","","","","","","","","","","","","Copyright Not Evaluated. For further information please contact the University of South Carolina, South Carolina Political Collections, Columbia, SC 29208.","","","","","","","mmsimkins12723","","","","2016-11-23","2016-11-23","http://cdm17173.contentdm.oclc.org/cdm/ref/collection/mmsimkins/id/13071",13071.0,"14431.jp2","/mmsimkins/image/14431.jp2","","",0,False,False,False,True,False,"['Empty Transcript']","[]"
"International Combined Corporation Record No. 2, Page 44","","","","","","","","","","","","Copyright Not Evaluated. For further information please contact the University of South Carolina, South Carolina Political Collections, Columbia, SC 29208.","","","","","","","mmsimkins12724","","","","2016-11-23","2016-11-23","http://cdm17173.contentdm.oclc.org/cdm/ref/collection/mmsimkins/id/13072",13072.0,"14432.jp2","/mmsimkins/image/14432.jp2","","",0,False,False,False,True,False,"['Empty Transcript']","[]"
"International Combined Corporation Record No. 2, Page 45","","","","","","","","","","","","Copyright Not Evaluated. For further information please contact the University of South Carolina, South Carolina Political Collections, Columbia, SC 29208.","","","","","","","mmsimkins12725","","","","2016-11-23","2016-11-23","http://cdm17173.contentdm.oclc.org/cdm/ref/collection/mmsimkins/id/13073",13073.0,"14433.jp2","/mmsimkins/image/14433.jp2","","",0,False,False,False,True,False,"['Empty Transcript']","[]"
"International Combined Corporation Record No. 2, Page 46","","","","","","","","","","","","Copyright Not Evaluated. For further information please contact the University of South Carolina, South Carolina Political Collections, Columbia, SC 29208.","","","","","","","mmsimkins12726","","","","2016-11-23","2016-11-23","http://cdm17173.contentdm.oclc.org/cdm/ref/collection/mmsimkins/id/13074",13074.0,"14434.jp2","/mmsimkins/image/14434.jp2","","",0,False,False,False,True,False,"['Empty Transcript']","[]"
"International Combined Corporation Record No. 2, Page 47","","","","","","","","","","","","Copyright Not Evaluated. For further information please contact the University of South Carolina, South Carolina Political Collections, Columbia, SC 29208.","","","","","","","mmsimkins12727","","","","2016-11-23","2016-11-23","http://cdm17173.contentdm.oclc.org/cdm/ref/collection/mmsimkins/id/13075",13075.0,"14435.jp2","/mmsimkins/image/14435.jp2","","",0,False,False,False,True,False,"['Empty Transcript']","[]"
"International Combined Corporation Record No. 2, Page 48","","","","","","","","","","","","Copyright Not Evaluated. For further information please contact the University of South Carolina, South Carolina Political Collections, Columbia, SC 29208.","","","","","","","mmsimkins12729","","","","2016-11-23","2016-11-23","http://cdm17173.contentdm.oclc.org/cdm/ref/collection/mmsimkins/id/13076",13076.0,"14436.jp2","/mmsimkins/image/14436.jp2","","",0,False,False,False,True,False,"['Empty Transcript']","[]"
"International Combined Corporation Record No. 2, Page 49","","","","","","","","","","","","Copyright Not Evaluated. For further information please contact the University of South Carolina, South Carolina Political Collections, Columbia, SC 29208.","","","","","","","mmsimkins12730","","","","2016-11-23","2016-11-23","http://cdm17173.contentdm.oclc.org/cdm/ref/collection/mmsimkins/id/13077",13077.0,"14437.jp2","/mmsimkins/image/14437.jp2","","",0,False,False,False,True,False,"['Empty Transcript']","[]"
"International Combined Corporation Record No. 2, Page 50","","","","","","","","","","","","Copyright Not Evaluated. For further information please contact the University of South Carolina, South Carolina Political Collections, Columbia, SC 29208.","","","","","","","mmsimkins12731","","","","2016-11-23","2016-11-23","http://cdm17173.contentdm.oclc.org/cdm/ref/collection/mmsimkins/id/13078",13078.0,"14438.jp2","/mmsimkins/image/14438.jp2","","",0,False,False,False,True,False,"['Empty Transcript']","[]"
"International Combined Corporation Record No. 2, Page 51","","","","","","","","","","","","Copyright Not Evaluated. For further information please contact the University of South Carolina, South Carolina Political Collections, Columbia, SC 29208.","","","","","","","mmsimkins12732","","","","2016-11-23","2016-11-23","http://cdm17173.contentdm.oclc.org/cdm/ref/collection/mmsimkins/id/13079",13079.0,"14439.jp2","/mmsimkins/image/14439.jp2","","",0,False,False,False,True,False,"['Empty Transcript']","[]"
"International Combined Corporation Record No. 2, Page 52","","","","","","","","","","","","Copyright Not Evaluated. For further information please contact the University of South Carolina, South Carolina Political Collections, Columbia, SC 29208.","","","","","","","mmsimkins12733","","","","2016-11-23","2016-11-23","http://cdm17173.contentdm.oclc.org/cdm/ref/collection/mmsimkins/id/13080",13080.0,"14440.jp2","/mmsimkins/image/14440.jp2","","",0,False,False,False,True,False,"['Empty Transcript']","[]"
"International Combined Corporation Record No. 2, Page 53","","","","","","","","","","","","Copyright Not Evaluated. For further information please contact the University of South Carolina, South Carolina Political Collections, Columbia, SC 29208.","","","","","","","mmsimkins12734","","","","2016-11-23","2016-11-23","http://cdm17173.contentdm.oclc.org/cdm/ref/collection/mmsimkins/id/13081",13081.0,"14441.jp2","/mmsimkins/image/14441.jp2","","",0,False,False,False,True,False,"['Empty Transcript']","[]"
"International Combined Corporation Record No. 2, Page 54","","","","","","","","","","","","Copyright Not Evaluated. For further information please contact the University of South Carolina, South Carolina Political Collections, Columbia, SC 29208.","","","","","","","mmsimkins12735","","","","2016-11-23","2016-11-23","http://cdm17173.contentdm.oclc.org/cdm/ref/collection/mmsimkins/id/13082",13082.0,"14442.jp2","/mmsimkins/image/14442.jp2","","",0,False,False,False,True,False,"['Empty Transcript']","[]"
"International Combined Corporation Record No. 2, Page 55","","","","","","","","","","","","Copyright Not Evaluated. For further information please contact the University of South Carolina, South Carolina Political Collections, Columbia, SC 29208.","","","","","","","mmsimkins12736","","","","2016-11-23","2016-11-23","http://cdm17173.contentdm.oclc.org/cdm/ref/collection/mmsimkins/id/13083",13083.0,"14443.jp2","/mmsimkins/image/14443.jp2","","",0,False,False,False,True,False,"['Empty Transcript']","[]"
"International Combined Corporation Record No. 2, Page 56","","","","","","","","","","","","Copyright Not Evaluated. For further information please contact the University of South Carolina, South Carolina Political Collections, Columbia, SC 29208.","","","","","","","mmsimkins12737","","","","2016-11-23","2016-11-23","http://cdm17173.contentdm.oclc.org/cdm/ref/collection/mmsimkins/id/13084",13084.0,"14444.jp2","/mmsimkins/image/14444.jp2","","",0,False,False,False,True,False,"['Empty Transcript']","[]"
"International Combined Corporation Record No. 2, Page 57","","","","","","","","","","","","Copyright Not Evaluated. For further information please contact the University of South Carolina, South Carolina Political Collections, Columbia, SC 29208.","","","","","","","mmsimkins12738","","","","2016-11-23","2016-11-23","http://cdm17173.contentdm.oclc.org/cdm/ref/collection/mmsimkins/id/13085",13085.0,"14445.jp2","/mmsimkins/image/14445.jp2","","",0,False,False,False,True,False,"['Empty Transcript']","[]"
"International Combined Corporation Record No. 2, Page 58","","","","","","","","","","","","Copyright Not Evaluated. For further information please contact the University of South Carolina, South Carolina Political Collections, Columbia, SC 29208.","","","","","","","mmsimkins12739","","","","2016-11-23","2016-11-23","http://cdm17173.contentdm.oclc.org/cdm/ref/collection/mmsimkins/id/13086",13086.0,"14446.jp2","/mmsimkins/image/14446.jp2","","",0,False,False,False,True,False,"['Empty Transcript']","[]"
"International Combined Corporation Record No. 2, Page 59","","","","","","","","","","","","Copyright Not Evaluated. For further information please contact the University of South Carolina, South Carolina Political Collections, Columbia, SC 29208.","","","","","","","mmsimkins12740","","","","2016-11-23","2016-11-23","http://cdm17173.contentdm.oclc.org/cdm/ref/collection/mmsimkins/id/13087",13087.0,"14447.jp2","/mmsimkins/image/14447.jp2","","",0,False,False,False,True,False,"['Empty Transcript']","[]"
"International Combined Corporation Record No. 2, Page 60","","","","","","","","","","","","Copyright Not Evaluated. For further information please contact the University of South Carolina, South Carolina Political Collections, Columbia, SC 29208.","","","","","","","mmsimkins12741","","","","2016-11-23","2016-11-23","http://cdm17173.contentdm.oclc.org/cdm/ref/collection/mmsimkins/id/13088",13088.0,"14448.jp2","/mmsimkins/image/14448.jp2","","",0,False,False,False,True,False,"['Empty Transcript']","[]"
"International Combined Corporation Record No. 2, Page 61","","","","","","","","","","","","Copyright Not Evaluated. For further information please contact the University of South Carolina, South Carolina Political Collections, Columbia, SC 29208.","","","","","","","mmsimkins12743","","","","2016-11-23","2016-11-23","http://cdm17173.contentdm.oclc.org/cdm/ref/collection/mmsimkins/id/13089",13089.0,"14449.jp2","/mmsimkins/image/14449.jp2","","",0,False,False,False,True,False,"['Empty Transcript']","[]"
"International Combined Corporation Record No. 2, Page 62","","","","","","","","","","","","Copyright Not Evaluated. For further information please contact the University of South Carolina, South Carolina Political Collections, Columbia, SC 29208.","","","","","","","mmsimkins12745","","","","2016-11-23","2016-11-23","http://cdm17173.contentdm.oclc.org/cdm/ref/collection/mmsimkins/id/13090",13090.0,"14450.jp2","/mmsimkins/image/14450.jp2","","",0,False,False,False,True,False,"['Empty Transcript']","[]"
"International Combined Corporation Record No. 2, Page 63","","","","","","","","","","","","Copyright Not Evaluated. For further information please contact the University of South Carolina, South Carolina Political Collections, Columbia, SC 29208.","","","","","","","mmsimkins12746","","","","2016-11-23","2016-11-23","http://cdm17173.contentdm.oclc.org/cdm/ref/collection/mmsimkins/id/13091",13091.0,"14451.jp2","/mmsimkins/image/14451.jp2","","",0,False,False,False,True,False,"['Empty Transcript']","[]"
"International Combined Corporation Record No. 2, Page 64","","","","","","","","","","","","Copyright Not Evaluated. For further information please contact the University of South Carolina, South Carolina Political Collections, Columbia, SC 29208.","","","","","","","mmsimkins12747","","","","2016-11-23","2016-11-23","http://cdm17173.contentdm.oclc.org/cdm/ref/collection/mmsimkins/id/13092",13092.0,"14452.jp2","/mmsimkins/image/14452.jp2","","",0,False,False,False,True,False,"['Empty Transcript']","[]"
"International Combined Corporation Record No. 2, Page 65","","","","","","","","","","","","Copyright Not Evaluated. For further information please contact the University of South Carolina, South Carolina Political Collections, Columbia, SC 29208.","","","","","","","mmsimkins12748","","","","2016-11-23","2016-11-23","http://cdm17173.contentdm.oclc.org/cdm/ref/collection/mmsimkins/id/13093",13093.0,"14453.jp2","/mmsimkins/image/14453.jp2","","",0,False,False,False,True,False,"['Empty Transcript']","[]"
"International Combined Corporation Record No. 2, Page 66","","","","","","","","","","","","Copyright Not Evaluated. For further information please contact the University of South Carolina, South Carolina Political Collections, Columbia, SC 29208.","","","","","","","mmsimkins12749","","","","2016-11-23","2016-11-23","http://cdm17173.contentdm.oclc.org/cdm/ref/collection/mmsimkins/id/13094",13094.0,"14454.jp2","/mmsimkins/image/14454.jp2","","",0,False,False,False,True,False,"['Empty Transcript']","[]"
"International Combined Corporation Record No. 2, Page 67","","","","","","","","","","","","Copyright Not Evaluated. For further information please contact the University of South Carolina, South Carolina Political Collections, Columbia, SC 29208.","","","","","","","mmsimkins12750","","","","2016-11-23","2016-11-23","http://cdm17173.contentdm.oclc.org/cdm/ref/collection/mmsimkins/id/13095",13095.0,"14455.jp2","/mmsimkins/image/14455.jp2","","",0,False,False,False,True,False,"['Empty Transcript']","[]"
"International Combined Corporation Record No. 2, Page 68","","","","","","","","","","","","Copyright Not Evaluated. For further information please contact the University of South Carolina, South Carolina Political Collections, Columbia, SC 29208.","","","","","","","mmsimkins12751","","","","2016-11-23","2016-11-23","http://cdm17173.contentdm.oclc.org/cdm/ref/collection/mmsimkins/id/13096",13096.0,"14456.jp2","/mmsimkins/image/14456.jp2","","",0,False,False,False,True,False,"['Empty Transcript']","[]"
"International Combined Corporation Record No. 2, Page 69","","","","","","","","","","","","Copyright Not Evaluated. For further information please contact the University of South Carolina, South Carolina Political Collections, Columbia, SC 29208.","","","","","","","mmsimkins12752","","","","2016-11-23","2016-11-23","http://cdm17173.contentdm.oclc.org/cdm/ref/collection/mmsimkins/id/13097",13097.0,"14457.jp2","/mmsimkins/image/14457.jp2","","",0,False,False,False,True,False,"['Empty Transcript']","[]"
"International Combined Corporation Record No. 2, Page 70","","","","","","","","","","","","Copyright Not Evaluated. For further information please contact the University of South Carolina, South Carolina Political Collections, Columbia, SC 29208.","","","","","","","mmsimkins12753","","","","2016-11-23","2016-11-23","http://cdm17173.contentdm.oclc.org/cdm/ref/collection/mmsimkins/id/13098",13098.0,"14458.jp2","/mmsimkins/image/14458.jp2","","",0,False,False,False,True,False,"['Empty Transcript']","[]"
"International Combined Corporation Record No. 2, Page 71","","","","","","","","","","","","Copyright Not Evaluated. For further information please contact the University of South Carolina, South Carolina Political Collections, Columbia, SC 29208.","","","","","","","mmsimkins12754","","","","2016-11-23","2016-11-23","http://cdm17173.contentdm.oclc.org/cdm/ref/collection/mmsimkins/id/13099",13099.0,"14459.jp2","/mmsimkins/image/14459.jp2","","",0,False,False,False,True,False,"['Empty Transcript']","[]"
"International Combined Corporation Record No. 2, Page 72","","","","","","","","","","","","Copyright Not Evaluated. For further information please contact the University of South Carolina, South Carolina Political Collections, Columbia, SC 29208.","","","","","","","mmsimkins12755","","","","2016-11-23","2016-11-23","http://cdm17173.contentdm.oclc.org/cdm/ref/collection/mmsimkins/id/13100",13100.0,"14460.jp2","/mmsimkins/image/14460.jp2","","",0,False,False,False,True,False,"['Empty Transcript']","[]"
"International Combined Corporation Record No. 2, Page 73","","","","","","","","","","","","Copyright Not Evaluated. For further information please contact the University of South Carolina, South Carolina Political Collections, Columbia, SC 29208.","","","","","","","mmsimkins12756","","","","2016-11-23","2016-11-23","http://cdm17173.contentdm.oclc.org/cdm/ref/collection/mmsimkins/id/13101",13101.0,"14461.jp2","/mmsimkins/image/14461.jp2","","",0,False,False,False,True,False,"['Empty Transcript']","[]"
"International Combined Corporation Record No. 2, Page 74","","","","","","","","","","","","Copyright Not Evaluated. For further information please contact the University of South Carolina, South Carolina Political Collections, Columbia, SC 29208.","","","","","","","mmsimkins12757","","","","2016-11-23","2016-11-23","http://cdm17173.contentdm.oclc.org/cdm/ref/collection/mmsimkins/id/13102",13102.0,"14462.jp2","/mmsimkins/image/14462.jp2","","",0,False,False,False,True,False,"['Empty Transcript']","[]"
"International Combined Corporation Record No. 2, Page 75","","","","","","","","","","","","Copyright Not Evaluated. For further information please contact the University of South Carolina, South Carolina Political Collections, Columbia, SC 29208.","","","","","","","mmsimkins12758","","","","2016-11-23","2016-11-23","http://cdm17173.contentdm.oclc.org/cdm/ref/collection/mmsimkins/id/13103",13103.0,"14463.jp2","/mmsimkins/image/14463.jp2","","",0,False,False,False,True,False,"['Empty Transcript']","[]"
"International Combined Corporation Record No. 2, Page 76","","","","","","","","","","","","Copyright Not Evaluated. For further information please contact the University of South Carolina, South Carolina Political Collections, Columbia, SC 29208.","","","","","","","mmsimkins12759","","","","2016-11-23","2016-11-23","http://cdm17173.contentdm.oclc.org/cdm/ref/collection/mmsimkins/id/13104",13104.0,"14464.jp2","/mmsimkins/image/14464.jp2","","",0,False,False,False,True,False,"['Empty Transcript']","[]"
"International Combined Corporation Record No. 2, Page 77","","","","","","","","","","","","Copyright Not Evaluated. For further information please contact the University of South Carolina, South Carolina Political Collections, Columbia, SC 29208.","","","","","","","mmsimkins12760","","","","2016-11-23","2016-11-23","http://cdm17173.contentdm.oclc.org/cdm/ref/collection/mmsimkins/id/13105",13105.0,"14465.jp2","/mmsimkins/image/14465.jp2","","",0,False,False,False,True,False,"['Empty Transcript']","[]"
"International Combined Corporation Record No. 2, Page 78","","","","","","","","","","","","Copyright Not Evaluated. For further information please contact the University of South Carolina, South Carolina Political Collections, Columbia, SC 29208.","","","","","","","mmsimkins12761","","","","2016-11-23","2016-11-23","http://cdm17173.contentdm.oclc.org/cdm/ref/collection/mmsimkins/id/13106",13106.0,"14466.jp2","/mmsimkins/image/14466.jp2","","",0,False,False,False,True,False,"['Empty Transcript']","[]"
"International Combined Corporation Record No. 2, Page 79","","","","","","","","","","","","Copyright Not Evaluated. For further information please contact the University of South Carolina, South Carolina Political Collections, Columbia, SC 29208.","","","","","","","mmsimkins12762","","","","2016-11-23","2016-11-23","http://cdm17173.contentdm.oclc.org/cdm/ref/collection/mmsimkins/id/13107",13107.0,"14467.jp2","/mmsimkins/image/14467.jp2","","",0,False,False,False,True,False,"['Empty Transcript']","[]"
"International Combined Corporation Record No. 2, Page 80","","","","","","","","","","","","Copyright Not Evaluated. For further information please contact the University of South Carolina, South Carolina Political Collections, Columbia, SC 29208.","","","","","","","mmsimkins12763","","","","2016-11-23","2016-11-23","http://cdm17173.contentdm.oclc.org/cdm/ref/collection/mmsimkins/id/13108",13108.0,"14468.jp2","/mmsimkins/image/14468.jp2","","",0,False,False,False,True,False,"['Empty Transcript']","[]"
"International Combined Corporation Record No. 2, Page 81","","","","","","","","","","","","Copyright Not Evaluated. For further information please contact the University of South Carolina, South Carolina Political Collections, Columbia, SC 29208.","","","","","","","mmsimkins12764","","","","2016-11-23","2016-11-23","http://cdm17173.contentdm.oclc.org/cdm/ref/collection/mmsimkins/id/13109",13109.0,"14469.jp2","/mmsimkins/image/14469.jp2","","",0,False,False,False,True,False,"['Empty Transcript']","[]"
"International Combined Corporation Record No. 2, Page 82","","","","","","","","","","","","Copyright Not Evaluated. For further information please contact the University of South Carolina, South Carolina Political Collections, Columbia, SC 29208.","","","","","","","mmsimkins12765","","","","2016-11-23","2016-11-23","http://cdm17173.contentdm.oclc.org/cdm/ref/collection/mmsimkins/id/13110",13110.0,"14470.jp2","/mmsimkins/image/14470.jp2","","",0,False,False,False,True,False,"['Empty Transcript']","[]"
"International Combined Corporation Record No. 2, Page 83","","","","","","","","","","","","Copyright Not Evaluated. For further information please contact the University of South Carolina, South Carolina Political Collections, Columbia, SC 29208.","","","","","","","mmsimkins12766","","","","2016-11-23","2016-11-23","http://cdm17173.contentdm.oclc.org/cdm/ref/collection/mmsimkins/id/13111",13111.0,"14471.jp2","/mmsimkins/image/14471.jp2","","",0,False,False,False,True,False,"['Empty Transcript']","[]"
"International Combined Corporation Record No. 2, Page 84","","","","","","","","","","","","Copyright Not Evaluated. For further information please contact the University of South Carolina, South Carolina Political Collections, Columbia, SC 29208.","","","","","","","mmsimkins12767","","","","2016-11-23","2016-11-23","http://cdm17173.contentdm.oclc.org/cdm/ref/collection/mmsimkins/id/13112",13112.0,"14472.jp2","/mmsimkins/image/14472.jp2","","",0,False,False,False,True,False,"['Empty Transcript']","[]"
"Leaflet - Operation Push, Page 1","","","","","","","","","","","","Copyright Not Evaluated. For further information please contact the University of South Carolina, South Carolina Political Collections, Columbia, SC 29208.","","","","","","","mmsimkins12984","","","","2016-11-23","2016-11-23","http://cdm17173.contentdm.oclc.org/cdm/ref/collection/mmsimkins/id/13114",13114.0,"14474.jp2","/mmsimkins/image/14474.jp2","","",0,False,False,False,True,False,"['Empty Transcript']","[]"
"Leaflet - Operation Push, Page 2","","","","","","","","","","","","Copyright Not Evaluated. For further information please contact the University of South Carolina, South Carolina Political Collections, Columbia, SC 29208.","","","","","","","mmsimkins12985","","","","2016-11-23","2016-11-23","http://cdm17173.contentdm.oclc.org/cdm/ref/collection/mmsimkins/id/13115",13115.0,"14475.jp2","/mmsimkins/image/14475.jp2","","",0,False,False,False,True,False,"['Empty Transcript']","[]"
"Political cartoon","","","","","","","","","","","","Copyright Not Evaluated. For further information please contact the University of South Carolina, South Carolina Political Collections, Columbia, SC 29208.","","","","","","","mmsimkins12986","","","","2016-11-23","2016-11-23","http://cdm17173.contentdm.oclc.org/cdm/ref/collection/mmsimkins/id/13116",13116.0,"14476.jp2","/mmsimkins/image/14476.jp2","","",0,False,False,False,True,False,"['Empty Transcript']","[]"
"Statement on Negro Citizens' Committee","","","","","","","","","","","","Copyright Not Evaluated. For further information please contact the University of South Carolina, South Carolina Political Collections, Columbia, SC 29208.","","","","","","","mmsimkins12987","","","","2016-11-23","2016-11-23","http://cdm17173.contentdm.oclc.org/cdm/ref/collection/mmsimkins/id/13117",13117.0,"14477.jp2","/mmsimkins/image/14477.jp2","","",0,False,False,False,True,False,"['Empty Transcript']","[]"
"Letter to the Association of County Superintendents of Education, Page 1","","","","","","","","","","","","Copyright Not Evaluated. For further information please contact the University of South Carolina, South Carolina Political Collections, Columbia, SC 29208.","","","","","","","mmsimkins12988","","","","2016-11-23","2016-11-23","http://cdm17173.contentdm.oclc.org/cdm/ref/collection/mmsimkins/id/13118",13118.0,"14478.jp2","/mmsimkins/image/14478.jp2","","",0,False,False,False,True,False,"['Empty Transcript']","[]"
"Letter to the Association of County Superintendents of Education, Page 2","","","","","","","","","","","","Copyright Not Evaluated. For further information please contact the University of South Carolina, South Carolina Political Collections, Columbia, SC 29208.","","","","","","","mmsimkins12989","","","","2016-11-23","2016-11-23","http://cdm17173.contentdm.oclc.org/cdm/ref/collection/mmsimkins/id/13119",13119.0,"14479.jp2","/mmsimkins/image/14479.jp2","","",0,False,False,False,True,False,"['Empty Transcript']","[]"
"Letter to the Association of County Superintendents of Education, Page 3","","","","","","","","","","","","Copyright Not Evaluated. For further information please contact the University of South Carolina, South Carolina Political Collections, Columbia, SC 29208.","","","","","","","mmsimkins12990","","","","2016-11-23","2016-11-23","http://cdm17173.contentdm.oclc.org/cdm/ref/collection/mmsimkins/id/13120",13120.0,"14480.jp2","/mmsimkins/image/14480.jp2","","",0,False,False,False,True,False,"['Empty Transcript']","[]"
"Statement on negro women and feminism, Page 1","","","","","","","","","","","","Copyright Not Evaluated. For further information please contact the University of South Carolina, South Carolina Political Collections, Columbia, SC 29208.","","","","","","","mmsimkins12991","","","","2016-11-23","2016-11-23","http://cdm17173.contentdm.oclc.org/cdm/ref/collection/mmsimkins/id/13121",13121.0,"14481.jp2","/mmsimkins/image/14481.jp2","","",0,False,False,False,True,False,"['Empty Transcript']","[]"
"Statement on negro women and feminism, Page 2","","","","","","","","","","","","Copyright Not Evaluated. For further information please contact the University of South Carolina, South Carolina Political Collections, Columbia, SC 29208.","","","","","","","mmsimkins12992","","","","2016-11-23","2016-11-23","http://cdm17173.contentdm.oclc.org/cdm/ref/collection/mmsimkins/id/13122",13122.0,"14482.jp2","/mmsimkins/image/14482.jp2","","",0,False,False,False,True,False,"['Empty Transcript']","[]"
"Statement on ""lynch law""","","","","","","","","","","","","Copyright Not Evaluated. For further information please contact the University of South Carolina, South Carolina Political Collections, Columbia, SC 29208.","","","","","","","mmsimkins12993","","","","2016-11-23","2016-11-23","http://cdm17173.contentdm.oclc.org/cdm/ref/collection/mmsimkins/id/13123",13123.0,"14483.jp2","/mmsimkins/image/14483.jp2","","",0,False,False,False,True,False,"['Empty Transcript']","[]"
"Statement on Committee for Prisoners Support in Birmingham, Page 1","","","","","","","","","","","","Copyright Not Evaluated. For further information please contact the University of South Carolina, South Carolina Political Collections, Columbia, SC 29208.","","","","","","","mmsimkins12994","","","","2016-11-23","2016-11-23","http://cdm17173.contentdm.oclc.org/cdm/ref/collection/mmsimkins/id/13124",13124.0,"14484.jp2","/mmsimkins/image/14484.jp2","","",0,False,False,False,True,False,"['Empty Transcript']","[]"
"Statement on Committee for Prisoners Support in Birmingham, Page 2","","","","","","","","","","","","Copyright Not Evaluated. For further information please contact the University of South Carolina, South Carolina Political Collections, Columbia, SC 29208.","","","","","","","mmsimkins12995","","","","2016-11-23","2016-11-23","http://cdm17173.contentdm.oclc.org/cdm/ref/collection/mmsimkins/id/13125",13125.0,"14485.jp2","/mmsimkins/image/14485.jp2","","",0,False,False,False,True,False,"['Empty Transcript']","[]"
"Flyer from Columbia Veterans Organization","","","","","","","","","","","","Copyright Not Evaluated. For further information please contact the University of South Carolina, South Carolina Political Collections, Columbia, SC 29208.","","","","","","","mmsimkins12996","","","","2016-11-23","2016-11-23","http://cdm17173.contentdm.oclc.org/cdm/ref/collection/mmsimkins/id/13126",13126.0,"14486.jp2","/mmsimkins/image/14486.jp2","","",0,False,False,False,True,False,"['Empty Transcript']","[]"
"Campaign information for school board","","","","","","","","","","","","Copyright Not Evaluated. For further information please contact the University of South Carolina, South Carolina Political Collections, Columbia, SC 29208.","","","","","","","mmsimkins12998","","","","2016-11-23","2016-11-23","http://cdm17173.contentdm.oclc.org/cdm/ref/collection/mmsimkins/id/13127",13127.0,"14487.jp2","/mmsimkins/image/14487.jp2","","",0,False,False,False,True,False,"['Empty Transcript']","[]"
"Statement - Negro candidates in June 8 primary, Page 1","","","","","","","","","","","","Copyright Not Evaluated. For further information please contact the University of South Carolina, South Carolina Political Collections, Columbia, SC 29208.","","","","","","","mmsimkins12999","","","","2016-11-23","2016-11-23","http://cdm17173.contentdm.oclc.org/cdm/ref/collection/mmsimkins/id/13128",13128.0,"14488.jp2","/mmsimkins/image/14488.jp2","","",0,False,False,False,True,False,"['Empty Transcript']","[]"
"Statement - Negro candidates in June 8 primary, Page 2","","","","","","","","","","","","Copyright Not Evaluated. For further information please contact the University of South Carolina, South Carolina Political Collections, Columbia, SC 29208.","","","","","","","mmsimkins13000","","","","2016-11-23","2016-11-23","http://cdm17173.contentdm.oclc.org/cdm/ref/collection/mmsimkins/id/13129",13129.0,"14489.jp2","/mmsimkins/image/14489.jp2","","",0,False,False,False,True,False,"['Empty Transcript']","[]"
"Statement - """"Are you a murderer?"""", Page 1","","","","","","","","","","","","Copyright Not Evaluated. For further information please contact the University of South Carolina, South Carolina Political Collections, Columbia, SC 29208.","","","","","","","mmsimkins13001","","","","2016-11-23","2016-11-23","http://cdm17173.contentdm.oclc.org/cdm/ref/collection/mmsimkins/id/13130",13130.0,"14490.jp2","/mmsimkins/image/14490.jp2","","",0,False,False,False,True,False,"['Empty Transcript']","[]"
"Statement - """"Are you a murderer?"""", Page 2","","","","","","","","","","","","Copyright Not Evaluated. For further information please contact the University of South Carolina, South Carolina Political Collections, Columbia, SC 29208.","","","","","","","mmsimkins13002","","","","2016-11-23","2016-11-23","http://cdm17173.contentdm.oclc.org/cdm/ref/collection/mmsimkins/id/13131",13131.0,"14491.jp2","/mmsimkins/image/14491.jp2","","",0,False,False,False,True,False,"['Empty Transcript']","[]"
"Statement - """"Are you a murderer?"""", Page 3","","","","","","","","","","","","Copyright Not Evaluated. For further information please contact the University of South Carolina, South Carolina Political Collections, Columbia, SC 29208.","","","","","","","mmsimkins13003","","","","2016-11-23","2016-11-23","http://cdm17173.contentdm.oclc.org/cdm/ref/collection/mmsimkins/id/13132",13132.0,"14492.jp2","/mmsimkins/image/14492.jp2","","",0,False,False,False,True,False,"['Empty Transcript']","[]"
"Statement - """"Are you a murderer?"""", Page 4","","","","","","","","","","","","Copyright Not Evaluated. For further information please contact the University of South Carolina, South Carolina Political Collections, Columbia, SC 29208.","","","","","","","mmsimkins13004","","","","2016-11-23","2016-11-23","http://cdm17173.contentdm.oclc.org/cdm/ref/collection/mmsimkins/id/13133",13133.0,"14493.jp2","/mmsimkins/image/14493.jp2","","",0,False,False,False,True,False,"['Empty Transcript']","[]"
"Statement - """"Are you a murderer?"""", Page 5","","","","","","","","","","","","Copyright Not Evaluated. For further information please contact the University of South Carolina, South Carolina Political Collections, Columbia, SC 29208.","","","","","","","mmsimkins13005","","","","2016-11-23","2016-11-23","http://cdm17173.contentdm.oclc.org/cdm/ref/collection/mmsimkins/id/13134",13134.0,"14494.jp2","/mmsimkins/image/14494.jp2","","",0,False,False,False,True,False,"['Empty Transcript']","[]"
"Statement - """"Are you a murderer?"""", Page 6","","","","","","","","","","","","Copyright Not Evaluated. For further information please contact the University of South Carolina, South Carolina Political Collections, Columbia, SC 29208.","","","","","","","mmsimkins13006","","","","2016-11-23","2016-11-23","http://cdm17173.contentdm.oclc.org/cdm/ref/collection/mmsimkins/id/13135",13135.0,"14495.jp2","/mmsimkins/image/14495.jp2","","",0,False,False,False,True,False,"['Empty Transcript']","[]"
"Statement - """"Are you a murderer?"""", Page 7","","","","","","","","","","","","Copyright Not Evaluated. For further information please contact the University of South Carolina, South Carolina Political Collections, Columbia, SC 29208.","","","","","","","mmsimkins13007","","","","2016-11-23","2016-11-23","http://cdm17173.contentdm.oclc.org/cdm/ref/collection/mmsimkins/id/13136",13136.0,"14496.jp2","/mmsimkins/image/14496.jp2","","",0,False,False,False,True,False,"['Empty Transcript']","[]"
"Statement - """"Are you a murderer?"""", Page 8","","","","","","","","","","","","Copyright Not Evaluated. For further information please contact the University of South Carolina, South Carolina Political Collections, Columbia, SC 29208.","","","","","","","mmsimkins13008","","","","2016-11-23","2016-11-23","http://cdm17173.contentdm.oclc.org/cdm/ref/collection/mmsimkins/id/13137",13137.0,"14497.jp2","/mmsimkins/image/14497.jp2","","",0,False,False,False,True,False,"['Empty Transcript']","[]"
"Statement - """"Are you a murderer?"""", Page 9","","","","","","","","","","","","Copyright Not Evaluated. For further information please contact the University of South Carolina, South Carolina Political Collections, Columbia, SC 29208.","","","","","","","mmsimkins13009","","","","2016-11-23","2016-11-23","http://cdm17173.contentdm.oclc.org/cdm/ref/collection/mmsimkins/id/13138",13138.0,"14498.jp2","/mmsimkins/image/14498.jp2","","",0,False,False,False,True,False,"['Empty Transcript']","[]"
"The Orangeburg-Elloree Story, Page 1","","","","","","","","","","","","Copyright Not Evaluated. For further information please contact the University of South Carolina, South Carolina Political Collections, Columbia, SC 29208.","","","","","","","mmsimkins13010","","","","2016-11-23","2016-11-23","http://cdm17173.contentdm.oclc.org/cdm/ref/collection/mmsimkins/id/13139",13139.0,"14499.jp2","/mmsimkins/image/14499.jp2","","",0,False,False,False,True,False,"['Empty Transcript']","[]"
"The Orangeburg-Elloree Story, Page 2","","","","","","","","","","","","Copyright Not Evaluated. For further information please contact the University of South Carolina, South Carolina Political Collections, Columbia, SC 29208.","","","","","","","mmsimkins13011","","","","2016-11-23","2016-11-23","http://cdm17173.contentdm.oclc.org/cdm/ref/collection/mmsimkins/id/13140",13140.0,"14500.jp2","/mmsimkins/image/14500.jp2","","",0,False,False,False,True,False,"['Empty Transcript']","[]"
"Ways and Means Committee H2197, Page 1","","","","","","","","","","","","Copyright Not Evaluated. For further information please contact the University of South Carolina, South Carolina Political Collections, Columbia, SC 29208.","","","","","","","mmsimkins13012","","","","2016-11-23","2016-11-23","http://cdm17173.contentdm.oclc.org/cdm/ref/collection/mmsimkins/id/13141",13141.0,"14501.jp2","/mmsimkins/image/14501.jp2","","",0,False,False,False,True,False,"['Empty Transcript']","[]"
"Ways and Means Committee H2197, Page 2","","","","","","","","","","","","Copyright Not Evaluated. For further information please contact the University of South Carolina, South Carolina Political Collections, Columbia, SC 29208.","","","","","","","mmsimkins13013","","","","2016-11-23","2016-11-23","http://cdm17173.contentdm.oclc.org/cdm/ref/collection/mmsimkins/id/13142",13142.0,"14502.jp2","/mmsimkins/image/14502.jp2","","",0,False,False,False,True,False,"['Empty Transcript']","[]"
"Ways and Means Committee H2197, Page 3","","","","","","","","","","","","Copyright Not Evaluated. For further information please contact the University of South Carolina, South Carolina Political Collections, Columbia, SC 29208.","","","","","","","mmsimkins13014","","","","2016-11-23","2016-11-23","http://cdm17173.contentdm.oclc.org/cdm/ref/collection/mmsimkins/id/13143",13143.0,"14503.jp2","/mmsimkins/image/14503.jp2","","",0,False,False,False,True,False,"['Empty Transcript']","[]"
"Simple facts about registration, Page 1","","","","","","","","","","","","Copyright Not Evaluated. For further information please contact the University of South Carolina, South Carolina Political Collections, Columbia, SC 29208.","","","","","","","mmsimkins13015","","","","2016-11-23","2016-11-23","http://cdm17173.contentdm.oclc.org/cdm/ref/collection/mmsimkins/id/13144",13144.0,"14504.jp2","/mmsimkins/image/14504.jp2","","",0,False,False,False,True,False,"['Empty Transcript']","[]"
"Simple facts about registration, Page 2","","","","","","","","","","","","Copyright Not Evaluated. For further information please contact the University of South Carolina, South Carolina Political Collections, Columbia, SC 29208.","","","","","","","mmsimkins13016","","","","2016-11-23","2016-11-23","http://cdm17173.contentdm.oclc.org/cdm/ref/collection/mmsimkins/id/13145",13145.0,"14505.jp2","/mmsimkins/image/14505.jp2","","",0,False,False,False,True,False,"['Empty Transcript']","[]"
"Notice of intention to appeal, Page 1","","","","","","","","","","","","Copyright Not Evaluated. For further information please contact the University of South Carolina, South Carolina Political Collections, Columbia, SC 29208.","","","","","","","mmsimkins13018","","","","2016-11-23","2016-11-23","http://cdm17173.contentdm.oclc.org/cdm/ref/collection/mmsimkins/id/13146",13146.0,"14506.jp2","/mmsimkins/image/14506.jp2","","",0,False,False,False,True,False,"['Empty Transcript']","[]"
"Notice of intention to appeal, Page 2","","","","","","","","","","","","Copyright Not Evaluated. For further information please contact the University of South Carolina, South Carolina Political Collections, Columbia, SC 29208.","","","","","","","mmsimkins13019","","","","2016-11-23","2016-11-23","http://cdm17173.contentdm.oclc.org/cdm/ref/collection/mmsimkins/id/13147",13147.0,"14507.jp2","/mmsimkins/image/14507.jp2","","",0,False,False,False,True,False,"['Empty Transcript']","[]"
"Outline for public hearings on police misconduct, Page 1","","","","","","","","","","","","Copyright Not Evaluated. For further information please contact the University of South Carolina, South Carolina Political Collections, Columbia, SC 29208.","","","","","","","mmsimkins13020","","","","2016-11-23","2016-11-23","http://cdm17173.contentdm.oclc.org/cdm/ref/collection/mmsimkins/id/13148",13148.0,"14508.jp2","/mmsimkins/image/14508.jp2","","",0,False,False,False,True,False,"['Empty Transcript']","[]"
"Outline for public hearings on police misconduct, Page 2","","","","","","","","","","","","Copyright Not Evaluated. For further information please contact the University of South Carolina, South Carolina Political Collections, Columbia, SC 29208.","","","","","","","mmsimkins13021","","","","2016-11-23","2016-11-23","http://cdm17173.contentdm.oclc.org/cdm/ref/collection/mmsimkins/id/13149",13149.0,"14509.jp2","/mmsimkins/image/14509.jp2","","",0,False,False,False,True,False,"['Empty Transcript']","[]"
"Opinion piece by Mrs. Simkins","","","","","","","","","","","","Copyright Not Evaluated. For further information please contact the University of South Carolina, South Carolina Political Collections, Columbia, SC 29208.","","","","","","","mmsimkins13022","","","","2016-11-23","2016-11-23","http://cdm17173.contentdm.oclc.org/cdm/ref/collection/mmsimkins/id/13150",13150.0,"14510.jp2","/mmsimkins/image/14510.jp2","","",0,False,False,False,True,False,"['Empty Transcript']","[]"
"Statement - """"I shall vote for Aldai Stevenson""""","","","","","","","","","","","","Copyright Not Evaluated. For further information please contact the University of South Carolina, South Carolina Political Collections, Columbia, SC 29208.","","","","","","","mmsimkins13023","","","","2016-11-23","2016-11-23","http://cdm17173.contentdm.oclc.org/cdm/ref/collection/mmsimkins/id/13151",13151.0,"14511.jp2","/mmsimkins/image/14511.jp2","","",0,False,False,False,True,False,"['Empty Transcript']","[]"
"Letter to fellow citizens and friends","","","","","","","","","","","","Copyright Not Evaluated. For further information please contact the University of South Carolina, South Carolina Political Collections, Columbia, SC 29208.","","","","","","","mmsimkins13025","","","","2016-11-23","2016-11-23","http://cdm17173.contentdm.oclc.org/cdm/ref/collection/mmsimkins/id/13152",13152.0,"14512.jp2","/mmsimkins/image/14512.jp2","","",0,False,False,False,True,False,"['Empty Transcript']","[]"
"Publication - Dr. Mays, Page 1","","","","","","","","","","","","Copyright Not Evaluated. For further information please contact the University of South Carolina, South Carolina Political Collections, Columbia, SC 29208.","","","","","","","mmsimkins13027","","","","2016-11-23","2016-11-23","http://cdm17173.contentdm.oclc.org/cdm/ref/collection/mmsimkins/id/13153",13153.0,"14513.jp2","/mmsimkins/image/14513.jp2","","",0,False,False,False,True,False,"['Empty Transcript']","[]"
"Publication - Dr. Mays, Page 2","","","","","","","","","","","","Copyright Not Evaluated. For further information please contact the University of South Carolina, South Carolina Political Collections, Columbia, SC 29208.","","","","","","","mmsimkins13028","","","","2016-11-23","2016-11-23","http://cdm17173.contentdm.oclc.org/cdm/ref/collection/mmsimkins/id/13154",13154.0,"14514.jp2","/mmsimkins/image/14514.jp2","","",0,False,False,False,True,False,"['Empty Transcript']","[]"
"Publication - Dr. Mays, Page 3","","","","","","","","","","","","Copyright Not Evaluated. For further information please contact the University of South Carolina, South Carolina Political Collections, Columbia, SC 29208.","","","","","","","mmsimkins13029","","","","2016-11-23","2016-11-23","http://cdm17173.contentdm.oclc.org/cdm/ref/collection/mmsimkins/id/13155",13155.0,"14515.jp2","/mmsimkins/image/14515.jp2","","",0,False,False,False,True,False,"['Empty Transcript']","[]"
"Publication - Dr. Mays, Page 4","","","","","","","","","","","","Copyright Not Evaluated. For further information please contact the University of South Carolina, South Carolina Political Collections, Columbia, SC 29208.","","","","","","","mmsimkins13030","","","","2016-11-23","2016-11-23","http://cdm17173.contentdm.oclc.org/cdm/ref/collection/mmsimkins/id/13156",13156.0,"14516.jp2","/mmsimkins/image/14516.jp2","","",0,False,False,False,True,False,"['Empty Transcript']","[]"
"Publication - Dr. Mays, Page 5","","","","","","","","","","","","Copyright Not Evaluated. For further information please contact the University of South Carolina, South Carolina Political Collections, Columbia, SC 29208.","","","","","","","mmsimkins13031","","","","2016-11-23","2016-11-23","http://cdm17173.contentdm.oclc.org/cdm/ref/collection/mmsimkins/id/13157",13157.0,"14517.jp2","/mmsimkins/image/14517.jp2","","",0,False,False,False,True,False,"['Empty Transcript']","[]"
"Publication - Dr. Mays, Page 6","","","","","","","","","","","","Copyright Not Evaluated. For further information please contact the University of South Carolina, South Carolina Political Collections, Columbia, SC 29208.","","","","","","","mmsimkins13032","","","","2016-11-23","2016-11-23","http://cdm17173.contentdm.oclc.org/cdm/ref/collection/mmsimkins/id/13158",13158.0,"14518.jp2","/mmsimkins/image/14518.jp2","","",0,False,False,False,True,False,"['Empty Transcript']","[]"
"Publication - Dr. Mays, Page 7","","","","","","","","","","","","Copyright Not Evaluated. For further information please contact the University of South Carolina, South Carolina Political Collections, Columbia, SC 29208.","","","","","","","mmsimkins13033","","","","2016-11-23","2016-11-23","http://cdm17173.contentdm.oclc.org/cdm/ref/collection/mmsimkins/id/13159",13159.0,"14519.jp2","/mmsimkins/image/14519.jp2","","",0,False,False,False,True,False,"['Empty Transcript']","[]"
"Publication - Dr. Mays, Page 8","","","","","","","","","","","","Copyright Not Evaluated. For further information please contact the University of South Carolina, South Carolina Political Collections, Columbia, SC 29208.","","","","","","","mmsimkins13034","","","","2016-11-23","2016-11-23","http://cdm17173.contentdm.oclc.org/cdm/ref/collection/mmsimkins/id/13160",13160.0,"14520.jp2","/mmsimkins/image/14520.jp2","","",0,False,False,False,True,False,"['Empty Transcript']","[]"
"Clipping - """"wanted""""","","","","","","","","","","","","Copyright Not Evaluated. For further information please contact the University of South Carolina, South Carolina Political Collections, Columbia, SC 29208.","","","","","","","mmsimkins13035","","","","2016-11-23","2016-11-23","http://cdm17173.contentdm.oclc.org/cdm/ref/collection/mmsimkins/id/13161",13161.0,"14521.jp2","/mmsimkins/image/14521.jp2","","",0,False,False,False,True,False,"['Empty Transcript']","[]"
"Political cartoon of Ronald Regan","","","","","","","","","","","","Copyright Not Evaluated. For further information please contact the University of South Carolina, South Carolina Political Collections, Columbia, SC 29208.","","","","","","","mmsimkins13036","","","","2016-11-23","2016-11-23","http://cdm17173.contentdm.oclc.org/cdm/ref/collection/mmsimkins/id/13162",13162.0,"14522.jp2","/mmsimkins/image/14522.jp2","","",0,False,False,False,True,False,"['Empty Transcript']","[]"
"If we must die"""" writing by Mrs. Simkins","","","","","","","","","","","","Copyright Not Evaluated. For further information please contact the University of South Carolina, South Carolina Political Collections, Columbia, SC 29208.","","","","","","","mmsimkins13037","","","","2016-11-23","2016-11-23","http://cdm17173.contentdm.oclc.org/cdm/ref/collection/mmsimkins/id/13163",13163.0,"14523.jp2","/mmsimkins/image/14523.jp2","","",0,False,False,False,True,False,"['Empty Transcript']","[]"
"Flyer for event at Ladson Presbyterian Church","","","","","","","","","","","","Copyright Not Evaluated. For further information please contact the University of South Carolina, South Carolina Political Collections, Columbia, SC 29208.","","","","","","","mmsimkins13038","","","","2016-11-23","2016-11-23","http://cdm17173.contentdm.oclc.org/cdm/ref/collection/mmsimkins/id/13164",13164.0,"14524.jp2","/mmsimkins/image/14524.jp2","","",0,False,False,False,True,False,"['Empty Transcript']","[]"
"An affidvait, Page 1","","","","","","","","","","","","Copyright Not Evaluated. For further information please contact the University of South Carolina, South Carolina Political Collections, Columbia, SC 29208.","","","","","","","mmsimkins13040","","","","2016-11-23","2016-11-23","http://cdm17173.contentdm.oclc.org/cdm/ref/collection/mmsimkins/id/13165",13165.0,"14525.jp2","/mmsimkins/image/14525.jp2","","",0,False,False,False,True,False,"['Empty Transcript']","[]"
"An affidvait, Page 2","","","","","","","","","","","","Copyright Not Evaluated. For further information please contact the University of South Carolina, South Carolina Political Collections, Columbia, SC 29208.","","","","","","","mmsimkins13041","","","","2016-11-23","2016-11-23","http://cdm17173.contentdm.oclc.org/cdm/ref/collection/mmsimkins/id/13166",13166.0,"14526.jp2","/mmsimkins/image/14526.jp2","","",0,False,False,False,True,False,"['Empty Transcript']","[]"
"An affidvait, Page 3","","","","","","","","","","","","Copyright Not Evaluated. For further information please contact the University of South Carolina, South Carolina Political Collections, Columbia, SC 29208.","","","","","","","mmsimkins13042","","","","2016-11-23","2016-11-23","http://cdm17173.contentdm.oclc.org/cdm/ref/collection/mmsimkins/id/13167",13167.0,"14527.jp2","/mmsimkins/image/14527.jp2","","",0,False,False,False,True,False,"['Empty Transcript']","[]"
"Leaflet - Free Angela Davis, Page 1","","","","","","","","","","","","Copyright Not Evaluated. For further information please contact the University of South Carolina, South Carolina Political Collections, Columbia, SC 29208.","","","","","","","mmsimkins13044","","","","2016-11-23","2016-11-23","http://cdm17173.contentdm.oclc.org/cdm/ref/collection/mmsimkins/id/13168",13168.0,"14528.jp2","/mmsimkins/image/14528.jp2","","",0,False,False,False,True,False,"['Empty Transcript']","[]"
"Leaflet - Free Angela Davis, Page 2","","","","","","","","","","","","Copyright Not Evaluated. For further information please contact the University of South Carolina, South Carolina Political Collections, Columbia, SC 29208.","","","","","","","mmsimkins13045","","","","2016-11-23","2016-11-23","http://cdm17173.contentdm.oclc.org/cdm/ref/collection/mmsimkins/id/13169",13169.0,"14529.jp2","/mmsimkins/image/14529.jp2","","",0,False,False,False,True,False,"['Empty Transcript']","[]"
"Leaflet - Free Angela Davis, Page 3","","","","","","","","","","","","Copyright Not Evaluated. For further information please contact the University of South Carolina, South Carolina Political Collections, Columbia, SC 29208.","","","","","","","mmsimkins13046","","","","2016-11-23","2016-11-23","http://cdm17173.contentdm.oclc.org/cdm/ref/collection/mmsimkins/id/13170",13170.0,"14530.jp2","/mmsimkins/image/14530.jp2","","",0,False,False,False,True,False,"['Empty Transcript']","[]"
"Warning flyer on meat products","","","","","","","","","","","","Copyright Not Evaluated. For further information please contact the University of South Carolina, South Carolina Political Collections, Columbia, SC 29208.","","","","","","","mmsimkins13047","","","","2016-11-23","2016-11-23","http://cdm17173.contentdm.oclc.org/cdm/ref/collection/mmsimkins/id/13171",13171.0,"14531.jp2","/mmsimkins/image/14531.jp2","","",0,False,False,False,True,False,"['Empty Transcript']","[]"
"Publication - Robert S. Roberts, Page 1","","","","","","","","","","","","Copyright Not Evaluated. For further information please contact the University of South Carolina, South Carolina Political Collections, Columbia, SC 29208.","","","","","","","mmsimkins13048","","","","2016-11-23","2016-11-23","http://cdm17173.contentdm.oclc.org/cdm/ref/collection/mmsimkins/id/13172",13172.0,"14532.jp2","/mmsimkins/image/14532.jp2","","",0,False,False,False,True,False,"['Empty Transcript']","[]"
"Publication - Robert S. Roberts, Page 2","","","","","","","","","","","","Copyright Not Evaluated. For further information please contact the University of South Carolina, South Carolina Political Collections, Columbia, SC 29208.","","","","","","","mmsimkins13050","","","","2016-11-23","2016-11-23","http://cdm17173.contentdm.oclc.org/cdm/ref/collection/mmsimkins/id/13173",13173.0,"14533.jp2","/mmsimkins/image/14533.jp2","","",0,False,False,False,True,False,"['Empty Transcript']","[]"
"Publication - Robert S. Roberts, Page 3","","","","","","","","","","","","Copyright Not Evaluated. For further information please contact the University of South Carolina, South Carolina Political Collections, Columbia, SC 29208.","","","","","","","mmsimkins13051","","","","2016-11-23","2016-11-23","http://cdm17173.contentdm.oclc.org/cdm/ref/collection/mmsimkins/id/13174",13174.0,"14534.jp2","/mmsimkins/image/14534.jp2","","",0,False,False,False,True,False,"['Empty Transcript']","[]"
"Publication - Robert S. Roberts, Page 4","","","","","","","","","","","","Copyright Not Evaluated. For further information please contact the University of South Carolina, South Carolina Political Collections, Columbia, SC 29208.","","","","","","","mmsimkins13052","","","","2016-11-23","2016-11-23","http://cdm17173.contentdm.oclc.org/cdm/ref/collection/mmsimkins/id/13175",13175.0,"14535.jp2","/mmsimkins/image/14535.jp2","","",0,False,False,False,True,False,"['Empty Transcript']","[]"
"Publication - Robert S. Roberts, Page 5","","","","","","","","","","","","Copyright Not Evaluated. For further information please contact the University of South Carolina, South Carolina Political Collections, Columbia, SC 29208.","","","","","","","mmsimkins13053","","","","2016-11-23","2016-11-23","http://cdm17173.contentdm.oclc.org/cdm/ref/collection/mmsimkins/id/13176",13176.0,"14536.jp2","/mmsimkins/image/14536.jp2","","",0,False,False,False,True,False,"['Empty Transcript']","[]"
"Publication - Robert S. Roberts, Page 6","","","","","","","","","","","","Copyright Not Evaluated. For further information please contact the University of South Carolina, South Carolina Political Collections, Columbia, SC 29208.","","","","","","","mmsimkins13057","","","","2016-11-23","2016-11-23","http://cdm17173.contentdm.oclc.org/cdm/ref/collection/mmsimkins/id/13177",13177.0,"14537.jp2","/mmsimkins/image/14537.jp2","","",0,False,False,False,True,False,"['Empty Transcript']","[]"
"Publication - Robert S. Roberts, Page 7","","","","","","","","","","","","Copyright Not Evaluated. For further information please contact the University of South Carolina, South Carolina Political Collections, Columbia, SC 29208.","","","","","","","mmsimkins13058","","","","2016-11-23","2016-11-23","http://cdm17173.contentdm.oclc.org/cdm/ref/collection/mmsimkins/id/13178",13178.0,"14538.jp2","/mmsimkins/image/14538.jp2","","",0,False,False,False,True,False,"['Empty Transcript']","[]"
"Invitation to Lamar Junior High Commencement, 1941","","","","","","","","","","","","Copyright Not Evaluated. For further information please contact the University of South Carolina, South Carolina Political Collections, Columbia, SC 29208.","","","","","","","mmsimkins12769","","","","2016-11-23","2016-11-23","http://cdm17173.contentdm.oclc.org/cdm/ref/collection/mmsimkins/id/13180",13180.0,"14540.jp2","/mmsimkins/image/14540.jp2","","",0,False,False,False,True,False,"['Empty Transcript']","[]"
"Program for Lamar Junior High Commencement, 1941","","","","","","","","","","","","Copyright Not Evaluated. For further information please contact the University of South Carolina, South Carolina Political Collections, Columbia, SC 29208.","","","","","","","mmsimkins12770","","","","2016-11-23","2016-11-23","http://cdm17173.contentdm.oclc.org/cdm/ref/collection/mmsimkins/id/13181",13181.0,"14541.jp2","/mmsimkins/image/14541.jp2","","",0,False,False,False,True,False,"['Empty Transcript']","[]"
"Statement on redress for grievances","","","","","","","","","","","","Copyright Not Evaluated. For further information please contact the University of South Carolina, South Carolina Political Collections, Columbia, SC 29208.","","","","","","","mmsimkins12771","","","","2016-11-23","2016-11-23","http://cdm17173.contentdm.oclc.org/cdm/ref/collection/mmsimkins/id/13182",13182.0,"14542.jp2","/mmsimkins/image/14542.jp2","","",0,False,False,False,True,False,"['Empty Transcript']","[]"
"Statement by Benjamin Mays , """"Reformation"""", Page 1","","","","","","","","","","","","Copyright Not Evaluated. For further information please contact the University of South Carolina, South Carolina Political Collections, Columbia, SC 29208.","","","","","","","mmsimkins12772","","","","2016-11-23","2016-11-23","http://cdm17173.contentdm.oclc.org/cdm/ref/collection/mmsimkins/id/13183",13183.0,"14543.jp2","/mmsimkins/image/14543.jp2","","",0,False,False,False,True,False,"['Empty Transcript']","[]"
"Statement by Benjamin Mays , """"Reformation"""", Page 2","","","","","","","","","","","","Copyright Not Evaluated. For further information please contact the University of South Carolina, South Carolina Political Collections, Columbia, SC 29208.","","","","","","","mmsimkins12774","","","","2016-11-23","2016-11-23","http://cdm17173.contentdm.oclc.org/cdm/ref/collection/mmsimkins/id/13184",13184.0,"14544.jp2","/mmsimkins/image/14544.jp2","","",0,False,False,False,True,False,"['Empty Transcript']","[]"
"Letter to fellow teachers, February 26, 1947, Page 1","","","","","","","","","","","","Copyright Not Evaluated. For further information please contact the University of South Carolina, South Carolina Political Collections, Columbia, SC 29208.","","","","","","","mmsimkins12775","","","","2016-11-23","2016-11-23","http://cdm17173.contentdm.oclc.org/cdm/ref/collection/mmsimkins/id/13185",13185.0,"14545.jp2","/mmsimkins/image/14545.jp2","","",0,False,False,False,True,False,"['Empty Transcript']","[]"
"Letter to fellow teachers, February 26, 1947, Page 2","","","","","","","","","","","","Copyright Not Evaluated. For further information please contact the University of South Carolina, South Carolina Political Collections, Columbia, SC 29208.","","","","","","","mmsimkins12776","","","","2016-11-23","2016-11-23","http://cdm17173.contentdm.oclc.org/cdm/ref/collection/mmsimkins/id/13186",13186.0,"14546.jp2","/mmsimkins/image/14546.jp2","","",0,False,False,False,True,False,"['Empty Transcript']","[]"
"Facts about registration","","","","","","","","","","","","Copyright Not Evaluated. For further information please contact the University of South Carolina, South Carolina Political Collections, Columbia, SC 29208.","","","","","","","mmsimkins12777","","","","2016-11-23","2016-11-23","http://cdm17173.contentdm.oclc.org/cdm/ref/collection/mmsimkins/id/13187",13187.0,"14547.jp2","/mmsimkins/image/14547.jp2","","",0,False,False,False,True,False,"['Empty Transcript']","[]"
"Broadcast of the Carolina District of the Communist Party, September 30, 1948, Page 1","","","","","","","","","","","","Copyright Not Evaluated. For further information please contact the University of South Carolina, South Carolina Political Collections, Columbia, SC 29208.","","","","","","","mmsimkins12778","","","","2016-11-23","2016-11-23","http://cdm17173.contentdm.oclc.org/cdm/ref/collection/mmsimkins/id/13188",13188.0,"14548.jp2","/mmsimkins/image/14548.jp2","","",0,False,False,False,True,False,"['Empty Transcript']","[]"
"Broadcast of the Carolina District of the Communist Party, September 30, 1948, Page 2","","","","","","","","","","","","Copyright Not Evaluated. For further information please contact the University of South Carolina, South Carolina Political Collections, Columbia, SC 29208.","","","","","","","mmsimkins12779","","","","2016-11-23","2016-11-23","http://cdm17173.contentdm.oclc.org/cdm/ref/collection/mmsimkins/id/13189",13189.0,"14549.jp2","/mmsimkins/image/14549.jp2","","",0,False,False,False,True,False,"['Empty Transcript']","[]"
"Broadcast of the Carolina District of the Communist Party, September 30, 1948, Page 3","","","","","","","","","","","","Copyright Not Evaluated. For further information please contact the University of South Carolina, South Carolina Political Collections, Columbia, SC 29208.","","","","","","","mmsimkins12780","","","","2016-11-23","2016-11-23","http://cdm17173.contentdm.oclc.org/cdm/ref/collection/mmsimkins/id/13190",13190.0,"14550.jp2","/mmsimkins/image/14550.jp2","","",0,False,False,False,True,False,"['Empty Transcript']","[]"
"Broadcast of the Carolina District of the Communist Party, September 30, 1948, Page 4","","","","","","","","","","","","Copyright Not Evaluated. For further information please contact the University of South Carolina, South Carolina Political Collections, Columbia, SC 29208.","","","","","","","mmsimkins12781","","","","2016-11-23","2016-11-23","http://cdm17173.contentdm.oclc.org/cdm/ref/collection/mmsimkins/id/13191",13191.0,"14551.jp2","/mmsimkins/image/14551.jp2","","",0,False,False,False,True,False,"['Empty Transcript']","[]"
"Keynote address by Dr. E. Franklin Frazier, First Southwide Conference on Discrimination in Higher Education, Page 1","","","","","","","","","","","","Copyright Not Evaluated. For further information please contact the University of South Carolina, South Carolina Political Collections, Columbia, SC 29208.","","","","","","","mmsimkins12782","","","","2016-11-23","2016-11-23","http://cdm17173.contentdm.oclc.org/cdm/ref/collection/mmsimkins/id/13192",13192.0,"14552.jp2","/mmsimkins/image/14552.jp2","","",0,False,False,False,True,False,"['Empty Transcript']","[]"
"Keynote address by Dr. E. Franklin Frazier, First Southwide Conference on Discrimination in Higher Education, Page 2","","","","","","","","","","","","Copyright Not Evaluated. For further information please contact the University of South Carolina, South Carolina Political Collections, Columbia, SC 29208.","","","","","","","mmsimkins12783","","","","2016-11-23","2016-11-23","http://cdm17173.contentdm.oclc.org/cdm/ref/collection/mmsimkins/id/13193",13193.0,"14553.jp2","/mmsimkins/image/14553.jp2","","",0,False,False,False,True,False,"['Empty Transcript']","[]"
"Keynote address by Dr. E. Franklin Frazier, First Southwide Conference on Discrimination in Higher Education, Page 3","","","","","","","","","","","","Copyright Not Evaluated. For further information please contact the University of South Carolina, South Carolina Political Collections, Columbia, SC 29208.","","","","","","","mmsimkins12784","","","","2016-11-23","2016-11-23","http://cdm17173.contentdm.oclc.org/cdm/ref/collection/mmsimkins/id/13194",13194.0,"14554.jp2","/mmsimkins/image/14554.jp2","","",0,False,False,False,True,False,"['Empty Transcript']","[]"
"Keynote address by Dr. E. Franklin Frazier, First Southwide Conference on Discrimination in Higher Education, Page 4","","","","","","","","","","","","Copyright Not Evaluated. For further information please contact the University of South Carolina, South Carolina Political Collections, Columbia, SC 29208.","","","","","","","mmsimkins12785","","","","2016-11-23","2016-11-23","http://cdm17173.contentdm.oclc.org/cdm/ref/collection/mmsimkins/id/13195",13195.0,"14555.jp2","/mmsimkins/image/14555.jp2","","",0,False,False,False,True,False,"['Empty Transcript']","[]"
"Keynote address by Dr. E. Franklin Frazier, First Southwide Conference on Discrimination in Higher Education, Page 5","","","","","","","","","","","","Copyright Not Evaluated. For further information please contact the University of South Carolina, South Carolina Political Collections, Columbia, SC 29208.","","","","","","","mmsimkins12786","","","","2016-11-23","2016-11-23","http://cdm17173.contentdm.oclc.org/cdm/ref/collection/mmsimkins/id/13196",13196.0,"14556.jp2","/mmsimkins/image/14556.jp2","","",0,False,False,False,True,False,"['Empty Transcript']","[]"
"Keynote address by Dr. E. Franklin Frazier, First Southwide Conference on Discrimination in Higher Education, Page 6","","","","","","","","","","","","Copyright Not Evaluated. For further information please contact the University of South Carolina, South Carolina Political Collections, Columbia, SC 29208.","","","","","","","mmsimkins12787","","","","2016-11-23","2016-11-23","http://cdm17173.contentdm.oclc.org/cdm/ref/collection/mmsimkins/id/13197",13197.0,"14557.jp2","/mmsimkins/image/14557.jp2","","",0,False,False,False,True,False,"['Empty Transcript']","[]"
"Keynote address by Dr. E. Franklin Frazier, First Southwide Conference on Discrimination in Higher Education, Page 7","","","","","","","","","","","","Copyright Not Evaluated. For further information please contact the University of South Carolina, South Carolina Political Collections, Columbia, SC 29208.","","","","","","","mmsimkins12788","","","","2016-11-23","2016-11-23","http://cdm17173.contentdm.oclc.org/cdm/ref/collection/mmsimkins/id/13198",13198.0,"14558.jp2","/mmsimkins/image/14558.jp2","","",0,False,False,False,True,False,"['Empty Transcript']","[]"
"Keynote address by Dr. E. Franklin Frazier, First Southwide Conference on Discrimination in Higher Education, Page 8","","","","","","","","","","","","Copyright Not Evaluated. For further information please contact the University of South Carolina, South Carolina Political Collections, Columbia, SC 29208.","","","","","","","mmsimkins12789","","","","2016-11-23","2016-11-23","http://cdm17173.contentdm.oclc.org/cdm/ref/collection/mmsimkins/id/13199",13199.0,"14559.jp2","/mmsimkins/image/14559.jp2","","",0,False,False,False,True,False,"['Empty Transcript']","[]"
"Keynote address by Dr. E. Franklin Frazier, First Southwide Conference on Discrimination in Higher Education, Page 9","","","","","","","","","","","","Copyright Not Evaluated. For further information please contact the University of South Carolina, South Carolina Political Collections, Columbia, SC 29208.","","","","","","","mmsimkins12790","","","","2016-11-23","2016-11-23","http://cdm17173.contentdm.oclc.org/cdm/ref/collection/mmsimkins/id/13200",13200.0,"14560.jp2","/mmsimkins/image/14560.jp2","","",0,False,False,False,True,False,"['Empty Transcript']","[]"
"Keynote address by Dr. E. Franklin Frazier, First Southwide Conference on Discrimination in Higher Education, Page 10","","","","","","","","","","","","Copyright Not Evaluated. For further information please contact the University of South Carolina, South Carolina Political Collections, Columbia, SC 29208.","","","","","","","mmsimkins12791","","","","2016-11-23","2016-11-23","http://cdm17173.contentdm.oclc.org/cdm/ref/collection/mmsimkins/id/13201",13201.0,"14561.jp2","/mmsimkins/image/14561.jp2","","",0,False,False,False,True,False,"['Empty Transcript']","[]"
"Keynote address by Dr. E. Franklin Frazier, First Southwide Conference on Discrimination in Higher Education, Page 11","","","","","","","","","","","","Copyright Not Evaluated. For further information please contact the University of South Carolina, South Carolina Political Collections, Columbia, SC 29208.","","","","","","","mmsimkins12792","","","","2016-11-23","2016-11-23","http://cdm17173.contentdm.oclc.org/cdm/ref/collection/mmsimkins/id/13202",13202.0,"14562.jp2","/mmsimkins/image/14562.jp2","","",0,False,False,False,True,False,"['Empty Transcript']","[]"
"Keynote address by Dr. E. Franklin Frazier, First Southwide Conference on Discrimination in Higher Education, Page 12","","","","","","","","","","","","Copyright Not Evaluated. For further information please contact the University of South Carolina, South Carolina Political Collections, Columbia, SC 29208.","","","","","","","mmsimkins12793","","","","2016-11-23","2016-11-23","http://cdm17173.contentdm.oclc.org/cdm/ref/collection/mmsimkins/id/13203",13203.0,"14563.jp2","/mmsimkins/image/14563.jp2","","",0,False,False,False,True,False,"['Empty Transcript']","[]"
"A petition to the President and Delegation to the United Nations, Page 1","","","","","","","","","","","","Copyright Not Evaluated. For further information please contact the University of South Carolina, South Carolina Political Collections, Columbia, SC 29208.","","","","","","","mmsimkins12794","","","","2016-11-23","2016-11-23","http://cdm17173.contentdm.oclc.org/cdm/ref/collection/mmsimkins/id/13204",13204.0,"14564.jp2","/mmsimkins/image/14564.jp2","","",0,False,False,False,True,False,"['Empty Transcript']","[]"
"A petition to the President and Delegation to the United Nations, Page 2","","","","","","","","","","","","Copyright Not Evaluated. For further information please contact the University of South Carolina, South Carolina Political Collections, Columbia, SC 29208.","","","","","","","mmsimkins12795","","","","2016-11-23","2016-11-23","http://cdm17173.contentdm.oclc.org/cdm/ref/collection/mmsimkins/id/13205",13205.0,"14565.jp2","/mmsimkins/image/14565.jp2","","",0,False,False,False,True,False,"['Empty Transcript']","[]"
"A petition to the President and Delegation to the United Nations, Page 3","","","","","","","","","","","","Copyright Not Evaluated. For further information please contact the University of South Carolina, South Carolina Political Collections, Columbia, SC 29208.","","","","","","","mmsimkins12796","","","","2016-11-23","2016-11-23","http://cdm17173.contentdm.oclc.org/cdm/ref/collection/mmsimkins/id/13206",13206.0,"14566.jp2","/mmsimkins/image/14566.jp2","","",0,False,False,False,True,False,"['Empty Transcript']","[]"
"Publication from the NY State Committee, American Labor Party - """"Negro Representation Now!"""", Page 1","","","","","","","","","","","","Copyright Not Evaluated. For further information please contact the University of South Carolina, South Carolina Political Collections, Columbia, SC 29208.","","","","","","","mmsimkins12798","","","","2016-11-23","2016-11-23","http://cdm17173.contentdm.oclc.org/cdm/ref/collection/mmsimkins/id/13207",13207.0,"14567.jp2","/mmsimkins/image/14567.jp2","","",0,False,False,False,True,False,"['Empty Transcript']","[]"
"Publication from the NY State Committee, American Labor Party - """"Negro Representation Now!"""", Page 2","","","","","","","","","","","","Copyright Not Evaluated. For further information please contact the University of South Carolina, South Carolina Political Collections, Columbia, SC 29208.","","","","","","","mmsimkins12799","","","","2016-11-23","2016-11-23","http://cdm17173.contentdm.oclc.org/cdm/ref/collection/mmsimkins/id/13208",13208.0,"14568.jp2","/mmsimkins/image/14568.jp2","","",0,False,False,False,True,False,"['Empty Transcript']","[]"
"Publication from the NY State Committee, American Labor Party - """"Negro Representation Now!"""", Page 3","","","","","","","","","","","","Copyright Not Evaluated. For further information please contact the University of South Carolina, South Carolina Political Collections, Columbia, SC 29208.","","","","","","","mmsimkins12800","","","","2016-11-23","2016-11-23","http://cdm17173.contentdm.oclc.org/cdm/ref/collection/mmsimkins/id/13209",13209.0,"14569.jp2","/mmsimkins/image/14569.jp2","","",0,False,False,False,True,False,"['Empty Transcript']","[]"
"Publication from the NY State Committee, American Labor Party - """"Negro Representation Now!"""", Page 4","","","","","","","","","","","","Copyright Not Evaluated. For further information please contact the University of South Carolina, South Carolina Political Collections, Columbia, SC 29208.","","","","","","","mmsimkins12802","","","","2016-11-23","2016-11-23","http://cdm17173.contentdm.oclc.org/cdm/ref/collection/mmsimkins/id/13210",13210.0,"14570.jp2","/mmsimkins/image/14570.jp2","","",0,False,False,False,True,False,"['Empty Transcript']","[]"
"Publication from the NY State Committee, American Labor Party - """"Negro Representation Now!"""", Page 5","","","","","","","","","","","","Copyright Not Evaluated. For further information please contact the University of South Carolina, South Carolina Political Collections, Columbia, SC 29208.","","","","","","","mmsimkins12803","","","","2016-11-23","2016-11-23","http://cdm17173.contentdm.oclc.org/cdm/ref/collection/mmsimkins/id/13211",13211.0,"14571.jp2","/mmsimkins/image/14571.jp2","","",0,False,False,False,True,False,"['Empty Transcript']","[]"
"Publication from the NY State Committee, American Labor Party - """"Negro Representation Now!"""", Page 6","","","","","","","","","","","","Copyright Not Evaluated. For further information please contact the University of South Carolina, South Carolina Political Collections, Columbia, SC 29208.","","","","","","","mmsimkins12804","","","","2016-11-23","2016-11-23","http://cdm17173.contentdm.oclc.org/cdm/ref/collection/mmsimkins/id/13212",13212.0,"14572.jp2","/mmsimkins/image/14572.jp2","","",0,False,False,False,True,False,"['Empty Transcript']","[]"
"Publication from the NY State Committee, American Labor Party - """"Negro Representation Now!"""", Page 7","","","","","","","","","","","","Copyright Not Evaluated. For further information please contact the University of South Carolina, South Carolina Political Collections, Columbia, SC 29208.","","","","","","","mmsimkins12805","","","","2016-11-23","2016-11-23","http://cdm17173.contentdm.oclc.org/cdm/ref/collection/mmsimkins/id/13213",13213.0,"14573.jp2","/mmsimkins/image/14573.jp2","","",0,False,False,False,True,False,"['Empty Transcript']","[]"
"Publication from the NY State Committee, American Labor Party - """"Negro Representation Now!"""", Page 8","","","","","","","","","","","","Copyright Not Evaluated. For further information please contact the University of South Carolina, South Carolina Political Collections, Columbia, SC 29208.","","","","","","","mmsimkins12806","","","","2016-11-23","2016-11-23","http://cdm17173.contentdm.oclc.org/cdm/ref/collection/mmsimkins/id/13214",13214.0,"14574.jp2","/mmsimkins/image/14574.jp2","","",0,False,False,False,True,False,"['Empty Transcript']","[]"
"Publication from the NY State Committee, American Labor Party - """"Negro Representation Now!"""", Page 9","","","","","","","","","","","","Copyright Not Evaluated. For further information please contact the University of South Carolina, South Carolina Political Collections, Columbia, SC 29208.","","","","","","","mmsimkins12807","","","","2016-11-23","2016-11-23","http://cdm17173.contentdm.oclc.org/cdm/ref/collection/mmsimkins/id/13215",13215.0,"14575.jp2","/mmsimkins/image/14575.jp2","","",0,False,False,False,True,False,"['Empty Transcript']","[]"
"Publication from the NY State Committee, American Labor Party - """"Negro Representation Now!"""", Page 10","","","","","","","","","","","","Copyright Not Evaluated. For further information please contact the University of South Carolina, South Carolina Political Collections, Columbia, SC 29208.","","","","","","","mmsimkins12808","","","","2016-11-23","2016-11-23","http://cdm17173.contentdm.oclc.org/cdm/ref/collection/mmsimkins/id/13216",13216.0,"14576.jp2","/mmsimkins/image/14576.jp2","","",0,False,False,False,True,False,"['Empty Transcript']","[]"
"Publication from the NY State Committee, American Labor Party - """"Negro Representation Now!"""", Page 11","","","","","","","","","","","","Copyright Not Evaluated. For further information please contact the University of South Carolina, South Carolina Political Collections, Columbia, SC 29208.","","","","","","","mmsimkins12809","","","","2016-11-23","2016-11-23","http://cdm17173.contentdm.oclc.org/cdm/ref/collection/mmsimkins/id/13217",13217.0,"14577.jp2","/mmsimkins/image/14577.jp2","","",0,False,False,False,True,False,"['Empty Transcript']","[]"
"Lecture delivered at Drayton Hall, August 2, 1955, Page 1","","","","","","","","","","","","Copyright Not Evaluated. For further information please contact the University of South Carolina, South Carolina Political Collections, Columbia, SC 29208.","","","","","","","mmsimkins12810","","","","2016-11-23","2016-11-23","http://cdm17173.contentdm.oclc.org/cdm/ref/collection/mmsimkins/id/13218",13218.0,"14578.jp2","/mmsimkins/image/14578.jp2","","",0,False,False,False,True,False,"['Empty Transcript']","[]"
"Lecture delivered at Drayton Hall, August 2, 1955, Page 2","","","","","","","","","","","","Copyright Not Evaluated. For further information please contact the University of South Carolina, South Carolina Political Collections, Columbia, SC 29208.","","","","","","","mmsimkins12811","","","","2016-11-23","2016-11-23","http://cdm17173.contentdm.oclc.org/cdm/ref/collection/mmsimkins/id/13219",13219.0,"14579.jp2","/mmsimkins/image/14579.jp2","","",0,False,False,False,True,False,"['Empty Transcript']","[]"
"Lecture delivered at Drayton Hall, August 2, 1955, Page 3","","","","","","","","","","","","Copyright Not Evaluated. For further information please contact the University of South Carolina, South Carolina Political Collections, Columbia, SC 29208.","","","","","","","mmsimkins12812","","","","2016-11-23","2016-11-23","http://cdm17173.contentdm.oclc.org/cdm/ref/collection/mmsimkins/id/13220",13220.0,"14580.jp2","/mmsimkins/image/14580.jp2","","",0,False,False,False,True,False,"['Empty Transcript']","[]"
"Lecture delivered at Drayton Hall, August 2, 1955, Page 4","","","","","","","","","","","","Copyright Not Evaluated. For further information please contact the University of South Carolina, South Carolina Political Collections, Columbia, SC 29208.","","","","","","","mmsimkins12813","","","","2016-11-23","2016-11-23","http://cdm17173.contentdm.oclc.org/cdm/ref/collection/mmsimkins/id/13221",13221.0,"14581.jp2","/mmsimkins/image/14581.jp2","","",0,False,False,False,True,False,"['Empty Transcript']","[]"
"Lecture delivered at Drayton Hall, August 2, 1955, Page 5","","","","","","","","","","","","Copyright Not Evaluated. For further information please contact the University of South Carolina, South Carolina Political Collections, Columbia, SC 29208.","","","","","","","mmsimkins12814","","","","2016-11-23","2016-11-23","http://cdm17173.contentdm.oclc.org/cdm/ref/collection/mmsimkins/id/13222",13222.0,"14582.jp2","/mmsimkins/image/14582.jp2","","",0,False,False,False,True,False,"['Empty Transcript']","[]"
"Lecture delivered at Drayton Hall, August 2, 1955, Page 6","","","","","","","","","","","","Copyright Not Evaluated. For further information please contact the University of South Carolina, South Carolina Political Collections, Columbia, SC 29208.","","","","","","","mmsimkins12815","","","","2016-11-23","2016-11-23","http://cdm17173.contentdm.oclc.org/cdm/ref/collection/mmsimkins/id/13223",13223.0,"14583.jp2","/mmsimkins/image/14583.jp2","","",0,False,False,False,True,False,"['Empty Transcript']","[]"
"Lecture delivered at Drayton Hall, August 2, 1955, Page 7","","","","","","","","","","","","Copyright Not Evaluated. For further information please contact the University of South Carolina, South Carolina Political Collections, Columbia, SC 29208.","","","","","","","mmsimkins12816","","","","2016-11-23","2016-11-23","http://cdm17173.contentdm.oclc.org/cdm/ref/collection/mmsimkins/id/13224",13224.0,"14584.jp2","/mmsimkins/image/14584.jp2","","",0,False,False,False,True,False,"['Empty Transcript']","[]"
"Lecture delivered at Drayton Hall, August 2, 1955, Page 8","","","","","","","","","","","","Copyright Not Evaluated. For further information please contact the University of South Carolina, South Carolina Political Collections, Columbia, SC 29208.","","","","","","","mmsimkins12817","","","","2016-11-23","2016-11-23","http://cdm17173.contentdm.oclc.org/cdm/ref/collection/mmsimkins/id/13225",13225.0,"14585.jp2","/mmsimkins/image/14585.jp2","","",0,False,False,False,True,False,"['Empty Transcript']","[]"
"Lecture delivered at Drayton Hall, August 2, 1955, Page 9","","","","","","","","","","","","Copyright Not Evaluated. For further information please contact the University of South Carolina, South Carolina Political Collections, Columbia, SC 29208.","","","","","","","mmsimkins12818","","","","2016-11-23","2016-11-23","http://cdm17173.contentdm.oclc.org/cdm/ref/collection/mmsimkins/id/13226",13226.0,"14586.jp2","/mmsimkins/image/14586.jp2","","",0,False,False,False,True,False,"['Empty Transcript']","[]"
"Lecture delivered at Drayton Hall, August 2, 1955, Page 10","","","","","","","","","","","","Copyright Not Evaluated. For further information please contact the University of South Carolina, South Carolina Political Collections, Columbia, SC 29208.","","","","","","","mmsimkins12819","","","","2016-11-23","2016-11-23","http://cdm17173.contentdm.oclc.org/cdm/ref/collection/mmsimkins/id/13227",13227.0,"14587.jp2","/mmsimkins/image/14587.jp2","","",0,False,False,False,True,False,"['Empty Transcript']","[]"
"Lecture delivered at Drayton Hall, August 2, 1955, Page 11","","","","","","","","","","","","Copyright Not Evaluated. For further information please contact the University of South Carolina, South Carolina Political Collections, Columbia, SC 29208.","","","","","","","mmsimkins12820","","","","2016-11-23","2016-11-23","http://cdm17173.contentdm.oclc.org/cdm/ref/collection/mmsimkins/id/13228",13228.0,"14588.jp2","/mmsimkins/image/14588.jp2","","",0,False,False,False,True,False,"['Empty Transcript']","[]"
"Lecture delivered at Drayton Hall, August 2, 1955, Page 12","","","","","","","","","","","","Copyright Not Evaluated. For further information please contact the University of South Carolina, South Carolina Political Collections, Columbia, SC 29208.","","","","","","","mmsimkins12821","","","","2016-11-23","2016-11-23","http://cdm17173.contentdm.oclc.org/cdm/ref/collection/mmsimkins/id/13229",13229.0,"14589.jp2","/mmsimkins/image/14589.jp2","","",0,False,False,False,True,False,"['Empty Transcript']","[]"
"Lecture delivered at Drayton Hall, August 2, 1955, Page 13","","","","","","","","","","","","Copyright Not Evaluated. For further information please contact the University of South Carolina, South Carolina Political Collections, Columbia, SC 29208.","","","","","","","mmsimkins12822","","","","2016-11-23","2016-11-23","http://cdm17173.contentdm.oclc.org/cdm/ref/collection/mmsimkins/id/13230",13230.0,"14590.jp2","/mmsimkins/image/14590.jp2","","",0,False,False,False,True,False,"['Empty Transcript']","[]"
"Lecture delivered at Drayton Hall, August 2, 1955, Page 14","","","","","","","","","","","","Copyright Not Evaluated. For further information please contact the University of South Carolina, South Carolina Political Collections, Columbia, SC 29208.","","","","","","","mmsimkins12823","","","","2016-11-23","2016-11-23","http://cdm17173.contentdm.oclc.org/cdm/ref/collection/mmsimkins/id/13231",13231.0,"14591.jp2","/mmsimkins/image/14591.jp2","","",0,False,False,False,True,False,"['Empty Transcript']","[]"
"Application","","","","","","","","","","","","Copyright Not Evaluated. For further information please contact the University of South Carolina, South Carolina Political Collections, Columbia, SC 29208.","","","","","","","mmsimkins12824","","","","2016-11-23","2016-11-23","http://cdm17173.contentdm.oclc.org/cdm/ref/collection/mmsimkins/id/13232",13232.0,"14592.jp2","/mmsimkins/image/14592.jp2","","",0,False,False,False,True,False,"['Empty Transcript']","[]"
"Excerpt from Report of State Board of Education Meeting, September 21, 1957, Page 1","","","","","","","","","","","","Copyright Not Evaluated. For further information please contact the University of South Carolina, South Carolina Political Collections, Columbia, SC 29208.","","","","","","","mmsimkins12825","","","","2016-11-23","2016-11-23","http://cdm17173.contentdm.oclc.org/cdm/ref/collection/mmsimkins/id/13233",13233.0,"14593.jp2","/mmsimkins/image/14593.jp2","","",0,False,False,False,True,False,"['Empty Transcript']","[]"
"Excerpt from Report of State Board of Education Meeting, September 21, 1957, Page 2","","","","","","","","","","","","Copyright Not Evaluated. For further information please contact the University of South Carolina, South Carolina Political Collections, Columbia, SC 29208.","","","","","","","mmsimkins12826","","","","2016-11-23","2016-11-23","http://cdm17173.contentdm.oclc.org/cdm/ref/collection/mmsimkins/id/13234",13234.0,"14594.jp2","/mmsimkins/image/14594.jp2","","",0,False,False,False,True,False,"['Empty Transcript']","[]"
"Questionnaire on voting","","","","","","","","","","","","Copyright Not Evaluated. For further information please contact the University of South Carolina, South Carolina Political Collections, Columbia, SC 29208.","","","","","","","mmsimkins12827","","","","2016-11-23","2016-11-23","http://cdm17173.contentdm.oclc.org/cdm/ref/collection/mmsimkins/id/13235",13235.0,"14595.jp2","/mmsimkins/image/14595.jp2","","",0,False,False,False,True,False,"['Empty Transcript']","[]"
"Portrait of Modjeska Monteith Simkins","","","","","","","","Modjeska Simkins Papers, 1909-1992","","University of South Carolina. South Carolina Political Collections","","Copyright Not Evaluated. For further information please contact the University of South Carolina, South Carolina Political Collections, Columbia, SC 29208.","","","","","","","mms0071","","","","2022-08-18","2022-08-18","http://cdm17173.contentdm.oclc.org/cdm/ref/collection/mmsimkins/id/13237",13237.0,"14597.jpg","/mmsimkins/image/14597.jpg","","",0,False,False,False,True,False,"['Empty Transcript']","[]"
"Photographs","","","","","","","","","","","","Copyright Not Evaluated. For further information please contact the University of South Carolina, South Carolina Political Collections, Columbia, SC 29208.","","","","","","","mmsimkins13061","","","","2022-08-15","2022-08-15","http://cdm17173.contentdm.oclc.org/cdm/ref/collection/mmsimkins/id/13238",13238.0,"14598.jp2","/mmsimkins/image/14598.jp2","","",0,False,False,False,True,False,"['Empty Transcript']","[]"
"Banker at Victory Savings Bank, Columbia, SC - Front","","","","","","","","Modjeska Simkins Papers, 1909-1992","","University of South Carolina. South Carolina Political Collections","Richland County (S.C.)","Copyright Not Evaluated. For further information please contact the University of South Carolina, South Carolina Political Collections, Columbia, SC 29208.","","","","","","","mms0007a","","","","2022-08-18","2022-08-18","http://cdm17173.contentdm.oclc.org/cdm/ref/collection/mmsimkins/id/13239",13239.0,"14599.jp2","/mmsimkins/image/14599.jp2","","",0,False,False,False,True,False,"['Empty Transcript']","[]"
"Banker at Victory Savings Bank, Columbia, SC - Back","","","","","","","","Modjeska Simkins Papers, 1909-1992","","University of South Carolina. South Carolina Political Collections","","Copyright Not Evaluated. For further information please contact the University of South Carolina, South Carolina Political Collections, Columbia, SC 29208.","","","","","","","mms0007b","","","","2022-08-18","2022-08-18","http://cdm17173.contentdm.oclc.org/cdm/ref/collection/mmsimkins/id/13240",13240.0,"14600.jpg","/mmsimkins/image/14600.jpg","","",0,False,False,False,True,False,"['Empty Transcript']","[]"
"Banquet Table at Unidentified Event - Front","","","","","","","","Modjeska Simkins Papers, 1909-1992","","University of South Carolina. South Carolina Political Collections","","Copyright Not Evaluated. For further information please contact the University of South Carolina, South Carolina Political Collections, Columbia, SC 29208.","","","","","","","mms0069a","","","","2022-08-18","2022-08-18","http://cdm17173.contentdm.oclc.org/cdm/ref/collection/mmsimkins/id/13241",13241.0,"14601.jpg","/mmsimkins/image/14601.jpg","","",0,False,False,False,True,False,"['Empty Transcript']","[]"
"Photographs","","","","","","","","","","","","Copyright Not Evaluated. For further information please contact the University of South Carolina, South Carolina Political Collections, Columbia, SC 29208.","","","","","","","mmsimkins13065","","","","2016-11-23","2016-11-23","http://cdm17173.contentdm.oclc.org/cdm/ref/collection/mmsimkins/id/13242",13242.0,"14602.jp2","/mmsimkins/image/14602.jp2","","",0,False,False,False,True,False,"['Empty Transcript']","[]"
"Photographs","","","","","","","","","","","","Copyright Not Evaluated. For further information please contact the University of South Carolina, South Carolina Political Collections, Columbia, SC 29208.","","","","","","","mmsimkins13066","","","","2022-08-15","2022-08-15","http://cdm17173.contentdm.oclc.org/cdm/ref/collection/mmsimkins/id/13243",13243.0,"14603.jp2","/mmsimkins/image/14603.jp2","","",0,False,False,False,True,False,"['Empty Transcript']","[]"
"Photographs","","","","","","","","","","","","Copyright Not Evaluated. For further information please contact the University of South Carolina, South Carolina Political Collections, Columbia, SC 29208.","","","","","","","mmsimkins13067","","","","2022-08-15","2022-08-15","http://cdm17173.contentdm.oclc.org/cdm/ref/collection/mmsimkins/id/13244",13244.0,"14604.jp2","/mmsimkins/image/14604.jp2","","",0,False,False,False,True,False,"['Empty Transcript']","[]"
"Modjeska Simkins and Two Unidentified Men at Urban League Award Ceremony, February 25, 1982 - Front","","","1982-05-25 00:00:00","","","","","Modjeska Simkins Papers, 1909-1992","","University of South Carolina. South Carolina Political Collections","","Copyright Not Evaluated. For further information please contact the University of South Carolina, South Carolina Political Collections, Columbia, SC 29208.","","","","","","","mms0017a","","","","2022-08-18","2022-08-18","http://cdm17173.contentdm.oclc.org/cdm/ref/collection/mmsimkins/id/13245",13245.0,"14605.jpg","/mmsimkins/image/14605.jpg","1982","",0,False,False,False,True,False,"['Empty Transcript']","[]"
"Modjeska Simkins and Two Unidentified Men at Urban League Award Ceremony, February 25, 1982 - Back","","","","","","","","Modjeska Simkins Papers, 1909-1992","","University of South Carolina. South Carolina Political Collections","","Copyright Not Evaluated. For further information please contact the University of South Carolina, South Carolina Political Collections, Columbia, SC 29208.","","","","","","Still Image","mms0017b","","","","2022-08-18","2022-08-18","http://cdm17173.contentdm.oclc.org/cdm/ref/collection/mmsimkins/id/13246",13246.0,"14606.jpg","/mmsimkins/image/14606.jpg","","",0,False,False,False,True,False,"['Empty Transcript']","[]"
"J.B. Denley, Benjamin Schumpert, and W.N. Roseborough Inside Victory Savings Bank, April 1962 - Front","","","1962-04","","","","","Modjeska Simkins Papers, 1909-1992","","University of South Carolina. South Carolina Political Collections","Richland County (S.C.)","Copyright Not Evaluated. For further information please contact the University of South Carolina, South Carolina Political Collections, Columbia, SC 29208.","","","","","","","mms0012a","","","","2022-08-18","2022-08-18","http://cdm17173.contentdm.oclc.org/cdm/ref/collection/mmsimkins/id/13247",13247.0,"14607.jpg","/mmsimkins/image/14607.jpg","1962","",0,False,False,False,True,False,"['Empty Transcript']","[]"
"Photographs","","","","","","","","Modjeska Simkins Papers, 1909-1992","","University of South Carolina. South Carolina Political Collections","","Copyright Not Evaluated. For further information please contact the University of South Carolina, South Carolina Political Collections, Columbia, SC 29208.","","","","","","","mms0012b","","","","2022-08-18","2022-08-18","http://cdm17173.contentdm.oclc.org/cdm/ref/collection/mmsimkins/id/13248",13248.0,"14608.jpg","/mmsimkins/image/14608.jpg","","",0,False,False,False,True,False,"['Empty Transcript']","[]"
"Modjeska Simkins at Victory Savings Bank - Front","","","","","","","","Modjeska Simkins Papers, 1909-1992","","University of South Carolina. South Carolina Political Collections","","Copyright Not Evaluated. For further information please contact the University of South Carolina, South Carolina Political Collections, Columbia, SC 29208.","","","","","","","mms0079a","","","","2022-08-18","2022-08-18","http://cdm17173.contentdm.oclc.org/cdm/ref/collection/mmsimkins/id/13249",13249.0,"14609.jpg","/mmsimkins/image/14609.jpg","","",0,False,False,False,True,False,"['Empty Transcript']","[]"
"Modjeska Simkins at Victory Savings Bank - Back","","","","","","","","Modjeska Simkins Papers, 1909-1992","","University of South Carolina. South Carolina Political Collections","","Copyright Not Evaluated. For further information please contact the University of South Carolina, South Carolina Political Collections, Columbia, SC 29208.","","","","","","","mms0079b","","","","2022-08-18","2022-08-18","http://cdm17173.contentdm.oclc.org/cdm/ref/collection/mmsimkins/id/13250",13250.0,"14610.jpg","/mmsimkins/image/14610.jpg","","",0,False,False,False,True,False,"['Empty Transcript']","[]"
"Customer and Bank Teller at Victory Savings Bank, Columbia, SC, April 1962","","","1962-04","","","","","Modjeska Simkins Papers, 1909-1992","","University of South Carolina. South Carolina Political Collections","Richland County (S.C.)","Copyright Not Evaluated. For further information please contact the University of South Carolina, South Carolina Political Collections, Columbia, SC 29208.","","","","","","","mms0075","","","","2022-08-18","2022-08-18","http://cdm17173.contentdm.oclc.org/cdm/ref/collection/mmsimkins/id/13251",13251.0,"14611.jpg","/mmsimkins/image/14611.jpg","1962","",0,False,False,False,True,False,"['Empty Transcript']","[]"
"Dedication of the Harden Street Branch, Victory Savings Bank, Columbia, SC, April 1962 - Front","","","","","","","","Modjeska Simkins Papers, 1909-1992","","University of South Carolina. South Carolina Political Collections","Richland County (S.C.)","Copyright Not Evaluated. For further information please contact the University of South Carolina, South Carolina Political Collections, Columbia, SC 29208.","","","","","","","mms0008a","","","","2022-08-18","2022-08-18","http://cdm17173.contentdm.oclc.org/cdm/ref/collection/mmsimkins/id/13252",13252.0,"14612.jpg","/mmsimkins/image/14612.jpg","","",0,False,False,False,True,False,"['Empty Transcript']","[]"
"Dedication of the Harden Street Branch, Victory Savings Bank, Columbia, SC, April 1962 - Back","","","","","","","","Modjeska Simkins Papers, 1909-1992","","University of South Carolina. South Carolina Political Collections","Richland County (S.C.)","Copyright Not Evaluated. For further information please contact the University of South Carolina, South Carolina Political Collections, Columbia, SC 29208.","","","","","","","mms0008b","","","","2022-08-18","2022-08-18","http://cdm17173.contentdm.oclc.org/cdm/ref/collection/mmsimkins/id/13253",13253.0,"14613.jpg","/mmsimkins/image/14613.jpg","","",0,False,False,False,True,False,"['Empty Transcript']","[]"
"Crowd at the Dedication of the Harden Street Branch of the Victory Savings Bank, April 1962 - Front","","","1962-04","","","","","Modjeska Simkins Papers, 1909-1992","","University of South Carolina. South Carolina Political Collections","Richland County (S.C.)","Copyright Not Evaluated. For further information please contact the University of South Carolina, South Carolina Political Collections, Columbia, SC 29208.","","","","","","","mms0077a","","","","2022-08-18","2022-08-18","http://cdm17173.contentdm.oclc.org/cdm/ref/collection/mmsimkins/id/13254",13254.0,"14614.jpg","/mmsimkins/image/14614.jpg","1962","",0,False,False,False,True,False,"['Empty Transcript']","[]"
"Crowd at the Dedication of the Harden Street Branch of the Victory Savings Bank, April 1962 - Back","","","1962-04","","","","","Modjeska Simkins Papers, 1909-1992","","University of South Carolina. South Carolina Political Collections","Richland County (S.C.)","Copyright Not Evaluated. For further information please contact the University of South Carolina, South Carolina Political Collections, Columbia, SC 29208.","","","","","","","mms0077b","","","","2022-08-18","2022-08-18","http://cdm17173.contentdm.oclc.org/cdm/ref/collection/mmsimkins/id/13255",13255.0,"14615.jpg","/mmsimkins/image/14615.jpg","1962","",0,False,False,False,True,False,"['Empty Transcript']","[]"
"Ribbon Cutting at the Dedication of the Harden Street Branch of the Victory Savings Bank, April 1962 - Front","","","1962-04","","","","","Modjeska Simkins Papers, 1909-1992","","University of South Carolina. South Carolina Political Collections","Richland County (S.C.)","Copyright Not Evaluated. For further information please contact the University of South Carolina, South Carolina Political Collections, Columbia, SC 29208.","","","","","","","mms0078a","","","","2022-08-18","2022-08-18","http://cdm17173.contentdm.oclc.org/cdm/ref/collection/mmsimkins/id/13256",13256.0,"14616.jpg","/mmsimkins/image/14616.jpg","1962","",0,False,False,False,True,False,"['Empty Transcript']","[]"
"Ribbon Cutting at the Dedication of the Harden Street Branch of the Victory Savings Bank, April 1962 - Back","","","1962-04","","","","","Modjeska Simkins Papers, 1909-1992","","University of South Carolina. South Carolina Political Collections","Richland County (S.C.)","Copyright Not Evaluated. For further information please contact the University of South Carolina, South Carolina Political Collections, Columbia, SC 29208.","","","","","","","mms0078b","","","","2022-08-18","2022-08-18","http://cdm17173.contentdm.oclc.org/cdm/ref/collection/mmsimkins/id/13257",13257.0,"14617.jpg","/mmsimkins/image/14617.jpg","1962","",0,False,False,False,True,False,"['Empty Transcript']","[]"
"Photograph of H.S. Monteith, President of Victory Savings Bank, April 1962 - Front","","","1962-04","","","","","Modjeska Simkins Papers, 1909-1992","","University of South Carolina. South Carolina Political Collections","Richland County (S.C.)","Copyright Not Evaluated. For further information please contact the University of South Carolina, South Carolina Political Collections, Columbia, SC 29208.","","","","","","","mms0011a","","","","2022-08-18","2022-08-18","http://cdm17173.contentdm.oclc.org/cdm/ref/collection/mmsimkins/id/13258",13258.0,"14618.jpg","/mmsimkins/image/14618.jpg","1962","",0,False,False,False,True,False,"['Empty Transcript']","[]"
"Photograph of H.S. Monteith, President of Victory Savings Bank, April 1962 - Back","","","1962-04","","","","","Modjeska Simkins Papers, 1909-1992","","University of South Carolina. South Carolina Political Collections","Richland County (S.C.)","Copyright Not Evaluated. For further information please contact the University of South Carolina, South Carolina Political Collections, Columbia, SC 29208.","","","","","","","mms0011b","","","","2022-08-18","2022-08-18","http://cdm17173.contentdm.oclc.org/cdm/ref/collection/mmsimkins/id/13259",13259.0,"14619.jpg","/mmsimkins/image/14619.jpg","1962","",0,False,False,False,True,False,"['Empty Transcript']","[]"
"Opening Harden Street Branch of the Victory Savings Bank, April 1962 - Front","","","1962-04","","","","","Modjeska Simkins Papers, 1909-1992","","University of South Carolina. South Carolina Political Collections","Richland County (S.C.)","Copyright Not Evaluated. For further information please contact the University of South Carolina, South Carolina Political Collections, Columbia, SC 29208.","","","","","","","mms0076a","","","","2022-08-18","2022-08-18","http://cdm17173.contentdm.oclc.org/cdm/ref/collection/mmsimkins/id/13260",13260.0,"14620.jpg","/mmsimkins/image/14620.jpg","1962","",0,False,False,False,True,False,"['Empty Transcript']","[]"
"Opening Harden Street Branch of the Victory Savings Bank, April 1962 - Back","","","1962-04","","","","","Modjeska Simkins Papers, 1909-1992","","University of South Carolina. South Carolina Political Collections","Richland County (S.C.)","Copyright Not Evaluated. For further information please contact the University of South Carolina, South Carolina Political Collections, Columbia, SC 29208.","","","","","","","mms0076b","","","","2022-08-18","2022-08-18","http://cdm17173.contentdm.oclc.org/cdm/ref/collection/mmsimkins/id/13261",13261.0,"14621.jpg","/mmsimkins/image/14621.jpg","1962","",0,False,False,False,True,False,"['Empty Transcript']","[]"
"Dedication of the Harden Street Branch with Dr. and Mrs. Monteith, April 1962 - Front","","","1962-04","","","","","Modjeska Simkins Papers, 1909-1992","","University of South Carolina. South Carolina Political Collections","Richland County (S.C.)","Copyright Not Evaluated. For further information please contact the University of South Carolina, South Carolina Political Collections, Columbia, SC 29208.","","","","","","","mms0009a","","","","2022-08-18","2022-08-18","http://cdm17173.contentdm.oclc.org/cdm/ref/collection/mmsimkins/id/13262",13262.0,"14622.jpg","/mmsimkins/image/14622.jpg","1962","",0,False,False,False,True,False,"['Empty Transcript']","[]"
"Dedication of the Harden Street Branch with Dr. and Mrs. Monteith, April 1962 - Back","","","1962-04","","","","","Modjeska Simkins Papers, 1909-1992","","University of South Carolina. South Carolina Political Collections","Richland County (S.C.)","Copyright Not Evaluated. For further information please contact the University of South Carolina, South Carolina Political Collections, Columbia, SC 29208.","","","","","","","mms0009b","","","","2022-08-18","2022-08-18","http://cdm17173.contentdm.oclc.org/cdm/ref/collection/mmsimkins/id/13263",13263.0,"14623.jpg","/mmsimkins/image/14623.jpg","1962","",0,False,False,False,True,False,"['Empty Transcript']","[]"
"Manning H. Baxley Standing in front of Teller Desks, Victory Savings Bank, April 1962 - Front","","","1962-04","","","","","Modjeska Simkins Papers, 1909-1992","","University of South Carolina. South Carolina Political Collections","Richland County (S.C.)","Copyright Not Evaluated. For further information please contact the University of South Carolina, South Carolina Political Collections, Columbia, SC 29208.","","","","","","","mms0013a","","","","2022-08-18","2022-08-18","http://cdm17173.contentdm.oclc.org/cdm/ref/collection/mmsimkins/id/13264",13264.0,"14624.jpg","/mmsimkins/image/14624.jpg","1962","",0,False,False,False,True,False,"['Empty Transcript']","[]"
"Manning H. Baxley Standing in front of Teller Desks, Victory Savings Bank, April 1962 - Back","","","1962-04","","","","","Modjeska Simkins Papers, 1909-1992","","University of South Carolina. South Carolina Political Collections","Richland County (S.C.)","Copyright Not Evaluated. For further information please contact the University of South Carolina, South Carolina Political Collections, Columbia, SC 29208.","","","","","","","mms0013b","","","","2022-08-18","2022-08-18","http://cdm17173.contentdm.oclc.org/cdm/ref/collection/mmsimkins/id/13265",13265.0,"14625.jpg","/mmsimkins/image/14625.jpg","1962","",0,False,False,False,True,False,"['Empty Transcript']","[]"
"Inside Victory Savings Bank, Columbia, SC","","","","","","","","Modjeska Simkins Papers, 1909-1992","","University of South Carolina. South Carolina Political Collections","Richland County (S.C.)","Copyright Not Evaluated. For further information please contact the University of South Carolina, South Carolina Political Collections, Columbia, SC 29208.","","","","","","","mms0006","","","","2022-08-18","2022-08-18","http://cdm17173.contentdm.oclc.org/cdm/ref/collection/mmsimkins/id/13266",13266.0,"14626.jpg","/mmsimkins/image/14626.jpg","","",0,False,False,False,True,False,"['Empty Transcript']","[]"
"Modjeska Simkins with Unidentified Group at Meal","","","","","","","","Modjeska Simkins Papers, 1909-1992","","University of South Carolina. South Carolina Political Collections","","Copyright Not Evaluated. For further information please contact the University of South Carolina, South Carolina Political Collections, Columbia, SC 29208.","","","","","","","mms0073","","","","2022-08-18","2022-08-18","http://cdm17173.contentdm.oclc.org/cdm/ref/collection/mmsimkins/id/13267",13267.0,"14627.jp2","/mmsimkins/image/14627.jp2","","",0,False,False,False,True,False,"['Empty Transcript']","[]"
"Modjeska Simkins Speaking at Dedication of the Victory Savings Bank, April 1962","","","1962-04","","","","","Modjeska Simkins Papers, 1909-1992","","University of South Carolina. South Carolina Political Collections","Richland County (S.C.)","Copyright Not Evaluated. For further information please contact the University of South Carolina, South Carolina Political Collections, Columbia, SC 29208.","","","","","","","mms0010","","","","2022-08-18","2022-08-18","http://cdm17173.contentdm.oclc.org/cdm/ref/collection/mmsimkins/id/13268",13268.0,"14628.jpg","/mmsimkins/image/14628.jpg","1962","",0,False,False,False,True,False,"['Empty Transcript']","[]"
"Portrait of Modjeska Simkins, April 1980 - Front","","","1980-04","","","","","Modjeska Simkins Papers, 1909-1992","","University of South Carolina. South Carolina Political Collections","","Copyright Not Evaluated. For further information please contact the University of South Carolina, South Carolina Political Collections, Columbia, SC 29208.","","","","","","","mms0016a","","","","2022-08-18","2022-08-18","http://cdm17173.contentdm.oclc.org/cdm/ref/collection/mmsimkins/id/13269",13269.0,"14629.jpg","/mmsimkins/image/14629.jpg","1980","",0,False,False,False,True,False,"['Empty Transcript']","[]"
"Portrait of Modjeska Simkins, April 1980 - Back","","","","","","","","Modjeska Simkins Papers, 1909-1992","","University of South Carolina. South Carolina Political Collections","","Copyright Not Evaluated. For further information please contact the University of South Carolina, South Carolina Political Collections, Columbia, SC 29208.","","","","","","","mms0016b","","","","2022-08-18","2022-08-18","http://cdm17173.contentdm.oclc.org/cdm/ref/collection/mmsimkins/id/13270",13270.0,"14630.jpg","/mmsimkins/image/14630.jpg","","",0,False,False,False,True,False,"['Empty Transcript']","[]"
"Photographs","","","","","","","","","","","","Copyright Not Evaluated. For further information please contact the University of South Carolina, South Carolina Political Collections, Columbia, SC 29208.","","","","","","","mmsimkins13094","","","","2022-08-15","2022-08-15","http://cdm17173.contentdm.oclc.org/cdm/ref/collection/mmsimkins/id/13271",13271.0,"14631.jp2","/mmsimkins/image/14631.jp2","","",0,False,False,False,True,False,"['Empty Transcript']","[]"
"Photographs","","","","","","","","","","","","Copyright Not Evaluated. For further information please contact the University of South Carolina, South Carolina Political Collections, Columbia, SC 29208.","","","","","","","mmsimkins13095","","","","2022-08-15","2022-08-15","http://cdm17173.contentdm.oclc.org/cdm/ref/collection/mmsimkins/id/13272",13272.0,"14632.jp2","/mmsimkins/image/14632.jp2","","",0,False,False,False,True,False,"['Empty Transcript']","[]"
"Victory Savings Bank, Columbia, SC","","","","","","","","Modjeska Simkins Papers, 1909-1992","","University of South Carolina. South Carolina Political Collections","Richland County (S.C.)","Copyright Not Evaluated. For further information please contact the University of South Carolina, South Carolina Political Collections, Columbia, SC 29208.","","","","","","","mms0005","","","","2022-08-18","2022-08-18","http://cdm17173.contentdm.oclc.org/cdm/ref/collection/mmsimkins/id/13273",13273.0,"14633.jpg","/mmsimkins/image/14633.jpg","","",0,False,False,False,True,False,"['Empty Transcript']","[]"
"Photographs","","","","","","","","","","","","Copyright Not Evaluated. For further information please contact the University of South Carolina, South Carolina Political Collections, Columbia, SC 29208.","","","","","","","mmsimkins13098","","","","2016-11-23","2016-11-23","http://cdm17173.contentdm.oclc.org/cdm/ref/collection/mmsimkins/id/13275",13275.0,"14635.jp2","/mmsimkins/image/14635.jp2","","",0,False,False,False,True,False,"['Empty Transcript']","[]"
"Photographs","","","","","","","","","","","","Copyright Not Evaluated. For further information please contact the University of South Carolina, South Carolina Political Collections, Columbia, SC 29208.","","","","","","","mmsimkins13099","","","","2016-11-23","2016-11-23","http://cdm17173.contentdm.oclc.org/cdm/ref/collection/mmsimkins/id/13276",13276.0,"14636.jp2","/mmsimkins/image/14636.jp2","","",0,False,False,False,True,False,"['Empty Transcript']","[]"
"Photographs","","","","","","","","","","","","Copyright Not Evaluated. For further information please contact the University of South Carolina, South Carolina Political Collections, Columbia, SC 29208.","","","","","","","mmsimkins13100","","","","2016-11-23","2016-11-23","http://cdm17173.contentdm.oclc.org/cdm/ref/collection/mmsimkins/id/13277",13277.0,"14637.jp2","/mmsimkins/image/14637.jp2","","",0,False,False,False,True,False,"['Empty Transcript']","[]"
"Photographs","","","","","","","","","","","","Copyright Not Evaluated. For further information please contact the University of South Carolina, South Carolina Political Collections, Columbia, SC 29208.","","","","","","","mmsimkins13101","","","","2016-11-23","2016-11-23","http://cdm17173.contentdm.oclc.org/cdm/ref/collection/mmsimkins/id/13278",13278.0,"14638.jp2","/mmsimkins/image/14638.jp2","","",0,False,False,False,True,False,"['Empty Transcript']","[]"
"Photographs","","","","","","","","","","","","Copyright Not Evaluated. For further information please contact the University of South Carolina, South Carolina Political Collections, Columbia, SC 29208.","","","","","","","mmsimkins13102","","","","2016-11-23","2016-11-23","http://cdm17173.contentdm.oclc.org/cdm/ref/collection/mmsimkins/id/13279",13279.0,"14639.jp2","/mmsimkins/image/14639.jp2","","",0,False,False,False,True,False,"['Empty Transcript']","[]"
"Photographs","","","","","","","","","","","","Copyright Not Evaluated. For further information please contact the University of South Carolina, South Carolina Political Collections, Columbia, SC 29208.","","","","","","","mmsimkins13103","","","","2016-11-23","2016-11-23","http://cdm17173.contentdm.oclc.org/cdm/ref/collection/mmsimkins/id/13280",13280.0,"14640.jp2","/mmsimkins/image/14640.jp2","","",0,False,False,False,True,False,"['Empty Transcript']","[]"
"Photographs","","","","","","","","","","","","Copyright Not Evaluated. For further information please contact the University of South Carolina, South Carolina Political Collections, Columbia, SC 29208.","","","","","","","mmsimkins13104","","","","2016-11-23","2016-11-23","http://cdm17173.contentdm.oclc.org/cdm/ref/collection/mmsimkins/id/13281",13281.0,"14641.jp2","/mmsimkins/image/14641.jp2","","",0,False,False,False,True,False,"['Empty Transcript']","[]"
"Photographs","","","","","","","","","","","","Copyright Not Evaluated. For further information please contact the University of South Carolina, South Carolina Political Collections, Columbia, SC 29208.","","","","","","","mmsimkins13105","","","","2016-11-23","2016-11-23","http://cdm17173.contentdm.oclc.org/cdm/ref/collection/mmsimkins/id/13282",13282.0,"14642.jp2","/mmsimkins/image/14642.jp2","","",0,False,False,False,True,False,"['Empty Transcript']","[]"
"Photograph of Brick Building","","","","","","","","Modjeska Simkins Papers, 1909-1992","https://digital.library.sc.edu/collections/modjeska-monteith-simkins-papers-1909-1992/","University of South Carolina. South Carolina Political Collections","","Copyright Not Evaluated. For further information please contact the University of South Carolina, South Carolina Political Collections, Columbia, SC 29208.","English","600 dpi, 24-bit depth, color, Epson Expression 10000 XL Scanner, Primary archival file is a TIFF","2022-08","Still Image","image/jpeg","Photographs","mms0085","Ann Abney","Photographs","","2022-11-02","2022-11-02","http://cdm17173.contentdm.oclc.org/cdm/ref/collection/mmsimkins/id/13283",13283.0,"14643.jpg","/mmsimkins/image/14643.jpg","","",0,False,False,False,True,False,"['Empty Transcript']","[]"
"Negative of a Group Portrait","","","","","","","","Modjeska Simkins Papers, 1909-1992","https://digital.library.sc.edu/collections/modjeska-monteith-simkins-papers-1909-1992/","University of South Carolina. South Carolina Political Collections","","Copyright Not Evaluated. For further information please contact the University of South Carolina, South Carolina Political Collections, Columbia, SC 29208.","English","600 dpi, 24-bit depth, color, Epson Expression 10000 XL Scanner, Primary archival file is a TIFF","2022-08","Still Image","image/jpeg","Photographs","mms0084","Ann Abney","Photographs","","2022-11-02","2022-11-02","http://cdm17173.contentdm.oclc.org/cdm/ref/collection/mmsimkins/id/13284",13284.0,"14644.jpg","/mmsimkins/image/14644.jpg","","",0,False,False,False,True,False,"['Empty Transcript']","[]"
"Signed Portrait of Rosalyn Carter and Jimmy Carter","","","","","","","","Modjeska Simkins Papers, 1909-1992","https://digital.library.sc.edu/collections/modjeska-monteith-simkins-papers-1909-1992/","University of South Carolina. South Carolina Political Collections","","Copyright Not Evaluated. For further information please contact the University of South Carolina, South Carolina Political Collections, Columbia, SC 29208.","English","600 dpi, 24-bit depth, color, Epson Expression 10000 XL Scanner, Primary archival file is a TIFF","2022-08","Still Image","image/jpeg","Photographs","mms0098","Ann Abney","Photographs","","2022-11-02","2022-11-02","http://cdm17173.contentdm.oclc.org/cdm/ref/collection/mmsimkins/id/13285",13285.0,"14645.jpg","/mmsimkins/image/14645.jpg","","",0,False,False,False,True,False,"['Empty Transcript']","[]"
"Group Portrait, School of Methods at Claflin College, July 5-9, 1943 - Front","","","1946-07","","","","","Modjeska Simkins Papers, 1909-1992","https://digital.library.sc.edu/collections/modjeska-monteith-simkins-papers-1909-1992/","University of South Carolina. South Carolina Political Collections","Orangeburg County (S.C.)","Copyright Not Evaluated. For further information please contact the University of South Carolina, South Carolina Political Collections, Columbia, SC 29208.","English","600 dpi, 24-bit depth, color, Epson Expression 10000 XL Scanner, Primary archival file is a TIFF","2022-08","Still Image","image/jpeg","Photographs","mms0095a","Ann Abney","Photographs","","2022-11-02","2022-11-02","http://cdm17173.contentdm.oclc.org/cdm/ref/collection/mmsimkins/id/13286",13286.0,"14646.jpg","/mmsimkins/image/14646.jpg","1946","",0,False,False,False,True,False,"['Empty Transcript']","[]"
"Signed Photograph of Walter Mondale and Geraldine Ferraro, 1984","","","1984","","","","","Modjeska Simkins Papers, 1909-1992","https://digital.library.sc.edu/collections/modjeska-monteith-simkins-papers-1909-1992/","University of South Carolina. South Carolina Political Collections","","Copyright Not Evaluated. For further information please contact the University of South Carolina, South Carolina Political Collections, Columbia, SC 29208.","English","600 dpi, 24-bit depth, color, Epson Expression 10000 XL Scanner, Primary archival file is a TIFF","","Still Image","image/jpeg","Photographs","mms0099","Ann Abney","Photographs","","2022-11-02","2022-11-02","http://cdm17173.contentdm.oclc.org/cdm/ref/collection/mmsimkins/id/13287",13287.0,"14647.jpg","/mmsimkins/image/14647.jpg","1984","",0,False,False,False,True,False,"['Empty Transcript']","[]"
"Signed Portrait of Judge J. Waites Waring","","","","","","","","Modjeska Simkins Papers, 1909-1992","https://digital.library.sc.edu/collections/modjeska-monteith-simkins-papers-1909-1992/","University of South Carolina. South Carolina Political Collections","","Copyright Not Evaluated. For further information please contact the University of South Carolina, South Carolina Political Collections, Columbia, SC 29208.","English","600 dpi, 24-bit depth, color, Epson Expression 10000 XL Scanner, Primary archival file is a TIFF","","Still Image","image/jpeg","Photographs","mms0101","Ann Abney","Photographs","","2022-11-02","2022-11-02","http://cdm17173.contentdm.oclc.org/cdm/ref/collection/mmsimkins/id/13288",13288.0,"14648.jpg","/mmsimkins/image/14648.jpg","","",0,False,False,False,True,False,"['Empty Transcript']","[]"
"Photograph of the Corner of a Building","","","","","","","","Modjeska Simkins Papers, 1909-1992","https://digital.library.sc.edu/collections/modjeska-monteith-simkins-papers-1909-1992/","University of South Carolina. South Carolina Political Collections","","Copyright Not Evaluated. For further information please contact the University of South Carolina, South Carolina Political Collections, Columbia, SC 29208.","English","600 dpi, 24-bit depth, color, Epson Expression 10000 XL Scanner, Primary archival file is a TIFF","2022-11","Still Image","image/jpeg","Photographs","mms0106","Ann Abney","Photographs","","2022-11-02","2022-11-02","http://cdm17173.contentdm.oclc.org/cdm/ref/collection/mmsimkins/id/13289",13289.0,"14649.jpg","/mmsimkins/image/14649.jpg","","",0,False,False,False,True,False,"['Empty Transcript']","[]"
"Gas Station and Liquor Store","","","","","","","","Modjeska Simkins Papers, 1909-1992","https://digital.library.sc.edu/collections/modjeska-monteith-simkins-papers-1909-1992/","University of South Carolina. South Carolina Political Collections","","Copyright Not Evaluated. For further information please contact the University of South Carolina, South Carolina Political Collections, Columbia, SC 29208.","English","600 dpi, 24-bit depth, color, Epson Expression 10000 XL Scanner, Primary archival file is a TIFF","2022-11","Still Image","image/jpeg","Photographs","mms0110","Ann Abney","Photographs","","2022-11-02","2022-11-02","http://cdm17173.contentdm.oclc.org/cdm/ref/collection/mmsimkins/id/13290",13290.0,"14650.jpg","/mmsimkins/image/14650.jpg","","",0,False,False,False,True,False,"['Empty Transcript']","[]"
"Alfred Graham Weaving a Basket, Saint Helena Island","","","","","","","","Modjeska Simkins Papers, 1909-1992","https://digital.library.sc.edu/collections/modjeska-monteith-simkins-papers-1909-1992/","University of South Carolina. South Carolina Political Collections","Beaufort County (S.C.)","Copyright Not Evaluated. For further information please contact the University of South Carolina, South Carolina Political Collections, Columbia, SC 29208.","English","600 dpi, 24-bit depth, color, Epson Expression 10000 XL Scanner, Primary archival file is a TIFF","","Still Image","image/jpeg","Photographs","mms0102","Ann Abney","Photographs","","2022-11-02","2022-11-02","http://cdm17173.contentdm.oclc.org/cdm/ref/collection/mmsimkins/id/13291",13291.0,"14651.jpg","/mmsimkins/image/14651.jpg","","",0,False,False,False,True,False,"['Empty Transcript']","[]"
"Photograph of a House","","","","","","","","Modjeska Simkins Papers, 1909-1992","https://digital.library.sc.edu/collections/modjeska-monteith-simkins-papers-1909-1992/","University of South Carolina. South Carolina Political Collections","","Copyright Not Evaluated. For further information please contact the University of South Carolina, South Carolina Political Collections, Columbia, SC 29208.","English","600 dpi, 24-bit depth, color, Epson Expression 10000 XL Scanner, Primary archival file is a TIFF","2022-11","Still Image","image/jpeg","Photographs","mms0107","Ann Abney","Photographs","","2022-11-02","2022-11-02","http://cdm17173.contentdm.oclc.org/cdm/ref/collection/mmsimkins/id/13292",13292.0,"14652.jpg","/mmsimkins/image/14652.jpg","","",0,False,False,False,True,False,"['Empty Transcript']","[]"
"Portrait of Lelia Brodley, 1953 - Front","","","1953","","","","","Modjeska Simkins Papers, 1909-1992","https://digital.library.sc.edu/collections/modjeska-monteith-simkins-papers-1909-1992/","University of South Carolina. South Carolina Political Collections","","Copyright Not Evaluated. For further information please contact the University of South Carolina, South Carolina Political Collections, Columbia, SC 29208.","English","600 dpi, 24-bit depth, color, Epson Expression 10000 XL Scanner, Primary archival file is a TIFF","2022-11","Still Image","image/jpeg","Photographs","mms0108a","Ann Abney","Photographs","","2022-11-02","2022-11-02","http://cdm17173.contentdm.oclc.org/cdm/ref/collection/mmsimkins/id/13293",13293.0,"14653.jpg","/mmsimkins/image/14653.jpg","1953","",0,False,False,False,True,False,"['Empty Transcript']","[]"
"Portrait of Lelia Brodley, 1953 - Back","","","1953","","","","","Modjeska Simkins Papers, 1909-1992","https://digital.library.sc.edu/collections/modjeska-monteith-simkins-papers-1909-1992/","University of South Carolina. South Carolina Political Collections","","Copyright Not Evaluated. For further information please contact the University of South Carolina, South Carolina Political Collections, Columbia, SC 29208.","English","600 dpi, 24-bit depth, color, Epson Expression 10000 XL Scanner, Primary archival file is a TIFF","2022-11","Still Image","image/jpeg","Photographs","mms0108b","Ann Abney","Photographs","","2022-11-02","2022-11-02","http://cdm17173.contentdm.oclc.org/cdm/ref/collection/mmsimkins/id/13294",13294.0,"14654.jpg","/mmsimkins/image/14654.jpg","1953","",0,False,False,False,True,False,"['Empty Transcript']","[]"
"Group Portrait","","","","","","","","Modjeska Simkins Papers, 1909-1992","https://digital.library.sc.edu/collections/modjeska-monteith-simkins-papers-1909-1992/","University of South Carolina. South Carolina Political Collections","","Copyright Not Evaluated. For further information please contact the University of South Carolina, South Carolina Political Collections, Columbia, SC 29208.","English","600 dpi, 24-bit depth, color, Epson Expression 10000 XL Scanner, Primary archival file is a TIFF","2022-11","Still Image","image/jpeg","Photographs","mms0109","Ann Abney","Photographs","","2022-11-02","2022-11-02","http://cdm17173.contentdm.oclc.org/cdm/ref/collection/mmsimkins/id/13295",13295.0,"14655.jpg","/mmsimkins/image/14655.jpg","","",0,False,False,False,True,False,"['Empty Transcript']","[]"
"Portrait of a Woman in Academic Dress","","","","","","","","Modjeska Simkins Papers, 1909-1992","https://digital.library.sc.edu/collections/modjeska-monteith-simkins-papers-1909-1992/","University of South Carolina. South Carolina Political Collections","","Copyright Not Evaluated. For further information please contact the University of South Carolina, South Carolina Political Collections, Columbia, SC 29208.","English","600 dpi, 24-bit depth, color, Epson Expression 10000 XL Scanner, Primary archival file is a TIFF","2022-11","Still Image","image/jpeg","Photographs","mms0111","Ann Abney","Photographs","","2022-11-02","2022-11-02","http://cdm17173.contentdm.oclc.org/cdm/ref/collection/mmsimkins/id/13296",13296.0,"14656.jpg","/mmsimkins/image/14656.jpg","","",0,False,False,False,True,False,"['Empty Transcript']","[]"
"Two Blues and a Bop Band Photo - Front","","","","","","","","Modjeska Simkins Papers, 1909-1992","https://digital.library.sc.edu/collections/modjeska-monteith-simkins-papers-1909-1992/","University of South Carolina. South Carolina Political Collections","","Copyright Not Evaluated. For further information please contact the University of South Carolina, South Carolina Political Collections, Columbia, SC 29208.","English","600 dpi, 24-bit depth, color, Epson Expression 10000 XL Scanner, Primary archival file is a TIFF","","Still Image","image/jpeg","Photographs","mms0112a","Ann Abney","Photographs","","2022-11-02","2022-11-02","http://cdm17173.contentdm.oclc.org/cdm/ref/collection/mmsimkins/id/13297",13297.0,"14657.jpg","/mmsimkins/image/14657.jpg","","",0,False,False,False,True,False,"['Empty Transcript']","[]"
"Two Blues and a Bop Band Photo - Back","","","","","","","","Modjeska Simkins Papers, 1909-1992","https://digital.library.sc.edu/collections/modjeska-monteith-simkins-papers-1909-1992/","University of South Carolina. South Carolina Political Collections","","Copyright Not Evaluated. For further information please contact the University of South Carolina, South Carolina Political Collections, Columbia, SC 29208.","English","600 dpi, 24-bit depth, color, Epson Expression 10000 XL Scanner, Primary archival file is a TIFF","","Still Image","image/jpeg","Photographs","mms0112b","Ann Abney","Photographs","","2022-11-02","2022-11-02","http://cdm17173.contentdm.oclc.org/cdm/ref/collection/mmsimkins/id/13298",13298.0,"14658.jpg","/mmsimkins/image/14658.jpg","","",0,False,False,False,True,False,"['Empty Transcript']","[]"
"Two Blues and a Bop Band - Description Sheet","","","","","","","","Modjeska Simkins Papers, 1909-1992","https://digital.library.sc.edu/collections/modjeska-monteith-simkins-papers-1909-1992/","University of South Carolina. South Carolina Political Collections","","Copyright Not Evaluated. For further information please contact the University of South Carolina, South Carolina Political Collections, Columbia, SC 29208.","English","600 dpi, 24-bit depth, color, Epson Expression 10000 XL Scanner, Primary archival file is a TIFF","","Still Image","image/jpeg","Photographs","mms0112c","Ann Abney","Photographs","","2022-11-02","2022-11-02","http://cdm17173.contentdm.oclc.org/cdm/ref/collection/mmsimkins/id/13299",13299.0,"14659.jpg","/mmsimkins/image/14659.jpg","","",0,False,False,False,True,False,"['Empty Transcript']","[]"
"Photographs","","","","","","","","Modjeska Simkins Papers, 1909-1992","https://digital.library.sc.edu/collections/modjeska-monteith-simkins-papers-1909-1992/","University of South Carolina. South Carolina Political Collections","","Copyright Not Evaluated. For further information please contact the University of South Carolina, South Carolina Political Collections, Columbia, SC 29208.","English","600 dpi, 24-bit depth, color, Epson Expression 10000 XL Scanner, Primary archival file is a TIFF","","Still Image","image/jpeg","Photographs","mms0103","Ann Abney","Photographs","","2022-11-02","2022-11-02","http://cdm17173.contentdm.oclc.org/cdm/ref/collection/mmsimkins/id/13300",13300.0,"14660.jpg","/mmsimkins/image/14660.jpg","","",0,False,False,False,True,False,"['Empty Transcript']","[]"
"Photograph of School Building","","","","","","","","Modjeska Simkins Papers, 1909-1992","https://digital.library.sc.edu/collections/modjeska-monteith-simkins-papers-1909-1992/","University of South Carolina. South Carolina Political Collections","","Copyright Not Evaluated. For further information please contact the University of South Carolina, South Carolina Political Collections, Columbia, SC 29208.","English","600 dpi, 24-bit depth, color, Epson Expression 10000 XL Scanner, Primary archival file is a TIFF","","Still Image","image/jpeg","Photographs","mms0093","Ann Abney","Photographs","","2022-11-02","2022-11-02","http://cdm17173.contentdm.oclc.org/cdm/ref/collection/mmsimkins/id/13301",13301.0,"14661.jpg","/mmsimkins/image/14661.jpg","","",0,False,False,False,True,False,"['Empty Transcript']","[]"
"Photograph of Cafeteria","","","","","","","","Modjeska Simkins Papers, 1909-1992","https://digital.library.sc.edu/collections/modjeska-monteith-simkins-papers-1909-1992/","University of South Carolina. South Carolina Political Collections","","Copyright Not Evaluated. For further information please contact the University of South Carolina, South Carolina Political Collections, Columbia, SC 29208.","English","600 dpi, 24-bit depth, color, Epson Expression 10000 XL Scanner, Primary archival file is a TIFF","","Still Image","image/jpeg","Photographs","mms0094","Ann Abney","Photographs","","2022-11-02","2022-11-02","http://cdm17173.contentdm.oclc.org/cdm/ref/collection/mmsimkins/id/13302",13302.0,"14662.jpg","/mmsimkins/image/14662.jpg","","",0,False,False,False,True,False,"['Empty Transcript']","[]"
"Photographs","","","","","","","","Modjeska Simkins Papers, 1909-1992","https://digital.library.sc.edu/collections/modjeska-monteith-simkins-papers-1909-1992/","University of South Carolina. South Carolina Political Collections","","Copyright Not Evaluated. For further information please contact the University of South Carolina, South Carolina Political Collections, Columbia, SC 29208.","English","600 dpi, 24-bit depth, color, Epson Expression 10000 XL Scanner, Primary archival file is a TIFF","","Still Image","image/jpeg","Photographs","mms0105a","Ann Abney","Photographs","","2022-11-02","2022-11-02","http://cdm17173.contentdm.oclc.org/cdm/ref/collection/mmsimkins/id/13303",13303.0,"14663.jpg","/mmsimkins/image/14663.jpg","","",0,False,False,False,True,False,"['Empty Transcript']","[]"
"Black Man Walking Down Street Holding Umbrella","","","","","","","","Modjeska Simkins Papers, 1909-1992","https://digital.library.sc.edu/collections/modjeska-monteith-simkins-papers-1909-1992/","University of South Carolina. South Carolina Political Collections","","Copyright Not Evaluated. For further information please contact the University of South Carolina, South Carolina Political Collections, Columbia, SC 29208.","English","600 dpi, 24-bit depth, color, Epson Expression 10000 XL Scanner, Primary archival file is a TIFF","","Still Image","image/jpeg","Photographs","mms0115","Ann Abney","Photographs","","2022-11-02","2022-11-02","http://cdm17173.contentdm.oclc.org/cdm/ref/collection/mmsimkins/id/13304",13304.0,"14664.jpg","/mmsimkins/image/14664.jpg","","",0,False,False,False,True,False,"['Empty Transcript']","[]"
"Photographs","","","","","","","","Modjeska Simkins Papers, 1909-1992","https://digital.library.sc.edu/collections/modjeska-monteith-simkins-papers-1909-1992/","University of South Carolina. South Carolina Political Collections","","Copyright Not Evaluated. For further information please contact the University of South Carolina, South Carolina Political Collections, Columbia, SC 29208.","English","600 dpi, 24-bit depth, color, Epson Expression 10000 XL Scanner, Primary archival file is a TIFF","","Still Image","image/jpeg","Photographs","mms0105b","Ann Abney","Photographs","","2022-11-02","2022-11-02","http://cdm17173.contentdm.oclc.org/cdm/ref/collection/mmsimkins/id/13305",13305.0,"14665.jpg","/mmsimkins/image/14665.jpg","","",0,False,False,False,True,False,"['Empty Transcript']","[]"
"Banquet Table at Unknown Event Honoring Judge J. Waites Waring","","","","","","","","Modjeska Simkins Papers, 1909-1992","https://digital.library.sc.edu/collections/modjeska-monteith-simkins-papers-1909-1992/","University of South Carolina. South Carolina Political Collections","","Copyright Not Evaluated. For further information please contact the University of South Carolina, South Carolina Political Collections, Columbia, SC 29208.","English","600 dpi, 24-bit depth, color, Epson Expression 10000 XL Scanner, Primary archival file is a TIFF","","Still Image","image/jpeg","Photographs","mms0114","Ann Abney","Photographs","","2022-11-02","2022-11-02","http://cdm17173.contentdm.oclc.org/cdm/ref/collection/mmsimkins/id/13306",13306.0,"14666.jpg","/mmsimkins/image/14666.jpg","","",0,False,False,False,True,False,"['Empty Transcript']","[]"
"Group Portrait with Thurgood Marshall","","","","","","","","Modjeska Simkins Papers, 1909-1992","https://digital.library.sc.edu/collections/modjeska-monteith-simkins-papers-1909-1992/","University of South Carolina. South Carolina Political Collections","","Copyright Not Evaluated. For further information please contact the University of South Carolina, South Carolina Political Collections, Columbia, SC 29208.","English","600 dpi, 24-bit depth, color, Epson Expression 10000 XL Scanner, Primary archival file is a TIFF","2022-11","Still Image","image/jpeg","Photographs","mms0116","Ann Abney","Photographs","","2022-11-02","2022-11-02","http://cdm17173.contentdm.oclc.org/cdm/ref/collection/mmsimkins/id/13307",13307.0,"14667.jpg","/mmsimkins/image/14667.jpg","","",0,False,False,False,True,False,"['Empty Transcript']","[]"
"Mrs. Harry Bellinger Presenting Service Stripe to Lavenia Clarke, circa 1951 - Front","","","","","","","","Modjeska Simkins Papers, 1909-1992","https://digital.library.sc.edu/collections/modjeska-monteith-simkins-papers-1909-1992/","University of South Carolina. South Carolina Political Collections","","Copyright Not Evaluated. For further information please contact the University of South Carolina, South Carolina Political Collections, Columbia, SC 29208.","English","600 dpi, 24-bit depth, color, Epson Expression 10000 XL Scanner, Primary archival file is a TIFF","2022-11","Still Image","image/jpeg","Photographs","mms0117a","Ann Abney","Photographs","","2022-11-02","2022-11-02","http://cdm17173.contentdm.oclc.org/cdm/ref/collection/mmsimkins/id/13308",13308.0,"14668.jpg","/mmsimkins/image/14668.jpg","","",0,False,False,False,True,False,"['Empty Transcript']","[]"
"Orioles Band with Soldiers at Fort Jackson - Photograph","","","","","","","","Modjeska Simkins Papers, 1909-1992","https://digital.library.sc.edu/collections/modjeska-monteith-simkins-papers-1909-1992/","University of South Carolina. South Carolina Political Collections","Richland County (S.C.)","Public Domain. For further information please contact the University of South Carolina, South Carolina Political Collections, Columbia, SC 29208.","English","600 dpi, 24-bit depth, color, Epson Expression 10000 XL Scanner, Primary archival file is a TIFF","2022-11","Still Image","image/jpeg","Photographs","mms0118a","Ann Abney","Photographs","","2022-11-02","2022-11-02","http://cdm17173.contentdm.oclc.org/cdm/ref/collection/mmsimkins/id/13309",13309.0,"14669.jpg","/mmsimkins/image/14669.jpg","","",0,False,False,False,True,False,"['Empty Transcript']","[]"
"Guests at Banquet - Front","Boags Modern Arts Photo Studio","","","","","","","Modjeska Simkins Papers, 1909-1992","https://digital.library.sc.edu/collections/modjeska-monteith-simkins-papers-1909-1992/","University of South Carolina. South Carolina Political Collections","","Copyright Not Evaluated. For further information please contact the University of South Carolina, South Carolina Political Collections, Columbia, SC 29208.","English","600 dpi, 24-bit depth, color, Epson Expression 10000 XL Scanner, Primary archival file is a TIFF","2022-11","Still Image","image/jpeg","Photographs","mms0119a","Ann Abney","Photographs","","2022-11-02","2022-11-02","http://cdm17173.contentdm.oclc.org/cdm/ref/collection/mmsimkins/id/13310",13310.0,"14670.jpg","/mmsimkins/image/14670.jpg","","",0,False,False,False,True,False,"['Empty Transcript']","[]"
"Photograph of Dentist Office","","","","","","","","Modjeska Simkins Papers, 1909-1992","https://digital.library.sc.edu/collections/modjeska-monteith-simkins-papers-1909-1992/","University of South Carolina. South Carolina Political Collections","","Copyright Not Evaluated. For further information please contact the University of South Carolina, South Carolina Political Collections, Columbia, SC 29208.","English","600 dpi, 24-bit depth, color, Epson Expression 10000 XL Scanner, Primary archival file is a TIFF","","Still Image","image/jpeg","Photographs","mms0096","Ann Abney","Photographs","","2022-11-02","2022-11-02","http://cdm17173.contentdm.oclc.org/cdm/ref/collection/mmsimkins/id/13311",13311.0,"14671.jpg","/mmsimkins/image/14671.jpg","","",0,False,False,False,True,False,"['Empty Transcript']","[]"
"Photographs","","","","","","","","","","","","Copyright Not Evaluated. For further information please contact the University of South Carolina, South Carolina Political Collections, Columbia, SC 29208.","","","","","","","mmsimkins13135","","","","2016-11-23","2016-11-23","http://cdm17173.contentdm.oclc.org/cdm/ref/collection/mmsimkins/id/13312",13312.0,"14672.jp2","/mmsimkins/image/14672.jp2","","",0,False,False,False,True,False,"['Empty Transcript']","[]"
"Postcard, Man with Cigar - Front","","","","","","","","Modjeska Simkins Papers, 1909-1992","https://digital.library.sc.edu/collections/modjeska-monteith-simkins-papers-1909-1992/","University of South Carolina. South Carolina Political Collections","","Copyright Not Evaluated. For further information please contact the University of South Carolina, South Carolina Political Collections, Columbia, SC 29208.","English","600 dpi, 24-bit depth, color, Epson Expression 10000 XL Scanner, Primary archival file is a TIFF","2022-11","Still Image","image/jpeg","Postcards","mms0113a","Ann Abney","Photographs","","2022-11-02","2022-11-02","http://cdm17173.contentdm.oclc.org/cdm/ref/collection/mmsimkins/id/13313",13313.0,"14673.jpg","/mmsimkins/image/14673.jpg","","",0,False,False,False,True,False,"['Empty Transcript']","[]"
"Portrait of Robert Brooks - Front","Quattlebaum, H.H.","","","","","","","Modjeska Simkins Papers, 1909-1992","https://digital.library.sc.edu/collections/modjeska-monteith-simkins-papers-1909-1992/","University of South Carolina. South Carolina Political Collections","","Copyright Not Evaluated. For further information please contact the University of South Carolina, South Carolina Political Collections, Columbia, SC 29208.","English","600 dpi, 24-bit depth, color, Epson Expression 10000 XL Scanner, Primary archival file is a TIFF","2022-11","Still Image","image/jpeg","Photographs","mms0102a","Ann Abney","Photographs","","2022-11-02","2022-11-02","http://cdm17173.contentdm.oclc.org/cdm/ref/collection/mmsimkins/id/13314",13314.0,"14674.jpg","/mmsimkins/image/14674.jpg","","",0,False,False,False,True,False,"['Empty Transcript']","[]"
"Portrait of Robert Brooks - Back","","","","","","","","Modjeska Simkins Papers, 1909-1992","https://digital.library.sc.edu/collections/modjeska-monteith-simkins-papers-1909-1992/","University of South Carolina. South Carolina Political Collections","","Copyright Not Evaluated. For further information please contact the University of South Carolina, South Carolina Political Collections, Columbia, SC 29208.","English","600 dpi, 24-bit depth, color, Epson Expression 10000 XL Scanner, Primary archival file is a TIFF","2022-11","Still Image","image/jpeg","Photographs","mms0120b","Ann Abney","Photographs","","2022-11-02","2022-11-02","http://cdm17173.contentdm.oclc.org/cdm/ref/collection/mmsimkins/id/13315",13315.0,"14675.jp2","/mmsimkins/image/14675.jp2","","",0,False,False,False,True,False,"['Empty Transcript']","[]"
"Portrait of Dryes Brailsford - Photograph","","","","","","","","Modjeska Simkins Papers, 1909-1992","https://digital.library.sc.edu/collections/modjeska-monteith-simkins-papers-1909-1992/","University of South Carolina. South Carolina Political Collections","","Public Domain. For further information please contact the University of South Carolina, South Carolina Political Collections, Columbia, SC 29208.","English","600 dpi, 24-bit depth, color, Epson Expression 10000 XL Scanner, Primary archival file is a TIFF","2022-11","Still Image","image/jpeg","Photographs","mms0121a","Ann Abney","Photographs","","2022-11-02","2022-11-02","http://cdm17173.contentdm.oclc.org/cdm/ref/collection/mmsimkins/id/13316",13316.0,"14676.jpg","/mmsimkins/image/14676.jpg","","",0,False,False,False,True,False,"['Empty Transcript']","[]"
"Children at Pageant - Front","","","","","","","","Modjeska Simkins Papers, 1909-1992","https://digital.library.sc.edu/collections/modjeska-monteith-simkins-papers-1909-1992/","University of South Carolina. South Carolina Political Collections","","Copyright Not Evaluated. For further information please contact the University of South Carolina, South Carolina Political Collections, Columbia, SC 29208.","English","600 dpi, 24-bit depth, color, Epson Expression 10000 XL Scanner, Primary archival file is a TIFF","2022-11","Still Image","image/jpeg","Photographs","mms0122a","Ann Abney","Photographs","","2022-11-02","2022-11-02","http://cdm17173.contentdm.oclc.org/cdm/ref/collection/mmsimkins/id/13317",13317.0,"14677.jpg","/mmsimkins/image/14677.jpg","","",0,False,False,False,True,False,"['Empty Transcript']","[]"
"Children at Pageant - Back","","","","","","","","Modjeska Simkins Papers, 1909-1992","https://digital.library.sc.edu/collections/modjeska-monteith-simkins-papers-1909-1992/","University of South Carolina. South Carolina Political Collections","","Copyright Not Evaluated. For further information please contact the University of South Carolina, South Carolina Political Collections, Columbia, SC 29208.","English","600 dpi, 24-bit depth, color, Epson Expression 10000 XL Scanner, Primary archival file is a TIFF","2022-11","Still Image","image/jpeg","Photographs","mms0122b","Ann Abney","Photographs","","2022-11-02","2022-11-02","http://cdm17173.contentdm.oclc.org/cdm/ref/collection/mmsimkins/id/13318",13318.0,"14678.jpg","/mmsimkins/image/14678.jpg","","",0,False,False,False,True,False,"['Empty Transcript']","[]"
"J.P. Carter Receiving a Commendation Ribbon from John Dabney - Front","","","","","","","","Modjeska Simkins Papers, 1909-1992","https://digital.library.sc.edu/collections/modjeska-monteith-simkins-papers-1909-1992/","University of South Carolina. South Carolina Political Collections","","Copyright Not Evaluated. For further information please contact the University of South Carolina, South Carolina Political Collections, Columbia, SC 29208.","English","600 dpi, 24-bit depth, color, Epson Expression 10000 XL Scanner, Primary archival file is a TIFF","2022-11","Still Image","image/jpeg","Photographs","mms0123a","Ann Abney","Photographs","","2022-11-02","2022-11-02","http://cdm17173.contentdm.oclc.org/cdm/ref/collection/mmsimkins/id/13319",13319.0,"14679.jpg","/mmsimkins/image/14679.jpg","","",0,False,False,False,True,False,"['Empty Transcript']","[]"
"J.C. Caroline with Former Coworks at the Post Exchange, Fort Jackson, South Carolina - Front","","","","","","","","Modjeska Simkins Papers, 1909-1992","https://digital.library.sc.edu/collections/modjeska-monteith-simkins-papers-1909-1992/","University of South Carolina. South Carolina Political Collections","Richland County (S.C.)","Copyright Not Evaluated. For further information please contact the University of South Carolina, South Carolina Political Collections, Columbia, SC 29208.","English","600 dpi, 24-bit depth, color, Epson Expression 10000 XL Scanner, Primary archival file is a TIFF","2022-11","Still Image","image/jpeg","Photographs","mms0124a","Ann Abney","Photographs","","2022-11-02","2022-11-02","http://cdm17173.contentdm.oclc.org/cdm/ref/collection/mmsimkins/id/13320",13320.0,"14680.jpg","/mmsimkins/image/14680.jpg","","",0,False,False,False,True,False,"['Empty Transcript']","[]"
"Group Portrait - Front","","","","","Modjeska Simkins Papers, Photographs, Others","","","Modjeska Simkins Papers, 1909-1992","https://digital.library.sc.edu/collections/modjeska-monteith-simkins-papers-1909-1992/","University of South Carolina. South Carolina Political Collections","","Copyright Not Evaluated. For further information please contact the University of South Carolina, South Carolina Political Collections, Columbia, SC 29208.","English","600 dpi, 24-bit depth, color, Epson Expression 10000 XL Scanner, Primary archival file is a TIFF","2022-11","Still Image","image/jpeg","Photographs","mms0125a","Ann Abney","Photographs","","2022-11-02","2022-11-02","http://cdm17173.contentdm.oclc.org/cdm/ref/collection/mmsimkins/id/13321",13321.0,"14681.jp2","/mmsimkins/image/14681.jp2","","",0,False,False,False,True,False,"['Empty Transcript']","[]"
"Operation Push Inc. news release, Page 1","","","","","","","","","","","","Copyright Not Evaluated. For further information please contact the University of South Carolina, South Carolina Political Collections, Columbia, SC 29208.","","","","","","","mmsimkins12942","","","","2016-11-23","2016-11-23","http://cdm17173.contentdm.oclc.org/cdm/ref/collection/mmsimkins/id/13323",13323.0,"14683.jp2","/mmsimkins/image/14683.jp2","","",0,False,False,False,True,False,"['Empty Transcript']","[]"
"Operation Push Inc. news release, Page 2","","","","","","","","","","","","Copyright Not Evaluated. For further information please contact the University of South Carolina, South Carolina Political Collections, Columbia, SC 29208.","","","","","","","mmsimkins12943","","","","2016-11-23","2016-11-23","http://cdm17173.contentdm.oclc.org/cdm/ref/collection/mmsimkins/id/13324",13324.0,"14684.jp2","/mmsimkins/image/14684.jp2","","",0,False,False,False,True,False,"['Empty Transcript']","[]"
"Operation Push Inc. news release, Page 3","","","","","","","","","","","","Copyright Not Evaluated. For further information please contact the University of South Carolina, South Carolina Political Collections, Columbia, SC 29208.","","","","","","","mmsimkins12944","","","","2016-11-23","2016-11-23","http://cdm17173.contentdm.oclc.org/cdm/ref/collection/mmsimkins/id/13325",13325.0,"14685.jp2","/mmsimkins/image/14685.jp2","","",0,False,False,False,True,False,"['Empty Transcript']","[]"
"Fact sheet on the Seven-Up Company, Page 1","","","","","","","","","","","","Copyright Not Evaluated. For further information please contact the University of South Carolina, South Carolina Political Collections, Columbia, SC 29208.","","","","","","","mmsimkins12945","","","","2016-11-23","2016-11-23","http://cdm17173.contentdm.oclc.org/cdm/ref/collection/mmsimkins/id/13326",13326.0,"14686.jp2","/mmsimkins/image/14686.jp2","","",0,False,False,False,True,False,"['Empty Transcript']","[]"
"Fact sheet on the Seven-Up Company, Page 2","","","","","","","","","","","","Copyright Not Evaluated. For further information please contact the University of South Carolina, South Carolina Political Collections, Columbia, SC 29208.","","","","","","","mmsimkins12946","","","","2016-11-23","2016-11-23","http://cdm17173.contentdm.oclc.org/cdm/ref/collection/mmsimkins/id/13327",13327.0,"14687.jp2","/mmsimkins/image/14687.jp2","","",0,False,False,False,True,False,"['Empty Transcript']","[]"
"Fact sheet on the Seven-Up Company, Page 3","","","","","","","","","","","","Copyright Not Evaluated. For further information please contact the University of South Carolina, South Carolina Political Collections, Columbia, SC 29208.","","","","","","","mmsimkins12947","","","","2016-11-23","2016-11-23","http://cdm17173.contentdm.oclc.org/cdm/ref/collection/mmsimkins/id/13328",13328.0,"14688.jp2","/mmsimkins/image/14688.jp2","","",0,False,False,False,True,False,"['Empty Transcript']","[]"
"Fact sheet on the Seven-Up Company, Page 4","","","","","","","","","","","","Copyright Not Evaluated. For further information please contact the University of South Carolina, South Carolina Political Collections, Columbia, SC 29208.","","","","","","","mmsimkins12948","","","","2016-11-23","2016-11-23","http://cdm17173.contentdm.oclc.org/cdm/ref/collection/mmsimkins/id/13329",13329.0,"14689.jp2","/mmsimkins/image/14689.jp2","","",0,False,False,False,True,False,"['Empty Transcript']","[]"
"Operation Push Inc. statement on Coca-Cola Company, Page 1","","","","","","","","","","","","Copyright Not Evaluated. For further information please contact the University of South Carolina, South Carolina Political Collections, Columbia, SC 29208.","","","","","","","mmsimkins12949","","","","2016-11-23","2016-11-23","http://cdm17173.contentdm.oclc.org/cdm/ref/collection/mmsimkins/id/13330",13330.0,"14690.jp2","/mmsimkins/image/14690.jp2","","",0,False,False,False,True,False,"['Empty Transcript']","[]"
"Operation Push Inc. statement on Coca-Cola Company, Page 2","","","","","","","","","","","","Copyright Not Evaluated. For further information please contact the University of South Carolina, South Carolina Political Collections, Columbia, SC 29208.","","","","","","","mmsimkins12950","","","","2016-11-23","2016-11-23","http://cdm17173.contentdm.oclc.org/cdm/ref/collection/mmsimkins/id/13331",13331.0,"14691.jp2","/mmsimkins/image/14691.jp2","","",0,False,False,False,True,False,"['Empty Transcript']","[]"
"Operation Push Inc. news release, Page 1","","","","","","","","","","","","Copyright Not Evaluated. For further information please contact the University of South Carolina, South Carolina Political Collections, Columbia, SC 29208.","","","","","","","mmsimkins12951","","","","2016-11-23","2016-11-23","http://cdm17173.contentdm.oclc.org/cdm/ref/collection/mmsimkins/id/13332",13332.0,"14692.jp2","/mmsimkins/image/14692.jp2","","",0,False,False,False,True,False,"['Empty Transcript']","[]"
"Operation Push Inc. news release, Page 2","","","","","","","","","","","","Copyright Not Evaluated. For further information please contact the University of South Carolina, South Carolina Political Collections, Columbia, SC 29208.","","","","","","","mmsimkins12952","","","","2016-11-23","2016-11-23","http://cdm17173.contentdm.oclc.org/cdm/ref/collection/mmsimkins/id/13333",13333.0,"14693.jp2","/mmsimkins/image/14693.jp2","","",0,False,False,False,True,False,"['Empty Transcript']","[]"
"20th Anniversary of the Historic 1963 March on Washington, August 27, 1983","","","","","","","","","","","","Copyright Not Evaluated. For further information please contact the University of South Carolina, South Carolina Political Collections, Columbia, SC 29208.","","","","","","","mmsimkins12953","","","","2016-11-23","2016-11-23","http://cdm17173.contentdm.oclc.org/cdm/ref/collection/mmsimkins/id/13334",13334.0,"14694.jp2","/mmsimkins/image/14694.jp2","","",0,False,False,False,True,False,"['Empty Transcript']","[]"
"Court statement, August 1, 1984, Page 1","","","","","","","","","","","","Copyright Not Evaluated. For further information please contact the University of South Carolina, South Carolina Political Collections, Columbia, SC 29208.","","","","","","","mmsimkins12954","","","","2016-11-23","2016-11-23","http://cdm17173.contentdm.oclc.org/cdm/ref/collection/mmsimkins/id/13335",13335.0,"14695.jp2","/mmsimkins/image/14695.jp2","","",0,False,False,False,True,False,"['Empty Transcript']","[]"
"Court statement, August 1, 1984, Page 2","","","","","","","","","","","","Copyright Not Evaluated. For further information please contact the University of South Carolina, South Carolina Political Collections, Columbia, SC 29208.","","","","","","","mmsimkins12955","","","","2016-11-23","2016-11-23","http://cdm17173.contentdm.oclc.org/cdm/ref/collection/mmsimkins/id/13336",13336.0,"14696.jp2","/mmsimkins/image/14696.jp2","","",0,False,False,False,True,False,"['Empty Transcript']","[]"
"Participant's evaluation form, SC Committee for the Humanities","","","","","","","","","","","","Copyright Not Evaluated. For further information please contact the University of South Carolina, South Carolina Political Collections, Columbia, SC 29208.","","","","","","","mmsimkins12956","","","","2016-11-23","2016-11-23","http://cdm17173.contentdm.oclc.org/cdm/ref/collection/mmsimkins/id/13337",13337.0,"14697.jp2","/mmsimkins/image/14697.jp2","","",0,False,False,False,True,False,"['Empty Transcript']","[]"
"Women's Day program, June 24, 1990, Page 1","","","","","","","","","","","","Copyright Not Evaluated. For further information please contact the University of South Carolina, South Carolina Political Collections, Columbia, SC 29208.","","","","","","","mmsimkins12957","","","","2016-11-23","2016-11-23","http://cdm17173.contentdm.oclc.org/cdm/ref/collection/mmsimkins/id/13338",13338.0,"14698.jp2","/mmsimkins/image/14698.jp2","","",0,False,False,False,True,False,"['Empty Transcript']","[]"
"Women's Day program, June 24, 1990, Page 2","","","","","","","","","","","","Copyright Not Evaluated. For further information please contact the University of South Carolina, South Carolina Political Collections, Columbia, SC 29208.","","","","","","","mmsimkins12958","","","","2016-11-23","2016-11-23","http://cdm17173.contentdm.oclc.org/cdm/ref/collection/mmsimkins/id/13339",13339.0,"14699.jp2","/mmsimkins/image/14699.jp2","","",0,False,False,False,True,False,"['Empty Transcript']","[]"
"Women's Day program, June 24, 1990, Page 3","","","","","","","","","","","","Copyright Not Evaluated. For further information please contact the University of South Carolina, South Carolina Political Collections, Columbia, SC 29208.","","","","","","","mmsimkins12959","","","","2016-11-23","2016-11-23","http://cdm17173.contentdm.oclc.org/cdm/ref/collection/mmsimkins/id/13340",13340.0,"14700.jp2","/mmsimkins/image/14700.jp2","","",0,False,False,False,True,False,"['Empty Transcript']","[]"
"Women's Day program, June 24, 1990, Page 4","","","","","","","","","","","","Copyright Not Evaluated. For further information please contact the University of South Carolina, South Carolina Political Collections, Columbia, SC 29208.","","","","","","","mmsimkins12960","","","","2016-11-23","2016-11-23","http://cdm17173.contentdm.oclc.org/cdm/ref/collection/mmsimkins/id/13341",13341.0,"14701.jp2","/mmsimkins/image/14701.jp2","","",0,False,False,False,True,False,"['Empty Transcript']","[]"
"Statement to Mrs. Simkins on Washington Flower and Garden Guild, February 22, 1991, Page 1","","","","","","","","","","","","Copyright Not Evaluated. For further information please contact the University of South Carolina, South Carolina Political Collections, Columbia, SC 29208.","","","","","","","mmsimkins12961","","","","2016-11-23","2016-11-23","http://cdm17173.contentdm.oclc.org/cdm/ref/collection/mmsimkins/id/13342",13342.0,"14702.jp2","/mmsimkins/image/14702.jp2","","",0,False,False,False,True,False,"['Empty Transcript']","[]"
"Statement to Mrs. Simkins on Washington Flower and Garden Guild, February 22, 1991, Page 2","","","","","","","","","","","","Copyright Not Evaluated. For further information please contact the University of South Carolina, South Carolina Political Collections, Columbia, SC 29208.","","","","","","","mmsimkins12962","","","","2016-11-23","2016-11-23","http://cdm17173.contentdm.oclc.org/cdm/ref/collection/mmsimkins/id/13343",13343.0,"14703.jp2","/mmsimkins/image/14703.jp2","","",0,False,False,False,True,False,"['Empty Transcript']","[]"
"Statement to Mrs. Simkins on Washington Flower and Garden Guild, February 22, 1991, Page 3","","","","","","","","","","","","Copyright Not Evaluated. For further information please contact the University of South Carolina, South Carolina Political Collections, Columbia, SC 29208.","","","","","","","mmsimkins12963","","","","2016-11-23","2016-11-23","http://cdm17173.contentdm.oclc.org/cdm/ref/collection/mmsimkins/id/13344",13344.0,"14704.jp2","/mmsimkins/image/14704.jp2","","",0,False,False,False,True,False,"['Empty Transcript']","[]"
"Statement to Mrs. Simkins on Washington Flower and Garden Guild, February 22, 1991, Page 4","","","","","","","","","","","","Copyright Not Evaluated. For further information please contact the University of South Carolina, South Carolina Political Collections, Columbia, SC 29208.","","","","","","","mmsimkins12964","","","","2016-11-23","2016-11-23","http://cdm17173.contentdm.oclc.org/cdm/ref/collection/mmsimkins/id/13345",13345.0,"14705.jp2","/mmsimkins/image/14705.jp2","","",0,False,False,False,True,False,"['Empty Transcript']","[]"
"Statement to Mrs. Simkins on Washington Flower and Garden Guild, February 22, 1991, Page 5","","","","","","","","","","","","Copyright Not Evaluated. For further information please contact the University of South Carolina, South Carolina Political Collections, Columbia, SC 29208.","","","","","","","mmsimkins12965","","","","2016-11-23","2016-11-23","http://cdm17173.contentdm.oclc.org/cdm/ref/collection/mmsimkins/id/13346",13346.0,"14706.jp2","/mmsimkins/image/14706.jp2","","",0,False,False,False,True,False,"['Empty Transcript']","[]"
"Flyer for lecture by Dr. Barbara Woods, March 15, 1991","","","","","","","","","","","","Copyright Not Evaluated. For further information please contact the University of South Carolina, South Carolina Political Collections, Columbia, SC 29208.","","","","","","","mmsimkins12966","","","","2016-11-23","2016-11-23","http://cdm17173.contentdm.oclc.org/cdm/ref/collection/mmsimkins/id/13347",13347.0,"14707.jp2","/mmsimkins/image/14707.jp2","","",0,False,False,False,True,False,"['Empty Transcript']","[]"
"Black Women of the 90s Influencing and Making Changes, Page 1","","","","","","","","","","","","Copyright Not Evaluated. For further information please contact the University of South Carolina, South Carolina Political Collections, Columbia, SC 29208.","","","","","","","mmsimkins12967","","","","2016-11-23","2016-11-23","http://cdm17173.contentdm.oclc.org/cdm/ref/collection/mmsimkins/id/13348",13348.0,"14708.jp2","/mmsimkins/image/14708.jp2","","",0,False,False,False,True,False,"['Empty Transcript']","[]"
"Black Women of the 90s Influencing and Making Changes, Page 2","","","","","","","","","","","","Copyright Not Evaluated. For further information please contact the University of South Carolina, South Carolina Political Collections, Columbia, SC 29208.","","","","","","","mmsimkins12968","","","","2016-11-23","2016-11-23","http://cdm17173.contentdm.oclc.org/cdm/ref/collection/mmsimkins/id/13349",13349.0,"14709.jp2","/mmsimkins/image/14709.jp2","","",0,False,False,False,True,False,"['Empty Transcript']","[]"
"Black Women of the 90s Influencing and Making Changes, Page 3","","","","","","","","","","","","Copyright Not Evaluated. For further information please contact the University of South Carolina, South Carolina Political Collections, Columbia, SC 29208.","","","","","","","mmsimkins12969","","","","2016-11-23","2016-11-23","http://cdm17173.contentdm.oclc.org/cdm/ref/collection/mmsimkins/id/13350",13350.0,"14710.jp2","/mmsimkins/image/14710.jp2","","",0,False,False,False,True,False,"['Empty Transcript']","[]"
"Black Women of the 90s Influencing and Making Changes, Page 4","","","","","","","","","","","","Copyright Not Evaluated. For further information please contact the University of South Carolina, South Carolina Political Collections, Columbia, SC 29208.","","","","","","","mmsimkins12970","","","","2016-11-23","2016-11-23","http://cdm17173.contentdm.oclc.org/cdm/ref/collection/mmsimkins/id/13351",13351.0,"14711.jp2","/mmsimkins/image/14711.jp2","","",0,False,False,False,True,False,"['Empty Transcript']","[]"
"Black Women of the 90s Influencing and Making Changes, Page 5","","","","","","","","","","","","Copyright Not Evaluated. For further information please contact the University of South Carolina, South Carolina Political Collections, Columbia, SC 29208.","","","","","","","mmsimkins12971","","","","2016-11-23","2016-11-23","http://cdm17173.contentdm.oclc.org/cdm/ref/collection/mmsimkins/id/13352",13352.0,"14712.jp2","/mmsimkins/image/14712.jp2","","",0,False,False,False,True,False,"['Empty Transcript']","[]"
"Black Women of the 90s Influencing and Making Changes, Page 6","","","","","","","","","","","","Copyright Not Evaluated. For further information please contact the University of South Carolina, South Carolina Political Collections, Columbia, SC 29208.","","","","","","","mmsimkins12972","","","","2016-11-23","2016-11-23","http://cdm17173.contentdm.oclc.org/cdm/ref/collection/mmsimkins/id/13353",13353.0,"14713.jp2","/mmsimkins/image/14713.jp2","","",0,False,False,False,True,False,"['Empty Transcript']","[]"
"Black Women of the 90s Influencing and Making Changes, Page 7","","","","","","","","","","","","Copyright Not Evaluated. For further information please contact the University of South Carolina, South Carolina Political Collections, Columbia, SC 29208.","","","","","","","mmsimkins12973","","","","2016-11-23","2016-11-23","http://cdm17173.contentdm.oclc.org/cdm/ref/collection/mmsimkins/id/13354",13354.0,"14714.jp2","/mmsimkins/image/14714.jp2","","",0,False,False,False,True,False,"['Empty Transcript']","[]"
"Black Women of the 90s Influencing and Making Changes, Page 8","","","","","","","","","","","","Copyright Not Evaluated. For further information please contact the University of South Carolina, South Carolina Political Collections, Columbia, SC 29208.","","","","","","","mmsimkins12974","","","","2016-11-23","2016-11-23","http://cdm17173.contentdm.oclc.org/cdm/ref/collection/mmsimkins/id/13355",13355.0,"14715.jp2","/mmsimkins/image/14715.jp2","","",0,False,False,False,True,False,"['Empty Transcript']","[]"
"Black Women of the 90s Influencing and Making Changes, Page 9","","","","","","","","","","","","Copyright Not Evaluated. For further information please contact the University of South Carolina, South Carolina Political Collections, Columbia, SC 29208.","","","","","","","mmsimkins12975","","","","2016-11-23","2016-11-23","http://cdm17173.contentdm.oclc.org/cdm/ref/collection/mmsimkins/id/13356",13356.0,"14716.jp2","/mmsimkins/image/14716.jp2","","",0,False,False,False,True,False,"['Empty Transcript']","[]"
"Black Women of the 90s Influencing and Making Changes, Page 10","","","","","","","","","","","","Copyright Not Evaluated. For further information please contact the University of South Carolina, South Carolina Political Collections, Columbia, SC 29208.","","","","","","","mmsimkins12976","","","","2016-11-23","2016-11-23","http://cdm17173.contentdm.oclc.org/cdm/ref/collection/mmsimkins/id/13357",13357.0,"14717.jp2","/mmsimkins/image/14717.jp2","","",0,False,False,False,True,False,"['Empty Transcript']","[]"
"Black Women of the 90s Influencing and Making Changes, Page 11","","","","","","","","","","","","Copyright Not Evaluated. For further information please contact the University of South Carolina, South Carolina Political Collections, Columbia, SC 29208.","","","","","","","mmsimkins12977","","","","2016-11-23","2016-11-23","http://cdm17173.contentdm.oclc.org/cdm/ref/collection/mmsimkins/id/13358",13358.0,"14718.jp2","/mmsimkins/image/14718.jp2","","",0,False,False,False,True,False,"['Empty Transcript']","[]"
"Black Women of the 90s Influencing and Making Changes, Page 12","","","","","","","","","","","","Copyright Not Evaluated. For further information please contact the University of South Carolina, South Carolina Political Collections, Columbia, SC 29208.","","","","","","","mmsimkins12978","","","","2016-11-23","2016-11-23","http://cdm17173.contentdm.oclc.org/cdm/ref/collection/mmsimkins/id/13359",13359.0,"14719.jp2","/mmsimkins/image/14719.jp2","","",0,False,False,False,True,False,"['Empty Transcript']","[]"
"Black Women of the 90s Influencing and Making Changes, Page 13","","","","","","","","","","","","Copyright Not Evaluated. For further information please contact the University of South Carolina, South Carolina Political Collections, Columbia, SC 29208.","","","","","","","mmsimkins12979","","","","2016-11-23","2016-11-23","http://cdm17173.contentdm.oclc.org/cdm/ref/collection/mmsimkins/id/13360",13360.0,"14720.jp2","/mmsimkins/image/14720.jp2","","",0,False,False,False,True,False,"['Empty Transcript']","[]"
"Black Women of the 90s Influencing and Making Changes, Page 14","","","","","","","","","","","","Copyright Not Evaluated. For further information please contact the University of South Carolina, South Carolina Political Collections, Columbia, SC 29208.","","","","","","","mmsimkins12980","","","","2016-11-23","2016-11-23","http://cdm17173.contentdm.oclc.org/cdm/ref/collection/mmsimkins/id/13361",13361.0,"14721.jp2","/mmsimkins/image/14721.jp2","","",0,False,False,False,True,False,"['Empty Transcript']","[]"
"Black Women of the 90s Influencing and Making Changes, Page 15","","","","","","","","","","","","Copyright Not Evaluated. For further information please contact the University of South Carolina, South Carolina Political Collections, Columbia, SC 29208.","","","","","","","mmsimkins12981","","","","2016-11-23","2016-11-23","http://cdm17173.contentdm.oclc.org/cdm/ref/collection/mmsimkins/id/13362",13362.0,"14722.jp2","/mmsimkins/image/14722.jp2","","",0,False,False,False,True,False,"['Empty Transcript']","[]"
"Black Women of the 90s Influencing and Making Changes, Page 16","","","","","","","","","","","","Copyright Not Evaluated. For further information please contact the University of South Carolina, South Carolina Political Collections, Columbia, SC 29208.","","","","","","","mmsimkins12982","","","","2016-11-23","2016-11-23","http://cdm17173.contentdm.oclc.org/cdm/ref/collection/mmsimkins/id/13363",13363.0,"14723.jp2","/mmsimkins/image/14723.jp2","","",0,False,False,False,True,False,"['Empty Transcript']","[]"
"Early director meeting minutes","","","","","","","","","","","","Copyright Not Evaluated. For further information please contact the University of South Carolina, South Carolina Political Collections, Columbia, SC 29208.","","","","","","","mmsimkins11718","","","","2016-11-28","2016-11-28","http://cdm17173.contentdm.oclc.org/cdm/ref/collection/mmsimkins/id/13365",13365.0,"14725.jp2","/mmsimkins/image/14725.jp2","","",0,False,False,False,True,False,"['Empty Transcript']","[]"
"Initial subscribers pledged","","","","","","","","","","","","Copyright Not Evaluated. For further information please contact the University of South Carolina, South Carolina Political Collections, Columbia, SC 29208.","","","","","","","mmsimkins11719","","","","2016-11-28","2016-11-28","http://cdm17173.contentdm.oclc.org/cdm/ref/collection/mmsimkins/id/13366",13366.0,"14726.jp2","/mmsimkins/image/14726.jp2","","",0,False,False,False,True,False,"['Empty Transcript']","[]"
"Letter to President and Board, March 21, 1922","","","","","","","","","","","","Copyright Not Evaluated. For further information please contact the University of South Carolina, South Carolina Political Collections, Columbia, SC 29208.","","","","","","","mmsimkins11720","","","","2016-11-28","2016-11-28","http://cdm17173.contentdm.oclc.org/cdm/ref/collection/mmsimkins/id/13367",13367.0,"14727.jp2","/mmsimkins/image/14727.jp2","","",0,False,False,False,True,False,"['Empty Transcript']","[]"
"Annual report of president & cashier","","","","","","","","","","","","Copyright Not Evaluated. For further information please contact the University of South Carolina, South Carolina Political Collections, Columbia, SC 29208.","","","","","","","mmsimkins11721","","","","2016-11-28","2016-11-28","http://cdm17173.contentdm.oclc.org/cdm/ref/collection/mmsimkins/id/13368",13368.0,"14728.jp2","/mmsimkins/image/14728.jp2","","",0,False,False,False,True,False,"['Empty Transcript']","[]"
"Report to stockholders, January 29, 1947","","","","","","","","","","","","Copyright Not Evaluated. For further information please contact the University of South Carolina, South Carolina Political Collections, Columbia, SC 29208.","","","","","","","mmsimkins11722","","","","2016-11-28","2016-11-28","http://cdm17173.contentdm.oclc.org/cdm/ref/collection/mmsimkins/id/13369",13369.0,"14729.jp2","/mmsimkins/image/14729.jp2","","",0,False,False,False,True,False,"['Empty Transcript']","[]"
"Comparative statement","","","","","","","","","","","","Copyright Not Evaluated. For further information please contact the University of South Carolina, South Carolina Political Collections, Columbia, SC 29208.","","","","","","","mmsimkins11723","","","","2016-11-28","2016-11-28","http://cdm17173.contentdm.oclc.org/cdm/ref/collection/mmsimkins/id/13370",13370.0,"14730.jp2","/mmsimkins/image/14730.jp2","","",0,False,False,False,True,False,"['Empty Transcript']","[]"
"Excerpt from meeting minutes, March 15, 1950, Page 1","","","","","","","","","","","","Copyright Not Evaluated. For further information please contact the University of South Carolina, South Carolina Political Collections, Columbia, SC 29208.","","","","","","","mmsimkins11724","","","","2016-11-28","2016-11-28","http://cdm17173.contentdm.oclc.org/cdm/ref/collection/mmsimkins/id/13371",13371.0,"14731.jp2","/mmsimkins/image/14731.jp2","","",0,False,False,False,True,False,"['Empty Transcript']","[]"
"Excerpt from meeting minutes, March 15, 1950, Page 2","","","","","","","","","","","","Copyright Not Evaluated. For further information please contact the University of South Carolina, South Carolina Political Collections, Columbia, SC 29208.","","","","","","","mmsimkins11725","","","","2016-11-28","2016-11-28","http://cdm17173.contentdm.oclc.org/cdm/ref/collection/mmsimkins/id/13372",13372.0,"14732.jp2","/mmsimkins/image/14732.jp2","","",0,False,False,False,True,False,"['Empty Transcript']","[]"
"Check written September 21, 1951","","","","","","","","","","","","Copyright Not Evaluated. For further information please contact the University of South Carolina, South Carolina Political Collections, Columbia, SC 29208.","","","","","","","mmsimkins11726","","","","2016-11-28","2016-11-28","http://cdm17173.contentdm.oclc.org/cdm/ref/collection/mmsimkins/id/13373",13373.0,"14733.jp2","/mmsimkins/image/14733.jp2","","",0,False,False,False,True,False,"['Empty Transcript']","[]"
"Letter to ministers of Columbia and Richland County, July 24, 1952","","","","","","","","","","","","Copyright Not Evaluated. For further information please contact the University of South Carolina, South Carolina Political Collections, Columbia, SC 29208.","","","","","","","mmsimkins11727","","","","2016-11-28","2016-11-28","http://cdm17173.contentdm.oclc.org/cdm/ref/collection/mmsimkins/id/13374",13374.0,"14734.jp2","/mmsimkins/image/14734.jp2","","",0,False,False,False,True,False,"['Empty Transcript']","[]"
"Ledger sheet","","","","","","","","","","","","Copyright Not Evaluated. For further information please contact the University of South Carolina, South Carolina Political Collections, Columbia, SC 29208.","","","","","","","mmsimkins11728","","","","2016-11-28","2016-11-28","http://cdm17173.contentdm.oclc.org/cdm/ref/collection/mmsimkins/id/13375",13375.0,"14735.jp2","/mmsimkins/image/14735.jp2","","",0,False,False,False,True,False,"['Empty Transcript']","[]"
"Report statement, Page 1","","","","","","","","","","","","Copyright Not Evaluated. For further information please contact the University of South Carolina, South Carolina Political Collections, Columbia, SC 29208.","","","","","","","mmsimkins11729","","","","2016-11-28","2016-11-28","http://cdm17173.contentdm.oclc.org/cdm/ref/collection/mmsimkins/id/13376",13376.0,"14736.jp2","/mmsimkins/image/14736.jp2","","",0,False,False,False,True,False,"['Empty Transcript']","[]"
"Report statement, Page 2","","","","","","","","","","","","Copyright Not Evaluated. For further information please contact the University of South Carolina, South Carolina Political Collections, Columbia, SC 29208.","","","","","","","mmsimkins11730","","","","2016-11-28","2016-11-28","http://cdm17173.contentdm.oclc.org/cdm/ref/collection/mmsimkins/id/13377",13377.0,"14737.jp2","/mmsimkins/image/14737.jp2","","",0,False,False,False,True,False,"['Empty Transcript']","[]"
"Statement - """"Deeply Grateful""""","","","","","","","","","","","","Copyright Not Evaluated. For further information please contact the University of South Carolina, South Carolina Political Collections, Columbia, SC 29208.","","","","","","","mmsimkins11731","","","","2016-11-28","2016-11-28","http://cdm17173.contentdm.oclc.org/cdm/ref/collection/mmsimkins/id/13378",13378.0,"14738.jp2","/mmsimkins/image/14738.jp2","","",0,False,False,False,True,False,"['Empty Transcript']","[]"
"Statement on visits made to """"economic freeze"""" families","","","","","","","","","","","","Copyright Not Evaluated. For further information please contact the University of South Carolina, South Carolina Political Collections, Columbia, SC 29208.","","","","","","","mmsimkins11735","","","","2016-11-28","2016-11-28","http://cdm17173.contentdm.oclc.org/cdm/ref/collection/mmsimkins/id/13379",13379.0,"14739.jp2","/mmsimkins/image/14739.jp2","","",0,False,False,False,True,False,"['Empty Transcript']","[]"
"Financial statement - June 30, 1956, Page 1","","","","","","","","","","","","Copyright Not Evaluated. For further information please contact the University of South Carolina, South Carolina Political Collections, Columbia, SC 29208.","","","","","","","mmsimkins11736","","","","2016-11-28","2016-11-28","http://cdm17173.contentdm.oclc.org/cdm/ref/collection/mmsimkins/id/13380",13380.0,"14740.jp2","/mmsimkins/image/14740.jp2","","",0,False,False,False,True,False,"['Empty Transcript']","[]"
"Financial statement - June 30, 1956, Page 2","","","","","","","","","","","","Copyright Not Evaluated. For further information please contact the University of South Carolina, South Carolina Political Collections, Columbia, SC 29208.","","","","","","","mmsimkins11737","","","","2016-11-28","2016-11-28","http://cdm17173.contentdm.oclc.org/cdm/ref/collection/mmsimkins/id/13381",13381.0,"14741.jp2","/mmsimkins/image/14741.jp2","","",0,False,False,False,True,False,"['Empty Transcript']","[]"
"Statement to the public, Page 1","","","","","","","","","","","","Copyright Not Evaluated. For further information please contact the University of South Carolina, South Carolina Political Collections, Columbia, SC 29208.","","","","","","","mmsimkins11738","","","","2016-11-28","2016-11-28","http://cdm17173.contentdm.oclc.org/cdm/ref/collection/mmsimkins/id/13382",13382.0,"14742.jp2","/mmsimkins/image/14742.jp2","","",0,False,False,False,True,False,"['Empty Transcript']","[]"
"Statement to the public, Page 2","","","","","","","","","","","","Copyright Not Evaluated. For further information please contact the University of South Carolina, South Carolina Political Collections, Columbia, SC 29208.","","","","","","","mmsimkins11739","","","","2016-11-28","2016-11-28","http://cdm17173.contentdm.oclc.org/cdm/ref/collection/mmsimkins/id/13383",13383.0,"14743.jp2","/mmsimkins/image/14743.jp2","","",0,False,False,False,True,False,"['Empty Transcript']","[]"
"Letter to Mr. Monteith, President, October 9, 1957","","","","","","","","","","","","Copyright Not Evaluated. For further information please contact the University of South Carolina, South Carolina Political Collections, Columbia, SC 29208.","","","","","","","mmsimkins11740","","","","2016-11-28","2016-11-28","http://cdm17173.contentdm.oclc.org/cdm/ref/collection/mmsimkins/id/13384",13384.0,"14744.jp2","/mmsimkins/image/14744.jp2","","",0,False,False,False,True,False,"['Empty Transcript']","[]"
"Comparative summary of financial condition, 1956-1957, Page 1","","","","","","","","","","","","Copyright Not Evaluated. For further information please contact the University of South Carolina, South Carolina Political Collections, Columbia, SC 29208.","","","","","","","mmsimkins11741","","","","2016-11-28","2016-11-28","http://cdm17173.contentdm.oclc.org/cdm/ref/collection/mmsimkins/id/13385",13385.0,"14745.jp2","/mmsimkins/image/14745.jp2","","",0,False,False,False,True,False,"['Empty Transcript']","[]"
"Comparative summary of financial condition, 1956-1957, Page 2","","","","","","","","","","","","Copyright Not Evaluated. For further information please contact the University of South Carolina, South Carolina Political Collections, Columbia, SC 29208.","","","","","","","mmsimkins11742","","","","2016-11-28","2016-11-28","http://cdm17173.contentdm.oclc.org/cdm/ref/collection/mmsimkins/id/13386",13386.0,"14746.jp2","/mmsimkins/image/14746.jp2","","",0,False,False,False,True,False,"['Empty Transcript']","[]"
"Statement - Declares second dividend for 1957","","","","","","","","","","","","Copyright Not Evaluated. For further information please contact the University of South Carolina, South Carolina Political Collections, Columbia, SC 29208.","","","","","","","mmsimkins11743","","","","2016-11-28","2016-11-28","http://cdm17173.contentdm.oclc.org/cdm/ref/collection/mmsimkins/id/13387",13387.0,"14747.jp2","/mmsimkins/image/14747.jp2","","",0,False,False,False,True,False,"['Empty Transcript']","[]"
"Statement - Suggestion by President Monteith","","","","","","","","","","","","Copyright Not Evaluated. For further information please contact the University of South Carolina, South Carolina Political Collections, Columbia, SC 29208.","","","","","","","mmsimkins11744","","","","2016-11-28","2016-11-28","http://cdm17173.contentdm.oclc.org/cdm/ref/collection/mmsimkins/id/13388",13388.0,"14748.jp2","/mmsimkins/image/14748.jp2","","",0,False,False,False,True,False,"['Empty Transcript']","[]"
"Leaflet on deposit tickets, Page 1","","","","","","","","","","","","Copyright Not Evaluated. For further information please contact the University of South Carolina, South Carolina Political Collections, Columbia, SC 29208.","","","","","","","mmsimkins11745","","","","2016-11-28","2016-11-28","http://cdm17173.contentdm.oclc.org/cdm/ref/collection/mmsimkins/id/13389",13389.0,"14749.jp2","/mmsimkins/image/14749.jp2","","",0,False,False,False,True,False,"['Empty Transcript']","[]"
"Leaflet on deposit tickets, Page 2","","","","","","","","","","","","Copyright Not Evaluated. For further information please contact the University of South Carolina, South Carolina Political Collections, Columbia, SC 29208.","","","","","","","mmsimkins11746","","","","2016-11-28","2016-11-28","http://cdm17173.contentdm.oclc.org/cdm/ref/collection/mmsimkins/id/13390",13390.0,"14750.jp2","/mmsimkins/image/14750.jp2","","",0,False,False,False,True,False,"['Empty Transcript']","[]"
"Leaflet - bank information, Page 1","","","","","","","","","","","","Copyright Not Evaluated. For further information please contact the University of South Carolina, South Carolina Political Collections, Columbia, SC 29208.","","","","","","","mmsimkins11747","","","","2016-11-28","2016-11-28","http://cdm17173.contentdm.oclc.org/cdm/ref/collection/mmsimkins/id/13391",13391.0,"14751.jp2","/mmsimkins/image/14751.jp2","","",0,False,False,False,True,False,"['Empty Transcript']","[]"
"Leaflet - bank information, Page 2","","","","","","","","","","","","Copyright Not Evaluated. For further information please contact the University of South Carolina, South Carolina Political Collections, Columbia, SC 29208.","","","","","","","mmsimkins11748","","","","2016-11-28","2016-11-28","http://cdm17173.contentdm.oclc.org/cdm/ref/collection/mmsimkins/id/13392",13392.0,"14752.jp2","/mmsimkins/image/14752.jp2","","",0,False,False,False,True,False,"['Empty Transcript']","[]"
"Comparative statement, 1957-1959","","","","","","","","","","","","Copyright Not Evaluated. For further information please contact the University of South Carolina, South Carolina Political Collections, Columbia, SC 29208.","","","","","","","mmsimkins11749","","","","2016-11-28","2016-11-28","http://cdm17173.contentdm.oclc.org/cdm/ref/collection/mmsimkins/id/13393",13393.0,"14753.jp2","/mmsimkins/image/14753.jp2","","",0,False,False,False,True,False,"['Empty Transcript']","[]"
"Comparative statement, 1958-1960","","","","","","","","","","","","Copyright Not Evaluated. For further information please contact the University of South Carolina, South Carolina Political Collections, Columbia, SC 29208.","","","","","","","mmsimkins11750","","","","2016-11-28","2016-11-28","http://cdm17173.contentdm.oclc.org/cdm/ref/collection/mmsimkins/id/13394",13394.0,"14754.jp2","/mmsimkins/image/14754.jp2","","",0,False,False,False,True,False,"['Empty Transcript']","[]"
"Loan repayment information, Page 1","","","","","","","","","","","","Copyright Not Evaluated. For further information please contact the University of South Carolina, South Carolina Political Collections, Columbia, SC 29208.","","","","","","","mmsimkins11751","","","","2016-11-28","2016-11-28","http://cdm17173.contentdm.oclc.org/cdm/ref/collection/mmsimkins/id/13395",13395.0,"14755.jp2","/mmsimkins/image/14755.jp2","","",0,False,False,False,True,False,"['Empty Transcript']","[]"
"Loan repayment information, Page 2","","","","","","","","","","","","Copyright Not Evaluated. For further information please contact the University of South Carolina, South Carolina Political Collections, Columbia, SC 29208.","","","","","","","mmsimkins11752","","","","2016-11-28","2016-11-28","http://cdm17173.contentdm.oclc.org/cdm/ref/collection/mmsimkins/id/13396",13396.0,"14756.jp2","/mmsimkins/image/14756.jp2","","",0,False,False,False,True,False,"['Empty Transcript']","[]"
"Loan repayment information, Page 3","","","","","","","","","","","","Copyright Not Evaluated. For further information please contact the University of South Carolina, South Carolina Political Collections, Columbia, SC 29208.","","","","","","","mmsimkins11753","","","","2016-11-28","2016-11-28","http://cdm17173.contentdm.oclc.org/cdm/ref/collection/mmsimkins/id/13397",13397.0,"14757.jp2","/mmsimkins/image/14757.jp2","","",0,False,False,False,True,False,"['Empty Transcript']","[]"
"Loan repayment information, Page 4","","","","","","","","","","","","Copyright Not Evaluated. For further information please contact the University of South Carolina, South Carolina Political Collections, Columbia, SC 29208.","","","","","","","mmsimkins11755","","","","2016-11-28","2016-11-28","http://cdm17173.contentdm.oclc.org/cdm/ref/collection/mmsimkins/id/13398",13398.0,"14758.jp2","/mmsimkins/image/14758.jp2","","",0,False,False,False,True,False,"['Empty Transcript']","[]"
"Application for authority to establishment a branch","","","","","","","","","","","","Copyright Not Evaluated. For further information please contact the University of South Carolina, South Carolina Political Collections, Columbia, SC 29208.","","","","","","","mmsimkins11756","","","","2016-11-28","2016-11-28","http://cdm17173.contentdm.oclc.org/cdm/ref/collection/mmsimkins/id/13399",13399.0,"14759.jp2","/mmsimkins/image/14759.jp2","","",0,False,False,False,True,False,"['Empty Transcript']","[]"
"Application for authority to establishment a branch, Page 1","","","","","","","","","","","","Copyright Not Evaluated. For further information please contact the University of South Carolina, South Carolina Political Collections, Columbia, SC 29208.","","","","","","","mmsimkins11757","","","","2016-11-28","2016-11-28","http://cdm17173.contentdm.oclc.org/cdm/ref/collection/mmsimkins/id/13400",13400.0,"14760.jp2","/mmsimkins/image/14760.jp2","","",0,False,False,False,True,False,"['Empty Transcript']","[]"
"Application for authority to establishment a branch, Page 2","","","","","","","","","","","","Copyright Not Evaluated. For further information please contact the University of South Carolina, South Carolina Political Collections, Columbia, SC 29208.","","","","","","","mmsimkins11758","","","","2016-11-28","2016-11-28","http://cdm17173.contentdm.oclc.org/cdm/ref/collection/mmsimkins/id/13401",13401.0,"14761.jp2","/mmsimkins/image/14761.jp2","","",0,False,False,False,True,False,"['Empty Transcript']","[]"
"Comparative statement, 1960-1962","","","","","","","","","","","","Copyright Not Evaluated. For further information please contact the University of South Carolina, South Carolina Political Collections, Columbia, SC 29208.","","","","","","","mmsimkins11761","","","","2016-11-28","2016-11-28","http://cdm17173.contentdm.oclc.org/cdm/ref/collection/mmsimkins/id/13402",13402.0,"14762.jp2","/mmsimkins/image/14762.jp2","","",0,False,False,False,True,False,"['Empty Transcript']","[]"
"Financial statement - January, 1963","","","","","","","","","","","","Copyright Not Evaluated. For further information please contact the University of South Carolina, South Carolina Political Collections, Columbia, SC 29208.","","","","","","","mmsimkins11762","","","","2016-11-28","2016-11-28","http://cdm17173.contentdm.oclc.org/cdm/ref/collection/mmsimkins/id/13403",13403.0,"14763.jp2","/mmsimkins/image/14763.jp2","","",0,False,False,False,True,False,"['Empty Transcript']","[]"
"Comparative statement, 1961-1963","","","","","","","","","","","","Copyright Not Evaluated. For further information please contact the University of South Carolina, South Carolina Political Collections, Columbia, SC 29208.","","","","","","","mmsimkins11763","","","","2016-11-28","2016-11-28","http://cdm17173.contentdm.oclc.org/cdm/ref/collection/mmsimkins/id/13404",13404.0,"14764.jp2","/mmsimkins/image/14764.jp2","","",0,False,False,False,True,False,"['Empty Transcript']","[]"
"Letter to Mrs. Simkins, July 1, 1964","","","","","","","","","","","","Copyright Not Evaluated. For further information please contact the University of South Carolina, South Carolina Political Collections, Columbia, SC 29208.","","","","","","","mmsimkins11764","","","","2016-11-28","2016-11-28","http://cdm17173.contentdm.oclc.org/cdm/ref/collection/mmsimkins/id/13405",13405.0,"14765.jp2","/mmsimkins/image/14765.jp2","","",0,False,False,False,True,False,"['Empty Transcript']","[]"
"Letter to Mrs. Simkins, November 10, 1964","","","","","","","","","","","","Copyright Not Evaluated. For further information please contact the University of South Carolina, South Carolina Political Collections, Columbia, SC 29208.","","","","","","","mmsimkins11765","","","","2016-11-28","2016-11-28","http://cdm17173.contentdm.oclc.org/cdm/ref/collection/mmsimkins/id/13406",13406.0,"14766.jp2","/mmsimkins/image/14766.jp2","","",0,False,False,False,True,False,"['Empty Transcript']","[]"
"Letter from Mrs. Simkins, December 10, 1964","","","","","","","","","","","","Copyright Not Evaluated. For further information please contact the University of South Carolina, South Carolina Political Collections, Columbia, SC 29208.","","","","","","","mmsimkins11766","","","","2016-11-28","2016-11-28","http://cdm17173.contentdm.oclc.org/cdm/ref/collection/mmsimkins/id/13407",13407.0,"14767.jp2","/mmsimkins/image/14767.jp2","","",0,False,False,False,True,False,"['Empty Transcript']","[]"
"Letter from Mrs. Simkins, December 10, 1964","","","","","","","","","","","","Copyright Not Evaluated. For further information please contact the University of South Carolina, South Carolina Political Collections, Columbia, SC 29208.","","","","","","","mmsimkins11767","","","","2016-11-28","2016-11-28","http://cdm17173.contentdm.oclc.org/cdm/ref/collection/mmsimkins/id/13408",13408.0,"14768.jp2","/mmsimkins/image/14768.jp2","","",0,False,False,False,True,False,"['Empty Transcript']","[]"
"Letter on annual stockholders meeting, December 23, 1964","","","","","","","","","","","","Copyright Not Evaluated. For further information please contact the University of South Carolina, South Carolina Political Collections, Columbia, SC 29208.","","","","","","","mmsimkins11768","","","","2016-11-28","2016-11-28","http://cdm17173.contentdm.oclc.org/cdm/ref/collection/mmsimkins/id/13409",13409.0,"14769.jp2","/mmsimkins/image/14769.jp2","","",0,False,False,False,True,False,"['Empty Transcript']","[]"
"Comparative statement, 1963-1965","","","","","","","","","","","","Copyright Not Evaluated. For further information please contact the University of South Carolina, South Carolina Political Collections, Columbia, SC 29208.","","","","","","","mmsimkins11769","","","","2016-11-28","2016-11-28","http://cdm17173.contentdm.oclc.org/cdm/ref/collection/mmsimkins/id/13410",13410.0,"14770.jp2","/mmsimkins/image/14770.jp2","","",0,False,False,False,True,False,"['Empty Transcript']","[]"
"Handwritten letter to Mrs. Simkins, January 27, 1965, Page 1","","","","","","","","","","","","Copyright Not Evaluated. For further information please contact the University of South Carolina, South Carolina Political Collections, Columbia, SC 29208.","","","","","","","mmsimkins11770","","","","2016-11-28","2016-11-28","http://cdm17173.contentdm.oclc.org/cdm/ref/collection/mmsimkins/id/13411",13411.0,"14771.jp2","/mmsimkins/image/14771.jp2","","",0,False,False,False,True,False,"['Empty Transcript']","[]"
"Handwritten letter to Mrs. Simkins, January 27, 1965, Page 2","","","","","","","","","","","","Copyright Not Evaluated. For further information please contact the University of South Carolina, South Carolina Political Collections, Columbia, SC 29208.","","","","","","","mmsimkins11771","","","","2016-11-28","2016-11-28","http://cdm17173.contentdm.oclc.org/cdm/ref/collection/mmsimkins/id/13412",13412.0,"14772.jp2","/mmsimkins/image/14772.jp2","","",0,False,False,False,True,False,"['Empty Transcript']","[]"
"Letter from Mrs. Simkins, January 28, 1965","","","","","","","","","","","","Copyright Not Evaluated. For further information please contact the University of South Carolina, South Carolina Political Collections, Columbia, SC 29208.","","","","","","","mmsimkins11772","","","","2016-11-28","2016-11-28","http://cdm17173.contentdm.oclc.org/cdm/ref/collection/mmsimkins/id/13413",13413.0,"14773.jp2","/mmsimkins/image/14773.jp2","","",0,False,False,False,True,False,"['Empty Transcript']","[]"
"Handwritten letter to Mrs. Simkins, February 26, 1965","","","","","","","","","","","","Copyright Not Evaluated. For further information please contact the University of South Carolina, South Carolina Political Collections, Columbia, SC 29208.","","","","","","","mmsimkins11773","","","","2016-11-28","2016-11-28","http://cdm17173.contentdm.oclc.org/cdm/ref/collection/mmsimkins/id/13414",13414.0,"14774.jp2","/mmsimkins/image/14774.jp2","","",0,False,False,False,True,False,"['Empty Transcript']","[]"
"Handwritten letter to Mrs. Simkins, April 9, 1965, Page 1","","","","","","","","","","","","Copyright Not Evaluated. For further information please contact the University of South Carolina, South Carolina Political Collections, Columbia, SC 29208.","","","","","","","mmsimkins11774","","","","2016-11-28","2016-11-28","http://cdm17173.contentdm.oclc.org/cdm/ref/collection/mmsimkins/id/13415",13415.0,"14775.jp2","/mmsimkins/image/14775.jp2","","",0,False,False,False,True,False,"['Empty Transcript']","[]"
"Handwritten letter to Mrs. Simkins, April 9, 1965, Page 2","","","","","","","","","","","","Copyright Not Evaluated. For further information please contact the University of South Carolina, South Carolina Political Collections, Columbia, SC 29208.","","","","","","","mmsimkins11775","","","","2016-11-28","2016-11-28","http://cdm17173.contentdm.oclc.org/cdm/ref/collection/mmsimkins/id/13416",13416.0,"14776.jp2","/mmsimkins/image/14776.jp2","","",0,False,False,False,True,False,"['Empty Transcript']","[]"
"Handwritten letter to Mrs. Simkins, May 23, 1965, Page 1","","","","","","","","","","","","Copyright Not Evaluated. For further information please contact the University of South Carolina, South Carolina Political Collections, Columbia, SC 29208.","","","","","","","mmsimkins11776","","","","2016-11-28","2016-11-28","http://cdm17173.contentdm.oclc.org/cdm/ref/collection/mmsimkins/id/13417",13417.0,"14777.jp2","/mmsimkins/image/14777.jp2","","",0,False,False,False,True,False,"['Empty Transcript']","[]"
"Handwritten letter to Mrs. Simkins, May 23, 1965, Page 2","","","","","","","","","","","","Copyright Not Evaluated. For further information please contact the University of South Carolina, South Carolina Political Collections, Columbia, SC 29208.","","","","","","","mmsimkins11777","","","","2016-11-28","2016-11-28","http://cdm17173.contentdm.oclc.org/cdm/ref/collection/mmsimkins/id/13418",13418.0,"14778.jp2","/mmsimkins/image/14778.jp2","","",0,False,False,False,True,False,"['Empty Transcript']","[]"
"Letter from Mrs. Simkins, May 26, 1965","","","","","","","","","","","","Copyright Not Evaluated. For further information please contact the University of South Carolina, South Carolina Political Collections, Columbia, SC 29208.","","","","","","","mmsimkins11778","","","","2016-11-28","2016-11-28","http://cdm17173.contentdm.oclc.org/cdm/ref/collection/mmsimkins/id/13419",13419.0,"14779.jp2","/mmsimkins/image/14779.jp2","","",0,False,False,False,True,False,"['Empty Transcript']","[]"
"Handwritten letter to Mrs. Simkins, May 28, 1965, Page 1","","","","","","","","","","","","Copyright Not Evaluated. For further information please contact the University of South Carolina, South Carolina Political Collections, Columbia, SC 29208.","","","","","","","mmsimkins11779","","","","2016-11-28","2016-11-28","http://cdm17173.contentdm.oclc.org/cdm/ref/collection/mmsimkins/id/13420",13420.0,"14780.jp2","/mmsimkins/image/14780.jp2","","",0,False,False,False,True,False,"['Empty Transcript']","[]"
"Handwritten letter to Mrs. Simkins, May 28, 1965, Page 2","","","","","","","","","","","","Copyright Not Evaluated. For further information please contact the University of South Carolina, South Carolina Political Collections, Columbia, SC 29208.","","","","","","","mmsimkins11780","","","","2016-11-28","2016-11-28","http://cdm17173.contentdm.oclc.org/cdm/ref/collection/mmsimkins/id/13421",13421.0,"14781.jp2","/mmsimkins/image/14781.jp2","","",0,False,False,False,True,False,"['Empty Transcript']","[]"
"Handwritten letter to Mrs. Simkins, September 29, 1965","","","","","","","","","","","","Copyright Not Evaluated. For further information please contact the University of South Carolina, South Carolina Political Collections, Columbia, SC 29208.","","","","","","","mmsimkins11781","","","","2016-11-28","2016-11-28","http://cdm17173.contentdm.oclc.org/cdm/ref/collection/mmsimkins/id/13422",13422.0,"14782.jp2","/mmsimkins/image/14782.jp2","","",0,False,False,False,True,False,"['Empty Transcript']","[]"
"Handwritten personal letter, Page 1","","","","","","","","","","","","Copyright Not Evaluated. For further information please contact the University of South Carolina, South Carolina Political Collections, Columbia, SC 29208.","","","","","","","mmsimkins11782","","","","2016-11-28","2016-11-28","http://cdm17173.contentdm.oclc.org/cdm/ref/collection/mmsimkins/id/13423",13423.0,"14783.jp2","/mmsimkins/image/14783.jp2","","",0,False,False,False,True,False,"['Empty Transcript']","[]"
"Handwritten personal letter, Page 2","","","","","","","","","","","","Copyright Not Evaluated. For further information please contact the University of South Carolina, South Carolina Political Collections, Columbia, SC 29208.","","","","","","","mmsimkins11783","","","","2016-11-28","2016-11-28","http://cdm17173.contentdm.oclc.org/cdm/ref/collection/mmsimkins/id/13424",13424.0,"14784.jp2","/mmsimkins/image/14784.jp2","","",0,False,False,False,True,False,"['Empty Transcript']","[]"
"Handwritten personal letter, Page 3","","","","","","","","","","","","Copyright Not Evaluated. For further information please contact the University of South Carolina, South Carolina Political Collections, Columbia, SC 29208.","","","","","","","mmsimkins11784","","","","2016-11-28","2016-11-28","http://cdm17173.contentdm.oclc.org/cdm/ref/collection/mmsimkins/id/13425",13425.0,"14785.jp2","/mmsimkins/image/14785.jp2","","",0,False,False,False,True,False,"['Empty Transcript']","[]"
"Letter to stockholders regarding annual meeting, January 17, 1966","","","","","","","","","","","","Copyright Not Evaluated. For further information please contact the University of South Carolina, South Carolina Political Collections, Columbia, SC 29208.","","","","","","","mmsimkins11785","","","","2016-11-28","2016-11-28","http://cdm17173.contentdm.oclc.org/cdm/ref/collection/mmsimkins/id/13426",13426.0,"14786.jp2","/mmsimkins/image/14786.jp2","","",0,False,False,False,True,False,"['Empty Transcript']","[]"
"Financial statement, July 31, 1966","","","","","","","","","","","","Copyright Not Evaluated. For further information please contact the University of South Carolina, South Carolina Political Collections, Columbia, SC 29208.","","","","","","","mmsimkins11786","","","","2016-11-28","2016-11-28","http://cdm17173.contentdm.oclc.org/cdm/ref/collection/mmsimkins/id/13427",13427.0,"14787.jp2","/mmsimkins/image/14787.jp2","","",0,False,False,False,True,False,"['Empty Transcript']","[]"
"Newsletter to stockholders, Page 1","","","","","","","","","","","","Copyright Not Evaluated. For further information please contact the University of South Carolina, South Carolina Political Collections, Columbia, SC 29208.","","","","","","","mmsimkins11787","","","","2016-11-28","2016-11-28","http://cdm17173.contentdm.oclc.org/cdm/ref/collection/mmsimkins/id/13428",13428.0,"14788.jp2","/mmsimkins/image/14788.jp2","","",0,False,False,False,True,False,"['Empty Transcript']","[]"
"Newsletter to stockholders, Page 2","","","","","","","","","","","","Copyright Not Evaluated. For further information please contact the University of South Carolina, South Carolina Political Collections, Columbia, SC 29208.","","","","","","","mmsimkins11788","","","","2016-11-28","2016-11-28","http://cdm17173.contentdm.oclc.org/cdm/ref/collection/mmsimkins/id/13429",13429.0,"14789.jp2","/mmsimkins/image/14789.jp2","","",0,False,False,False,True,False,"['Empty Transcript']","[]"
"Letter to stockholders, January 11, 1967","","","","","","","","","","","","Copyright Not Evaluated. For further information please contact the University of South Carolina, South Carolina Political Collections, Columbia, SC 29208.","","","","","","","mmsimkins11789","","","","2016-11-28","2016-11-28","http://cdm17173.contentdm.oclc.org/cdm/ref/collection/mmsimkins/id/13430",13430.0,"14790.jp2","/mmsimkins/image/14790.jp2","","",0,False,False,False,True,False,"['Empty Transcript']","[]"
"Letter to stockholders, December 1, 1966","","","","","","","","","","","","Copyright Not Evaluated. For further information please contact the University of South Carolina, South Carolina Political Collections, Columbia, SC 29208.","","","","","","","mmsimkins11790","","","","2016-11-28","2016-11-28","http://cdm17173.contentdm.oclc.org/cdm/ref/collection/mmsimkins/id/13431",13431.0,"14791.jp2","/mmsimkins/image/14791.jp2","","",0,False,False,False,True,False,"['Empty Transcript']","[]"
"Deposit slip","","","","","","","","","","","","Copyright Not Evaluated. For further information please contact the University of South Carolina, South Carolina Political Collections, Columbia, SC 29208.","","","","","","","mmsimkins11791","","","","2016-11-28","2016-11-28","http://cdm17173.contentdm.oclc.org/cdm/ref/collection/mmsimkins/id/13432",13432.0,"14792.jp2","/mmsimkins/image/14792.jp2","","",0,False,False,False,True,False,"['Empty Transcript']","[]"
"Letter to shareholders, January 12, 1968","","","","","","","","","","","","Copyright Not Evaluated. For further information please contact the University of South Carolina, South Carolina Political Collections, Columbia, SC 29208.","","","","","","","mmsimkins11792","","","","2016-11-28","2016-11-28","http://cdm17173.contentdm.oclc.org/cdm/ref/collection/mmsimkins/id/13433",13433.0,"14793.jp2","/mmsimkins/image/14793.jp2","","",0,False,False,False,True,False,"['Empty Transcript']","[]"
"Letter to President Monteith, June 20, 1968","","","","","","","","","","","","Copyright Not Evaluated. For further information please contact the University of South Carolina, South Carolina Political Collections, Columbia, SC 29208.","","","","","","","mmsimkins11793","","","","2016-11-28","2016-11-28","http://cdm17173.contentdm.oclc.org/cdm/ref/collection/mmsimkins/id/13434",13434.0,"14794.jp2","/mmsimkins/image/14794.jp2","","",0,False,False,False,True,False,"['Empty Transcript']","[]"
"Comparitive summary of income and expenses, 1966-1968","","","","","","","","","","","","Copyright Not Evaluated. For further information please contact the University of South Carolina, South Carolina Political Collections, Columbia, SC 29208.","","","","","","","mmsimkins11795","","","","2016-11-28","2016-11-28","http://cdm17173.contentdm.oclc.org/cdm/ref/collection/mmsimkins/id/13435",13435.0,"14795.jp2","/mmsimkins/image/14795.jp2","","",0,False,False,False,True,False,"['Empty Transcript']","[]"
"Letter to Mr. And Mrs. Matthew Addison, Jr., March 31, 1969, Page 1","","","","","","","","","","","","Copyright Not Evaluated. For further information please contact the University of South Carolina, South Carolina Political Collections, Columbia, SC 29208.","","","","","","","mmsimkins11796","","","","2016-11-28","2016-11-28","http://cdm17173.contentdm.oclc.org/cdm/ref/collection/mmsimkins/id/13436",13436.0,"14796.jp2","/mmsimkins/image/14796.jp2","","",0,False,False,False,True,False,"['Empty Transcript']","[]"
"Letter to Mr. And Mrs. Matthew Addison, Jr., March 31, 1969, Page 2","","","","","","","","","","","","Copyright Not Evaluated. For further information please contact the University of South Carolina, South Carolina Political Collections, Columbia, SC 29208.","","","","","","","mmsimkins11797","","","","2016-11-28","2016-11-28","http://cdm17173.contentdm.oclc.org/cdm/ref/collection/mmsimkins/id/13437",13437.0,"14797.jp2","/mmsimkins/image/14797.jp2","","",0,False,False,False,True,False,"['Empty Transcript']","[]"
"Comparative monthly statement, August and September, 1969","","","","","","","","","","","","Copyright Not Evaluated. For further information please contact the University of South Carolina, South Carolina Political Collections, Columbia, SC 29208.","","","","","","","mmsimkins11798","","","","2016-11-28","2016-11-28","http://cdm17173.contentdm.oclc.org/cdm/ref/collection/mmsimkins/id/13438",13438.0,"14798.jp2","/mmsimkins/image/14798.jp2","","",0,False,False,False,True,False,"['Empty Transcript']","[]"
"Financial report, September, 1969","","","","","","","","","","","","Copyright Not Evaluated. For further information please contact the University of South Carolina, South Carolina Political Collections, Columbia, SC 29208.","","","","","","","mmsimkins11799","","","","2016-11-28","2016-11-28","http://cdm17173.contentdm.oclc.org/cdm/ref/collection/mmsimkins/id/13439",13439.0,"14799.jp2","/mmsimkins/image/14799.jp2","","",0,False,False,False,True,False,"['Empty Transcript']","[]"
"Computation - legal reserve","","","","","","","","","","","","Copyright Not Evaluated. For further information please contact the University of South Carolina, South Carolina Political Collections, Columbia, SC 29208.","","","","","","","mmsimkins11800","","","","2016-11-28","2016-11-28","http://cdm17173.contentdm.oclc.org/cdm/ref/collection/mmsimkins/id/13440",13440.0,"14800.jp2","/mmsimkins/image/14800.jp2","","",0,False,False,False,True,False,"['Empty Transcript']","[]"
"Letter to the director, October 17, 1969","","","","","","","","","","","","Copyright Not Evaluated. For further information please contact the University of South Carolina, South Carolina Political Collections, Columbia, SC 29208.","","","","","","","mmsimkins11801","","","","2016-11-28","2016-11-28","http://cdm17173.contentdm.oclc.org/cdm/ref/collection/mmsimkins/id/13441",13441.0,"14801.jp2","/mmsimkins/image/14801.jp2","","",0,False,False,False,True,False,"['Empty Transcript']","[]"
"Invitation to Christmas Fellowship party, December 17, 1969","","","","","","","","","","","","Copyright Not Evaluated. For further information please contact the University of South Carolina, South Carolina Political Collections, Columbia, SC 29208.","","","","","","","mmsimkins11802","","","","2016-11-28","2016-11-28","http://cdm17173.contentdm.oclc.org/cdm/ref/collection/mmsimkins/id/13442",13442.0,"14802.jp2","/mmsimkins/image/14802.jp2","","",0,False,False,False,True,False,"['Empty Transcript']","[]"
"Comparative reoprt of assets and liabilities, 1967-1969","","","","","","","","","","","","Copyright Not Evaluated. For further information please contact the University of South Carolina, South Carolina Political Collections, Columbia, SC 29208.","","","","","","","mmsimkins11803","","","","2016-11-28","2016-11-28","http://cdm17173.contentdm.oclc.org/cdm/ref/collection/mmsimkins/id/13443",13443.0,"14803.jp2","/mmsimkins/image/14803.jp2","","",0,False,False,False,True,False,"['Empty Transcript']","[]"
"Comparative summary of income and expenses, 1967-1969","","","","","","","","","","","","Copyright Not Evaluated. For further information please contact the University of South Carolina, South Carolina Political Collections, Columbia, SC 29208.","","","","","","","mmsimkins11804","","","","2016-11-28","2016-11-28","http://cdm17173.contentdm.oclc.org/cdm/ref/collection/mmsimkins/id/13444",13444.0,"14804.jp2","/mmsimkins/image/14804.jp2","","",0,False,False,False,True,False,"['Empty Transcript']","[]"
"Ten year comparative reports, 1960-1969","","","","","","","","","","","","Copyright Not Evaluated. For further information please contact the University of South Carolina, South Carolina Political Collections, Columbia, SC 29208.","","","","","","","mmsimkins11805","","","","2016-11-28","2016-11-28","http://cdm17173.contentdm.oclc.org/cdm/ref/collection/mmsimkins/id/13445",13445.0,"14805.jp2","/mmsimkins/image/14805.jp2","","",0,False,False,False,True,False,"['Empty Transcript']","[]"
"Statement & condition leaflet, Page 1","","","","","","","","","","","","Copyright Not Evaluated. For further information please contact the University of South Carolina, South Carolina Political Collections, Columbia, SC 29208.","","","","","","","mmsimkins11806","","","","2016-11-28","2016-11-28","http://cdm17173.contentdm.oclc.org/cdm/ref/collection/mmsimkins/id/13446",13446.0,"14806.jp2","/mmsimkins/image/14806.jp2","","",0,False,False,False,True,False,"['Empty Transcript']","[]"
"Statement & condition leaflet, Page 2","","","","","","","","","","","","Copyright Not Evaluated. For further information please contact the University of South Carolina, South Carolina Political Collections, Columbia, SC 29208.","","","","","","","mmsimkins11807","","","","2016-11-28","2016-11-28","http://cdm17173.contentdm.oclc.org/cdm/ref/collection/mmsimkins/id/13447",13447.0,"14807.jp2","/mmsimkins/image/14807.jp2","","",0,False,False,False,True,False,"['Empty Transcript']","[]"
"Program for Christmas Fellowship, December 17, 1969","","","","","","","","","","","","Copyright Not Evaluated. For further information please contact the University of South Carolina, South Carolina Political Collections, Columbia, SC 29208.","","","","","","","mmsimkins11808","","","","2016-11-28","2016-11-28","http://cdm17173.contentdm.oclc.org/cdm/ref/collection/mmsimkins/id/13448",13448.0,"14808.jp2","/mmsimkins/image/14808.jp2","","",0,False,False,False,True,False,"['Empty Transcript']","[]"
"Letter to stockholders regarding annual meeting","","","","","","","","","","","","Copyright Not Evaluated. For further information please contact the University of South Carolina, South Carolina Political Collections, Columbia, SC 29208.","","","","","","","mmsimkins11809","","","","2016-11-28","2016-11-28","http://cdm17173.contentdm.oclc.org/cdm/ref/collection/mmsimkins/id/13449",13449.0,"14809.jp2","/mmsimkins/image/14809.jp2","","",0,False,False,False,True,False,"['Empty Transcript']","[]"
"Letter to purchasers of 1970 issue of VSB Stock","","","","","","","","","","","","Copyright Not Evaluated. For further information please contact the University of South Carolina, South Carolina Political Collections, Columbia, SC 29208.","","","","","","","mmsimkins11834","","","","2016-11-28","2016-11-28","http://cdm17173.contentdm.oclc.org/cdm/ref/collection/mmsimkins/id/13450",13450.0,"14810.jp2","/mmsimkins/image/14810.jp2","","",0,False,False,False,True,False,"['Empty Transcript']","[]"
"Letter to stockholders of record, as of September 30, 1969, Page 1","","","","","","","","","","","","Copyright Not Evaluated. For further information please contact the University of South Carolina, South Carolina Political Collections, Columbia, SC 29208.","","","","","","","mmsimkins11835","","","","2016-11-28","2016-11-28","http://cdm17173.contentdm.oclc.org/cdm/ref/collection/mmsimkins/id/13451",13451.0,"14811.jp2","/mmsimkins/image/14811.jp2","","",0,False,False,False,True,False,"['Empty Transcript']","[]"
"Letter to stockholders of record, as of September 30, 1969, Page 2","","","","","","","","","","","","Copyright Not Evaluated. For further information please contact the University of South Carolina, South Carolina Political Collections, Columbia, SC 29208.","","","","","","","mmsimkins11836","","","","2016-11-28","2016-11-28","http://cdm17173.contentdm.oclc.org/cdm/ref/collection/mmsimkins/id/13452",13452.0,"14812.jp2","/mmsimkins/image/14812.jp2","","",0,False,False,False,True,False,"['Empty Transcript']","[]"
"Statement of Condition, Page 1","","","","","","","","","","","","Copyright Not Evaluated. For further information please contact the University of South Carolina, South Carolina Political Collections, Columbia, SC 29208.","","","","","","","mmsimkins11837","","","","2016-11-28","2016-11-28","http://cdm17173.contentdm.oclc.org/cdm/ref/collection/mmsimkins/id/13453",13453.0,"14813.jp2","/mmsimkins/image/14813.jp2","","",0,False,False,False,True,False,"['Empty Transcript']","[]"
"Statement of Condition, Page 2","","","","","","","","","","","","Copyright Not Evaluated. For further information please contact the University of South Carolina, South Carolina Political Collections, Columbia, SC 29208.","","","","","","","mmsimkins11838","","","","2016-11-28","2016-11-28","http://cdm17173.contentdm.oclc.org/cdm/ref/collection/mmsimkins/id/13454",13454.0,"14814.jp2","/mmsimkins/image/14814.jp2","","",0,False,False,False,True,False,"['Empty Transcript']","[]"
"Comparative summary of income and expenses, 1968-1970","","","","","","","","","","","","Copyright Not Evaluated. For further information please contact the University of South Carolina, South Carolina Political Collections, Columbia, SC 29208.","","","","","","","mmsimkins11839","","","","2016-11-28","2016-11-28","http://cdm17173.contentdm.oclc.org/cdm/ref/collection/mmsimkins/id/13455",13455.0,"14815.jp2","/mmsimkins/image/14815.jp2","","",0,False,False,False,True,False,"['Empty Transcript']","[]"
"Comparative report of assets and liabilities, 1968-1970","","","","","","","","","","","","Copyright Not Evaluated. For further information please contact the University of South Carolina, South Carolina Political Collections, Columbia, SC 29208.","","","","","","","mmsimkins11840","","","","2016-11-28","2016-11-28","http://cdm17173.contentdm.oclc.org/cdm/ref/collection/mmsimkins/id/13456",13456.0,"14816.jp2","/mmsimkins/image/14816.jp2","","",0,False,False,False,True,False,"['Empty Transcript']","[]"
"Announcement - Second phase of 1970 stock sale","","","","","","","","","","","","Copyright Not Evaluated. For further information please contact the University of South Carolina, South Carolina Political Collections, Columbia, SC 29208.","","","","","","","mmsimkins11841","","","","2016-11-28","2016-11-28","http://cdm17173.contentdm.oclc.org/cdm/ref/collection/mmsimkins/id/13457",13457.0,"14817.jp2","/mmsimkins/image/14817.jp2","","",0,False,False,False,True,False,"['Empty Transcript']","[]"
"Announcement - Annual meeting of stockholders, April 21, 1971","","","","","","","","","","","","Copyright Not Evaluated. For further information please contact the University of South Carolina, South Carolina Political Collections, Columbia, SC 29208.","","","","","","","mmsimkins11842","","","","2016-11-28","2016-11-28","http://cdm17173.contentdm.oclc.org/cdm/ref/collection/mmsimkins/id/13458",13458.0,"14818.jp2","/mmsimkins/image/14818.jp2","","",0,False,False,False,True,False,"['Empty Transcript']","[]"
"Statement of Condition, Page 1","","","","","","","","","","","","Copyright Not Evaluated. For further information please contact the University of South Carolina, South Carolina Political Collections, Columbia, SC 29208.","","","","","","","mmsimkins11843","","","","2016-11-28","2016-11-28","http://cdm17173.contentdm.oclc.org/cdm/ref/collection/mmsimkins/id/13459",13459.0,"14819.jp2","/mmsimkins/image/14819.jp2","","",0,False,False,False,True,False,"['Empty Transcript']","[]"
"Statement of Condition, Page 2","","","","","","","","","","","","Copyright Not Evaluated. For further information please contact the University of South Carolina, South Carolina Political Collections, Columbia, SC 29208.","","","","","","","mmsimkins11844","","","","2016-11-28","2016-11-28","http://cdm17173.contentdm.oclc.org/cdm/ref/collection/mmsimkins/id/13460",13460.0,"14820.jp2","/mmsimkins/image/14820.jp2","","",0,False,False,False,True,False,"['Empty Transcript']","[]"
"Invitation to opening of Farrow Road branch","","","","","","","","","","","","Copyright Not Evaluated. For further information please contact the University of South Carolina, South Carolina Political Collections, Columbia, SC 29208.","","","","","","","mmsimkins11845","","","","2016-11-28","2016-11-28","http://cdm17173.contentdm.oclc.org/cdm/ref/collection/mmsimkins/id/13461",13461.0,"14821.jp2","/mmsimkins/image/14821.jp2","","",0,False,False,False,True,False,"['Empty Transcript']","[]"
"Statement on opening of Farrow Road branch, Page 1","","","","","","","","","","","","Copyright Not Evaluated. For further information please contact the University of South Carolina, South Carolina Political Collections, Columbia, SC 29208.","","","","","","","mmsimkins11846","","","","2016-11-28","2016-11-28","http://cdm17173.contentdm.oclc.org/cdm/ref/collection/mmsimkins/id/13462",13462.0,"14822.jp2","/mmsimkins/image/14822.jp2","","",0,False,False,False,True,False,"['Empty Transcript']","[]"
"Statement on opening of Farrow Road branch, Page 2","","","","","","","","","","","","Copyright Not Evaluated. For further information please contact the University of South Carolina, South Carolina Political Collections, Columbia, SC 29208.","","","","","","","mmsimkins11847","","","","2016-11-28","2016-11-28","http://cdm17173.contentdm.oclc.org/cdm/ref/collection/mmsimkins/id/13463",13463.0,"14823.jp2","/mmsimkins/image/14823.jp2","","",0,False,False,False,True,False,"['Empty Transcript']","[]"
"Letter to Mr. Monteith, July 21, 1971","","","","","","","","","","","","Copyright Not Evaluated. For further information please contact the University of South Carolina, South Carolina Political Collections, Columbia, SC 29208.","","","","","","","mmsimkins11848","","","","2016-11-28","2016-11-28","http://cdm17173.contentdm.oclc.org/cdm/ref/collection/mmsimkins/id/13464",13464.0,"14824.jp2","/mmsimkins/image/14824.jp2","","",0,False,False,False,True,False,"['Empty Transcript']","[]"
"Letter to friends of VSB","","","","","","","","","","","","Copyright Not Evaluated. For further information please contact the University of South Carolina, South Carolina Political Collections, Columbia, SC 29208.","","","","","","","mmsimkins11849","","","","2016-11-28","2016-11-28","http://cdm17173.contentdm.oclc.org/cdm/ref/collection/mmsimkins/id/13465",13465.0,"14825.jp2","/mmsimkins/image/14825.jp2","","",0,False,False,False,True,False,"['Empty Transcript']","[]"
"Invitation to fiftieth anniversary homecoming","","","","","","","","","","","","Copyright Not Evaluated. For further information please contact the University of South Carolina, South Carolina Political Collections, Columbia, SC 29208.","","","","","","","mmsimkins11850","","","","2016-11-28","2016-11-28","http://cdm17173.contentdm.oclc.org/cdm/ref/collection/mmsimkins/id/13466",13466.0,"14826.jp2","/mmsimkins/image/14826.jp2","","",0,False,False,False,True,False,"['Empty Transcript']","[]"
"Handwritten notes","","","","","","","","","","","","Copyright Not Evaluated. For further information please contact the University of South Carolina, South Carolina Political Collections, Columbia, SC 29208.","","","","","","","mmsimkins11851","","","","2016-11-28","2016-11-28","http://cdm17173.contentdm.oclc.org/cdm/ref/collection/mmsimkins/id/13467",13467.0,"14827.jp2","/mmsimkins/image/14827.jp2","","",0,False,False,False,True,False,"['Empty Transcript']","[]"
"Program for Fiftieth Anniversary Homecoming, December 13, 1971","","","","","","","","","","","","Copyright Not Evaluated. For further information please contact the University of South Carolina, South Carolina Political Collections, Columbia, SC 29208.","","","","","","","mmsimkins11852","","","","2016-11-28","2016-11-28","http://cdm17173.contentdm.oclc.org/cdm/ref/collection/mmsimkins/id/13468",13468.0,"14828.jp2","/mmsimkins/image/14828.jp2","","",0,False,False,False,True,False,"['Empty Transcript']","[]"
"Letter to Mrs. Simkins, January 1, 1972","","","","","","","","","","","","Copyright Not Evaluated. For further information please contact the University of South Carolina, South Carolina Political Collections, Columbia, SC 29208.","","","","","","","mmsimkins11853","","","","2016-11-28","2016-11-28","http://cdm17173.contentdm.oclc.org/cdm/ref/collection/mmsimkins/id/13469",13469.0,"14829.jp2","/mmsimkins/image/14829.jp2","","",0,False,False,False,True,False,"['Empty Transcript']","[]"
"Announcement for stockholders meeting, January 26, 1972","","","","","","","","","","","","Copyright Not Evaluated. For further information please contact the University of South Carolina, South Carolina Political Collections, Columbia, SC 29208.","","","","","","","mmsimkins11854","","","","2016-11-28","2016-11-28","http://cdm17173.contentdm.oclc.org/cdm/ref/collection/mmsimkins/id/13470",13470.0,"14830.jp2","/mmsimkins/image/14830.jp2","","",0,False,False,False,True,False,"['Empty Transcript']","[]"
"Statement, December, 1972","","","","","","","","","","","","Copyright Not Evaluated. For further information please contact the University of South Carolina, South Carolina Political Collections, Columbia, SC 29208.","","","","","","","mmsimkins11855","","","","2016-11-28","2016-11-28","http://cdm17173.contentdm.oclc.org/cdm/ref/collection/mmsimkins/id/13471",13471.0,"14831.jp2","/mmsimkins/image/14831.jp2","","",0,False,False,False,True,False,"['Empty Transcript']","[]"
"Letter to Chief Examiner, February 12, 1973","","","","","","","","","","","","Copyright Not Evaluated. For further information please contact the University of South Carolina, South Carolina Political Collections, Columbia, SC 29208.","","","","","","","mmsimkins11856","","","","2016-11-28","2016-11-28","http://cdm17173.contentdm.oclc.org/cdm/ref/collection/mmsimkins/id/13472",13472.0,"14832.jp2","/mmsimkins/image/14832.jp2","","",0,False,False,False,True,False,"['Empty Transcript']","[]"
"Statement on annual meeting of shareholders, February 28, 1973","","","","","","","","","","","","Copyright Not Evaluated. For further information please contact the University of South Carolina, South Carolina Political Collections, Columbia, SC 29208.","","","","","","","mmsimkins11857","","","","2016-11-28","2016-11-28","http://cdm17173.contentdm.oclc.org/cdm/ref/collection/mmsimkins/id/13473",13473.0,"14833.jp2","/mmsimkins/image/14833.jp2","","",0,False,False,False,True,False,"['Empty Transcript']","[]"
"Letter to President Monteith, February 13, 1973","","","","","","","","","","","","Copyright Not Evaluated. For further information please contact the University of South Carolina, South Carolina Political Collections, Columbia, SC 29208.","","","","","","","mmsimkins11858","","","","2016-11-28","2016-11-28","http://cdm17173.contentdm.oclc.org/cdm/ref/collection/mmsimkins/id/13474",13474.0,"14834.jp2","/mmsimkins/image/14834.jp2","","",0,False,False,False,True,False,"['Empty Transcript']","[]"
"Part two of the Capital Stock Dilemma, February 21, 1973","","","","","","","","","","","","Copyright Not Evaluated. For further information please contact the University of South Carolina, South Carolina Political Collections, Columbia, SC 29208.","","","","","","","mmsimkins11859","","","","2016-11-28","2016-11-28","http://cdm17173.contentdm.oclc.org/cdm/ref/collection/mmsimkins/id/13475",13475.0,"14835.jp2","/mmsimkins/image/14835.jp2","","",0,False,False,False,True,False,"['Empty Transcript']","[]"
"Report to shareholders, February 28, 1973, Page 1","","","","","","","","","","","","Copyright Not Evaluated. For further information please contact the University of South Carolina, South Carolina Political Collections, Columbia, SC 29208.","","","","","","","mmsimkins11860","","","","2016-11-28","2016-11-28","http://cdm17173.contentdm.oclc.org/cdm/ref/collection/mmsimkins/id/13476",13476.0,"14836.jp2","/mmsimkins/image/14836.jp2","","",0,False,False,False,True,False,"['Empty Transcript']","[]"
"Report to shareholders, February 28, 1973, Page 2","","","","","","","","","","","","Copyright Not Evaluated. For further information please contact the University of South Carolina, South Carolina Political Collections, Columbia, SC 29208.","","","","","","","mmsimkins11861","","","","2016-11-28","2016-11-28","http://cdm17173.contentdm.oclc.org/cdm/ref/collection/mmsimkins/id/13477",13477.0,"14837.jp2","/mmsimkins/image/14837.jp2","","",0,False,False,False,True,False,"['Empty Transcript']","[]"
"Monthly report of income and expenses, September, 1973","","","","","","","","","","","","Copyright Not Evaluated. For further information please contact the University of South Carolina, South Carolina Political Collections, Columbia, SC 29208.","","","","","","","mmsimkins11862","","","","2016-11-28","2016-11-28","http://cdm17173.contentdm.oclc.org/cdm/ref/collection/mmsimkins/id/13478",13478.0,"14838.jp2","/mmsimkins/image/14838.jp2","","",0,False,False,False,True,False,"['Empty Transcript']","[]"
"Comparative financial statement","","","","","","","","","","","","Copyright Not Evaluated. For further information please contact the University of South Carolina, South Carolina Political Collections, Columbia, SC 29208.","","","","","","","mmsimkins11863","","","","2016-11-28","2016-11-28","http://cdm17173.contentdm.oclc.org/cdm/ref/collection/mmsimkins/id/13479",13479.0,"14839.jp2","/mmsimkins/image/14839.jp2","","",0,False,False,False,True,False,"['Empty Transcript']","[]"
"Investment securities, October 17, 1973, Page 1","","","","","","","","","","","","Copyright Not Evaluated. For further information please contact the University of South Carolina, South Carolina Political Collections, Columbia, SC 29208.","","","","","","","mmsimkins11864","","","","2016-11-28","2016-11-28","http://cdm17173.contentdm.oclc.org/cdm/ref/collection/mmsimkins/id/13480",13480.0,"14840.jp2","/mmsimkins/image/14840.jp2","","",0,False,False,False,True,False,"['Empty Transcript']","[]"
"Investment securities, October 17, 1973, Page 2","","","","","","","","","","","","Copyright Not Evaluated. For further information please contact the University of South Carolina, South Carolina Political Collections, Columbia, SC 29208.","","","","","","","mmsimkins11865","","","","2016-11-28","2016-11-28","http://cdm17173.contentdm.oclc.org/cdm/ref/collection/mmsimkins/id/13481",13481.0,"14841.jp2","/mmsimkins/image/14841.jp2","","",0,False,False,False,True,False,"['Empty Transcript']","[]"
"Letter to FDIC Regional Director, March 20, 1974, Page 1","","","","","","","","","","","","Copyright Not Evaluated. For further information please contact the University of South Carolina, South Carolina Political Collections, Columbia, SC 29208.","","","","","","","mmsimkins11866","","","","2016-11-28","2016-11-28","http://cdm17173.contentdm.oclc.org/cdm/ref/collection/mmsimkins/id/13482",13482.0,"14842.jp2","/mmsimkins/image/14842.jp2","","",0,False,False,False,True,False,"['Empty Transcript']","[]"
"Letter to FDIC Regional Director, March 20, 1974, Page 2","","","","","","","","","","","","Copyright Not Evaluated. For further information please contact the University of South Carolina, South Carolina Political Collections, Columbia, SC 29208.","","","","","","","mmsimkins11867","","","","2016-11-28","2016-11-28","http://cdm17173.contentdm.oclc.org/cdm/ref/collection/mmsimkins/id/13483",13483.0,"14843.jp2","/mmsimkins/image/14843.jp2","","",0,False,False,False,True,False,"['Empty Transcript']","[]"
"Letter to Board of Directors, Page 1","","","","","","","","","","","","Copyright Not Evaluated. For further information please contact the University of South Carolina, South Carolina Political Collections, Columbia, SC 29208.","","","","","","","mmsimkins11868","","","","2016-11-28","2016-11-28","http://cdm17173.contentdm.oclc.org/cdm/ref/collection/mmsimkins/id/13484",13484.0,"14844.jp2","/mmsimkins/image/14844.jp2","","",0,False,False,False,True,False,"['Empty Transcript']","[]"
"Letter to Board of Directors, Page 2","","","","","","","","","","","","Copyright Not Evaluated. For further information please contact the University of South Carolina, South Carolina Political Collections, Columbia, SC 29208.","","","","","","","mmsimkins11869","","","","2016-11-28","2016-11-28","http://cdm17173.contentdm.oclc.org/cdm/ref/collection/mmsimkins/id/13485",13485.0,"14845.jp2","/mmsimkins/image/14845.jp2","","",0,False,False,False,True,False,"['Empty Transcript']","[]"
"Letter to Board of Directors, Page 3","","","","","","","","","","","","Copyright Not Evaluated. For further information please contact the University of South Carolina, South Carolina Political Collections, Columbia, SC 29208.","","","","","","","mmsimkins11870","","","","2016-11-28","2016-11-28","http://cdm17173.contentdm.oclc.org/cdm/ref/collection/mmsimkins/id/13486",13486.0,"14846.jp2","/mmsimkins/image/14846.jp2","","",0,False,False,False,True,False,"['Empty Transcript']","[]"
"Leaflet for 97th session, annual conference of the African Methodist Episcopal Church, October 29-November 1, 1974, Page 1","","","","","","","","","","","","Copyright Not Evaluated. For further information please contact the University of South Carolina, South Carolina Political Collections, Columbia, SC 29208.","","","","","","","mmsimkins11871","","","","2016-11-28","2016-11-28","http://cdm17173.contentdm.oclc.org/cdm/ref/collection/mmsimkins/id/13487",13487.0,"14847.jp2","/mmsimkins/image/14847.jp2","","",0,False,False,False,True,False,"['Empty Transcript']","[]"
"Leaflet for 97th session, annual conference of the African Methodist Episcopal Church, October 29-November 1, 1974, Page 2","","","","","","","","","","","","Copyright Not Evaluated. For further information please contact the University of South Carolina, South Carolina Political Collections, Columbia, SC 29208.","","","","","","","mmsimkins11872","","","","2016-11-28","2016-11-28","http://cdm17173.contentdm.oclc.org/cdm/ref/collection/mmsimkins/id/13488",13488.0,"14848.jp2","/mmsimkins/image/14848.jp2","","",0,False,False,False,True,False,"['Empty Transcript']","[]"
"Investment securities, September 30, 1974","","","","","","","","","","","","Copyright Not Evaluated. For further information please contact the University of South Carolina, South Carolina Political Collections, Columbia, SC 29208.","","","","","","","mmsimkins11873","","","","2016-11-28","2016-11-28","http://cdm17173.contentdm.oclc.org/cdm/ref/collection/mmsimkins/id/13489",13489.0,"14849.jp2","/mmsimkins/image/14849.jp2","","",0,False,False,False,True,False,"['Empty Transcript']","[]"
"Sub-division securities","","","","","","","","","","","","Copyright Not Evaluated. For further information please contact the University of South Carolina, South Carolina Political Collections, Columbia, SC 29208.","","","","","","","mmsimkins11874","","","","2016-11-28","2016-11-28","http://cdm17173.contentdm.oclc.org/cdm/ref/collection/mmsimkins/id/13490",13490.0,"14850.jp2","/mmsimkins/image/14850.jp2","","",0,False,False,False,True,False,"['Empty Transcript']","[]"
"Report of income, expenses, charges-off and losses","","","","","","","","","","","","Copyright Not Evaluated. For further information please contact the University of South Carolina, South Carolina Political Collections, Columbia, SC 29208.","","","","","","","mmsimkins11875","","","","2016-11-28","2016-11-28","http://cdm17173.contentdm.oclc.org/cdm/ref/collection/mmsimkins/id/13491",13491.0,"14851.jp2","/mmsimkins/image/14851.jp2","","",0,False,False,False,True,False,"['Empty Transcript']","[]"
"Comparative report of assets and liabilities","","","","","","","","","","","","Copyright Not Evaluated. For further information please contact the University of South Carolina, South Carolina Political Collections, Columbia, SC 29208.","","","","","","","mmsimkins11876","","","","2016-11-28","2016-11-28","http://cdm17173.contentdm.oclc.org/cdm/ref/collection/mmsimkins/id/13492",13492.0,"14852.jp2","/mmsimkins/image/14852.jp2","","",0,False,False,False,True,False,"['Empty Transcript']","[]"
"Letter from SC NAACP Board of Directors, January 8, 1975","","","","","","","","","","","","Copyright Not Evaluated. For further information please contact the University of South Carolina, South Carolina Political Collections, Columbia, SC 29208.","","","","","","","mmsimkins11877","","","","2016-11-28","2016-11-28","http://cdm17173.contentdm.oclc.org/cdm/ref/collection/mmsimkins/id/13493",13493.0,"14853.jp2","/mmsimkins/image/14853.jp2","","",0,False,False,False,True,False,"['Empty Transcript']","[]"
"Letter to FDIC Regional Director, September 22, 1975","","","","","","","","","","","","Copyright Not Evaluated. For further information please contact the University of South Carolina, South Carolina Political Collections, Columbia, SC 29208.","","","","","","","mmsimkins11880","","","","2016-11-28","2016-11-28","http://cdm17173.contentdm.oclc.org/cdm/ref/collection/mmsimkins/id/13494",13494.0,"14854.jp2","/mmsimkins/image/14854.jp2","","",0,False,False,False,True,False,"['Empty Transcript']","[]"
"Letter to co-laborers, December 5, 1975","","","","","","","","","","","","Copyright Not Evaluated. For further information please contact the University of South Carolina, South Carolina Political Collections, Columbia, SC 29208.","","","","","","","mmsimkins11881","","","","2016-11-28","2016-11-28","http://cdm17173.contentdm.oclc.org/cdm/ref/collection/mmsimkins/id/13495",13495.0,"14855.jp2","/mmsimkins/image/14855.jp2","","",0,False,False,False,True,False,"['Empty Transcript']","[]"
"Report of income and expenses as of December 16, 1975","","","","","","","","","","","","Copyright Not Evaluated. For further information please contact the University of South Carolina, South Carolina Political Collections, Columbia, SC 29208.","","","","","","","mmsimkins11882","","","","2016-11-28","2016-11-28","http://cdm17173.contentdm.oclc.org/cdm/ref/collection/mmsimkins/id/13496",13496.0,"14856.jp2","/mmsimkins/image/14856.jp2","","",0,False,False,False,True,False,"['Empty Transcript']","[]"
"Report of income and expenses as of December 31, 1975, Page 1","","","","","","","","","","","","Copyright Not Evaluated. For further information please contact the University of South Carolina, South Carolina Political Collections, Columbia, SC 29208.","","","","","","","mmsimkins11883","","","","2016-11-28","2016-11-28","http://cdm17173.contentdm.oclc.org/cdm/ref/collection/mmsimkins/id/13497",13497.0,"14857.jp2","/mmsimkins/image/14857.jp2","","",0,False,False,False,True,False,"['Empty Transcript']","[]"
"Report of income and expenses as of December 31, 1975, Page 2","","","","","","","","","","","","Copyright Not Evaluated. For further information please contact the University of South Carolina, South Carolina Political Collections, Columbia, SC 29208.","","","","","","","mmsimkins11884","","","","2016-11-28","2016-11-28","http://cdm17173.contentdm.oclc.org/cdm/ref/collection/mmsimkins/id/13498",13498.0,"14858.jp2","/mmsimkins/image/14858.jp2","","",0,False,False,False,True,False,"['Empty Transcript']","[]"
"U.S. government and agency securities, November, 1975","","","","","","","","","","","","Copyright Not Evaluated. For further information please contact the University of South Carolina, South Carolina Political Collections, Columbia, SC 29208.","","","","","","","mmsimkins11885","","","","2016-11-28","2016-11-28","http://cdm17173.contentdm.oclc.org/cdm/ref/collection/mmsimkins/id/13499",13499.0,"14859.jp2","/mmsimkins/image/14859.jp2","","",0,False,False,False,True,False,"['Empty Transcript']","[]"
"State, county and municipal securities, November, 1975","","","","","","","","","","","","Copyright Not Evaluated. For further information please contact the University of South Carolina, South Carolina Political Collections, Columbia, SC 29208.","","","","","","","mmsimkins11887","","","","2016-11-28","2016-11-28","http://cdm17173.contentdm.oclc.org/cdm/ref/collection/mmsimkins/id/13500",13500.0,"14860.jp2","/mmsimkins/image/14860.jp2","","",0,False,False,False,True,False,"['Empty Transcript']","[]"
"Report of income and expenses, November, 1975","","","","","","","","","","","","Copyright Not Evaluated. For further information please contact the University of South Carolina, South Carolina Political Collections, Columbia, SC 29208.","","","","","","","mmsimkins11889","","","","2016-11-28","2016-11-28","http://cdm17173.contentdm.oclc.org/cdm/ref/collection/mmsimkins/id/13501",13501.0,"14861.jp2","/mmsimkins/image/14861.jp2","","",0,False,False,False,True,False,"['Empty Transcript']","[]"
"Comparative report of assets and liabilities as of December 31, 1975, 1974, and 1973, Page 1","","","","","","","","","","","","Copyright Not Evaluated. For further information please contact the University of South Carolina, South Carolina Political Collections, Columbia, SC 29208.","","","","","","","mmsimkins11890","","","","2016-11-28","2016-11-28","http://cdm17173.contentdm.oclc.org/cdm/ref/collection/mmsimkins/id/13502",13502.0,"14862.jp2","/mmsimkins/image/14862.jp2","","",0,False,False,False,True,False,"['Empty Transcript']","[]"
"Comparative report of assets and liabilities as of December 31, 1975, 1974, and 1973, Page 2","","","","","","","","","","","","Copyright Not Evaluated. For further information please contact the University of South Carolina, South Carolina Political Collections, Columbia, SC 29208.","","","","","","","mmsimkins11891","","","","2016-11-28","2016-11-28","http://cdm17173.contentdm.oclc.org/cdm/ref/collection/mmsimkins/id/13503",13503.0,"14863.jp2","/mmsimkins/image/14863.jp2","","",0,False,False,False,True,False,"['Empty Transcript']","[]"
"Notice of annual shareholders meeting, January 28, 1976","","","","","","","","","","","","Copyright Not Evaluated. For further information please contact the University of South Carolina, South Carolina Political Collections, Columbia, SC 29208.","","","","","","","mmsimkins11892","","","","2016-11-28","2016-11-28","http://cdm17173.contentdm.oclc.org/cdm/ref/collection/mmsimkins/id/13504",13504.0,"14864.jp2","/mmsimkins/image/14864.jp2","","",0,False,False,False,True,False,"['Empty Transcript']","[]"
"Letter to Scott Barnes, Richland City Council, June 23, 1976","","","","","","","","","","","","Copyright Not Evaluated. For further information please contact the University of South Carolina, South Carolina Political Collections, Columbia, SC 29208.","","","","","","","mmsimkins11893","","","","2016-11-28","2016-11-28","http://cdm17173.contentdm.oclc.org/cdm/ref/collection/mmsimkins/id/13505",13505.0,"14865.jp2","/mmsimkins/image/14865.jp2","","",0,False,False,False,True,False,"['Empty Transcript']","[]"
"Letter to Scott Barnes, Richland County Administration, June 25, 1976","","","","","","","","","","","","Copyright Not Evaluated. For further information please contact the University of South Carolina, South Carolina Political Collections, Columbia, SC 29208.","","","","","","","mmsimkins11894","","","","2016-11-28","2016-11-28","http://cdm17173.contentdm.oclc.org/cdm/ref/collection/mmsimkins/id/13506",13506.0,"14866.jp2","/mmsimkins/image/14866.jp2","","",0,False,False,False,True,False,"['Empty Transcript']","[]"
"A-95 comment on project number 04-0005-7, Northeast Apartments","","","","","","","","","","","","Copyright Not Evaluated. For further information please contact the University of South Carolina, South Carolina Political Collections, Columbia, SC 29208.","","","","","","","mmsimkins11895","","","","2016-11-28","2016-11-28","http://cdm17173.contentdm.oclc.org/cdm/ref/collection/mmsimkins/id/13507",13507.0,"14867.jp2","/mmsimkins/image/14867.jp2","","",0,False,False,False,True,False,"['Empty Transcript']","[]"
"Letter to Council members, August 6, 1976, Page 1","","","","","","","","","","","","Copyright Not Evaluated. For further information please contact the University of South Carolina, South Carolina Political Collections, Columbia, SC 29208.","","","","","","","mmsimkins11896","","","","2016-11-28","2016-11-28","http://cdm17173.contentdm.oclc.org/cdm/ref/collection/mmsimkins/id/13508",13508.0,"14868.jp2","/mmsimkins/image/14868.jp2","","",0,False,False,False,True,False,"['Empty Transcript']","[]"
"Letter to Council members, August 6, 1976, Page 2","","","","","","","","","","","","Copyright Not Evaluated. For further information please contact the University of South Carolina, South Carolina Political Collections, Columbia, SC 29208.","","","","","","","mmsimkins11897","","","","2016-11-28","2016-11-28","http://cdm17173.contentdm.oclc.org/cdm/ref/collection/mmsimkins/id/13509",13509.0,"14869.jp2","/mmsimkins/image/14869.jp2","","",0,False,False,False,True,False,"['Empty Transcript']","[]"
"Amendment to Richland County's 1975 Community Development H.A.P., Page 1","","","","","","","","","","","","Copyright Not Evaluated. For further information please contact the University of South Carolina, South Carolina Political Collections, Columbia, SC 29208.","","","","","","","mmsimkins11898","","","","2016-11-28","2016-11-28","http://cdm17173.contentdm.oclc.org/cdm/ref/collection/mmsimkins/id/13510",13510.0,"14870.jp2","/mmsimkins/image/14870.jp2","","",0,False,False,False,True,False,"['Empty Transcript']","[]"
"Amendment to Richland County's 1975 Community Development H.A.P., Page 2","","","","","","","","","","","","Copyright Not Evaluated. For further information please contact the University of South Carolina, South Carolina Political Collections, Columbia, SC 29208.","","","","","","","mmsimkins11899","","","","2016-11-28","2016-11-28","http://cdm17173.contentdm.oclc.org/cdm/ref/collection/mmsimkins/id/13511",13511.0,"14871.jp2","/mmsimkins/image/14871.jp2","","",0,False,False,False,True,False,"['Empty Transcript']","[]"
"Housing Assistance Plan amendment - Northeast Apartments","","","","","","","","","","","","Copyright Not Evaluated. For further information please contact the University of South Carolina, South Carolina Political Collections, Columbia, SC 29208.","","","","","","","mmsimkins11900","","","","2016-11-28","2016-11-28","http://cdm17173.contentdm.oclc.org/cdm/ref/collection/mmsimkins/id/13512",13512.0,"14872.jp2","/mmsimkins/image/14872.jp2","","",0,False,False,False,True,False,"['Empty Transcript']","[]"
"Housing Assistance Plan amendment - Windmill Square","","","","","","","","","","","","Copyright Not Evaluated. For further information please contact the University of South Carolina, South Carolina Political Collections, Columbia, SC 29208.","","","","","","","mmsimkins11901","","","","2016-11-28","2016-11-28","http://cdm17173.contentdm.oclc.org/cdm/ref/collection/mmsimkins/id/13513",13513.0,"14873.jp2","/mmsimkins/image/14873.jp2","","",0,False,False,False,True,False,"['Empty Transcript']","[]"
"Housing Assistance Plan amendment - Northeast Apartments and Windmill Square","","","","","","","","","","","","Copyright Not Evaluated. For further information please contact the University of South Carolina, South Carolina Political Collections, Columbia, SC 29208.","","","","","","","mmsimkins11902","","","","2016-11-28","2016-11-28","http://cdm17173.contentdm.oclc.org/cdm/ref/collection/mmsimkins/id/13514",13514.0,"14874.jp2","/mmsimkins/image/14874.jp2","","",0,False,False,False,True,False,"['Empty Transcript']","[]"
"Richland County's Enumeration Districts","","","","","","","","","","","","Copyright Not Evaluated. For further information please contact the University of South Carolina, South Carolina Political Collections, Columbia, SC 29208.","","","","","","","mmsimkins11903","","","","2016-11-28","2016-11-28","http://cdm17173.contentdm.oclc.org/cdm/ref/collection/mmsimkins/id/13515",13515.0,"14875.jp2","/mmsimkins/image/14875.jp2","","",0,False,False,False,True,False,"['Empty Transcript']","[]"
"Handwritten notes, Page 1","","","","","","","","","","","","Copyright Not Evaluated. For further information please contact the University of South Carolina, South Carolina Political Collections, Columbia, SC 29208.","","","","","","","mmsimkins11904","","","","2016-11-28","2016-11-28","http://cdm17173.contentdm.oclc.org/cdm/ref/collection/mmsimkins/id/13516",13516.0,"14876.jp2","/mmsimkins/image/14876.jp2","","",0,False,False,False,True,False,"['Empty Transcript']","[]"
"Handwritten notes, Page 2","","","","","","","","","","","","Copyright Not Evaluated. For further information please contact the University of South Carolina, South Carolina Political Collections, Columbia, SC 29208.","","","","","","","mmsimkins11905","","","","2016-11-28","2016-11-28","http://cdm17173.contentdm.oclc.org/cdm/ref/collection/mmsimkins/id/13517",13517.0,"14877.jp2","/mmsimkins/image/14877.jp2","","",0,False,False,False,True,False,"['Empty Transcript']","[]"
"Summary of discussion with Frank Robinson, April 11, 1977","","","","","","","","","","","","Copyright Not Evaluated. For further information please contact the University of South Carolina, South Carolina Political Collections, Columbia, SC 29208.","","","","","","","mmsimkins11906","","","","2016-11-28","2016-11-28","http://cdm17173.contentdm.oclc.org/cdm/ref/collection/mmsimkins/id/13518",13518.0,"14878.jp2","/mmsimkins/image/14878.jp2","","",0,False,False,False,True,False,"['Empty Transcript']","[]"
"Minutes - Board of Directors meeting, September 21, 1977, Page 1","","","","","","","","","","","","Copyright Not Evaluated. For further information please contact the University of South Carolina, South Carolina Political Collections, Columbia, SC 29208.","","","","","","","mmsimkins11907","","","","2016-11-28","2016-11-28","http://cdm17173.contentdm.oclc.org/cdm/ref/collection/mmsimkins/id/13519",13519.0,"14879.jp2","/mmsimkins/image/14879.jp2","","",0,False,False,False,True,False,"['Empty Transcript']","[]"
"Minutes - Board of Directors meeting, September 21, 1977, Page 2","","","","","","","","","","","","Copyright Not Evaluated. For further information please contact the University of South Carolina, South Carolina Political Collections, Columbia, SC 29208.","","","","","","","mmsimkins11908","","","","2016-11-28","2016-11-28","http://cdm17173.contentdm.oclc.org/cdm/ref/collection/mmsimkins/id/13520",13520.0,"14880.jp2","/mmsimkins/image/14880.jp2","","",0,False,False,False,True,False,"['Empty Transcript']","[]"
"Minutes - Board of Directors meeting, September 21, 1977, Page 3","","","","","","","","","","","","Copyright Not Evaluated. For further information please contact the University of South Carolina, South Carolina Political Collections, Columbia, SC 29208.","","","","","","","mmsimkins11909","","","","2016-11-28","2016-11-28","http://cdm17173.contentdm.oclc.org/cdm/ref/collection/mmsimkins/id/13521",13521.0,"14881.jp2","/mmsimkins/image/14881.jp2","","",0,False,False,False,True,False,"['Empty Transcript']","[]"
"Minutes - Emergency meeting of the Board of Directors","","","","","","","","","","","","Copyright Not Evaluated. For further information please contact the University of South Carolina, South Carolina Political Collections, Columbia, SC 29208.","","","","","","","mmsimkins11910","","","","2016-11-28","2016-11-28","http://cdm17173.contentdm.oclc.org/cdm/ref/collection/mmsimkins/id/13522",13522.0,"14882.jp2","/mmsimkins/image/14882.jp2","","",0,False,False,False,True,False,"['Empty Transcript']","[]"
"Statement on resignation, Page 1","","","","","","","","","","","","Copyright Not Evaluated. For further information please contact the University of South Carolina, South Carolina Political Collections, Columbia, SC 29208.","","","","","","","mmsimkins11911","","","","2016-11-28","2016-11-28","http://cdm17173.contentdm.oclc.org/cdm/ref/collection/mmsimkins/id/13523",13523.0,"14883.jp2","/mmsimkins/image/14883.jp2","","",0,False,False,False,True,False,"['Empty Transcript']","[]"
"Statement on resignation, Page 2","","","","","","","","","","","","Copyright Not Evaluated. For further information please contact the University of South Carolina, South Carolina Political Collections, Columbia, SC 29208.","","","","","","","mmsimkins11912","","","","2016-11-28","2016-11-28","http://cdm17173.contentdm.oclc.org/cdm/ref/collection/mmsimkins/id/13524",13524.0,"14884.jp2","/mmsimkins/image/14884.jp2","","",0,False,False,False,True,False,"['Empty Transcript']","[]"
"Minutes - Board of Directors meeting, November 22, 1977, Page 1","","","","","","","","","","","","Copyright Not Evaluated. For further information please contact the University of South Carolina, South Carolina Political Collections, Columbia, SC 29208.","","","","","","","mmsimkins11913","","","","2016-11-28","2016-11-28","http://cdm17173.contentdm.oclc.org/cdm/ref/collection/mmsimkins/id/13525",13525.0,"14885.jp2","/mmsimkins/image/14885.jp2","","",0,False,False,False,True,False,"['Empty Transcript']","[]"
"Minutes - Board of Directors meeting, November 22, 1977, Page 2","","","","","","","","","","","","Copyright Not Evaluated. For further information please contact the University of South Carolina, South Carolina Political Collections, Columbia, SC 29208.","","","","","","","mmsimkins11914","","","","2016-11-28","2016-11-28","http://cdm17173.contentdm.oclc.org/cdm/ref/collection/mmsimkins/id/13526",13526.0,"14886.jp2","/mmsimkins/image/14886.jp2","","",0,False,False,False,True,False,"['Empty Transcript']","[]"
"Minutes - Board of Directors meeting, November 22, 1977, Page 3","","","","","","","","","","","","Copyright Not Evaluated. For further information please contact the University of South Carolina, South Carolina Political Collections, Columbia, SC 29208.","","","","","","","mmsimkins11915","","","","2016-11-28","2016-11-28","http://cdm17173.contentdm.oclc.org/cdm/ref/collection/mmsimkins/id/13527",13527.0,"14887.jp2","/mmsimkins/image/14887.jp2","","",0,False,False,False,True,False,"['Empty Transcript']","[]"
"Minutes - Board of Directors meeting, November 22, 1977, Page 4","","","","","","","","","","","","Copyright Not Evaluated. For further information please contact the University of South Carolina, South Carolina Political Collections, Columbia, SC 29208.","","","","","","","mmsimkins11916","","","","2016-11-28","2016-11-28","http://cdm17173.contentdm.oclc.org/cdm/ref/collection/mmsimkins/id/13528",13528.0,"14888.jp2","/mmsimkins/image/14888.jp2","","",0,False,False,False,True,False,"['Empty Transcript']","[]"
"Minutes - Board of Directors meeting, December 15, 1977","","","","","","","","","","","","Copyright Not Evaluated. For further information please contact the University of South Carolina, South Carolina Political Collections, Columbia, SC 29208.","","","","","","","mmsimkins11917","","","","2016-11-28","2016-11-28","http://cdm17173.contentdm.oclc.org/cdm/ref/collection/mmsimkins/id/13529",13529.0,"14889.jp2","/mmsimkins/image/14889.jp2","","",0,False,False,False,True,False,"['Empty Transcript']","[]"
"Statement from President Monteith, December 19, 1977, Page 1","","","","","","","","","","","","Copyright Not Evaluated. For further information please contact the University of South Carolina, South Carolina Political Collections, Columbia, SC 29208.","","","","","","","mmsimkins11919","","","","2016-11-28","2016-11-28","http://cdm17173.contentdm.oclc.org/cdm/ref/collection/mmsimkins/id/13530",13530.0,"14890.jp2","/mmsimkins/image/14890.jp2","","",0,False,False,False,True,False,"['Empty Transcript']","[]"
"Statement from President Monteith, December 19, 1977, Page 2","","","","","","","","","","","","Copyright Not Evaluated. For further information please contact the University of South Carolina, South Carolina Political Collections, Columbia, SC 29208.","","","","","","","mmsimkins11920","","","","2016-11-28","2016-11-28","http://cdm17173.contentdm.oclc.org/cdm/ref/collection/mmsimkins/id/13531",13531.0,"14891.jp2","/mmsimkins/image/14891.jp2","","",0,False,False,False,True,False,"['Empty Transcript']","[]"
"Statement from President Monteith, December 19, 1977, Page 3","","","","","","","","","","","","Copyright Not Evaluated. For further information please contact the University of South Carolina, South Carolina Political Collections, Columbia, SC 29208.","","","","","","","mmsimkins11921","","","","2016-11-28","2016-11-28","http://cdm17173.contentdm.oclc.org/cdm/ref/collection/mmsimkins/id/13532",13532.0,"14892.jp2","/mmsimkins/image/14892.jp2","","",0,False,False,False,True,False,"['Empty Transcript']","[]"
"Statement of income and expenses for period ending November 30, 1977","","","","","","","","","","","","Copyright Not Evaluated. For further information please contact the University of South Carolina, South Carolina Political Collections, Columbia, SC 29208.","","","","","","","mmsimkins11922","","","","2016-11-28","2016-11-28","http://cdm17173.contentdm.oclc.org/cdm/ref/collection/mmsimkins/id/13533",13533.0,"14893.jp2","/mmsimkins/image/14893.jp2","","",0,False,False,False,True,False,"['Empty Transcript']","[]"
"Comparative report of assets and liabilities, November, 1977","","","","","","","","","","","","Copyright Not Evaluated. For further information please contact the University of South Carolina, South Carolina Political Collections, Columbia, SC 29208.","","","","","","","mmsimkins11923","","","","2016-11-28","2016-11-28","http://cdm17173.contentdm.oclc.org/cdm/ref/collection/mmsimkins/id/13534",13534.0,"14894.jp2","/mmsimkins/image/14894.jp2","","",0,False,False,False,True,False,"['Empty Transcript']","[]"
"Names of longstanding inactive shareholders","","","","","","","","","","","","Copyright Not Evaluated. For further information please contact the University of South Carolina, South Carolina Political Collections, Columbia, SC 29208.","","","","","","","mmsimkins11924","","","","2016-11-28","2016-11-28","http://cdm17173.contentdm.oclc.org/cdm/ref/collection/mmsimkins/id/13535",13535.0,"14895.jp2","/mmsimkins/image/14895.jp2","","",0,False,False,False,True,False,"['Empty Transcript']","[]"
"Names of stockholders, Page 1","","","","","","","","","","","","Copyright Not Evaluated. For further information please contact the University of South Carolina, South Carolina Political Collections, Columbia, SC 29208.","","","","","","","mmsimkins11925","","","","2016-11-28","2016-11-28","http://cdm17173.contentdm.oclc.org/cdm/ref/collection/mmsimkins/id/13536",13536.0,"14896.jp2","/mmsimkins/image/14896.jp2","","",0,False,False,False,True,False,"['Empty Transcript']","[]"
"Names of stockholders, Page 2","","","","","","","","","","","","Copyright Not Evaluated. For further information please contact the University of South Carolina, South Carolina Political Collections, Columbia, SC 29208.","","","","","","","mmsimkins11926","","","","2016-11-28","2016-11-28","http://cdm17173.contentdm.oclc.org/cdm/ref/collection/mmsimkins/id/13537",13537.0,"14897.jp2","/mmsimkins/image/14897.jp2","","",0,False,False,False,True,False,"['Empty Transcript']","[]"
"Outline for the cooperative effort between First National Bank & Victory Savings Bank, Page 1","","","","","","","","","","","","Copyright Not Evaluated. For further information please contact the University of South Carolina, South Carolina Political Collections, Columbia, SC 29208.","","","","","","","mmsimkins11927","","","","2016-11-28","2016-11-28","http://cdm17173.contentdm.oclc.org/cdm/ref/collection/mmsimkins/id/13538",13538.0,"14898.jp2","/mmsimkins/image/14898.jp2","","",0,False,False,False,True,False,"['Empty Transcript']","[]"
"Outline for the cooperative effort between First National Bank & Victory Savings Bank, Page 2","","","","","","","","","","","","Copyright Not Evaluated. For further information please contact the University of South Carolina, South Carolina Political Collections, Columbia, SC 29208.","","","","","","","mmsimkins11928","","","","2016-11-28","2016-11-28","http://cdm17173.contentdm.oclc.org/cdm/ref/collection/mmsimkins/id/13539",13539.0,"14899.jp2","/mmsimkins/image/14899.jp2","","",0,False,False,False,True,False,"['Empty Transcript']","[]"
"Minutes from a special Board meeting, January 7, 1978, Page 1","","","","","","","","","","","","Copyright Not Evaluated. For further information please contact the University of South Carolina, South Carolina Political Collections, Columbia, SC 29208.","","","","","","","mmsimkins11929","","","","2016-11-28","2016-11-28","http://cdm17173.contentdm.oclc.org/cdm/ref/collection/mmsimkins/id/13540",13540.0,"14900.jp2","/mmsimkins/image/14900.jp2","","",0,False,False,False,True,False,"['Empty Transcript']","[]"
"Minutes from a special Board meeting, January 7, 1978, Page 2","","","","","","","","","","","","Copyright Not Evaluated. For further information please contact the University of South Carolina, South Carolina Political Collections, Columbia, SC 29208.","","","","","","","mmsimkins11930","","","","2016-11-28","2016-11-28","http://cdm17173.contentdm.oclc.org/cdm/ref/collection/mmsimkins/id/13541",13541.0,"14901.jp2","/mmsimkins/image/14901.jp2","","",0,False,False,False,True,False,"['Empty Transcript']","[]"
"Letter to President Monteith, January 12, 1978","","","","","","","","","","","","Copyright Not Evaluated. For further information please contact the University of South Carolina, South Carolina Political Collections, Columbia, SC 29208.","","","","","","","mmsimkins11931","","","","2016-11-28","2016-11-28","http://cdm17173.contentdm.oclc.org/cdm/ref/collection/mmsimkins/id/13542",13542.0,"14902.jp2","/mmsimkins/image/14902.jp2","","",0,False,False,False,True,False,"['Empty Transcript']","[]"
"Letter to President Monteith, March 16, 1978","","","","","","","","","","","","Copyright Not Evaluated. For further information please contact the University of South Carolina, South Carolina Political Collections, Columbia, SC 29208.","","","","","","","mmsimkins11932","","","","2016-11-28","2016-11-28","http://cdm17173.contentdm.oclc.org/cdm/ref/collection/mmsimkins/id/13543",13543.0,"14903.jp2","/mmsimkins/image/14903.jp2","","",0,False,False,False,True,False,"['Empty Transcript']","[]"
"Letter to Board of Directors, March 21, 1978","","","","","","","","","","","","Copyright Not Evaluated. For further information please contact the University of South Carolina, South Carolina Political Collections, Columbia, SC 29208.","","","","","","","mmsimkins11933","","","","2016-11-28","2016-11-28","http://cdm17173.contentdm.oclc.org/cdm/ref/collection/mmsimkins/id/13544",13544.0,"14904.jp2","/mmsimkins/image/14904.jp2","","",0,False,False,False,True,False,"['Empty Transcript']","[]"
"Columbia Urban Lending Project","","","","","","","","","","","","Copyright Not Evaluated. For further information please contact the University of South Carolina, South Carolina Political Collections, Columbia, SC 29208.","","","","","","","mmsimkins11934","","","","2016-11-28","2016-11-28","http://cdm17173.contentdm.oclc.org/cdm/ref/collection/mmsimkins/id/13545",13545.0,"14905.jp2","/mmsimkins/image/14905.jp2","","",0,False,False,False,True,False,"['Empty Transcript']","[]"
"President's report","","","","","","","","","","","","Copyright Not Evaluated. For further information please contact the University of South Carolina, South Carolina Political Collections, Columbia, SC 29208.","","","","","","","mmsimkins11935","","","","2016-11-28","2016-11-28","http://cdm17173.contentdm.oclc.org/cdm/ref/collection/mmsimkins/id/13546",13546.0,"14906.jp2","/mmsimkins/image/14906.jp2","","",0,False,False,False,True,False,"['Empty Transcript']","[]"
"Report of income and expenses, October 2, 1978 & November 13, 1978","","","","","","","","","","","","Copyright Not Evaluated. For further information please contact the University of South Carolina, South Carolina Political Collections, Columbia, SC 29208.","","","","","","","mmsimkins11936","","","","2016-11-28","2016-11-28","http://cdm17173.contentdm.oclc.org/cdm/ref/collection/mmsimkins/id/13547",13547.0,"14907.jp2","/mmsimkins/image/14907.jp2","","",0,False,False,False,True,False,"['Empty Transcript']","[]"
"Comparative report of assets and liabilities, October 2, 1978 & November 13, 1978","","","","","","","","","","","","Copyright Not Evaluated. For further information please contact the University of South Carolina, South Carolina Political Collections, Columbia, SC 29208.","","","","","","","mmsimkins11937","","","","2016-11-28","2016-11-28","http://cdm17173.contentdm.oclc.org/cdm/ref/collection/mmsimkins/id/13548",13548.0,"14908.jp2","/mmsimkins/image/14908.jp2","","",0,False,False,False,True,False,"['Empty Transcript']","[]"
"Board of Directors meeting agenda, November 15, 1978","","","","","","","","","","","","Copyright Not Evaluated. For further information please contact the University of South Carolina, South Carolina Political Collections, Columbia, SC 29208.","","","","","","","mmsimkins11938","","","","2016-11-28","2016-11-28","http://cdm17173.contentdm.oclc.org/cdm/ref/collection/mmsimkins/id/13549",13549.0,"14909.jp2","/mmsimkins/image/14909.jp2","","",0,False,False,False,True,False,"['Empty Transcript']","[]"
"Column dated January 3, 1948, on various topics, Page 1","","","","","","","","","","","","Copyright Not Evaluated. For further information please contact the University of South Carolina, South Carolina Political Collections, Columbia, SC 29208.","","","","","","","mmsimkins04662","","","","2016-11-28","2016-11-28","http://cdm17173.contentdm.oclc.org/cdm/ref/collection/mmsimkins/id/13551",13551.0,"14911.jp2","/mmsimkins/image/14911.jp2","","",0,False,False,False,True,False,"['Empty Transcript']","[]"
"Column dated January 3, 1948, on various topics, Page 2","","","","","","","","","","","","Copyright Not Evaluated. For further information please contact the University of South Carolina, South Carolina Political Collections, Columbia, SC 29208.","","","","","","","mmsimkins04663","","","","2016-11-28","2016-11-28","http://cdm17173.contentdm.oclc.org/cdm/ref/collection/mmsimkins/id/13552",13552.0,"14912.jp2","/mmsimkins/image/14912.jp2","","",0,False,False,False,True,False,"['Empty Transcript']","[]"
"Column dated January 3, 1948, on various topics, Page 3","","","","","","","","","","","","Copyright Not Evaluated. For further information please contact the University of South Carolina, South Carolina Political Collections, Columbia, SC 29208.","","","","","","","mmsimkins04664","","","","2016-11-28","2016-11-28","http://cdm17173.contentdm.oclc.org/cdm/ref/collection/mmsimkins/id/13553",13553.0,"14913.jp2","/mmsimkins/image/14913.jp2","","",0,False,False,False,True,False,"['Empty Transcript']","[]"
"Column dated January 3, 1948, on various topics, Page 4","","","","","","","","","","","","Copyright Not Evaluated. For further information please contact the University of South Carolina, South Carolina Political Collections, Columbia, SC 29208.","","","","","","","mmsimkins04665","","","","2016-11-28","2016-11-28","http://cdm17173.contentdm.oclc.org/cdm/ref/collection/mmsimkins/id/13554",13554.0,"14914.jp2","/mmsimkins/image/14914.jp2","","",0,False,False,False,True,False,"['Empty Transcript']","[]"
"Column dated January 3, 1948, on various topics, Page 5","","","","","","","","","","","","Copyright Not Evaluated. For further information please contact the University of South Carolina, South Carolina Political Collections, Columbia, SC 29208.","","","","","","","mmsimkins04666","","","","2016-11-28","2016-11-28","http://cdm17173.contentdm.oclc.org/cdm/ref/collection/mmsimkins/id/13555",13555.0,"14915.jp2","/mmsimkins/image/14915.jp2","","",0,False,False,False,True,False,"['Empty Transcript']","[]"
"Column dated January 3, 1948, on various topics, Page 6","","","","","","","","","","","","Copyright Not Evaluated. For further information please contact the University of South Carolina, South Carolina Political Collections, Columbia, SC 29208.","","","","","","","mmsimkins04667","","","","2016-11-28","2016-11-28","http://cdm17173.contentdm.oclc.org/cdm/ref/collection/mmsimkins/id/13556",13556.0,"14916.jp2","/mmsimkins/image/14916.jp2","","",0,False,False,False,True,False,"['Empty Transcript']","[]"
"Column dated january 10, 1948, on various topics, Page 1","","","","","","","","","","","","Copyright Not Evaluated. For further information please contact the University of South Carolina, South Carolina Political Collections, Columbia, SC 29208.","","","","","","","mmsimkins04669","","","","2016-11-28","2016-11-28","http://cdm17173.contentdm.oclc.org/cdm/ref/collection/mmsimkins/id/13557",13557.0,"14917.jp2","/mmsimkins/image/14917.jp2","","",0,False,False,False,True,False,"['Empty Transcript']","[]"
"Column dated january 10, 1948, on various topics, Page 2","","","","","","","","","","","","Copyright Not Evaluated. For further information please contact the University of South Carolina, South Carolina Political Collections, Columbia, SC 29208.","","","","","","","mmsimkins04670","","","","2016-11-28","2016-11-28","http://cdm17173.contentdm.oclc.org/cdm/ref/collection/mmsimkins/id/13558",13558.0,"14918.jp2","/mmsimkins/image/14918.jp2","","",0,False,False,False,True,False,"['Empty Transcript']","[]"
"Column dated january 10, 1948, on various topics, Page 3","","","","","","","","","","","","Copyright Not Evaluated. For further information please contact the University of South Carolina, South Carolina Political Collections, Columbia, SC 29208.","","","","","","","mmsimkins04671","","","","2016-11-28","2016-11-28","http://cdm17173.contentdm.oclc.org/cdm/ref/collection/mmsimkins/id/13559",13559.0,"14919.jp2","/mmsimkins/image/14919.jp2","","",0,False,False,False,True,False,"['Empty Transcript']","[]"
"Column dated january 10, 1948, on various topics, Page 4","","","","","","","","","","","","Copyright Not Evaluated. For further information please contact the University of South Carolina, South Carolina Political Collections, Columbia, SC 29208.","","","","","","","mmsimkins04672","","","","2016-11-28","2016-11-28","http://cdm17173.contentdm.oclc.org/cdm/ref/collection/mmsimkins/id/13560",13560.0,"14920.jp2","/mmsimkins/image/14920.jp2","","",0,False,False,False,True,False,"['Empty Transcript']","[]"
"Column dated january 10, 1948, on various topics, Page 5","","","","","","","","","","","","Copyright Not Evaluated. For further information please contact the University of South Carolina, South Carolina Political Collections, Columbia, SC 29208.","","","","","","","mmsimkins04673","","","","2016-11-28","2016-11-28","http://cdm17173.contentdm.oclc.org/cdm/ref/collection/mmsimkins/id/13561",13561.0,"14921.jp2","/mmsimkins/image/14921.jp2","","",0,False,False,False,True,False,"['Empty Transcript']","[]"
"Column dated january 10, 1948, on various topics, Page 6","","","","","","","","","","","","Copyright Not Evaluated. For further information please contact the University of South Carolina, South Carolina Political Collections, Columbia, SC 29208.","","","","","","","mmsimkins04674","","","","2016-11-28","2016-11-28","http://cdm17173.contentdm.oclc.org/cdm/ref/collection/mmsimkins/id/13562",13562.0,"14922.jp2","/mmsimkins/image/14922.jp2","","",0,False,False,False,True,False,"['Empty Transcript']","[]"
"Column dated January 17, 1948, on various topics, Page 1","","","","","","","","","","","","Copyright Not Evaluated. For further information please contact the University of South Carolina, South Carolina Political Collections, Columbia, SC 29208.","","","","","","","mmsimkins04675","","","","2016-11-28","2016-11-28","http://cdm17173.contentdm.oclc.org/cdm/ref/collection/mmsimkins/id/13563",13563.0,"14923.jp2","/mmsimkins/image/14923.jp2","","",0,False,False,False,True,False,"['Empty Transcript']","[]"
"Column dated January 17, 1948, on various topics, Page 2","","","","","","","","","","","","Copyright Not Evaluated. For further information please contact the University of South Carolina, South Carolina Political Collections, Columbia, SC 29208.","","","","","","","mmsimkins04676","","","","2016-11-28","2016-11-28","http://cdm17173.contentdm.oclc.org/cdm/ref/collection/mmsimkins/id/13564",13564.0,"14924.jp2","/mmsimkins/image/14924.jp2","","",0,False,False,False,True,False,"['Empty Transcript']","[]"
"Column dated January 17, 1948, on various topics, Page 3","","","","","","","","","","","","Copyright Not Evaluated. For further information please contact the University of South Carolina, South Carolina Political Collections, Columbia, SC 29208.","","","","","","","mmsimkins04677","","","","2016-11-28","2016-11-28","http://cdm17173.contentdm.oclc.org/cdm/ref/collection/mmsimkins/id/13565",13565.0,"14925.jp2","/mmsimkins/image/14925.jp2","","",0,False,False,False,True,False,"['Empty Transcript']","[]"
"Column dated January 17, 1948, on various topics, Page 4","","","","","","","","","","","","Copyright Not Evaluated. For further information please contact the University of South Carolina, South Carolina Political Collections, Columbia, SC 29208.","","","","","","","mmsimkins04678","","","","2016-11-28","2016-11-28","http://cdm17173.contentdm.oclc.org/cdm/ref/collection/mmsimkins/id/13566",13566.0,"14926.jp2","/mmsimkins/image/14926.jp2","","",0,False,False,False,True,False,"['Empty Transcript']","[]"
"Column dated January 17, 1948, on various topics, Page 5","","","","","","","","","","","","Copyright Not Evaluated. For further information please contact the University of South Carolina, South Carolina Political Collections, Columbia, SC 29208.","","","","","","","mmsimkins04679","","","","2016-11-28","2016-11-28","http://cdm17173.contentdm.oclc.org/cdm/ref/collection/mmsimkins/id/13567",13567.0,"14927.jp2","/mmsimkins/image/14927.jp2","","",0,False,False,False,True,False,"['Empty Transcript']","[]"
"Column dated January 17, 1948, on various topics, Page 6","","","","","","","","","","","","Copyright Not Evaluated. For further information please contact the University of South Carolina, South Carolina Political Collections, Columbia, SC 29208.","","","","","","","mmsimkins04680","","","","2016-11-28","2016-11-28","http://cdm17173.contentdm.oclc.org/cdm/ref/collection/mmsimkins/id/13568",13568.0,"14928.jp2","/mmsimkins/image/14928.jp2","","",0,False,False,False,True,False,"['Empty Transcript']","[]"
"Column dated January 24, 1948, on various topics, Page 1","","","","","","","","","","","","Copyright Not Evaluated. For further information please contact the University of South Carolina, South Carolina Political Collections, Columbia, SC 29208.","","","","","","","mmsimkins04681","","","","2016-11-28","2016-11-28","http://cdm17173.contentdm.oclc.org/cdm/ref/collection/mmsimkins/id/13569",13569.0,"14929.jp2","/mmsimkins/image/14929.jp2","","",0,False,False,False,True,False,"['Empty Transcript']","[]"
"Column dated January 24, 1948, on various topics, Page 2","","","","","","","","","","","","Copyright Not Evaluated. For further information please contact the University of South Carolina, South Carolina Political Collections, Columbia, SC 29208.","","","","","","","mmsimkins04682","","","","2016-11-28","2016-11-28","http://cdm17173.contentdm.oclc.org/cdm/ref/collection/mmsimkins/id/13570",13570.0,"14930.jp2","/mmsimkins/image/14930.jp2","","",0,False,False,False,True,False,"['Empty Transcript']","[]"
"Column dated January 24, 1948, on various topics, Page 3","","","","","","","","","","","","Copyright Not Evaluated. For further information please contact the University of South Carolina, South Carolina Political Collections, Columbia, SC 29208.","","","","","","","mmsimkins04683","","","","2016-11-28","2016-11-28","http://cdm17173.contentdm.oclc.org/cdm/ref/collection/mmsimkins/id/13571",13571.0,"14931.jp2","/mmsimkins/image/14931.jp2","","",0,False,False,False,True,False,"['Empty Transcript']","[]"
"Column dated January 24, 1948, on various topics, Page 4","","","","","","","","","","","","Copyright Not Evaluated. For further information please contact the University of South Carolina, South Carolina Political Collections, Columbia, SC 29208.","","","","","","","mmsimkins04684","","","","2016-11-28","2016-11-28","http://cdm17173.contentdm.oclc.org/cdm/ref/collection/mmsimkins/id/13572",13572.0,"14932.jp2","/mmsimkins/image/14932.jp2","","",0,False,False,False,True,False,"['Empty Transcript']","[]"
"Column dated January 24, 1948, on various topics, Page 5","","","","","","","","","","","","Copyright Not Evaluated. For further information please contact the University of South Carolina, South Carolina Political Collections, Columbia, SC 29208.","","","","","","","mmsimkins04686","","","","2016-11-28","2016-11-28","http://cdm17173.contentdm.oclc.org/cdm/ref/collection/mmsimkins/id/13573",13573.0,"14933.jp2","/mmsimkins/image/14933.jp2","","",0,False,False,False,True,False,"['Empty Transcript']","[]"
"Column dated January 24, 1948, on various topics, Page 6","","","","","","","","","","","","Copyright Not Evaluated. For further information please contact the University of South Carolina, South Carolina Political Collections, Columbia, SC 29208.","","","","","","","mmsimkins04687","","","","2016-11-28","2016-11-28","http://cdm17173.contentdm.oclc.org/cdm/ref/collection/mmsimkins/id/13574",13574.0,"14934.jp2","/mmsimkins/image/14934.jp2","","",0,False,False,False,True,False,"['Empty Transcript']","[]"
"Column dated January 31, 1948, on various topics, Page 1","","","","","","","","","","","","Copyright Not Evaluated. For further information please contact the University of South Carolina, South Carolina Political Collections, Columbia, SC 29208.","","","","","","","mmsimkins04688","","","","2016-11-28","2016-11-28","http://cdm17173.contentdm.oclc.org/cdm/ref/collection/mmsimkins/id/13575",13575.0,"14935.jp2","/mmsimkins/image/14935.jp2","","",0,False,False,False,True,False,"['Empty Transcript']","[]"
"Column dated January 31, 1948, on various topics, Page 2","","","","","","","","","","","","Copyright Not Evaluated. For further information please contact the University of South Carolina, South Carolina Political Collections, Columbia, SC 29208.","","","","","","","mmsimkins04689","","","","2016-11-28","2016-11-28","http://cdm17173.contentdm.oclc.org/cdm/ref/collection/mmsimkins/id/13576",13576.0,"14936.jp2","/mmsimkins/image/14936.jp2","","",0,False,False,False,True,False,"['Empty Transcript']","[]"
"Column dated January 31, 1948, on various topics, Page 3","","","","","","","","","","","","Copyright Not Evaluated. For further information please contact the University of South Carolina, South Carolina Political Collections, Columbia, SC 29208.","","","","","","","mmsimkins04690","","","","2016-11-28","2016-11-28","http://cdm17173.contentdm.oclc.org/cdm/ref/collection/mmsimkins/id/13577",13577.0,"14937.jp2","/mmsimkins/image/14937.jp2","","",0,False,False,False,True,False,"['Empty Transcript']","[]"
"Column dated January 31, 1948, on various topics, Page 4","","","","","","","","","","","","Copyright Not Evaluated. For further information please contact the University of South Carolina, South Carolina Political Collections, Columbia, SC 29208.","","","","","","","mmsimkins04691","","","","2016-11-28","2016-11-28","http://cdm17173.contentdm.oclc.org/cdm/ref/collection/mmsimkins/id/13578",13578.0,"14938.jp2","/mmsimkins/image/14938.jp2","","",0,False,False,False,True,False,"['Empty Transcript']","[]"
"Column dated January 31, 1948, on various topics, Page 5","","","","","","","","","","","","Copyright Not Evaluated. For further information please contact the University of South Carolina, South Carolina Political Collections, Columbia, SC 29208.","","","","","","","mmsimkins04692","","","","2016-11-28","2016-11-28","http://cdm17173.contentdm.oclc.org/cdm/ref/collection/mmsimkins/id/13579",13579.0,"14939.jp2","/mmsimkins/image/14939.jp2","","",0,False,False,False,True,False,"['Empty Transcript']","[]"
"Column dated January 31, 1948, on various topics, Page 6","","","","","","","","","","","","Copyright Not Evaluated. For further information please contact the University of South Carolina, South Carolina Political Collections, Columbia, SC 29208.","","","","","","","mmsimkins04693","","","","2016-11-28","2016-11-28","http://cdm17173.contentdm.oclc.org/cdm/ref/collection/mmsimkins/id/13580",13580.0,"14940.jp2","/mmsimkins/image/14940.jp2","","",0,False,False,False,True,False,"['Empty Transcript']","[]"
"Column dated Feb. 7, 1948, on various topics, Page 1","","","","","","","","","","","","Copyright Not Evaluated. For further information please contact the University of South Carolina, South Carolina Political Collections, Columbia, SC 29208.","","","","","","","mmsimkins04694","","","","2016-11-28","2016-11-28","http://cdm17173.contentdm.oclc.org/cdm/ref/collection/mmsimkins/id/13581",13581.0,"14941.jp2","/mmsimkins/image/14941.jp2","","",0,False,False,False,True,False,"['Empty Transcript']","[]"
"Column dated Feb. 7, 1948, on various topics, Page 2","","","","","","","","","","","","Copyright Not Evaluated. For further information please contact the University of South Carolina, South Carolina Political Collections, Columbia, SC 29208.","","","","","","","mmsimkins04695","","","","2016-11-28","2016-11-28","http://cdm17173.contentdm.oclc.org/cdm/ref/collection/mmsimkins/id/13582",13582.0,"14942.jp2","/mmsimkins/image/14942.jp2","","",0,False,False,False,True,False,"['Empty Transcript']","[]"
"Column dated Feb. 7, 1948, on various topics, Page 3","","","","","","","","","","","","Copyright Not Evaluated. For further information please contact the University of South Carolina, South Carolina Political Collections, Columbia, SC 29208.","","","","","","","mmsimkins04696","","","","2016-11-28","2016-11-28","http://cdm17173.contentdm.oclc.org/cdm/ref/collection/mmsimkins/id/13583",13583.0,"14943.jp2","/mmsimkins/image/14943.jp2","","",0,False,False,False,True,False,"['Empty Transcript']","[]"
"Column dated Feb. 7, 1948, on various topics, Page 4","","","","","","","","","","","","Copyright Not Evaluated. For further information please contact the University of South Carolina, South Carolina Political Collections, Columbia, SC 29208.","","","","","","","mmsimkins04697","","","","2016-11-28","2016-11-28","http://cdm17173.contentdm.oclc.org/cdm/ref/collection/mmsimkins/id/13584",13584.0,"14944.jp2","/mmsimkins/image/14944.jp2","","",0,False,False,False,True,False,"['Empty Transcript']","[]"
"Column dated Feb. 7, 1948, on various topics, Page 5","","","","","","","","","","","","Copyright Not Evaluated. For further information please contact the University of South Carolina, South Carolina Political Collections, Columbia, SC 29208.","","","","","","","mmsimkins04698","","","","2016-11-28","2016-11-28","http://cdm17173.contentdm.oclc.org/cdm/ref/collection/mmsimkins/id/13585",13585.0,"14945.jp2","/mmsimkins/image/14945.jp2","","",0,False,False,False,True,False,"['Empty Transcript']","[]"
"Column dated Feb. 7, 1948, on various topics, Page 6","","","","","","","","","","","","Copyright Not Evaluated. For further information please contact the University of South Carolina, South Carolina Political Collections, Columbia, SC 29208.","","","","","","","mmsimkins04699","","","","2016-11-28","2016-11-28","http://cdm17173.contentdm.oclc.org/cdm/ref/collection/mmsimkins/id/13586",13586.0,"14946.jp2","/mmsimkins/image/14946.jp2","","",0,False,False,False,True,False,"['Empty Transcript']","[]"
"Column dated February 21, 1948, on various topics, Page 1","","","","","","","","","","","","Copyright Not Evaluated. For further information please contact the University of South Carolina, South Carolina Political Collections, Columbia, SC 29208.","","","","","","","mmsimkins04700","","","","2016-11-28","2016-11-28","http://cdm17173.contentdm.oclc.org/cdm/ref/collection/mmsimkins/id/13587",13587.0,"14947.jp2","/mmsimkins/image/14947.jp2","","",0,False,False,False,True,False,"['Empty Transcript']","[]"
"Column dated February 21, 1948, on various topics, Page 2","","","","","","","","","","","","Copyright Not Evaluated. For further information please contact the University of South Carolina, South Carolina Political Collections, Columbia, SC 29208.","","","","","","","mmsimkins04701","","","","2016-11-28","2016-11-28","http://cdm17173.contentdm.oclc.org/cdm/ref/collection/mmsimkins/id/13588",13588.0,"14948.jp2","/mmsimkins/image/14948.jp2","","",0,False,False,False,True,False,"['Empty Transcript']","[]"
"Column dated February 21, 1948, on various topics, Page 3","","","","","","","","","","","","Copyright Not Evaluated. For further information please contact the University of South Carolina, South Carolina Political Collections, Columbia, SC 29208.","","","","","","","mmsimkins04702","","","","2016-11-28","2016-11-28","http://cdm17173.contentdm.oclc.org/cdm/ref/collection/mmsimkins/id/13589",13589.0,"14949.jp2","/mmsimkins/image/14949.jp2","","",0,False,False,False,True,False,"['Empty Transcript']","[]"
"Column dated February 21, 1948, on various topics, Page 4","","","","","","","","","","","","Copyright Not Evaluated. For further information please contact the University of South Carolina, South Carolina Political Collections, Columbia, SC 29208.","","","","","","","mmsimkins04706","","","","2016-11-28","2016-11-28","http://cdm17173.contentdm.oclc.org/cdm/ref/collection/mmsimkins/id/13590",13590.0,"14950.jp2","/mmsimkins/image/14950.jp2","","",0,False,False,False,True,False,"['Empty Transcript']","[]"
"Column dated February 21, 1948, on various topics, Page 5","","","","","","","","","","","","Copyright Not Evaluated. For further information please contact the University of South Carolina, South Carolina Political Collections, Columbia, SC 29208.","","","","","","","mmsimkins04707","","","","2016-11-28","2016-11-28","http://cdm17173.contentdm.oclc.org/cdm/ref/collection/mmsimkins/id/13591",13591.0,"14951.jp2","/mmsimkins/image/14951.jp2","","",0,False,False,False,True,False,"['Empty Transcript']","[]"
"Column dated February 21, 1948, on various topics, Page 6","","","","","","","","","","","","Copyright Not Evaluated. For further information please contact the University of South Carolina, South Carolina Political Collections, Columbia, SC 29208.","","","","","","","mmsimkins04708","","","","2016-11-28","2016-11-28","http://cdm17173.contentdm.oclc.org/cdm/ref/collection/mmsimkins/id/13592",13592.0,"14952.jp2","/mmsimkins/image/14952.jp2","","",0,False,False,False,True,False,"['Empty Transcript']","[]"
"Column dated February 21, 1948, on various topics, with corrections, Page 1","","","","","","","","","","","","Copyright Not Evaluated. For further information please contact the University of South Carolina, South Carolina Political Collections, Columbia, SC 29208.","","","","","","","mmsimkins04709","","","","2016-11-28","2016-11-28","http://cdm17173.contentdm.oclc.org/cdm/ref/collection/mmsimkins/id/13593",13593.0,"14953.jp2","/mmsimkins/image/14953.jp2","","",0,False,False,False,True,False,"['Empty Transcript']","[]"
"Column dated February 21, 1948, on various topics, with corrections, Page 2","","","","","","","","","","","","Copyright Not Evaluated. For further information please contact the University of South Carolina, South Carolina Political Collections, Columbia, SC 29208.","","","","","","","mmsimkins04710","","","","2016-11-28","2016-11-28","http://cdm17173.contentdm.oclc.org/cdm/ref/collection/mmsimkins/id/13594",13594.0,"14954.jp2","/mmsimkins/image/14954.jp2","","",0,False,False,False,True,False,"['Empty Transcript']","[]"
"Column dated February 21, 1948, on various topics, with corrections, Page 3","","","","","","","","","","","","Copyright Not Evaluated. For further information please contact the University of South Carolina, South Carolina Political Collections, Columbia, SC 29208.","","","","","","","mmsimkins04711","","","","2016-11-28","2016-11-28","http://cdm17173.contentdm.oclc.org/cdm/ref/collection/mmsimkins/id/13595",13595.0,"14955.jp2","/mmsimkins/image/14955.jp2","","",0,False,False,False,True,False,"['Empty Transcript']","[]"
"Column dated February 21, 1948, on various topics, with corrections, Page 4","","","","","","","","","","","","Copyright Not Evaluated. For further information please contact the University of South Carolina, South Carolina Political Collections, Columbia, SC 29208.","","","","","","","mmsimkins04712","","","","2016-11-28","2016-11-28","http://cdm17173.contentdm.oclc.org/cdm/ref/collection/mmsimkins/id/13596",13596.0,"14956.jp2","/mmsimkins/image/14956.jp2","","",0,False,False,False,True,False,"['Empty Transcript']","[]"
"Column dated February 21, 1948, on various topics, with corrections, Page 5","","","","","","","","","","","","Copyright Not Evaluated. For further information please contact the University of South Carolina, South Carolina Political Collections, Columbia, SC 29208.","","","","","","","mmsimkins04713","","","","2016-11-28","2016-11-28","http://cdm17173.contentdm.oclc.org/cdm/ref/collection/mmsimkins/id/13597",13597.0,"14957.jp2","/mmsimkins/image/14957.jp2","","",0,False,False,False,True,False,"['Empty Transcript']","[]"
"Column dated February 21, 1948, on various topics, with corrections, Page 6","","","","","","","","","","","","Copyright Not Evaluated. For further information please contact the University of South Carolina, South Carolina Political Collections, Columbia, SC 29208.","","","","","","","mmsimkins04714","","","","2016-11-28","2016-11-28","http://cdm17173.contentdm.oclc.org/cdm/ref/collection/mmsimkins/id/13598",13598.0,"14958.jp2","/mmsimkins/image/14958.jp2","","",0,False,False,False,True,False,"['Empty Transcript']","[]"
"Column with no date, on various topics, Page 1","","","","","","","","","","","","Copyright Not Evaluated. For further information please contact the University of South Carolina, South Carolina Political Collections, Columbia, SC 29208.","","","","","","","mmsimkins04715","","","","2016-11-28","2016-11-28","http://cdm17173.contentdm.oclc.org/cdm/ref/collection/mmsimkins/id/13599",13599.0,"14959.jp2","/mmsimkins/image/14959.jp2","","",0,False,False,False,True,False,"['Empty Transcript']","[]"
"Column with no date, on various topics, Page 2","","","","","","","","","","","","Copyright Not Evaluated. For further information please contact the University of South Carolina, South Carolina Political Collections, Columbia, SC 29208.","","","","","","","mmsimkins04716","","","","2016-11-28","2016-11-28","http://cdm17173.contentdm.oclc.org/cdm/ref/collection/mmsimkins/id/13600",13600.0,"14960.jp2","/mmsimkins/image/14960.jp2","","",0,False,False,False,True,False,"['Empty Transcript']","[]"
"Column with no date, on various topics, Page 3","","","","","","","","","","","","Copyright Not Evaluated. For further information please contact the University of South Carolina, South Carolina Political Collections, Columbia, SC 29208.","","","","","","","mmsimkins04717","","","","2016-11-28","2016-11-28","http://cdm17173.contentdm.oclc.org/cdm/ref/collection/mmsimkins/id/13601",13601.0,"14961.jp2","/mmsimkins/image/14961.jp2","","",0,False,False,False,True,False,"['Empty Transcript']","[]"
"Column with no date, on various topics, Page 4","","","","","","","","","","","","Copyright Not Evaluated. For further information please contact the University of South Carolina, South Carolina Political Collections, Columbia, SC 29208.","","","","","","","mmsimkins04718","","","","2016-11-28","2016-11-28","http://cdm17173.contentdm.oclc.org/cdm/ref/collection/mmsimkins/id/13602",13602.0,"14962.jp2","/mmsimkins/image/14962.jp2","","",0,False,False,False,True,False,"['Empty Transcript']","[]"
"Column with no date, on various topics, Page 5","","","","","","","","","","","","Copyright Not Evaluated. For further information please contact the University of South Carolina, South Carolina Political Collections, Columbia, SC 29208.","","","","","","","mmsimkins04719","","","","2016-11-28","2016-11-28","http://cdm17173.contentdm.oclc.org/cdm/ref/collection/mmsimkins/id/13603",13603.0,"14963.jp2","/mmsimkins/image/14963.jp2","","",0,False,False,False,True,False,"['Empty Transcript']","[]"
"Column with no date, on various topics, Page 6","","","","","","","","","","","","Copyright Not Evaluated. For further information please contact the University of South Carolina, South Carolina Political Collections, Columbia, SC 29208.","","","","","","","mmsimkins04720","","","","2016-11-28","2016-11-28","http://cdm17173.contentdm.oclc.org/cdm/ref/collection/mmsimkins/id/13604",13604.0,"14964.jp2","/mmsimkins/image/14964.jp2","","",0,False,False,False,True,False,"['Empty Transcript']","[]"
"Article about Simkins conversation with a white soldier from the North","","","","","","","","","","","","Copyright Not Evaluated. For further information please contact the University of South Carolina, South Carolina Political Collections, Columbia, SC 29208.","","","","","","","mmsimkins04721","","","","2016-11-28","2016-11-28","http://cdm17173.contentdm.oclc.org/cdm/ref/collection/mmsimkins/id/13605",13605.0,"14965.jp2","/mmsimkins/image/14965.jp2","","",0,False,False,False,True,False,"['Empty Transcript']","[]"
"Undated column on several topics, Page 1","","","","","","","","","","","","Copyright Not Evaluated. For further information please contact the University of South Carolina, South Carolina Political Collections, Columbia, SC 29208.","","","","","","","mmsimkins04722","","","","2016-11-28","2016-11-28","http://cdm17173.contentdm.oclc.org/cdm/ref/collection/mmsimkins/id/13606",13606.0,"14966.jp2","/mmsimkins/image/14966.jp2","","",0,False,False,False,True,False,"['Empty Transcript']","[]"
"Undated column on several topics, Page 2","","","","","","","","","","","","Copyright Not Evaluated. For further information please contact the University of South Carolina, South Carolina Political Collections, Columbia, SC 29208.","","","","","","","mmsimkins04723","","","","2016-11-28","2016-11-28","http://cdm17173.contentdm.oclc.org/cdm/ref/collection/mmsimkins/id/13607",13607.0,"14967.jp2","/mmsimkins/image/14967.jp2","","",0,False,False,False,True,False,"['Empty Transcript']","[]"
"Undated column on several topics, Page 3","","","","","","","","","","","","Copyright Not Evaluated. For further information please contact the University of South Carolina, South Carolina Political Collections, Columbia, SC 29208.","","","","","","","mmsimkins04724","","","","2016-11-28","2016-11-28","http://cdm17173.contentdm.oclc.org/cdm/ref/collection/mmsimkins/id/13608",13608.0,"14968.jp2","/mmsimkins/image/14968.jp2","","",0,False,False,False,True,False,"['Empty Transcript']","[]"
"Undated column on several topics, Page 4","","","","","","","","","","","","Copyright Not Evaluated. For further information please contact the University of South Carolina, South Carolina Political Collections, Columbia, SC 29208.","","","","","","","mmsimkins04725","","","","2016-11-28","2016-11-28","http://cdm17173.contentdm.oclc.org/cdm/ref/collection/mmsimkins/id/13609",13609.0,"14969.jp2","/mmsimkins/image/14969.jp2","","",0,False,False,False,True,False,"['Empty Transcript']","[]"
"Undated column on several topics, Page 5","","","","","","","","","","","","Copyright Not Evaluated. For further information please contact the University of South Carolina, South Carolina Political Collections, Columbia, SC 29208.","","","","","","","mmsimkins04726","","","","2016-11-28","2016-11-28","http://cdm17173.contentdm.oclc.org/cdm/ref/collection/mmsimkins/id/13610",13610.0,"14970.jp2","/mmsimkins/image/14970.jp2","","",0,False,False,False,True,False,"['Empty Transcript']","[]"
"Undated column on several topics, Page 6","","","","","","","","","","","","Copyright Not Evaluated. For further information please contact the University of South Carolina, South Carolina Political Collections, Columbia, SC 29208.","","","","","","","mmsimkins04727","","","","2016-11-28","2016-11-28","http://cdm17173.contentdm.oclc.org/cdm/ref/collection/mmsimkins/id/13611",13611.0,"14971.jp2","/mmsimkins/image/14971.jp2","","",0,False,False,False,True,False,"['Empty Transcript']","[]"
"Undated column on several topics, Page 7","","","","","","","","","","","","Copyright Not Evaluated. For further information please contact the University of South Carolina, South Carolina Political Collections, Columbia, SC 29208.","","","","","","","mmsimkins04730","","","","2016-11-28","2016-11-28","http://cdm17173.contentdm.oclc.org/cdm/ref/collection/mmsimkins/id/13612",13612.0,"14972.jp2","/mmsimkins/image/14972.jp2","","",0,False,False,False,True,False,"['Empty Transcript']","[]"
"Undated column on several topics, Page 1","","","","","","","","","","","","Copyright Not Evaluated. For further information please contact the University of South Carolina, South Carolina Political Collections, Columbia, SC 29208.","","","","","","","mmsimkins04731","","","","2016-11-28","2016-11-28","http://cdm17173.contentdm.oclc.org/cdm/ref/collection/mmsimkins/id/13613",13613.0,"14973.jp2","/mmsimkins/image/14973.jp2","","",0,False,False,False,True,False,"['Empty Transcript']","[]"
"Undated column on several topics, Page 2","","","","","","","","","","","","Copyright Not Evaluated. For further information please contact the University of South Carolina, South Carolina Political Collections, Columbia, SC 29208.","","","","","","","mmsimkins04732","","","","2016-11-28","2016-11-28","http://cdm17173.contentdm.oclc.org/cdm/ref/collection/mmsimkins/id/13614",13614.0,"14974.jp2","/mmsimkins/image/14974.jp2","","",0,False,False,False,True,False,"['Empty Transcript']","[]"
"Undated column on several topics, Page 3","","","","","","","","","","","","Copyright Not Evaluated. For further information please contact the University of South Carolina, South Carolina Political Collections, Columbia, SC 29208.","","","","","","","mmsimkins04733","","","","2016-11-28","2016-11-28","http://cdm17173.contentdm.oclc.org/cdm/ref/collection/mmsimkins/id/13615",13615.0,"14975.jp2","/mmsimkins/image/14975.jp2","","",0,False,False,False,True,False,"['Empty Transcript']","[]"
"Undated column on several topics, Page 4","","","","","","","","","","","","Copyright Not Evaluated. For further information please contact the University of South Carolina, South Carolina Political Collections, Columbia, SC 29208.","","","","","","","mmsimkins04734","","","","2016-11-28","2016-11-28","http://cdm17173.contentdm.oclc.org/cdm/ref/collection/mmsimkins/id/13616",13616.0,"14976.jp2","/mmsimkins/image/14976.jp2","","",0,False,False,False,True,False,"['Empty Transcript']","[]"
"Undated column on several topics, Page 5","","","","","","","","","","","","Copyright Not Evaluated. For further information please contact the University of South Carolina, South Carolina Political Collections, Columbia, SC 29208.","","","","","","","mmsimkins04735","","","","2016-11-28","2016-11-28","http://cdm17173.contentdm.oclc.org/cdm/ref/collection/mmsimkins/id/13617",13617.0,"14977.jp2","/mmsimkins/image/14977.jp2","","",0,False,False,False,True,False,"['Empty Transcript']","[]"
"Undated column on several topics, Page 6","","","","","","","","","","","","Copyright Not Evaluated. For further information please contact the University of South Carolina, South Carolina Political Collections, Columbia, SC 29208.","","","","","","","mmsimkins04736","","","","2016-11-28","2016-11-28","http://cdm17173.contentdm.oclc.org/cdm/ref/collection/mmsimkins/id/13618",13618.0,"14978.jp2","/mmsimkins/image/14978.jp2","","",0,False,False,False,True,False,"['Empty Transcript']","[]"
"Undated column on several topics, Page 1","","","","","","","","","","","","Copyright Not Evaluated. For further information please contact the University of South Carolina, South Carolina Political Collections, Columbia, SC 29208.","","","","","","","mmsimkins04737","","","","2016-11-28","2016-11-28","http://cdm17173.contentdm.oclc.org/cdm/ref/collection/mmsimkins/id/13619",13619.0,"14979.jp2","/mmsimkins/image/14979.jp2","","",0,False,False,False,True,False,"['Empty Transcript']","[]"
"Undated column on several topics, Page 2","","","","","","","","","","","","Copyright Not Evaluated. For further information please contact the University of South Carolina, South Carolina Political Collections, Columbia, SC 29208.","","","","","","","mmsimkins04738","","","","2016-11-28","2016-11-28","http://cdm17173.contentdm.oclc.org/cdm/ref/collection/mmsimkins/id/13620",13620.0,"14980.jp2","/mmsimkins/image/14980.jp2","","",0,False,False,False,True,False,"['Empty Transcript']","[]"
"Undated column on several topics, Page 3","","","","","","","","","","","","Copyright Not Evaluated. For further information please contact the University of South Carolina, South Carolina Political Collections, Columbia, SC 29208.","","","","","","","mmsimkins04739","","","","2016-11-28","2016-11-28","http://cdm17173.contentdm.oclc.org/cdm/ref/collection/mmsimkins/id/13621",13621.0,"14981.jp2","/mmsimkins/image/14981.jp2","","",0,False,False,False,True,False,"['Empty Transcript']","[]"
"Undated column on several topics, Page 4","","","","","","","","","","","","Copyright Not Evaluated. For further information please contact the University of South Carolina, South Carolina Political Collections, Columbia, SC 29208.","","","","","","","mmsimkins04740","","","","2016-11-28","2016-11-28","http://cdm17173.contentdm.oclc.org/cdm/ref/collection/mmsimkins/id/13622",13622.0,"14982.jp2","/mmsimkins/image/14982.jp2","","",0,False,False,False,True,False,"['Empty Transcript']","[]"
"Undated column on several topics, Page 5","","","","","","","","","","","","Copyright Not Evaluated. For further information please contact the University of South Carolina, South Carolina Political Collections, Columbia, SC 29208.","","","","","","","mmsimkins04741","","","","2016-11-28","2016-11-28","http://cdm17173.contentdm.oclc.org/cdm/ref/collection/mmsimkins/id/13623",13623.0,"14983.jp2","/mmsimkins/image/14983.jp2","","",0,False,False,False,True,False,"['Empty Transcript']","[]"
"Undated column on several topics, Page 6","","","","","","","","","","","","Copyright Not Evaluated. For further information please contact the University of South Carolina, South Carolina Political Collections, Columbia, SC 29208.","","","","","","","mmsimkins04742","","","","2016-11-28","2016-11-28","http://cdm17173.contentdm.oclc.org/cdm/ref/collection/mmsimkins/id/13624",13624.0,"14984.jp2","/mmsimkins/image/14984.jp2","","",0,False,False,False,True,False,"['Empty Transcript']","[]"
"Letter from L. Maurice Bessinger of the Columbia Chapter of the National Association for the Preservation of White People, dated February 10, 1963","","","","","","","","","","","","Copyright Not Evaluated. For further information please contact the University of South Carolina, South Carolina Political Collections, Columbia, SC 29208.","","","","","","","mmsimkins04756","","","","2016-11-28","2016-11-28","http://cdm17173.contentdm.oclc.org/cdm/ref/collection/mmsimkins/id/13626",13626.0,"14986.jp2","/mmsimkins/image/14986.jp2","","",0,False,False,False,True,False,"['Empty Transcript']","[]"
"Letter from L. Maurice Bessinger of the Columbia Chapter of the National Association for the Preservation of White People, dated February 10, 1963","","","","","","","","","","","","Copyright Not Evaluated. For further information please contact the University of South Carolina, South Carolina Political Collections, Columbia, SC 29208.","","","","","","","mmsimkins04758","","","","2016-11-28","2016-11-28","http://cdm17173.contentdm.oclc.org/cdm/ref/collection/mmsimkins/id/13627",13627.0,"14987.jp2","/mmsimkins/image/14987.jp2","","",0,False,False,False,True,False,"['Empty Transcript']","[]"
"Flier announcing a Klan meeting in Enfield, NC","","","","","","","","","","","","Copyright Not Evaluated. For further information please contact the University of South Carolina, South Carolina Political Collections, Columbia, SC 29208.","","","","","","","mmsimkins04759","","","","2016-11-28","2016-11-28","http://cdm17173.contentdm.oclc.org/cdm/ref/collection/mmsimkins/id/13628",13628.0,"14988.jp2","/mmsimkins/image/14988.jp2","","",0,False,False,False,True,False,"['Empty Transcript']","[]"
"Newspaper stories about a Klan rally in in Enfield, NC","","","","","","","","","","","","Copyright Not Evaluated. For further information please contact the University of South Carolina, South Carolina Political Collections, Columbia, SC 29208.","","","","","","","mmsimkins04760","","","","2016-11-28","2016-11-28","http://cdm17173.contentdm.oclc.org/cdm/ref/collection/mmsimkins/id/13629",13629.0,"14989.jp2","/mmsimkins/image/14989.jp2","","",0,False,False,False,True,False,"['Empty Transcript']","[]"
"Klanwatch newsletter from September, 1981, Page 1","","","","","","","","","","","","Copyright Not Evaluated. For further information please contact the University of South Carolina, South Carolina Political Collections, Columbia, SC 29208.","","","","","","","mmsimkins04761","","","","2016-11-28","2016-11-28","http://cdm17173.contentdm.oclc.org/cdm/ref/collection/mmsimkins/id/13630",13630.0,"14990.jp2","/mmsimkins/image/14990.jp2","","",0,False,False,False,True,False,"['Empty Transcript']","[]"
"Klanwatch newsletter from September, 1981, Page 2","","","","","","","","","","","","Copyright Not Evaluated. For further information please contact the University of South Carolina, South Carolina Political Collections, Columbia, SC 29208.","","","","","","","mmsimkins04762","","","","2016-11-28","2016-11-28","http://cdm17173.contentdm.oclc.org/cdm/ref/collection/mmsimkins/id/13631",13631.0,"14991.jp2","/mmsimkins/image/14991.jp2","","",0,False,False,False,True,False,"['Empty Transcript']","[]"
"Klanwatch newsletter from September, 1981, Page 3","","","","","","","","","","","","Copyright Not Evaluated. For further information please contact the University of South Carolina, South Carolina Political Collections, Columbia, SC 29208.","","","","","","","mmsimkins04763","","","","2016-11-28","2016-11-28","http://cdm17173.contentdm.oclc.org/cdm/ref/collection/mmsimkins/id/13632",13632.0,"14992.jp2","/mmsimkins/image/14992.jp2","","",0,False,False,False,True,False,"['Empty Transcript']","[]"
"Klanwatch newsletter from September, 1981, Page 4","","","","","","","","","","","","Copyright Not Evaluated. For further information please contact the University of South Carolina, South Carolina Political Collections, Columbia, SC 29208.","","","","","","","mmsimkins04764","","","","2016-11-28","2016-11-28","http://cdm17173.contentdm.oclc.org/cdm/ref/collection/mmsimkins/id/13633",13633.0,"14993.jp2","/mmsimkins/image/14993.jp2","","",0,False,False,False,True,False,"['Empty Transcript']","[]"
"Klanwatch newsletter from September, 1981, Page 5","","","","","","","","","","","","Copyright Not Evaluated. For further information please contact the University of South Carolina, South Carolina Political Collections, Columbia, SC 29208.","","","","","","","mmsimkins04765","","","","2016-11-28","2016-11-28","http://cdm17173.contentdm.oclc.org/cdm/ref/collection/mmsimkins/id/13634",13634.0,"14994.jp2","/mmsimkins/image/14994.jp2","","",0,False,False,False,True,False,"['Empty Transcript']","[]"
"Klanwatch newsletter from August, 1981, Page 1","","","","","","","","","","","","Copyright Not Evaluated. For further information please contact the University of South Carolina, South Carolina Political Collections, Columbia, SC 29208.","","","","","","","mmsimkins04766","","","","2016-11-28","2016-11-28","http://cdm17173.contentdm.oclc.org/cdm/ref/collection/mmsimkins/id/13635",13635.0,"14995.jp2","/mmsimkins/image/14995.jp2","","",0,False,False,False,True,False,"['Empty Transcript']","[]"
"Klanwatch newsletter from August, 1981, Page 2","","","","","","","","","","","","Copyright Not Evaluated. For further information please contact the University of South Carolina, South Carolina Political Collections, Columbia, SC 29208.","","","","","","","mmsimkins04767","","","","2016-11-28","2016-11-28","http://cdm17173.contentdm.oclc.org/cdm/ref/collection/mmsimkins/id/13636",13636.0,"14996.jp2","/mmsimkins/image/14996.jp2","","",0,False,False,False,True,False,"['Empty Transcript']","[]"
"Klanwatch newsletter from August, 1981, Page 3","","","","","","","","","","","","Copyright Not Evaluated. For further information please contact the University of South Carolina, South Carolina Political Collections, Columbia, SC 29208.","","","","","","","mmsimkins04768","","","","2016-11-28","2016-11-28","http://cdm17173.contentdm.oclc.org/cdm/ref/collection/mmsimkins/id/13637",13637.0,"14997.jp2","/mmsimkins/image/14997.jp2","","",0,False,False,False,True,False,"['Empty Transcript']","[]"
"Klanwatch newsletter from August, 1981, Page 4","","","","","","","","","","","","Copyright Not Evaluated. For further information please contact the University of South Carolina, South Carolina Political Collections, Columbia, SC 29208.","","","","","","","mmsimkins04769","","","","2016-11-28","2016-11-28","http://cdm17173.contentdm.oclc.org/cdm/ref/collection/mmsimkins/id/13638",13638.0,"14998.jp2","/mmsimkins/image/14998.jp2","","",0,False,False,False,True,False,"['Empty Transcript']","[]"
"Klanwatch newsletter from August, 1981, Page 5","","","","","","","","","","","","Copyright Not Evaluated. For further information please contact the University of South Carolina, South Carolina Political Collections, Columbia, SC 29208.","","","","","","","mmsimkins04770","","","","2016-11-28","2016-11-28","http://cdm17173.contentdm.oclc.org/cdm/ref/collection/mmsimkins/id/13639",13639.0,"14999.jp2","/mmsimkins/image/14999.jp2","","",0,False,False,False,True,False,"['Empty Transcript']","[]"
"Klanwatch newsletter from February, 1985, Page 1","","","","","","","","","","","","Copyright Not Evaluated. For further information please contact the University of South Carolina, South Carolina Political Collections, Columbia, SC 29208.","","","","","","","mmsimkins04771","","","","2016-11-28","2016-11-28","http://cdm17173.contentdm.oclc.org/cdm/ref/collection/mmsimkins/id/13640",13640.0,"15000.jp2","/mmsimkins/image/15000.jp2","","",0,False,False,False,True,False,"['Empty Transcript']","[]"
"Klanwatch newsletter from February, 1985, Page 2","","","","","","","","","","","","Copyright Not Evaluated. For further information please contact the University of South Carolina, South Carolina Political Collections, Columbia, SC 29208.","","","","","","","mmsimkins04772","","","","2016-11-28","2016-11-28","http://cdm17173.contentdm.oclc.org/cdm/ref/collection/mmsimkins/id/13641",13641.0,"15001.jp2","/mmsimkins/image/15001.jp2","","",0,False,False,False,True,False,"['Empty Transcript']","[]"
"Klanwatch newsletter from February, 1985, Page 3","","","","","","","","","","","","Copyright Not Evaluated. For further information please contact the University of South Carolina, South Carolina Political Collections, Columbia, SC 29208.","","","","","","","mmsimkins04773","","","","2016-11-28","2016-11-28","http://cdm17173.contentdm.oclc.org/cdm/ref/collection/mmsimkins/id/13642",13642.0,"15002.jp2","/mmsimkins/image/15002.jp2","","",0,False,False,False,True,False,"['Empty Transcript']","[]"
"Klanwatch newsletter from February, 1985, Page 4","","","","","","","","","","","","Copyright Not Evaluated. For further information please contact the University of South Carolina, South Carolina Political Collections, Columbia, SC 29208.","","","","","","","mmsimkins04775","","","","2016-11-28","2016-11-28","http://cdm17173.contentdm.oclc.org/cdm/ref/collection/mmsimkins/id/13643",13643.0,"15003.jp2","/mmsimkins/image/15003.jp2","","",0,False,False,False,True,False,"['Empty Transcript']","[]"
"Klanwatch newsletter from February, 1985, Page 5","","","","","","","","","","","","Copyright Not Evaluated. For further information please contact the University of South Carolina, South Carolina Political Collections, Columbia, SC 29208.","","","","","","","mmsimkins04776","","","","2016-11-28","2016-11-28","http://cdm17173.contentdm.oclc.org/cdm/ref/collection/mmsimkins/id/13644",13644.0,"15004.jp2","/mmsimkins/image/15004.jp2","","",0,False,False,False,True,False,"['Empty Transcript']","[]"
"Klanwatch newsletter from February, 1985, Page 6","","","","","","","","","","","","Copyright Not Evaluated. For further information please contact the University of South Carolina, South Carolina Political Collections, Columbia, SC 29208.","","","","","","","mmsimkins04777","","","","2016-11-28","2016-11-28","http://cdm17173.contentdm.oclc.org/cdm/ref/collection/mmsimkins/id/13645",13645.0,"15005.jp2","/mmsimkins/image/15005.jp2","","",0,False,False,False,True,False,"['Empty Transcript']","[]"
"Klanwatch newsletter from February, 1985, Page 7","","","","","","","","","","","","Copyright Not Evaluated. For further information please contact the University of South Carolina, South Carolina Political Collections, Columbia, SC 29208.","","","","","","","mmsimkins04778","","","","2016-11-28","2016-11-28","http://cdm17173.contentdm.oclc.org/cdm/ref/collection/mmsimkins/id/13646",13646.0,"15006.jp2","/mmsimkins/image/15006.jp2","","",0,False,False,False,True,False,"['Empty Transcript']","[]"
"Account of a Klan meeting outside of Woodruff, South Carolina, Page 1","","","","","","","","","","","","Copyright Not Evaluated. For further information please contact the University of South Carolina, South Carolina Political Collections, Columbia, SC 29208.","","","","","","","mmsimkins04779","","","","2016-11-28","2016-11-28","http://cdm17173.contentdm.oclc.org/cdm/ref/collection/mmsimkins/id/13647",13647.0,"15007.jp2","/mmsimkins/image/15007.jp2","","",0,False,False,False,True,False,"['Empty Transcript']","[]"
"Account of a Klan meeting outside of Woodruff, South Carolina, Page 2","","","","","","","","","","","","Copyright Not Evaluated. For further information please contact the University of South Carolina, South Carolina Political Collections, Columbia, SC 29208.","","","","","","","mmsimkins04780","","","","2016-11-28","2016-11-28","http://cdm17173.contentdm.oclc.org/cdm/ref/collection/mmsimkins/id/13648",13648.0,"15008.jp2","/mmsimkins/image/15008.jp2","","",0,False,False,False,True,False,"['Empty Transcript']","[]"
"Account of a Klan meeting outside of Woodruff, South Carolina, Page 3","","","","","","","","","","","","Copyright Not Evaluated. For further information please contact the University of South Carolina, South Carolina Political Collections, Columbia, SC 29208.","","","","","","","mmsimkins04782","","","","2016-11-28","2016-11-28","http://cdm17173.contentdm.oclc.org/cdm/ref/collection/mmsimkins/id/13649",13649.0,"15009.jp2","/mmsimkins/image/15009.jp2","","",0,False,False,False,True,False,"['Empty Transcript']","[]"
"Account of a Klan meeting outside of Woodruff, South Carolina, Page 4","","","","","","","","","","","","Copyright Not Evaluated. For further information please contact the University of South Carolina, South Carolina Political Collections, Columbia, SC 29208.","","","","","","","mmsimkins04783","","","","2016-11-28","2016-11-28","http://cdm17173.contentdm.oclc.org/cdm/ref/collection/mmsimkins/id/13650",13650.0,"15010.jp2","/mmsimkins/image/15010.jp2","","",0,False,False,False,True,False,"['Empty Transcript']","[]"
"A report entitled """"Terror Against the Negro People""""","","","","","","","","","","","","Copyright Not Evaluated. For further information please contact the University of South Carolina, South Carolina Political Collections, Columbia, SC 29208.","","","","","","","mmsimkins04785","","","","2016-11-28","2016-11-28","http://cdm17173.contentdm.oclc.org/cdm/ref/collection/mmsimkins/id/13651",13651.0,"15011.jp2","/mmsimkins/image/15011.jp2","","",0,False,False,False,True,False,"['Empty Transcript']","[]"
"Picture of a Klansman with a quote from Robert Miles, a Michigan Klan leader","","","","","","","","","","","","Copyright Not Evaluated. For further information please contact the University of South Carolina, South Carolina Political Collections, Columbia, SC 29208.","","","","","","","mmsimkins04786","","","","2016-11-28","2016-11-28","http://cdm17173.contentdm.oclc.org/cdm/ref/collection/mmsimkins/id/13652",13652.0,"15012.jp2","/mmsimkins/image/15012.jp2","","",0,False,False,False,True,False,"['Empty Transcript']","[]"
"Letter from Julian Bond of Klanwatch, Page 1","","","","","","","","","","","","Copyright Not Evaluated. For further information please contact the University of South Carolina, South Carolina Political Collections, Columbia, SC 29208.","","","","","","","mmsimkins04787","","","","2016-11-28","2016-11-28","http://cdm17173.contentdm.oclc.org/cdm/ref/collection/mmsimkins/id/13653",13653.0,"15013.jp2","/mmsimkins/image/15013.jp2","","",0,False,False,False,True,False,"['Empty Transcript']","[]"
"Letter from Julian Bond of Klanwatch, Page 2","","","","","","","","","","","","Copyright Not Evaluated. For further information please contact the University of South Carolina, South Carolina Political Collections, Columbia, SC 29208.","","","","","","","mmsimkins04789","","","","2016-11-28","2016-11-28","http://cdm17173.contentdm.oclc.org/cdm/ref/collection/mmsimkins/id/13654",13654.0,"15014.jp2","/mmsimkins/image/15014.jp2","","",0,False,False,False,True,False,"['Empty Transcript']","[]"
"Letter from Julian Bond of Klanwatch, Page 3","","","","","","","","","","","","Copyright Not Evaluated. For further information please contact the University of South Carolina, South Carolina Political Collections, Columbia, SC 29208.","","","","","","","mmsimkins04790","","","","2016-11-28","2016-11-28","http://cdm17173.contentdm.oclc.org/cdm/ref/collection/mmsimkins/id/13655",13655.0,"15015.jp2","/mmsimkins/image/15015.jp2","","",0,False,False,False,True,False,"['Empty Transcript']","[]"
"Letter from Julian Bond of Klanwatch, Page 4","","","","","","","","","","","","Copyright Not Evaluated. For further information please contact the University of South Carolina, South Carolina Political Collections, Columbia, SC 29208.","","","","","","","mmsimkins04791","","","","2016-11-28","2016-11-28","http://cdm17173.contentdm.oclc.org/cdm/ref/collection/mmsimkins/id/13656",13656.0,"15016.jp2","/mmsimkins/image/15016.jp2","","",0,False,False,False,True,False,"['Empty Transcript']","[]"
"Letter from Julian Bond of Klanwatch, Page 5","","","","","","","","","","","","Copyright Not Evaluated. For further information please contact the University of South Carolina, South Carolina Political Collections, Columbia, SC 29208.","","","","","","","mmsimkins04792","","","","2016-11-28","2016-11-28","http://cdm17173.contentdm.oclc.org/cdm/ref/collection/mmsimkins/id/13657",13657.0,"15017.jp2","/mmsimkins/image/15017.jp2","","",0,False,False,False,True,False,"['Empty Transcript']","[]"
"Letter from Julian Bond of Klanwatch, Page 6","","","","","","","","","","","","Copyright Not Evaluated. For further information please contact the University of South Carolina, South Carolina Political Collections, Columbia, SC 29208.","","","","","","","mmsimkins04793","","","","2016-11-28","2016-11-28","http://cdm17173.contentdm.oclc.org/cdm/ref/collection/mmsimkins/id/13658",13658.0,"15018.jp2","/mmsimkins/image/15018.jp2","","",0,False,False,False,True,False,"['Empty Transcript']","[]"
"Letter from Julian Bond of Klanwatch, Page 1","","","","","","","","","","","","Copyright Not Evaluated. For further information please contact the University of South Carolina, South Carolina Political Collections, Columbia, SC 29208.","","","","","","","mmsimkins04794","","","","2016-11-28","2016-11-28","http://cdm17173.contentdm.oclc.org/cdm/ref/collection/mmsimkins/id/13659",13659.0,"15019.jp2","/mmsimkins/image/15019.jp2","","",0,False,False,False,True,False,"['Empty Transcript']","[]"
"Letter from Julian Bond of Klanwatch, Page 2","","","","","","","","","","","","Copyright Not Evaluated. For further information please contact the University of South Carolina, South Carolina Political Collections, Columbia, SC 29208.","","","","","","","mmsimkins04795","","","","2016-11-28","2016-11-28","http://cdm17173.contentdm.oclc.org/cdm/ref/collection/mmsimkins/id/13660",13660.0,"15020.jp2","/mmsimkins/image/15020.jp2","","",0,False,False,False,True,False,"['Empty Transcript']","[]"
"Letter from Julian Bond of Klanwatch, Page 3","","","","","","","","","","","","Copyright Not Evaluated. For further information please contact the University of South Carolina, South Carolina Political Collections, Columbia, SC 29208.","","","","","","","mmsimkins04796","","","","2016-11-28","2016-11-28","http://cdm17173.contentdm.oclc.org/cdm/ref/collection/mmsimkins/id/13661",13661.0,"15021.jp2","/mmsimkins/image/15021.jp2","","",0,False,False,False,True,False,"['Empty Transcript']","[]"
"Letter from Julian Bond of Klanwatch, Page 4","","","","","","","","","","","","Copyright Not Evaluated. For further information please contact the University of South Carolina, South Carolina Political Collections, Columbia, SC 29208.","","","","","","","mmsimkins04797","","","","2016-11-28","2016-11-28","http://cdm17173.contentdm.oclc.org/cdm/ref/collection/mmsimkins/id/13662",13662.0,"15022.jp2","/mmsimkins/image/15022.jp2","","",0,False,False,False,True,False,"['Empty Transcript']","[]"
"Flier listing the white members of a bi-racial committee in Orangeburg and urging a boycott against them","","","","","","","","","","","","Copyright Not Evaluated. For further information please contact the University of South Carolina, South Carolina Political Collections, Columbia, SC 29208.","","","","","","","mmsimkins04798","","","","2016-11-28","2016-11-28","http://cdm17173.contentdm.oclc.org/cdm/ref/collection/mmsimkins/id/13663",13663.0,"15023.jp2","/mmsimkins/image/15023.jp2","","",0,False,False,False,True,False,"['Empty Transcript']","[]"
"A flier accusing South Carolina Second District Congressman Albert Watson of being a Klansman","","","","","","","","","","","","Copyright Not Evaluated. For further information please contact the University of South Carolina, South Carolina Political Collections, Columbia, SC 29208.","","","","","","","mmsimkins04799","","","","2016-11-28","2016-11-28","http://cdm17173.contentdm.oclc.org/cdm/ref/collection/mmsimkins/id/13664",13664.0,"15024.jp2","/mmsimkins/image/15024.jp2","","",0,False,False,False,True,False,"['Empty Transcript']","[]"
"Political cartoon opposing Albert Watson","","","","","","","","","","","","Copyright Not Evaluated. For further information please contact the University of South Carolina, South Carolina Political Collections, Columbia, SC 29208.","","","","","","","mmsimkins04800","","","","2016-11-28","2016-11-28","http://cdm17173.contentdm.oclc.org/cdm/ref/collection/mmsimkins/id/13665",13665.0,"15025.jp2","/mmsimkins/image/15025.jp2","","",0,False,False,False,True,False,"['Empty Transcript']","[]"
"Political cartoon depicting Albert Watson as a racist","","","","","","","","","","","","Copyright Not Evaluated. For further information please contact the University of South Carolina, South Carolina Political Collections, Columbia, SC 29208.","","","","","","","mmsimkins04801","","","","2016-11-28","2016-11-28","http://cdm17173.contentdm.oclc.org/cdm/ref/collection/mmsimkins/id/13666",13666.0,"15026.jp2","/mmsimkins/image/15026.jp2","","",0,False,False,False,True,False,"['Empty Transcript']","[]"
"Political cartoon depicting Albert Watson as a racist and a tool fo the John Birch Society and northern liberals","","","","","","","","","","","","Copyright Not Evaluated. For further information please contact the University of South Carolina, South Carolina Political Collections, Columbia, SC 29208.","","","","","","","mmsimkins04802","","","","2016-11-28","2016-11-28","http://cdm17173.contentdm.oclc.org/cdm/ref/collection/mmsimkins/id/13667",13667.0,"15027.jp2","/mmsimkins/image/15027.jp2","","",0,False,False,False,True,False,"['Empty Transcript']","[]"
"Back page of a letter from the National Anti-Klan Network announcing their upcoming conference","","","","","","","","","","","","Copyright Not Evaluated. For further information please contact the University of South Carolina, South Carolina Political Collections, Columbia, SC 29208.","","","","","","","mmsimkins04803","","","","2016-11-28","2016-11-28","http://cdm17173.contentdm.oclc.org/cdm/ref/collection/mmsimkins/id/13668",13668.0,"15028.jp2","/mmsimkins/image/15028.jp2","","",0,False,False,False,True,False,"['Empty Transcript']","[]"
"Issue of the Greensboro Justice Fund Newsletter, Page 1","","","","","","","","","","","","Copyright Not Evaluated. For further information please contact the University of South Carolina, South Carolina Political Collections, Columbia, SC 29208.","","","","","","","mmsimkins04804","","","","2016-11-28","2016-11-28","http://cdm17173.contentdm.oclc.org/cdm/ref/collection/mmsimkins/id/13669",13669.0,"15029.jp2","/mmsimkins/image/15029.jp2","","",0,False,False,False,True,False,"['Empty Transcript']","[]"
"Issue of the Greensboro Justice Fund Newsletter, Page 2","","","","","","","","","","","","Copyright Not Evaluated. For further information please contact the University of South Carolina, South Carolina Political Collections, Columbia, SC 29208.","","","","","","","mmsimkins04805","","","","2016-11-28","2016-11-28","http://cdm17173.contentdm.oclc.org/cdm/ref/collection/mmsimkins/id/13670",13670.0,"15030.jp2","/mmsimkins/image/15030.jp2","","",0,False,False,False,True,False,"['Empty Transcript']","[]"
"Issue of the Greensboro Justice Fund Newsletter, Page 3","","","","","","","","","","","","Copyright Not Evaluated. For further information please contact the University of South Carolina, South Carolina Political Collections, Columbia, SC 29208.","","","","","","","mmsimkins04806","","","","2016-11-28","2016-11-28","http://cdm17173.contentdm.oclc.org/cdm/ref/collection/mmsimkins/id/13671",13671.0,"15031.jp2","/mmsimkins/image/15031.jp2","","",0,False,False,False,True,False,"['Empty Transcript']","[]"
"Issue of the Greensboro Justice Fund Newsletter, Page 4","","","","","","","","","","","","Copyright Not Evaluated. For further information please contact the University of South Carolina, South Carolina Political Collections, Columbia, SC 29208.","","","","","","","mmsimkins04807","","","","2016-11-28","2016-11-28","http://cdm17173.contentdm.oclc.org/cdm/ref/collection/mmsimkins/id/13672",13672.0,"15032.jp2","/mmsimkins/image/15032.jp2","","",0,False,False,False,True,False,"['Empty Transcript']","[]"
"Issue of the Greensboro Justice Fund Newsletter, Page 5","","","","","","","","","","","","Copyright Not Evaluated. For further information please contact the University of South Carolina, South Carolina Political Collections, Columbia, SC 29208.","","","","","","","mmsimkins04809","","","","2016-11-28","2016-11-28","http://cdm17173.contentdm.oclc.org/cdm/ref/collection/mmsimkins/id/13673",13673.0,"15033.jp2","/mmsimkins/image/15033.jp2","","",0,False,False,False,True,False,"['Empty Transcript']","[]"
"Issue of the Greensboro Justice Fund Newsletter, Page 6","","","","","","","","","","","","Copyright Not Evaluated. For further information please contact the University of South Carolina, South Carolina Political Collections, Columbia, SC 29208.","","","","","","","mmsimkins04810","","","","2016-11-28","2016-11-28","http://cdm17173.contentdm.oclc.org/cdm/ref/collection/mmsimkins/id/13674",13674.0,"15034.jp2","/mmsimkins/image/15034.jp2","","",0,False,False,False,True,False,"['Empty Transcript']","[]"
"Issue of the Greensboro Justice Fund Newsletter, Page 7","","","","","","","","","","","","Copyright Not Evaluated. For further information please contact the University of South Carolina, South Carolina Political Collections, Columbia, SC 29208.","","","","","","","mmsimkins04835","","","","2016-11-28","2016-11-28","http://cdm17173.contentdm.oclc.org/cdm/ref/collection/mmsimkins/id/13675",13675.0,"15035.jp2","/mmsimkins/image/15035.jp2","","",0,False,False,False,True,False,"['Empty Transcript']","[]"
"Issue of the Greensboro Justice Fund Newsletter, Page 8","","","","","","","","","","","","Copyright Not Evaluated. For further information please contact the University of South Carolina, South Carolina Political Collections, Columbia, SC 29208.","","","","","","","mmsimkins04836","","","","2016-11-28","2016-11-28","http://cdm17173.contentdm.oclc.org/cdm/ref/collection/mmsimkins/id/13676",13676.0,"15036.jp2","/mmsimkins/image/15036.jp2","","",0,False,False,False,True,False,"['Empty Transcript']","[]"
"Issue of the Greensboro Justice Fund Newsletter, Page 1","","","","","","","","","","","","Copyright Not Evaluated. For further information please contact the University of South Carolina, South Carolina Political Collections, Columbia, SC 29208.","","","","","","","mmsimkins04837","","","","2016-11-28","2016-11-28","http://cdm17173.contentdm.oclc.org/cdm/ref/collection/mmsimkins/id/13677",13677.0,"15037.jp2","/mmsimkins/image/15037.jp2","","",0,False,False,False,True,False,"['Empty Transcript']","[]"
"Issue of the Greensboro Justice Fund Newsletter, Page 2","","","","","","","","","","","","Copyright Not Evaluated. For further information please contact the University of South Carolina, South Carolina Political Collections, Columbia, SC 29208.","","","","","","","mmsimkins04838","","","","2016-11-28","2016-11-28","http://cdm17173.contentdm.oclc.org/cdm/ref/collection/mmsimkins/id/13678",13678.0,"15038.jp2","/mmsimkins/image/15038.jp2","","",0,False,False,False,True,False,"['Empty Transcript']","[]"
"Issue of the Greensboro Justice Fund Newsletter, Page 3","","","","","","","","","","","","Copyright Not Evaluated. For further information please contact the University of South Carolina, South Carolina Political Collections, Columbia, SC 29208.","","","","","","","mmsimkins04839","","","","2016-11-28","2016-11-28","http://cdm17173.contentdm.oclc.org/cdm/ref/collection/mmsimkins/id/13679",13679.0,"15039.jp2","/mmsimkins/image/15039.jp2","","",0,False,False,False,True,False,"['Empty Transcript']","[]"
"Issue of the Greensboro Justice Fund Newsletter, Page 4","","","","","","","","","","","","Copyright Not Evaluated. For further information please contact the University of South Carolina, South Carolina Political Collections, Columbia, SC 29208.","","","","","","","mmsimkins04840","","","","2016-11-28","2016-11-28","http://cdm17173.contentdm.oclc.org/cdm/ref/collection/mmsimkins/id/13680",13680.0,"15040.jp2","/mmsimkins/image/15040.jp2","","",0,False,False,False,True,False,"['Empty Transcript']","[]"
"Issue of the Greensboro Justice Fund Newsletter, Page 5","","","","","","","","","","","","Copyright Not Evaluated. For further information please contact the University of South Carolina, South Carolina Political Collections, Columbia, SC 29208.","","","","","","","mmsimkins04841","","","","2016-11-28","2016-11-28","http://cdm17173.contentdm.oclc.org/cdm/ref/collection/mmsimkins/id/13681",13681.0,"15041.jp2","/mmsimkins/image/15041.jp2","","",0,False,False,False,True,False,"['Empty Transcript']","[]"
"Issue of the Greensboro Justice Fund Newsletter, Page 6","","","","","","","","","","","","Copyright Not Evaluated. For further information please contact the University of South Carolina, South Carolina Political Collections, Columbia, SC 29208.","","","","","","","mmsimkins04842","","","","2016-11-28","2016-11-28","http://cdm17173.contentdm.oclc.org/cdm/ref/collection/mmsimkins/id/13682",13682.0,"15042.jp2","/mmsimkins/image/15042.jp2","","",0,False,False,False,True,False,"['Empty Transcript']","[]"
"Photograph of Ladies Restroom Sign","","","","","","","","Modjeska Simkins Papers, 1909-1992","https://digital.library.sc.edu/collections/modjeska-monteith-simkins-papers-1909-1992/","University of South Carolina. South Carolina Political Collections","","Copyright Not Evaluated. For further information please contact the University of South Carolina, South Carolina Political Collections, Columbia, SC 29208.","English","600 dpi, 24-bit depth, color, Epson Expression 10000 XL Scanner, Primary archival file is a TIFF","2022-08","Still Image","image/jpeg","Photographs","mms0086","Ann Abney","Photographs","","2022-11-02","2022-11-02","http://cdm17173.contentdm.oclc.org/cdm/ref/collection/mmsimkins/id/13684",13684.0,"15044.jp2","/mmsimkins/image/15044.jp2","","",0,False,False,False,True,False,"['Empty Transcript']","[]"
"Photograph of Sided Building, Possibly Church","","","","","","","","Modjeska Simkins Papers, 1909-1992","https://digital.library.sc.edu/collections/modjeska-monteith-simkins-papers-1909-1992/","University of South Carolina. South Carolina Political Collections","","Copyright Not Evaluated. For further information please contact the University of South Carolina, South Carolina Political Collections, Columbia, SC 29208.","English","600 dpi, 24-bit depth, color, Epson Expression 10000 XL Scanner, Primary archival file is a TIFF","","Still Image","image/jpeg","Photographs","mms0087","Ann Abney","Photographs","","2022-11-02","2022-11-02","http://cdm17173.contentdm.oclc.org/cdm/ref/collection/mmsimkins/id/13685",13685.0,"15045.jp2","/mmsimkins/image/15045.jp2","","",0,False,False,False,True,False,"['Empty Transcript']","[]"
"Photograph of Sided Building, Possibly Church","","","","","","","","Modjeska Simkins Papers, 1909-1992","https://digital.library.sc.edu/collections/modjeska-monteith-simkins-papers-1909-1992/","University of South Carolina. South Carolina Political Collections","","Copyright Not Evaluated. For further information please contact the University of South Carolina, South Carolina Political Collections, Columbia, SC 29208.","English","600 dpi, 24-bit depth, color, Epson Expression 10000 XL Scanner, Primary archival file is a TIFF","2022-08","Still Image","image/jpeg","Photographs","mms0088","Ann Abney","Photographs","","2022-11-02","2022-11-02","http://cdm17173.contentdm.oclc.org/cdm/ref/collection/mmsimkins/id/13686",13686.0,"15046.jp2","/mmsimkins/image/15046.jp2","","",0,False,False,False,True,False,"['Empty Transcript']","[]"
"Photograph of Brick School","","","","","","","","Modjeska Simkins Papers, 1909-1992","https://digital.library.sc.edu/collections/modjeska-monteith-simkins-papers-1909-1992/","University of South Carolina. South Carolina Political Collections","","Copyright Not Evaluated. For further information please contact the University of South Carolina, South Carolina Political Collections, Columbia, SC 29208.","English","600 dpi, 24-bit depth, color, Epson Expression 10000 XL Scanner, Primary archival file is a TIFF","2022-08","Still Image","image/jpeg","Photographs","mms0089","Ann Abney","Photographs","","2022-11-02","2022-11-02","http://cdm17173.contentdm.oclc.org/cdm/ref/collection/mmsimkins/id/13687",13687.0,"15047.jp2","/mmsimkins/image/15047.jp2","","",0,False,False,False,True,False,"['Empty Transcript']","[]"
"Photograph of Brick School with Construction Fence Around","","","","","","","","Modjeska Simkins Papers, 1909-1992","https://digital.library.sc.edu/collections/modjeska-monteith-simkins-papers-1909-1992/","University of South Carolina. South Carolina Political Collections","","Copyright Not Evaluated. For further information please contact the University of South Carolina, South Carolina Political Collections, Columbia, SC 29208.","English","600 dpi, 24-bit depth, color, Epson Expression 10000 XL Scanner, Primary archival file is a TIFF","2022-08","Still Image","image/jpeg","Photographs","mms0090","Ann Abney","Photographs","","2022-11-02","2022-11-02","http://cdm17173.contentdm.oclc.org/cdm/ref/collection/mmsimkins/id/13688",13688.0,"15048.jp2","/mmsimkins/image/15048.jp2","","",0,False,False,False,True,False,"['Empty Transcript']","[]"
"Photograph of One-Room Schoolhouse","","","","","","","","Modjeska Simkins Papers, 1909-1992","https://digital.library.sc.edu/collections/modjeska-monteith-simkins-papers-1909-1992/","University of South Carolina. South Carolina Political Collections","","Copyright Not Evaluated. For further information please contact the University of South Carolina, South Carolina Political Collections, Columbia, SC 29208.","English","600 dpi, 24-bit depth, color, Epson Expression 10000 XL Scanner, Primary archival file is a TIFF","2022-08","Still Image","image/jpeg","Photographs","mms0091","Ann Abney","Photographs","","2022-11-02","2022-11-02","http://cdm17173.contentdm.oclc.org/cdm/ref/collection/mmsimkins/id/13689",13689.0,"15049.jp2","/mmsimkins/image/15049.jp2","","",0,False,False,False,True,False,"['Empty Transcript']","[]"
"Photograph of Benches inside a School","","","","","","","","Modjeska Simkins Papers, 1909-1992","https://digital.library.sc.edu/collections/modjeska-monteith-simkins-papers-1909-1992/","University of South Carolina. South Carolina Political Collections","","Copyright Not Evaluated. For further information please contact the University of South Carolina, South Carolina Political Collections, Columbia, SC 29208.","English","600 dpi, 24-bit depth, color, Epson Expression 10000 XL Scanner, Primary archival file is a TIFF","2022-08","Still Image","image/jpeg","Photographs","mms0092","Ann Abney","Photographs","","2022-11-02","2022-11-02","http://cdm17173.contentdm.oclc.org/cdm/ref/collection/mmsimkins/id/13690",13690.0,"15050.jp2","/mmsimkins/image/15050.jp2","","",0,False,False,False,True,False,"['Empty Transcript']","[]"
"Group Portrait, School of Methods at Claflin College, July 5-9, 1943 - Back","","","1943-07","","","","","Modjeska Simkins Papers, 1909-1992","https://digital.library.sc.edu/collections/modjeska-monteith-simkins-papers-1909-1992/","University of South Carolina. South Carolina Political Collections","Orangeburg County (S.C.)","Copyright Not Evaluated. For further information please contact the University of South Carolina, South Carolina Political Collections, Columbia, SC 29208.","English","600 dpi, 24-bit depth, color, Epson Expression 10000 XL Scanner, Primary archival file is a TIFF","2022-08","Still Image","image/jpeg","Photographs","mms0095b","Ann Abney","Photographs","","2022-11-02","2022-11-02","http://cdm17173.contentdm.oclc.org/cdm/ref/collection/mmsimkins/id/13691",13691.0,"15051.jp2","/mmsimkins/image/15051.jp2","1943","",0,False,False,False,True,False,"['Empty Transcript']","[]"
"Portrait of Ernest Hollings","","","","","","","","Modjeska Simkins Papers, 1909-1992","https://digital.library.sc.edu/collections/modjeska-monteith-simkins-papers-1909-1992/","University of South Carolina. South Carolina Political Collections","Richland County (S.C.)","Copyright Not Evaluated. For further information please contact the University of South Carolina, South Carolina Political Collections, Columbia, SC 29208.","English","600 dpi, 24-bit depth, color, Epson Expression 10000 XL Scanner, Primary archival file is a TIFF","2022-08","Still Image","image/jpeg","Photographs","mms0097","Ann Abney","Photographs","","2022-11-02","2022-11-02","http://cdm17173.contentdm.oclc.org/cdm/ref/collection/mmsimkins/id/13692",13692.0,"15052.jp2","/mmsimkins/image/15052.jp2","","",0,False,False,False,True,False,"['Empty Transcript']","[]"
"Plaque for Judge J. Waites Waring","","","","","","","","Modjeska Simkins Papers, 1909-1992","https://digital.library.sc.edu/collections/modjeska-monteith-simkins-papers-1909-1992/","University of South Carolina. South Carolina Political Collections","","Copyright Not Evaluated. For further information please contact the University of South Carolina, South Carolina Political Collections, Columbia, SC 29208.","English","600 dpi, 24-bit depth, color, Epson Expression 10000 XL Scanner, Primary archival file is a TIFF","2022-08","Still Image","image/jpeg","Photographs","mms0100","Ann Abney","Photographs","","2022-11-02","2022-11-02","http://cdm17173.contentdm.oclc.org/cdm/ref/collection/mmsimkins/id/13693",13693.0,"15053.jp2","/mmsimkins/image/15053.jp2","","",0,False,False,False,True,False,"['Empty Transcript']","[]"
"Banquet Table at Unidentified Event - Back","","","","","","","","Modjeska Simkins Papers, 1909-1992","","University of South Carolina. South Carolina Political Collections","","Copyright Not Evaluated. For further information please contact the University of South Carolina, South Carolina Political Collections, Columbia, SC 29208.","","","","","","","mms0069b","","","","2022-08-18","2022-08-18","http://cdm17173.contentdm.oclc.org/cdm/ref/collection/mmsimkins/id/13694",13694.0,"15054.jp2","/mmsimkins/image/15054.jp2","","",0,False,False,False,True,False,"['Empty Transcript']","[]"
"Portrait of a Young Modjeska Simkins","","","","","","","","Modjeska Simkins Papers, 1909-1992","","University of South Carolina. South Carolina Political Collections","","Copyright Not Evaluated. For further information please contact the University of South Carolina, South Carolina Political Collections, Columbia, SC 29208.","","","","","","","mms0070","","","","2022-08-18","2022-08-18","http://cdm17173.contentdm.oclc.org/cdm/ref/collection/mmsimkins/id/13695",13695.0,"15055.jp2","/mmsimkins/image/15055.jp2","","",0,False,False,False,True,False,"['Empty Transcript']","[]"
"Joan Harvey with Modjeska Simkins, 1982 - Front","","","1982","","","","","Modjeska Simkins Papers, 1909-1992","","University of South Carolina. South Carolina Political Collections","","Copyright Not Evaluated. For further information please contact the University of South Carolina, South Carolina Political Collections, Columbia, SC 29208.","","","","","","","mms0074a","","","","2022-08-18","2022-08-18","http://cdm17173.contentdm.oclc.org/cdm/ref/collection/mmsimkins/id/13696",13696.0,"15056.jp2","/mmsimkins/image/15056.jp2","1982","",0,False,False,False,True,False,"['Empty Transcript']","[]"
"Joan Harvey with Modjeska Simkins, 1982 - Back","","","1982","","","","","Modjeska Simkins Papers, 1909-1992","","University of South Carolina. South Carolina Political Collections","","Copyright Not Evaluated. For further information please contact the University of South Carolina, South Carolina Political Collections, Columbia, SC 29208.","","","","","","","mms0074b","","","","2022-08-18","2022-08-18","http://cdm17173.contentdm.oclc.org/cdm/ref/collection/mmsimkins/id/13697",13697.0,"15057.jp2","/mmsimkins/image/15057.jp2","1982","",0,False,False,False,True,False,"['Empty Transcript']","[]"
"Portrait of Modjeska Simkins Reading","","","","","","","","Modjeska Simkins Papers, 1909-1992","","University of South Carolina. South Carolina Political Collections","","Copyright Not Evaluated. For further information please contact the University of South Carolina, South Carolina Political Collections, Columbia, SC 29208.","","","","","","","mms0081","","","","2022-08-18","2022-08-18","http://cdm17173.contentdm.oclc.org/cdm/ref/collection/mmsimkins/id/13698",13698.0,"15058.jp2","/mmsimkins/image/15058.jp2","","",0,False,False,False,True,False,"['Empty Transcript']","[]"
"Headshot of Modjeska Simkins","","","","","","","","Modjeska Simkins Papers, 1909-1992","","University of South Carolina. South Carolina Political Collections","","Copyright Not Evaluated. For further information please contact the University of South Carolina, South Carolina Political Collections, Columbia, SC 29208.","","","","","","","mms0082","","","","2022-08-18","2022-08-18","http://cdm17173.contentdm.oclc.org/cdm/ref/collection/mmsimkins/id/13699",13699.0,"15059.jp2","/mmsimkins/image/15059.jp2","","",0,False,False,False,True,False,"['Empty Transcript']","[]"
"Zion Church Citizens Committee Meeting - Front","","","","","","","","Modjeska Simkins Papers, 1909-1992","","University of South Carolina. South Carolina Political Collections","","Copyright Not Evaluated. For further information please contact the University of South Carolina, South Carolina Political Collections, Columbia, SC 29208.","","","","","","","mms0083a","","","","2022-08-18","2022-08-18","http://cdm17173.contentdm.oclc.org/cdm/ref/collection/mmsimkins/id/13700",13700.0,"15060.jp2","/mmsimkins/image/15060.jp2","","",0,False,False,False,True,False,"['Empty Transcript']","[]"
"Zion Church Citizens Committee Meeting - Back","","","","","","","","Modjeska Simkins Papers, 1909-1992","","University of South Carolina. South Carolina Political Collections","","Copyright Not Evaluated. For further information please contact the University of South Carolina, South Carolina Political Collections, Columbia, SC 29208.","","","","","","","mms0083b","","","","2022-08-18","2022-08-18","http://cdm17173.contentdm.oclc.org/cdm/ref/collection/mmsimkins/id/13701",13701.0,"15061.jp2","/mmsimkins/image/15061.jp2","","",0,False,False,False,True,False,"['Empty Transcript']","[]"
"Portrait","","","","","Modjeska Simkins Papers, Photographs, Other","","","Modjeska Simkins Papers, 1909-1992","https://digital.library.sc.edu/collections/modjeska-monteith-simkins-papers-1909-1992/","University of South Carolina. South Carolina Political Collections","","Copyright Not Evaluated. For further information please contact the University of South Carolina, South Carolina Political Collections, Columbia, SC 29208.","English","600 dpi, 24-bit depth, color, Epson Expression 10000 XL Scanner, Primary archival file is a TIFF","2022-11","Still Image","image/jpeg","Photographs","mms0104","Ann Abney","Photographs","","2022-11-02","2022-11-02","http://cdm17173.contentdm.oclc.org/cdm/ref/collection/mmsimkins/id/13702",13702.0,"15062.jp2","/mmsimkins/image/15062.jp2","","",0,False,False,False,True,False,"['Empty Transcript']","[]"
"Postcard, Man with Cigar - Back","","","","","","","","","https://digital.library.sc.edu/collections/modjeska-monteith-simkins-papers-1909-1992/","University of South Carolina. South Carolina Political Collections","","Copyright Not Evaluated. For further information please contact the University of South Carolina, South Carolina Political Collections, Columbia, SC 29208.","English","600 dpi, 24-bit depth, color, Epson Expression 10000 XL Scanner, Primary archival file is a TIFF","2022-11","Text","image/jpeg","Postcards","mms0113b","Ann Abney","Photographs","","2022-11-02","2022-11-02","http://cdm17173.contentdm.oclc.org/cdm/ref/collection/mmsimkins/id/13703",13703.0,"15063.jp2","/mmsimkins/image/15063.jp2","","",0,False,False,False,True,False,"['Empty Transcript']","[]"
"Mrs. Harry Bellinger Presenting Service Stripe to Lavenia Clarke, circa 1951 - Back","","","circa 1951","","Modjeska Simkins Papers, Photographs, Other","","","Modjeska Simkins Papers, 1909-1992;","https://digital.library.sc.edu/collections/modjeska-monteith-simkins-papers-1909-1992/","University of South Carolina. South Carolina Political Collections","","Copyright Not Evaluated. For further information please contact the University of South Carolina, South Carolina Political Collections, Columbia, SC 29208.","English","600 dpi, 24-bit depth, color, Epson Expression 10000 XL Scanner, Primary archival file is a TIFF","2022-11","Still Image","image/jpeg","Photographs","mms0117b","Ann Abney","Photographs","","2022-11-02","2022-11-02","http://cdm17173.contentdm.oclc.org/cdm/ref/collection/mmsimkins/id/13704",13704.0,"15064.jp2","/mmsimkins/image/15064.jp2","1951","",0,False,False,False,True,False,"['Empty Transcript']","[]"
"Mrs. Harry Bellinger Presenting Service Stripe to Lavenia Clarke, circa 1951 - Description Sheet","","","circa 1951","","","","","Modjeska Simkins Papers, 1909-1992;","https://digital.library.sc.edu/collections/modjeska-monteith-simkins-papers-1909-1992/","University of South Carolina. South Carolina Political Collections","","Copyright Not Evaluated. For further information please contact the University of South Carolina, South Carolina Political Collections, Columbia, SC 29208.","English","600 dpi, 24-bit depth, color, Epson Expression 10000 XL Scanner, Primary archival file is a TIFF","2022-11","Text","image/jpeg","Documents","mms0117c","Ann Abney","Photographs","","2022-11-02","2022-11-02","http://cdm17173.contentdm.oclc.org/cdm/ref/collection/mmsimkins/id/13705",13705.0,"15065.jp2","/mmsimkins/image/15065.jp2","1951","",0,False,False,False,True,False,"['Empty Transcript']","[]"
"Orioles Band with Soldiers at Fort Jackson, South Carolina","","","","","Modjeska Simkins Papers, Photographs, Other","","","Modjeska Simkins Papers, 1909-1992","https://digital.library.sc.edu/collections/modjeska-monteith-simkins-papers-1909-1992/","University of South Carolina. South Carolina Political Collections","Richland County (S.C.)","Public Domain. For further information please contact the University of South Carolina, South Carolina Political Collections, Columbia, SC 29208.","English","600 dpi, 24-bit depth, color, Epson Expression 10000 XL Scanner, Primary archival file is a TIFF","2022-11","Text","image/jpeg","Photographs","mms0118b","Ann Abney","Photographs","","2022-11-02","2022-11-02","http://cdm17173.contentdm.oclc.org/cdm/ref/collection/mmsimkins/id/13706",13706.0,"15066.jp2","/mmsimkins/image/15066.jp2","","",0,False,False,False,True,False,"['Empty Transcript']","[]"
"Guests at Banquet - Back","Boags Modern Arts Photo Studio","","","","Modjeska Simkins Papers, Photographs, Other","","","Modjeska Simkins Papers, 1909-1992","https://digital.library.sc.edu/collections/modjeska-monteith-simkins-papers-1909-1992/","University of South Carolina. South Carolina Political Collections","","Copyright Not Evaluated. For further information please contact the University of South Carolina, South Carolina Political Collections, Columbia, SC 29208.","English","600 dpi, 24-bit depth, color, Epson Expression 10000 XL Scanner, Primary archival file is a TIFF","2022-11","Still Image","image/jpeg","Photographs","mms0119b","Ann Abney","Photographs","","2022-11-02","2022-11-02","http://cdm17173.contentdm.oclc.org/cdm/ref/collection/mmsimkins/id/13707",13707.0,"15067.jp2","/mmsimkins/image/15067.jp2","","",0,False,False,False,True,False,"['Empty Transcript']","[]"
"Portrait of Dryes Brailsford - Description Sheet","","","","","Modjeska Simkins Papers, Photographs, Other","","","Modjeska Simkins Papers, 1909-1992","https://digital.library.sc.edu/collections/modjeska-monteith-simkins-papers-1909-1992/","University of South Carolina. South Carolina Political Collections","","Public Domain. For further information please contact the University of South Carolina, South Carolina Political Collections, Columbia, SC 29208.","English","600 dpi, 24-bit depth, color, Epson Expression 10000 XL Scanner, Primary archival file is a TIFF","2022-11","Text","image/jpeg","Photographs","mms0121b","Ann Abney","Photographs","","2022-11-02","2022-11-02","http://cdm17173.contentdm.oclc.org/cdm/ref/collection/mmsimkins/id/13708",13708.0,"15068.jp2","/mmsimkins/image/15068.jp2","","",0,False,False,False,True,False,"['Empty Transcript']","[]"
"J.P. Carter Receiving a Commendation Ribbon from John Dabney - Back","","","","","Modjeska Simkins Papers, Photographs, Other","","","Modjeska Simkins Papers, 1909-1992","https://digital.library.sc.edu/collections/modjeska-monteith-simkins-papers-1909-1992/","University of South Carolina. South Carolina Political Collections","","Public Domain. For further information please contact the University of South Carolina, South Carolina Political Collections, Columbia, SC 29208.","English","600 dpi, 24-bit depth, color, Epson Expression 10000 XL Scanner, Primary archival file is a TIFF","2022-11","Text","image/jpeg","Photographs","mms0123b","Ann Abney","Photographs","","2022-11-02","2022-11-02","http://cdm17173.contentdm.oclc.org/cdm/ref/collection/mmsimkins/id/13709",13709.0,"15069.jp2","/mmsimkins/image/15069.jp2","","",0,False,False,False,True,False,"['Empty Transcript']","[]"
"J.C. Caroline with Former Coworkers at the Post Exchange, Fort Jackson - Back","","","","","Modjeska Simkins Papers, Photographs, Other","","","Modjeska Simkins Papers, 1909-1992","https://digital.library.sc.edu/collections/modjeska-monteith-simkins-papers-1909-1992/","University of South Carolina. South Carolina Political Collections","Richland County (S.C.)","Copyright Not Evaluated. For further information please contact the University of South Carolina, South Carolina Political Collections, Columbia, SC 29208.","English","600 dpi, 24-bit depth, color, Epson Expression 10000 XL Scanner, Primary archival file is a TIFF","2022-11","Text","image/jpeg","Photographs","mms0124b","Ann Abney","Photographs","","2022-11-02","2022-11-02","http://cdm17173.contentdm.oclc.org/cdm/ref/collection/mmsimkins/id/13710",13710.0,"15070.jp2","/mmsimkins/image/15070.jp2","","",0,False,False,False,True,False,"['Empty Transcript']","[]"
"Group Portrait - Back","","","","","Modjeska Simkins Papers, Photographs, Other","","","Modjeska Simkins Papers, 1909-1992","https://digital.library.sc.edu/collections/modjeska-monteith-simkins-papers-1909-1992/","University of South Carolina. South Carolina Political Collections","","Copyright Not Evaluated. For further information please contact the University of South Carolina, South Carolina Political Collections, Columbia, SC 29208.","English","600 dpi, 24-bit depth, color, Epson Expression 10000 XL Scanner, Primary archival file is a TIFF","2022-11","Still Image","image/jpeg","Photographs","mms0125b","Ann Abney","Photographs","","2022-11-02","2022-11-02","http://cdm17173.contentdm.oclc.org/cdm/ref/collection/mmsimkins/id/13711",13711.0,"15071.jp2","/mmsimkins/image/15071.jp2","","",0,False,False,False,True,False,"['Empty Transcript']","[]"
