"Title","Creator","Contributors","Date","Extent","Source","Keywords","Description","Digital Collection","Website","Contributing Institution","SC County","Rights","Language","Digitization Specifications","Date Digital","Type","Format","Media Type","Identifier","Digital Assistant","Series","OCLC number","Date created","Date modified","Reference URL","CONTENTdm number","CONTENTdm file name","CONTENTdm file path","Year","Original Transcript","Original Len","Special Pattern","General Pattern","Repeat Chars","Short/No Transcript","Quality","Issue Types","Detected Artifacts"
"Modjeska Simkins Papers, General Papers, 1940-1949","Simkins, Modjeska Monteith, 1899-1992","","1940-1949","55 items","Modjeska Simkins Papers. Series: General Papers. South Carolina Political Collections.","Olin D. (Olin Dewitt), 1896-1965; Graham, Frank Porter, 1886-1972; Taft, Robert A. (Robert Alphonso), 1889-1953; Lindeman, Eduard; Southern Negro Youth; sharecroppers; Congress; Southern Congress on Human Welfare; National Association for the Advancement of Colored People;","In addition to several personal letters from Simkins to her step-children and in-laws, this folder contains materials related to her care for, and death of, an elderly friend named Earnest Garnes. Of special interest are an open letter in which she challenges Governor Olin Johnston to debate his racist views, letters from North Carolina Senator Frank Graham and educational pioneer Eduard Lindeman asking her to contribute to the Natoinal Sharecroppers Fund, and a letter from Ohio Senator Robert Taft thanking her voting for him at the 1948 Republican National Convention. During the 1940s, Simkins became State Secretary for the NAACP and became more active in voter registration drives and regional politics. Letters related to her involvement with the Southern Conference on Human Welfare and the Southern Negro Youth Congress also appear in this folder. There is also a letter from a committe that included Paul Robeson, Benjamin Mays, and W.E.B. DuBois inviting her to a meeting of black leaders in New York on November 8, 1947.","Modjeska Simkins Papers, 1909-1992","https://digital.library.sc.edu/collections/modjeska-monteith-simkins-papers-1909-1992/","University of South Carolina. South Carolina Political Collections","","Copyright Not Evaluated. For further information please contact the University of South Carolina, South Carolina Political Collections, Columbia, SC 29208.","English","300ppi, 8-bit depth grayscale, Mekel microfilm scanner with Quantum Scan software, Archival Master file is a TIFF.","2012","Text","image/jpeg","Manuscripts","00314","Nathan Joseph Saunders","General papers","","2020-11-21","2020-11-21","http://cdm17173.contentdm.oclc.org/cdm/ref/collection/mmsimkins/id/484",484.0,"485.cpd","/mmsimkins/image/485.cpd","1940","",0,False,False,False,True,False,"['Empty Transcript']","[]"
"Modjeska Simkins Papers, General Papers, 1909-1938","Simkins, Modjeska Monteith, 1899-1992","","1909-1938","46 items","Modjeska Simkins Papers. Series: General Papers. South Carolina Political Collections.","Roosevelt, Franklin D. (Franklin Delano), 1882-1945; Roosevelt, Eleanor, 1884-1962; Johnston, Olin D. (Olin Dewitt), 1896-1965; tuberculosis; Benedict College","This folder contains several personal letters to and from Modjeska Simkins. Some of these letters deal with her husband Andrew's family affairs. Items of interest include a letter to Eleanor Roosevelt asking her for an audience during her visit to Columbia. There are also two letters to Franklin Roosevelt asking him to remember Gov. Olin Johnston's racism when consulting him on federal appointments. Finally, there are several letters related Simkins's job with the Negro Program for the South Carolina Tubercolisis Association. in addition to the letters, the folder contains a few postcards, including one showing the Benedict College campus during hte 1910s.","Modjeska Simkins Papers, 1909-1992","https://digital.library.sc.edu/collections/modjeska-monteith-simkins-papers-1909-1992/","University of South Carolina. South Carolina Political Collections","","Copyright Not Evaluated. For further information please contact the University of South Carolina, South Carolina Political Collections, Columbia, SC 29208.","English","300ppi, 8-bit depth grayscale, Mekel microfilm scanner with Quantum Scan software, Archival Master file is a TIFF.","2012","Text","image/jpeg","Manuscripts","00231","Nathan Joseph Saunders","General papers","","2020-10-30","2020-10-30","http://cdm17173.contentdm.oclc.org/cdm/ref/collection/mmsimkins/id/558",558.0,"559.cpd","/mmsimkins/image/559.cpd","1909","",0,False,False,False,True,False,"['Empty Transcript']","[]"
"Modjeska Simkins Papers, General Papers, 1970-1972","Simkins, Modjeska Monteith, 1899-1992","","1970-1972","64 items","Modjeska Simkins Papers. Series: General Papers. South Carolina Political Collections.","","","Modjeska Simkins Papers, 1909-1992","https://digital.library.sc.edu/collections/modjeska-monteith-simkins-papers-1909-1992/","University of South Carolina. South Carolina Political Collections","","Copyright Not Evaluated. For further information please contact the University of South Carolina, South Carolina Political Collections, Columbia, SC 29208.","English","300ppi, 8-bit depth grayscale, Mekel microfilm scanner with Quantum Scan software, Archival Master file is a TIFF.","2012","Text","image/jpeg","Manuscripts","00800","Nathan Joseph Saunders","General papers","","2020-10-19","2020-10-19","http://cdm17173.contentdm.oclc.org/cdm/ref/collection/mmsimkins/id/636",636.0,"637.cpd","/mmsimkins/image/637.cpd","1970","",0,False,False,False,True,False,"['Empty Transcript']","[]"
"Modjeska Simkins Papers, General Papers, 1980-1982","Simkins, Modjeska Monteith, 1899-1992","","1980-1982","63 items","Modjeska Simkins Papers. Series: General Papers. South Carolina Political Collections.","","","Modjeska Simkins Papers, 1909-1992","https://digital.library.sc.edu/collections/modjeska-monteith-simkins-papers-1909-1992/","University of South Carolina. South Carolina Political Collections","","Copyright Not Evaluated. For further information please contact the University of South Carolina, South Carolina Political Collections, Columbia, SC 29208.","English","300ppi, 8-bit depth grayscale, Mekel microfilm scanner with Quantum Scan software, Archival Master file is a TIFF.","2012","Text","image/jpeg","Manuscripts","01082","Nathan Joseph Saunders","General papers","","2020-10-19","2020-10-19","http://cdm17173.contentdm.oclc.org/cdm/ref/collection/mmsimkins/id/741",741.0,"742.cpd","/mmsimkins/image/742.cpd","1980","",0,False,False,False,True,False,"['Empty Transcript']","[]"
"Modjeska Simkins Papers, General Papers, 1987-1992","Simkins, Modjeska Monteith, 1899-1992","","1987-1992","59 items","Modjeska Simkins Papers. Series: General Papers. South Carolina Political Collections.","","","Modjeska Simkins Papers, 1909-1992","https://digital.library.sc.edu/collections/modjeska-monteith-simkins-papers-1909-1992/","University of South Carolina. South Carolina Political Collections","","Copyright Not Evaluated. For further information please contact the University of South Carolina, South Carolina Political Collections, Columbia, SC 29208.","English","300ppi, 8-bit depth grayscale, Mekel microfilm scanner with Quantum Scan software, Archival Master file is a TIFF.","2012","Text","image/jpeg","Manuscripts","01333","Nathan Joseph Saunders","General papers","","2020-10-19","2020-10-19","http://cdm17173.contentdm.oclc.org/cdm/ref/collection/mmsimkins/id/863",863.0,"864.cpd","/mmsimkins/image/864.cpd","1987","",0,False,False,False,True,False,"['Empty Transcript']","[]"
"Modjeska Simkins Papers, General Papers, 1950-1956","Simkins, Modjeska Monteith, 1899-1992","","1950-1956","46 items","Modjeska Simkins Papers. Series: General Papers. South Carolina Political Collections.","","","Modjeska Simkins Papers, 1909-1992","https://digital.library.sc.edu/collections/modjeska-monteith-simkins-papers-1909-1992/","University of South Carolina. South Carolina Political Collections","","Copyright Not Evaluated. For further information please contact the University of South Carolina, South Carolina Political Collections, Columbia, SC 29208.","English","300ppi, 8-bit depth grayscale, Mekel microfilm scanner with Quantum Scan software, Archival Master file is a TIFF.","2012","Text","image/jpeg","Manuscripts","00399","Nathan Joseph Saunders","General papers","","2020-11-20","2020-11-20","http://cdm17173.contentdm.oclc.org/cdm/ref/collection/mmsimkins/id/928",928.0,"929.cpd","/mmsimkins/image/929.cpd","1950","",0,False,False,False,True,False,"['Empty Transcript']","[]"
"Modjeska Simkins Papers, General Papers, 1967-1969","Simkins, Modjeska Monteith, 1899-1992","","1967-1969","54 items","Modjeska Simkins Papers. Series: General Papers. South Carolina Political Collections.","","","Modjeska Simkins Papers, 1909-1992","https://digital.library.sc.edu/collections/modjeska-monteith-simkins-papers-1909-1992/","University of South Carolina. South Carolina Political Collections","","Copyright Not Evaluated. For further information please contact the University of South Carolina, South Carolina Political Collections, Columbia, SC 29208.","English","300ppi, 8-bit depth grayscale, Mekel microfilm scanner with Quantum Scan software, Archival Master file is a TIFF.","2012","Text","image/jpeg","Manuscripts","00707","Nathan Joseph Saunders","General papers","","2021-04-01","2021-04-01","http://cdm17173.contentdm.oclc.org/cdm/ref/collection/mmsimkins/id/1013",1013.0,"1014.cpd","/mmsimkins/image/1014.cpd","1967","",0,False,False,False,True,False,"['Empty Transcript']","[]"
"Modjeska Simkins Papers, General Papers, No Date, Part 2","Simkins, Modjeska Monteith, 1899-1992","","","68 items","Modjeska Simkins Papers. Series: General Papers. South Carolina Political Collections.","","","Modjeska Simkins Papers, 1909-1992","https://digital.library.sc.edu/collections/modjeska-monteith-simkins-papers-1909-1992/","University of South Carolina. South Carolina Political Collections","","Copyright Not Evaluated. For further information please contact the University of South Carolina, South Carolina Political Collections, Columbia, SC 29208.","English","300ppi, 8-bit depth grayscale, Mekel microfilm scanner with Quantum Scan software, Archival Master file is a TIFF.","2012","Text","image/jpeg","Manuscripts","01586","Nathan Joseph Saunders","General papers","","2020-10-19","2020-10-19","http://cdm17173.contentdm.oclc.org/cdm/ref/collection/mmsimkins/id/1135",1135.0,"1136.cpd","/mmsimkins/image/1136.cpd","","",0,False,False,False,True,False,"['Empty Transcript']","[]"
"Modjeska Simkins Papers, General Papers, 1964-1966","Simkins, Modjeska Monteith, 1899-1992","","1964-1966","54 items","Modjeska Simkins Papers. Series: General Papers. South Carolina Political Collections.","Russell, Donald; Bates, Lester; Aptheker, Herbert; Watson, Albert; employmnet discrimination; Democratic Party","This folder features many items pertaining to Simkins's political activity. She frequently helped those who felt their civil rights had been violated. For example, she wrote letters to the U.S. Department of Justice regarding unfair employment practices at both Ft. Jackson and the State Mental Hospital. Simkins herself ran for the city council and for the South Caraolina House of Representatives 1966. This folder also features letters pertaining to the controversy over her support of Herbert Aptheker, a Marxist historian. She befriended Aptheker while he was stationed at Ft. Jackson during World War II. Finally, the folder contains some letters to and from such well-known South Carolina political figures as Governor Donald Russell and Columbia Mayor Lester Bates. Although neither man was a staunch supporter of African American rights, both men counted on African American votes to win election.","Modjeska Simkins Papers, 1909-1992","https://digital.library.sc.edu/collections/modjeska-monteith-simkins-papers-1909-1992/","University of South Carolina. South Carolina Political Collections","","Copyright Not Evaluated. For further information please contact the University of South Carolina, South Carolina Political Collections, Columbia, SC 29208.","English","300ppi, 8-bit depth grayscale, Mekel microfilm scanner with Quantum Scan software, Archival Master file is a TIFF.","2012","Text","image/jpeg","Manuscripts","00603","Nathan Joseph Saunders","General papers","","2021-01-20","2021-01-20","http://cdm17173.contentdm.oclc.org/cdm/ref/collection/mmsimkins/id/1221",1221.0,"1325.cpd","/mmsimkins/image/1325.cpd","1964","",0,False,False,False,True,False,"['Empty Transcript']","[]"
"Modjeska Simkins Papers, General Papers, No Date, Part 1","Simkins, Modjeska Monteith, 1899-1992","","","58 items","Modjeska Simkins Papers. Series: General Papers. South Carolina Political Collections.","","","Modjeska Simkins Papers, 1909-1992","https://digital.library.sc.edu/collections/modjeska-monteith-simkins-papers-1909-1992/","University of South Carolina. South Carolina Political Collections","","Copyright Not Evaluated. For further information please contact the University of South Carolina, South Carolina Political Collections, Columbia, SC 29208.","English","300ppi, 8-bit depth grayscale, Mekel microfilm scanner with Quantum Scan software, Archival Master file is a TIFF.","2012","Text","image/jpeg","Manuscripts","01489","Nathan Joseph Saunders","General papers","","2020-10-19","2020-10-19","http://cdm17173.contentdm.oclc.org/cdm/ref/collection/mmsimkins/id/1310",1310.0,"1414.cpd","/mmsimkins/image/1414.cpd","","",0,False,False,False,True,False,"['Empty Transcript']","[]"
"Modjeska Simkins Papers, General Papers, 1973-1975","Simkins, Modjeska Monteith, 1899-1992","","1973-1975","49 items","Modjeska Simkins Papers. Series: General Papers. South Carolina Political Collections.","","","Modjeska Simkins Papers, 1909-1992","https://digital.library.sc.edu/collections/modjeska-monteith-simkins-papers-1909-1992/","University of South Carolina. South Carolina Political Collections","","Copyright Not Evaluated. For further information please contact the University of South Carolina, South Carolina Political Collections, Columbia, SC 29208.","English","300ppi, 8-bit depth grayscale, Mekel microfilm scanner with Quantum Scan software, Archival Master file is a TIFF.","2012","Text","image/jpeg","Manuscripts","00892","Nathan Joseph Saunders","General papers","","2020-10-19","2020-10-19","http://cdm17173.contentdm.oclc.org/cdm/ref/collection/mmsimkins/id/1382",1382.0,"1486.cpd","/mmsimkins/image/1486.cpd","1973","",0,False,False,False,True,False,"['Empty Transcript']","[]"
"Modjeska Simkins Papers, General Papers, 1976-1979","Simkins, Modjeska Monteith, 1899-1992","","1976-1979","67 items","Modjeska Simkins Papers. Series: General Papers. South Carolina Political Collections.","","","Modjeska Simkins Papers, 1909-1992","https://digital.library.sc.edu/collections/modjeska-monteith-simkins-papers-1909-1992/","University of South Carolina. South Carolina Political Collections","","Copyright Not Evaluated. For further information please contact the University of South Carolina, South Carolina Political Collections, Columbia, SC 29208.","English","300ppi, 8-bit depth grayscale, Mekel microfilm scanner with Quantum Scan software, Archival Master file is a TIFF.","2012","Text","image/jpeg","Manuscripts","00974","Nathan Joseph Saunders","General papers","","2020-10-19","2020-10-19","http://cdm17173.contentdm.oclc.org/cdm/ref/collection/mmsimkins/id/1481",1481.0,"1585.cpd","/mmsimkins/image/1585.cpd","1976","",0,False,False,False,True,False,"['Empty Transcript']","[]"
"Modjeska Simkins Papers, Biographical Papers, Oral History, 1976","Simkins, Modjeska Monteith, 1899-1992","Hall, Jacquelyn Dowd","1977-07-31 00:00:00","1 item","Modjeska Simkins Papers. Series: Biographical Papers. South Carolina Political Collections.","Simkins, Modjeska, 1899-1992;Columbia (S.C.)","This folder conains an extensive oral history interview conducted by Jacquelyn Dowd Hall at the University of North Carolina. It is wide ranging and covers most aspects of Simkins's life and career as an activist.","Modjeska Simkins Papers, 1909-1992","https://digital.library.sc.edu/collections/modjeska-monteith-simkins-papers-1909-1992/","University of South Carolina. South Carolina Political Collections","","Copyright Not Evaluated. For further information please contact the University of South Carolina, South Carolina Political Collections, Columbia, SC 29208.","English","300ppi, 8-bit depth grayscale, Mekel microfilm scanner with Quantum Scan software, Archival Master file is a TIFF.","2012","Text","image/jpeg","Manuscripts","00058","Nathan Joseph Saunders","Biographical papers","","2020-10-19","2020-10-19","http://cdm17173.contentdm.oclc.org/cdm/ref/collection/mmsimkins/id/1640",1640.0,"1744.cpd","/mmsimkins/image/1744.cpd","1977","",0,False,False,False,True,False,"['Empty Transcript']","[]"
"Modjeska Simkins Papers, General Papers, 1957-1963","Simkins, Modjeska Monteith, 1899-1992","","1957-1963","64 items","Modjeska Simkins Papers. Series: General Papers. South Carolina Political Collections.","civil rights; Elloree, SC; Henri Monteith; Henry Monteith; voter education; Hollings, Ernest F.; Russell, Donald; Small Business Administration","This folder contains a number of letters regarding Modjeska Simkins's business dealings. For example, she loaned money to several people facing hardship. This hardship at least in some cases appears to be the result of reprisals for civil rights activity in Elloree, South Carolina. There are also letters pertaining to voter registration and education initiatives. African American votes were becoming more important to South Carolina politicians, and the folder includes a letter from Donald Russell asking for support against Fritz Hollings in the 1958 gubernatorial election. There are a couple of letters from white supremacist groups, including one sent to Dr. Henry Monteith, Simkins's brother, asking for donations to the White Citizens' Council. Monteith's daughter, Henri, would integrate the University of South Carolina in the Fall of 1963. There are some letters pertaining to violations of civil rights in South Carolina, including the electrocution of Walter James Outen for allegedly raping a white woman. The Teachers Union of New York City always invited Simkins to its annual meeting, and letters pertaining to that topic also appear in the folder. On a more personal note, the folder contains several letters expressing condolences over the death of Monteith's mother.","Modjeska Simkins Papers, 1909-1992","https://digital.library.sc.edu/collections/modjeska-monteith-simkins-papers-1909-1992/","University of South Carolina. South Carolina Political Collections","","Copyright Not Evaluated. For further information please contact the University of South Carolina, South Carolina Political Collections, Columbia, SC 29208.","English","300ppi, 8-bit depth grayscale, Mekel microfilm scanner with Quantum Scan software, Archival Master file is a TIFF.","2012","Text","image/jpeg","Manuscripts","00472","Nathan Joseph Saunders","General papers","","2020-12-07","2020-12-07","http://cdm17173.contentdm.oclc.org/cdm/ref/collection/mmsimkins/id/1743",1743.0,"2053.cpd","/mmsimkins/image/2053.cpd","1957","",0,False,False,False,True,False,"['Empty Transcript']","[]"
"Modjeska Simkins Papers, Topical Papers, ACLU, 1988","Simkins, Modjeska Monteith, 1899-1992","","1988","42 items","Modjeska Simkins Papers. Series: Topical files. South Carolina Political Collections.","","","Modjeska Simkins Papers, 1909-1992","https://digital.library.sc.edu/collections/modjeska-monteith-simkins-papers-1909-1992/","University of South Carolina. South Carolina Political Collections","","Copyright Not Evaluated. For further information please contact the University of South Carolina, South Carolina Political Collections, Columbia, SC 29208.","English","300ppi, 8-bit depth grayscale, Mekel microfilm scanner with Quantum Scan software, Archival Master file is a TIFF.","2012","Text","image/jpeg","Manuscripts","02041","Nathan Joseph Saunders","Topical files","","2020-10-19","2020-10-19","http://cdm17173.contentdm.oclc.org/cdm/ref/collection/mmsimkins/id/1843",1843.0,"2153.cpd","/mmsimkins/image/2153.cpd","1988","",0,False,False,False,True,False,"['Empty Transcript']","[]"
"Modjeska Simkins Papers, Topical Papers, ACLU, 1954-1977","Simkins, Modjeska Monteith, 1899-1992","","1954-1977","29 items","Modjeska Simkins Papers. Series: Topical files. South Carolina Political Collections.","","","Modjeska Simkins Papers, 1909-1992","https://digital.library.sc.edu/collections/modjeska-monteith-simkins-papers-1909-1992/","University of South Carolina. South Carolina Political Collections","","Copyright Not Evaluated. For further information please contact the University of South Carolina, South Carolina Political Collections, Columbia, SC 29208.","English","300ppi, 8-bit depth grayscale, Mekel microfilm scanner with Quantum Scan software, Archival Master file is a TIFF.","2012","Text","image/jpeg","Manuscripts","01715","Nathan Joseph Saunders","Topical files","","2020-10-19","2020-10-19","http://cdm17173.contentdm.oclc.org/cdm/ref/collection/mmsimkins/id/1950",1950.0,"2260.cpd","/mmsimkins/image/2260.cpd","1954","",0,False,False,False,True,False,"['Empty Transcript']","[]"
"Modjeska Simkins Papers, Topical Papers, ACLU, 1978-1982","Simkins, Modjeska Monteith, 1899-1992","","1978-1982","19 items","Modjeska Simkins Papers. Series: Topical files. South Carolina Political Collections.","","","Modjeska Simkins Papers, 1909-1992","https://digital.library.sc.edu/collections/modjeska-monteith-simkins-papers-1909-1992/","University of South Carolina. South Carolina Political Collections","","Copyright Not Evaluated. For further information please contact the University of South Carolina, South Carolina Political Collections, Columbia, SC 29208.","English","300ppi, 8-bit depth grayscale, Mekel microfilm scanner with Quantum Scan software, Archival Master file is a TIFF.","2012","Text","image/jpeg","Manuscripts","01835","Nathan Joseph Saunders","Topical files","","2020-10-19","2020-10-19","http://cdm17173.contentdm.oclc.org/cdm/ref/collection/mmsimkins/id/2016",2016.0,"2326.cpd","/mmsimkins/image/2326.cpd","1978","",0,False,False,False,True,False,"['Empty Transcript']","[]"
"Modjeska Simkins Papers, Topical Papers, ACLU, 1983-1987","Simkins, Modjeska Monteith, 1899-1992","","1983-1987","35 items","Modjeska Simkins Papers. Series: Topical files. South Carolina Political Collections.","","","Modjeska Simkins Papers, 1909-1992","https://digital.library.sc.edu/collections/modjeska-monteith-simkins-papers-1909-1992/","University of South Carolina. South Carolina Political Collections","","Copyright Not Evaluated. For further information please contact the University of South Carolina, South Carolina Political Collections, Columbia, SC 29208.","English","300ppi, 8-bit depth grayscale, Mekel microfilm scanner with Quantum Scan software, Archival Master file is a TIFF.","2012","Text","image/jpeg","Manuscripts","01907","Nathan Joseph Saunders","Topical files","","2020-10-19","2020-10-19","http://cdm17173.contentdm.oclc.org/cdm/ref/collection/mmsimkins/id/2120",2120.0,"2430.cpd","/mmsimkins/image/2430.cpd","1983","",0,False,False,False,True,False,"['Empty Transcript']","[]"
"Modjeska Simkins Papers, Topical Papers, Education, Higher, Allen University and Benedict College, 1930-1990 and N.D., 2 of 2","Simkins, Modjeska Monteith, 1899-1992","","1930-1990","24 items","Modjeska Simkins Papers. Series: Topical files. South Carolina Political Collections.","","","Modjeska Simkins Papers, 1909-1992","https://digital.library.sc.edu/collections/modjeska-monteith-simkins-papers-1909-1992/","University of South Carolina. South Carolina Political Collections","","Copyright Not Evaluated. For further information please contact the University of South Carolina, South Carolina Political Collections, Columbia, SC 29208.","English","300ppi, 8-bit depth grayscale, Mekel microfilm scanner with Quantum Scan software, Archival Master file is a TIFF.","2012","Text","image/jpeg","Manuscripts","03206","Nathan Joseph Saunders","Topical files","","2020-10-19","2020-10-19","http://cdm17173.contentdm.oclc.org/cdm/ref/collection/mmsimkins/id/2197",2197.0,"2507.cpd","/mmsimkins/image/2507.cpd","1930","",0,False,False,False,True,False,"['Empty Transcript']","[]"
"Modjeska Simkins Papers, Topical Papers, Columbia Women's Council, 1949-1951 and No Date","Simkins, Modjeska Monteith, 1899-1992","","1949-1951","20 items","Modjeska Simkins Papers. Series: Topical files. South Carolina Political Collections.","","","Modjeska Simkins Papers, 1909-1992","https://digital.library.sc.edu/collections/modjeska-monteith-simkins-papers-1909-1992/","University of South Carolina. South Carolina Political Collections","","Copyright Not Evaluated. For further information please contact the University of South Carolina, South Carolina Political Collections, Columbia, SC 29208.","English","300ppi, 8-bit depth grayscale, Mekel microfilm scanner with Quantum Scan software, Archival Master file is a TIFF.","2012","Text","image/jpeg","Manuscripts","02939","Nathan Joseph Saunders","Topical files","","2020-10-19","2020-10-19","http://cdm17173.contentdm.oclc.org/cdm/ref/collection/mmsimkins/id/2240",2240.0,"2550.cpd","/mmsimkins/image/2550.cpd","1949","",0,False,False,False,True,False,"['Empty Transcript']","[]"
"Modjeska Simkins Papers, Topical Papers, Campaigns, Miscellaneous 2","Simkins, Modjeska Monteith, 1899-1992","","","60 items","Modjeska Simkins Papers. Series: Topical files. South Carolina Political Collections.","","","Modjeska Simkins Papers, 1909-1992","https://digital.library.sc.edu/collections/modjeska-monteith-simkins-papers-1909-1992/","University of South Carolina. South Carolina Political Collections","","Copyright Not Evaluated. For further information please contact the University of South Carolina, South Carolina Political Collections, Columbia, SC 29208.","English","300ppi, 8-bit depth grayscale, Mekel microfilm scanner with Quantum Scan software, Archival Master file is a TIFF.","2012","Text","image/jpeg","Manuscripts","02833","Nathan Joseph Saunders","Topical files","","2020-10-19","2020-10-19","http://cdm17173.contentdm.oclc.org/cdm/ref/collection/mmsimkins/id/2334",2334.0,"2644.cpd","/mmsimkins/image/2644.cpd","","",0,False,False,False,True,False,"['Empty Transcript']","[]"
"Modjeska Simkins Papers, Topical Papers, Blacks United for Action","Simkins, Modjeska Monteith, 1899-1992","","1969-1972","3 items","Modjeska Simkins Papers. Series: Topical files. South Carolina Political Collections.","","","Modjeska Simkins Papers, 1909-1992","https://digital.library.sc.edu/collections/modjeska-monteith-simkins-papers-1909-1992/","University of South Carolina. South Carolina Political Collections","","Copyright Not Evaluated. For further information please contact the University of South Carolina, South Carolina Political Collections, Columbia, SC 29208.","English","300ppi, 8-bit depth grayscale, Mekel microfilm scanner with Quantum Scan software, Archival Master file is a TIFF.","2012","Text","image/jpeg","Manuscripts","02471","Nathan Joseph Saunders","Topical files","","2020-10-19","2020-10-19","http://cdm17173.contentdm.oclc.org/cdm/ref/collection/mmsimkins/id/2341",2341.0,"2651.cpd","/mmsimkins/image/2651.cpd","1969","",0,False,False,False,True,False,"['Empty Transcript']","[]"
"Modjeska Simkins Papers, Topical Papers, Democratic Party, 1928-1986 and no date, 2 of 2","Simkins, Modjeska Monteith, 1899-1992","","1928-1986","10 items","Modjeska Simkins Papers. Series: Topical files. South Carolina Political Collections.","","","Modjeska Simkins Papers, 1909-1992","https://digital.library.sc.edu/collections/modjeska-monteith-simkins-papers-1909-1992/","University of South Carolina. South Carolina Political Collections","","Copyright Not Evaluated. For further information please contact the University of South Carolina, South Carolina Political Collections, Columbia, SC 29208.","English","300ppi, 8-bit depth grayscale, Mekel microfilm scanner with Quantum Scan software, Archival Master file is a TIFF.","2012","Text","image/jpeg","Manuscripts","03143","Nathan Joseph Saunders","Topical files","","2020-10-19","2020-10-19","http://cdm17173.contentdm.oclc.org/cdm/ref/collection/mmsimkins/id/2401",2401.0,"2711.cpd","/mmsimkins/image/2711.cpd","1928","",0,False,False,False,True,False,"['Empty Transcript']","[]"
"Modjeska Simkins Papers, Topical Papers, ACLU, No Date","Simkins, Modjeska Monteith, 1899-1992","","","8 items","Modjeska Simkins Papers. Series: Topical files. South Carolina Political Collections.","","","Modjeska Simkins Papers, 1909-1992","https://digital.library.sc.edu/collections/modjeska-monteith-simkins-papers-1909-1992/","University of South Carolina. South Carolina Political Collections","","Copyright Not Evaluated. For further information please contact the University of South Carolina, South Carolina Political Collections, Columbia, SC 29208.","English","300ppi, 8-bit depth grayscale, Mekel microfilm scanner with Quantum Scan software, Archival Master file is a TIFF.","2012","Text","image/jpeg","Manuscripts","02263","Nathan Joseph Saunders","Topical files","","2020-10-19","2020-10-19","http://cdm17173.contentdm.oclc.org/cdm/ref/collection/mmsimkins/id/2436",2436.0,"2746.cpd","/mmsimkins/image/2746.cpd","","",0,False,False,False,True,False,"['Empty Transcript']","[]"
"Modjeska Simkins Papers, Topical Papers, ACLU, 1989-1991","Simkins, Modjeska Monteith, 1899-1992","","1989-1991","40 items","Modjeska Simkins Papers. Series: Topical files. South Carolina Political Collections.","","","Modjeska Simkins Papers, 1909-1992","https://digital.library.sc.edu/collections/modjeska-monteith-simkins-papers-1909-1992/","University of South Carolina. South Carolina Political Collections","","Copyright Not Evaluated. For further information please contact the University of South Carolina, South Carolina Political Collections, Columbia, SC 29208.","English","300ppi, 8-bit depth grayscale, Mekel microfilm scanner with Quantum Scan software, Archival Master file is a TIFF.","2012","Text","image/jpeg","Manuscripts","02142","Nathan Joseph Saunders","Topical files","","2020-10-19","2020-10-19","http://cdm17173.contentdm.oclc.org/cdm/ref/collection/mmsimkins/id/2555",2555.0,"2865.cpd","/mmsimkins/image/2865.cpd","1989","",0,False,False,False,True,False,"['Empty Transcript']","[]"
"Modjeska Simkins Papers, Topical Papers, Campaigns, 1983-1984","Simkins, Modjeska Monteith, 1899-1992","","1983-1984","43 items","Modjeska Simkins Papers. Series: Topical files. South Carolina Political Collections.","","","Modjeska Simkins Papers, 1909-1992","https://digital.library.sc.edu/collections/modjeska-monteith-simkins-papers-1909-1992/","University of South Carolina. South Carolina Political Collections","","Copyright Not Evaluated. For further information please contact the University of South Carolina, South Carolina Political Collections, Columbia, SC 29208.","English","300ppi, 8-bit depth grayscale, Mekel microfilm scanner with Quantum Scan software, Archival Master file is a TIFF.","2012","Text","image/jpeg","Manuscripts","02571","Nathan Joseph Saunders","Topical files","","2020-10-19","2020-10-19","http://cdm17173.contentdm.oclc.org/cdm/ref/collection/mmsimkins/id/2633",2633.0,"2943.cpd","/mmsimkins/image/2943.cpd","1983","",0,False,False,False,True,False,"['Empty Transcript']","[]"
"Modjeska Simkins Papers, Topical Papers, Community Action Plan for Richland and Lexington Counties","Simkins, Modjeska Monteith, 1899-1992","","1983-1984","2 items","Modjeska Simkins Papers. Series: Topical files. South Carolina Political Collections.","","","Modjeska Simkins Papers, 1909-1992","https://digital.library.sc.edu/collections/modjeska-monteith-simkins-papers-1909-1992/","University of South Carolina. South Carolina Political Collections","","Copyright Not Evaluated. For further information please contact the University of South Carolina, South Carolina Political Collections, Columbia, SC 29208.","English","300ppi, 8-bit depth grayscale, Mekel microfilm scanner with Quantum Scan software, Archival Master file is a TIFF.","2012","Text","image/jpeg","Manuscripts","02985","Nathan Joseph Saunders","Topical files","","2020-10-19","2020-10-19","http://cdm17173.contentdm.oclc.org/cdm/ref/collection/mmsimkins/id/2699",2699.0,"3009.cpd","/mmsimkins/image/3009.cpd","1983","",0,False,False,False,True,False,"['Empty Transcript']","[]"
"Modjeska Simkins Papers, Topical Papers, Awards, 1986-1991","Simkins, Modjeska Monteith, 1899-1992","42","1986-1991","43 items","Modjeska Simkins Papers. Series: Topical files. South Carolina Political Collections.","","","Modjeska Simkins Papers, 1909-1992","https://digital.library.sc.edu/collections/modjeska-monteith-simkins-papers-1909-1992/","University of South Carolina. South Carolina Political Collections","","Copyright Not Evaluated. For further information please contact the University of South Carolina, South Carolina Political Collections, Columbia, SC 29208.","English","300ppi, 8-bit depth grayscale, Mekel microfilm scanner with Quantum Scan software, Archival Master file is a TIFF.","2012","Text","image/jpeg","Manuscripts","02381","Nathan Joseph Saunders","Topical files","","2020-10-19","2020-10-19","http://cdm17173.contentdm.oclc.org/cdm/ref/collection/mmsimkins/id/2785",2785.0,"3095.cpd","/mmsimkins/image/3095.cpd","1986","",0,False,False,False,True,False,"['Empty Transcript']","[]"
"Modjeska Simkins Papers, Topical Papers, Campaigns, 1966","Simkins, Modjeska Monteith, 1899-1992","","1966","30 items","Modjeska Simkins Papers. Series: Topical files. South Carolina Political Collections.","","","Modjeska Simkins Papers, 1909-1992","https://digital.library.sc.edu/collections/modjeska-monteith-simkins-papers-1909-1992/","University of South Carolina. South Carolina Political Collections","","Copyright Not Evaluated. For further information please contact the University of South Carolina, South Carolina Political Collections, Columbia, SC 29208.","English","300ppi, 8-bit depth grayscale, Mekel microfilm scanner with Quantum Scan software, Archival Master file is a TIFF.","2012","Text","image/jpeg","Manuscripts","02478","Nathan Joseph Saunders","Topical files","","2020-10-19","2020-10-19","http://cdm17173.contentdm.oclc.org/cdm/ref/collection/mmsimkins/id/2869",2869.0,"3179.cpd","/mmsimkins/image/3179.cpd","1966","",0,False,False,False,True,False,"['Empty Transcript']","[]"
"Modjeska Simkins Papers, Topical Papers, Democratic Party, 1928-1986 and no date, 1 of 2","Simkins, Modjeska Monteith, 1899-1992","","1928-1986","36 items","Modjeska Simkins Papers. Series: Topical files. South Carolina Political Collections.","","","Modjeska Simkins Papers, 1909-1992","https://digital.library.sc.edu/collections/modjeska-monteith-simkins-papers-1909-1992/","University of South Carolina. South Carolina Political Collections","","Copyright Not Evaluated. For further information please contact the University of South Carolina, South Carolina Political Collections, Columbia, SC 29208.","English","300ppi, 8-bit depth grayscale, Mekel microfilm scanner with Quantum Scan software, Archival Master file is a TIFF.","2012","Text","image/jpeg","Manuscripts","03051","Nathan Joseph Saunders","Topical files","","2020-10-19","2020-10-19","http://cdm17173.contentdm.oclc.org/cdm/ref/collection/mmsimkins/id/2953",2953.0,"3263.cpd","/mmsimkins/image/3263.cpd","1928","",0,False,False,False,True,False,"['Empty Transcript']","[]"
"Modjeska Simkins Papers, Topical Papers, Columbia Town Council, 1946 and No Date","Simkins, Modjeska Monteith, 1899-1992","","1946","11 items","Modjeska Simkins Papers. Series: Topical files. South Carolina Political Collections.","","","Modjeska Simkins Papers, 1909-1992","https://digital.library.sc.edu/collections/modjeska-monteith-simkins-papers-1909-1992/","University of South Carolina. South Carolina Political Collections","","Copyright Not Evaluated. For further information please contact the University of South Carolina, South Carolina Political Collections, Columbia, SC 29208.","English","300ppi, 8-bit depth grayscale, Mekel microfilm scanner with Quantum Scan software, Archival Master file is a TIFF.","2012","Text","image/jpeg","Manuscripts","02927","Nathan Joseph Saunders","Topical files","","2020-10-19","2020-10-19","http://cdm17173.contentdm.oclc.org/cdm/ref/collection/mmsimkins/id/2965",2965.0,"3275.cpd","/mmsimkins/image/3275.cpd","1946","",0,False,False,False,True,False,"['Empty Transcript']","[]"
"Modjeska Simkins Papers, Topical Papers, Awards, 1942-1985","Simkins, Modjeska Monteith, 1899-1992","","1942-1985","40 items","Modjeska Simkins Papers. Series: Topical files. South Carolina Political Collections.","","","Modjeska Simkins Papers, 1909-1992","https://digital.library.sc.edu/collections/modjeska-monteith-simkins-papers-1909-1992/","University of South Carolina. South Carolina Political Collections","","Copyright Not Evaluated. For further information please contact the University of South Carolina, South Carolina Political Collections, Columbia, SC 29208.","English","300ppi, 8-bit depth grayscale, Mekel microfilm scanner with Quantum Scan software, Archival Master file is a TIFF.","2012","Text","image/jpeg","Manuscripts","02304","Nathan Joseph Saunders","Topical files","","2020-10-19","2020-10-19","http://cdm17173.contentdm.oclc.org/cdm/ref/collection/mmsimkins/id/3037",3037.0,"3347.cpd","/mmsimkins/image/3347.cpd","1942","",0,False,False,False,True,False,"['Empty Transcript']","[]"
"Modjeska Simkins Papers, Topical Papers, Good Samaritan Waverly Hospital, General, N.D. (2 of 2)","Simkins, Modjeska Monteith, 1899-1992","","","86 items","Modjeska Simkins Papers. Series: Topical files. South Carolina Political Collections.","","","Modjeska Simkins Papers, 1909-1992","https://digital.library.sc.edu/collections/modjeska-monteith-simkins-papers-1909-1992/","University of South Carolina. South Carolina Political Collections","","Copyright Not Evaluated. For further information please contact the University of South Carolina, South Carolina Political Collections, Columbia, SC 29208.","English","300ppi, 8-bit depth grayscale, Mekel microfilm scanner with Quantum Scan software, Archival Master file is a TIFF.","2012","Text","image/jpeg","Manuscripts","04207","Nathan Joseph Saunders","Topical files","","2020-10-19","2020-10-19","http://cdm17173.contentdm.oclc.org/cdm/ref/collection/mmsimkins/id/3152",3152.0,"3462.cpd","/mmsimkins/image/3462.cpd","","",0,False,False,False,True,False,"['Empty Transcript']","[]"
"Modjeska Simkins Papers, Topical Papers, Good Samaritan Waverly Hospital, General, 1945","Simkins, Modjeska Monteith, 1899-1992","","1945","117 items","Modjeska Simkins Papers. Series: Topical files. South Carolina Political Collections.","","This folder contains fundraising letters soliciting donations for the Good Samaritan-Waverley Hospital. Located at 2204 Hampton St. in downton Columbia, the hospital served African American residents from 1952 until 1973.","Modjeska Simkins Papers, 1909-1992","https://digital.library.sc.edu/collections/modjeska-monteith-simkins-papers-1909-1992/","University of South Carolina. South Carolina Political Collections","","Copyright Not Evaluated. For further information please contact the University of South Carolina, South Carolina Political Collections, Columbia, SC 29208.","English","300ppi, 8-bit depth grayscale, Mekel microfilm scanner with Quantum Scan software, Archival Master file is a TIFF.","2012","Text","image/jpeg","Manuscripts","03720","Nathan Joseph Saunders","Topical files","","2020-10-19","2020-10-19","http://cdm17173.contentdm.oclc.org/cdm/ref/collection/mmsimkins/id/3293",3293.0,"3603.cpd","/mmsimkins/image/3603.cpd","1945","",0,False,False,False,True,False,"['Empty Transcript']","[]"
"Modjeska Simkins Papers, Topical Papers, Education, Higher, South Carolina State College / University, 1939-1990 and n.d.","Simkins, Modjeska Monteith, 1899-1992","","1939-1990","39 items","Modjeska Simkins Papers. Series: Topical files. South Carolina Political Collections.","","","Modjeska Simkins Papers, 1909-1992","https://digital.library.sc.edu/collections/modjeska-monteith-simkins-papers-1909-1992/","University of South Carolina. South Carolina Political Collections","","Copyright Not Evaluated. For further information please contact the University of South Carolina, South Carolina Political Collections, Columbia, SC 29208.","English","300ppi, 8-bit depth grayscale, Mekel microfilm scanner with Quantum Scan software, Archival Master file is a TIFF.","2012","Text","image/jpeg","Manuscripts","03449","Nathan Joseph Saunders","Topical files","","2020-10-19","2020-10-19","http://cdm17173.contentdm.oclc.org/cdm/ref/collection/mmsimkins/id/3366",3366.0,"3676.cpd","/mmsimkins/image/3676.cpd","1939","",0,False,False,False,True,False,"['Empty Transcript']","[]"
"Modjeska Simkins Papers, Topical Papers, Good Samaritan Waverly Hospital, General, 1944","Simkins, Modjeska Monteith, 1899-1992","","1944","102 items","Modjeska Simkins Papers. Series: Topical files. South Carolina Political Collections.","","This folder contains fundraising letters soliciting donations for the Good Samaritan-Waverley Hospital. Located at 2204 Hampton St. in downton Columbia, the hospital served African American residents from 1952 until 1973.","Modjeska Simkins Papers, 1909-1992","https://digital.library.sc.edu/collections/modjeska-monteith-simkins-papers-1909-1992/","University of South Carolina. South Carolina Political Collections","","Copyright Not Evaluated. For further information please contact the University of South Carolina, South Carolina Political Collections, Columbia, SC 29208.","English","300ppi, 8-bit depth grayscale, Mekel microfilm scanner with Quantum Scan software, Archival Master file is a TIFF.","2012","Text","image/jpeg","Manuscripts","03600","Nathan Joseph Saunders","Topical files","","2020-10-19","2020-10-19","http://cdm17173.contentdm.oclc.org/cdm/ref/collection/mmsimkins/id/3483",3483.0,"3793.cpd","/mmsimkins/image/3793.cpd","1944","",0,False,False,False,True,False,"['Empty Transcript']","[]"
"Modjeska Simkins Papers, Topical Papers, Good Samaritan Waverly Hospital, General, 1946","Simkins, Modjeska Monteith, 1899-1992","","1946","93 items","Modjeska Simkins Papers. Series: Topical files. South Carolina Political Collections.","","This folder contains fundraising letters soliciting donations for the Good Samaritan-Waverley Hospital. Located at 2204 Hampton St. in downton Columbia, the hospital served African American residents from 1952 until 1973.","Modjeska Simkins Papers, 1909-1992","https://digital.library.sc.edu/collections/modjeska-monteith-simkins-papers-1909-1992/","University of South Carolina. South Carolina Political Collections","","Copyright Not Evaluated. For further information please contact the University of South Carolina, South Carolina Political Collections, Columbia, SC 29208.","English","300ppi, 8-bit depth grayscale, Mekel microfilm scanner with Quantum Scan software, Archival Master file is a TIFF.","2012","Text","image/jpeg","Manuscripts","03866","Nathan Joseph Saunders","Topical files","","2020-10-19","2020-10-19","http://cdm17173.contentdm.oclc.org/cdm/ref/collection/mmsimkins/id/3590",3590.0,"3900.cpd","/mmsimkins/image/3900.cpd","1946","",0,False,False,False,True,False,"['Empty Transcript']","[]"
"Modjeska Simkins Papers, Topical Papers, Good Samaritan Waverly Hospital, General, N.D. (1 of 2)","Simkins, Modjeska Monteith, 1899-1992","","","92 items","Modjeska Simkins Papers. Series: Topical files. South Carolina Political Collections.","","","Modjeska Simkins Papers, 1909-1992","https://digital.library.sc.edu/collections/modjeska-monteith-simkins-papers-1909-1992/","University of South Carolina. South Carolina Political Collections","","Copyright Not Evaluated. For further information please contact the University of South Carolina, South Carolina Political Collections, Columbia, SC 29208.","English","300ppi, 8-bit depth grayscale, Mekel microfilm scanner with Quantum Scan software, Archival Master file is a TIFF.","2012","Text","image/jpeg","Manuscripts","04061","Nathan Joseph Saunders","Topical files","","2020-10-19","2020-10-19","http://cdm17173.contentdm.oclc.org/cdm/ref/collection/mmsimkins/id/3705",3705.0,"4015.cpd","/mmsimkins/image/4015.cpd","","",0,False,False,False,True,False,"['Empty Transcript']","[]"
"Modjeska Simkins Papers, Topical Papers, Good Samaritan Waverly Hospital, General, 1947-1950","Simkins, Modjeska Monteith, 1899-1992","","1947-1950","54 items","Modjeska Simkins Papers. Series: Topical files. South Carolina Political Collections.","","This folder contains fundraising letters soliciting donations for the Good Samaritan-Waverley Hospital. Located at 2204 Hampton St. in downton Columbia, the hospital served African American residents from 1952 until 1973.","Modjeska Simkins Papers, 1909-1992","https://digital.library.sc.edu/collections/modjeska-monteith-simkins-papers-1909-1992/","University of South Carolina. South Carolina Political Collections","","Copyright Not Evaluated. For further information please contact the University of South Carolina, South Carolina Political Collections, Columbia, SC 29208.","English","300ppi, 8-bit depth grayscale, Mekel microfilm scanner with Quantum Scan software, Archival Master file is a TIFF.","2012","Text","image/jpeg","Manuscripts","03975","Nathan Joseph Saunders","Topical files","","2020-10-19","2020-10-19","http://cdm17173.contentdm.oclc.org/cdm/ref/collection/mmsimkins/id/3787",3787.0,"4097.cpd","/mmsimkins/image/4097.cpd","1947","",0,False,False,False,True,False,"['Empty Transcript']","[]"
"Modjeska Simkins Papers, Topical Papers, Fearless Women, 1990 and no date","Simkins, Modjeska Monteith, 1899-1992","","1990","1 item","Modjeska Simkins Papers. Series: Topical files. South Carolina Political Collections.","","","Modjeska Simkins Papers, 1909-1992","https://digital.library.sc.edu/collections/modjeska-monteith-simkins-papers-1909-1992/","University of South Carolina. South Carolina Political Collections","","Copyright Not Evaluated. For further information please contact the University of South Carolina, South Carolina Political Collections, Columbia, SC 29208.","English","300ppi, 8-bit depth grayscale, Mekel microfilm scanner with Quantum Scan software, Archival Master file is a TIFF.","2012","Text","image/jpeg","Manuscripts","03550","Nathan Joseph Saunders","Topical files","","2020-10-19","2020-10-19","http://cdm17173.contentdm.oclc.org/cdm/ref/collection/mmsimkins/id/3829",3829.0,"4139.cpd","/mmsimkins/image/4139.cpd","1990","",0,False,False,False,True,False,"['Empty Transcript']","[]"
"Modjeska Simkins Papers, Topical Papers, Equal Rights Amendment, 1981 and no date","Simkins, Modjeska Monteith, 1899-1992","","1981","6 items","Modjeska Simkins Papers. Series: Topical files. South Carolina Political Collections.","","","Modjeska Simkins Papers, 1909-1992","https://digital.library.sc.edu/collections/modjeska-monteith-simkins-papers-1909-1992/","University of South Carolina. South Carolina Political Collections","","Copyright Not Evaluated. For further information please contact the University of South Carolina, South Carolina Political Collections, Columbia, SC 29208.","English","300ppi, 8-bit depth grayscale, Mekel microfilm scanner with Quantum Scan software, Archival Master file is a TIFF.","2012","Text","image/jpeg","Manuscripts","03524","Nathan Joseph Saunders","Topical files","","2020-10-19","2020-10-19","http://cdm17173.contentdm.oclc.org/cdm/ref/collection/mmsimkins/id/3854",3854.0,"4164.cpd","/mmsimkins/image/4164.cpd","1981","",0,False,False,False,True,False,"['Empty Transcript']","[]"
"Modjeska Simkins Papers, Topical Papers, Education, Higher, Allen University and Benedict College, 1930-1990 and N.D., 1 of 2","Simkins, Modjeska Monteith, 1899-1992","","1930-1990","42 items","Modjeska Simkins Papers. Series: Topical files. South Carolina Political Collections.","","","Modjeska Simkins Papers, 1909-1992","https://digital.library.sc.edu/collections/modjeska-monteith-simkins-papers-1909-1992/","University of South Carolina. South Carolina Political Collections","","Copyright Not Evaluated. For further information please contact the University of South Carolina, South Carolina Political Collections, Columbia, SC 29208.","English","300ppi, 8-bit depth grayscale, Mekel microfilm scanner with Quantum Scan software, Archival Master file is a TIFF.","2012","Text","image/jpeg","Manuscripts","03290","Nathan Joseph Saunders","Topical files","","2020-10-19","2020-10-19","http://cdm17173.contentdm.oclc.org/cdm/ref/collection/mmsimkins/id/3979",3979.0,"4289.cpd","/mmsimkins/image/4289.cpd","1930","",0,False,False,False,True,False,"['Empty Transcript']","[]"
"Modjeska Simkins Papers, Topical Papers, Greater Columbia Intergroup Council, 1953 and ND","Simkins, Modjeska Monteith, 1899-1992","","1953","4 items","Modjeska Simkins Papers. Series: Topical files. South Carolina Political Collections.","","","Modjeska Simkins Papers, 1909-1992","https://digital.library.sc.edu/collections/modjeska-monteith-simkins-papers-1909-1992/","University of South Carolina. South Carolina Political Collections","","Copyright Not Evaluated. For further information please contact the University of South Carolina, South Carolina Political Collections, Columbia, SC 29208.","English","300ppi, 8-bit depth grayscale, Mekel microfilm scanner with Quantum Scan software, Archival Master file is a TIFF.","2012","Text","image/jpeg","Manuscripts","04379","Nathan Joseph Saunders","Topical files","","2020-10-19","2020-10-19","http://cdm17173.contentdm.oclc.org/cdm/ref/collection/mmsimkins/id/3988",3988.0,"4298.cpd","/mmsimkins/image/4298.cpd","1953","",0,False,False,False,True,False,"['Empty Transcript']","[]"
"Modjeska Simkins Papers, Topical Papers, Good Samaritan Waverly Hospital, Donor Lists, Notes, Expenditure Reports, 1943-1950 and ND","Simkins, Modjeska Monteith, 1899-1992","","1943-1950","28 items","Modjeska Simkins Papers. Series: Topical files. South Carolina Political Collections.","","","Modjeska Simkins Papers, 1909-1992","https://digital.library.sc.edu/collections/modjeska-monteith-simkins-papers-1909-1992/","University of South Carolina. South Carolina Political Collections","","Copyright Not Evaluated. For further information please contact the University of South Carolina, South Carolina Political Collections, Columbia, SC 29208.","English","300ppi, 8-bit depth grayscale, Mekel microfilm scanner with Quantum Scan software, Archival Master file is a TIFF.","2012","Text","image/jpeg","Manuscripts","04324","Nathan Joseph Saunders","Topical files","","2020-10-19","2020-10-19","http://cdm17173.contentdm.oclc.org/cdm/ref/collection/mmsimkins/id/4040",4040.0,"4350.cpd","/mmsimkins/image/4350.cpd","1943","",0,False,False,False,True,False,"['Empty Transcript']","[]"
"Modjeska Simkins Papers, Topical Papers, Journal and Guide, Norfolk, VA, Columns, June-September, 1947","Simkins, Modjeska Monteith, 1899-1992","","1947","12 items","Modjeska Simkins Papers. Series: Topical files. South Carolina Political Collections.","","","Modjeska Simkins Papers, 1909-1992","https://digital.library.sc.edu/collections/modjeska-monteith-simkins-papers-1909-1992/","University of South Carolina. South Carolina Political Collections","","Copyright Not Evaluated. For further information please contact the University of South Carolina, South Carolina Political Collections, Columbia, SC 29208.","English","300ppi, 8-bit depth grayscale, Mekel microfilm scanner with Quantum Scan software, Archival Master file is a TIFF.","2012","Text","image/jpeg","Manuscripts","04531","Nathan Joseph Saunders","Topical files","","2020-10-19","2020-10-19","http://cdm17173.contentdm.oclc.org/cdm/ref/collection/mmsimkins/id/4115",4115.0,"4425.cpd","/mmsimkins/image/4425.cpd","1947","",0,False,False,False,True,False,"['Empty Transcript']","[]"
"Modjeska Simkins Papers, Topical Papers, Journal and Guide, Norfolk, VA, Columns, January-May, 1947","Simkins, Modjeska Monteith, 1899-1992","","1947","19 items","Modjeska Simkins Papers. Series: Topical files. South Carolina Political Collections.","","","Modjeska Simkins Papers, 1909-1992","https://digital.library.sc.edu/collections/modjeska-monteith-simkins-papers-1909-1992/","University of South Carolina. South Carolina Political Collections","","Copyright Not Evaluated. For further information please contact the University of South Carolina, South Carolina Political Collections, Columbia, SC 29208.","English","300ppi, 8-bit depth grayscale, Mekel microfilm scanner with Quantum Scan software, Archival Master file is a TIFF.","2012","Text","image/jpeg","Manuscripts","04445","Nathan Joseph Saunders","Topical files","","2020-10-19","2020-10-19","http://cdm17173.contentdm.oclc.org/cdm/ref/collection/mmsimkins/id/4201",4201.0,"4511.cpd","/mmsimkins/image/4511.cpd","1947","",0,False,False,False,True,False,"['Empty Transcript']","[]"
"Modjeska Simkins Papers, Topical Papers, International Women's Year, 1977","Simkins, Modjeska Monteith, 1899-1992","","1977","9 items","Modjeska Simkins Papers. Series: Topical files. South Carolina Political Collections.","","","Modjeska Simkins Papers, 1909-1992","https://digital.library.sc.edu/collections/modjeska-monteith-simkins-papers-1909-1992/","University of South Carolina. South Carolina Political Collections","","Copyright Not Evaluated. For further information please contact the University of South Carolina, South Carolina Political Collections, Columbia, SC 29208.","English","300ppi, 8-bit depth grayscale, Mekel microfilm scanner with Quantum Scan software, Archival Master file is a TIFF.","2012","Text","image/jpeg","Manuscripts","04389","Nathan Joseph Saunders","Topical files","","2020-10-19","2020-10-19","http://cdm17173.contentdm.oclc.org/cdm/ref/collection/mmsimkins/id/4254",4254.0,"4564.cpd","/mmsimkins/image/4564.cpd","1977","",0,False,False,False,True,False,"['Empty Transcript']","[]"
"Modjeska Simkins Papers, Topical Papers, Journal and Guide, Norfolk, VA, Columns, October-December, 1947","Simkins, Modjeska Monteith, 1899-1992","","1947","8 items","Modjeska Simkins Papers. Series: Topical files. South Carolina Political Collections.","","","Modjeska Simkins Papers, 1909-1992","https://digital.library.sc.edu/collections/modjeska-monteith-simkins-papers-1909-1992/","University of South Carolina. South Carolina Political Collections","","Copyright Not Evaluated. For further information please contact the University of South Carolina, South Carolina Political Collections, Columbia, SC 29208.","English","300ppi, 8-bit depth grayscale, Mekel microfilm scanner with Quantum Scan software, Archival Master file is a TIFF.","2012","Text","image/jpeg","Manuscripts","04612","Nathan Joseph Saunders","Topical files","","2020-10-19","2020-10-19","http://cdm17173.contentdm.oclc.org/cdm/ref/collection/mmsimkins/id/4303",4303.0,"4613.cpd","/mmsimkins/image/4613.cpd","1947","",0,False,False,False,True,False,"['Empty Transcript']","[]"
"Modjeska Simkins Papers, Topical Papers, Midlands Boys Club, 1945-1960","Simkins, Modjeska Monteith, 1899-1992","","1945-1960","3 items","Modjeska Simkins Papers. Series: Topical files. South Carolina Political Collections.","","","Modjeska Simkins Papers, 1909-1992","https://digital.library.sc.edu/collections/modjeska-monteith-simkins-papers-1909-1992/","University of South Carolina. South Carolina Political Collections","","Copyright Not Evaluated. For further information please contact the University of South Carolina, South Carolina Political Collections, Columbia, SC 29208.","English","300ppi, 8-bit depth grayscale, Mekel microfilm scanner with Quantum Scan software, Archival Master file is a TIFF.","2012","Text","image/jpeg","Manuscripts","04865","Nathan Joseph Saunders","Topical files","","2020-10-19","2020-10-19","http://cdm17173.contentdm.oclc.org/cdm/ref/collection/mmsimkins/id/4317",4317.0,"4627.cpd","/mmsimkins/image/4627.cpd","1945","",0,False,False,False,True,False,"['Empty Transcript']","[]"
"Modjeska Simkins Papers, Topical Papers, National Association for the Advancement of Colored People, 1951-1952","Simkins, Modjeska Monteith, 1899-1992","","1951-1952","49 items","Modjeska Simkins Papers. Series: Topical files. South Carolina Political Collections.","","","Modjeska Simkins Papers, 1909-1992","https://digital.library.sc.edu/collections/modjeska-monteith-simkins-papers-1909-1992/","University of South Carolina. South Carolina Political Collections","","Copyright Not Evaluated. For further information please contact the University of South Carolina, South Carolina Political Collections, Columbia, SC 29208.","English","300ppi, 8-bit depth grayscale, Mekel microfilm scanner with Quantum Scan software, Archival Master file is a TIFF.","2012","Text","image/jpeg","Manuscripts","04950","Nathan Joseph Saunders","Topical files","","2020-10-19","2020-10-19","http://cdm17173.contentdm.oclc.org/cdm/ref/collection/mmsimkins/id/4444",4444.0,"4754.cpd","/mmsimkins/image/4754.cpd","1951","",0,False,False,False,True,False,"['Empty Transcript']","[]"
"Modjeska Simkins Papers, Topical Papers, National Association for the Advancement of Colored People, 1953-1954","Simkins, Modjeska Monteith, 1899-1992","","1953-1954","72 items","Modjeska Simkins Papers. Series: Topical files. South Carolina Political Collections.","","","Modjeska Simkins Papers, 1909-1992","https://digital.library.sc.edu/collections/modjeska-monteith-simkins-papers-1909-1992/","University of South Carolina. South Carolina Political Collections","","Copyright Not Evaluated. For further information please contact the University of South Carolina, South Carolina Political Collections, Columbia, SC 29208.","English","300ppi, 8-bit depth grayscale, Mekel microfilm scanner with Quantum Scan software, Archival Master file is a TIFF.","2012","Text","image/jpeg","Manuscripts","05085","Nathan Joseph Saunders","Topical files","","2020-10-19","2020-10-19","http://cdm17173.contentdm.oclc.org/cdm/ref/collection/mmsimkins/id/4561",4561.0,"4871.cpd","/mmsimkins/image/4871.cpd","1953","",0,False,False,False,True,False,"['Empty Transcript']","[]"
"Modjeska Simkins Papers, Topical Papers, Midlands Boys Club, 1961 and ND","Simkins, Modjeska Monteith, 1899-1992","","1961","12 items","Modjeska Simkins Papers. Series: Topical files. South Carolina Political Collections.","","","Modjeska Simkins Papers, 1909-1992","https://digital.library.sc.edu/collections/modjeska-monteith-simkins-papers-1909-1992/","University of South Carolina. South Carolina Political Collections","","Copyright Not Evaluated. For further information please contact the University of South Carolina, South Carolina Political Collections, Columbia, SC 29208.","English","300ppi, 8-bit depth grayscale, Mekel microfilm scanner with Quantum Scan software, Archival Master file is a TIFF.","2012","Text","image/jpeg","Manuscripts","04845","Nathan Joseph Saunders","Topical files","","2020-10-19","2020-10-19","http://cdm17173.contentdm.oclc.org/cdm/ref/collection/mmsimkins/id/4581",4581.0,"4891.cpd","/mmsimkins/image/4891.cpd","1961","",0,False,False,False,True,False,"['Empty Transcript']","[]"
"Modjeska Simkins Papers, Topical Papers, National Association for the Advancement of Colored People, Feb.-Sept. 1955","Simkins, Modjeska Monteith, 1899-1992","","1955","24 items","Modjeska Simkins Papers. Series: Topical files. South Carolina Political Collections.","","","Modjeska Simkins Papers, 1909-1992","https://digital.library.sc.edu/collections/modjeska-monteith-simkins-papers-1909-1992/","University of South Carolina. South Carolina Political Collections","","Copyright Not Evaluated. For further information please contact the University of South Carolina, South Carolina Political Collections, Columbia, SC 29208.","English","300ppi, 8-bit depth grayscale, Mekel microfilm scanner with Quantum Scan software, Archival Master file is a TIFF.","2012","Text","image/jpeg","Manuscripts","05205","Nathan Joseph Saunders","Topical files","","2020-10-19","2020-10-19","http://cdm17173.contentdm.oclc.org/cdm/ref/collection/mmsimkins/id/4635",4635.0,"4945.cpd","/mmsimkins/image/4945.cpd","1955","",0,False,False,False,True,False,"['Empty Transcript']","[]"
"Modjeska Simkins Papers, Topical Papers, National Association for the Advancement of Colored People, Feb.-Sept. 1955","Simkins, Modjeska Monteith, 1899-1992","","1955","103 items","Modjeska Simkins Papers. Series: Topical files. South Carolina Political Collections.","","","Modjeska Simkins Papers, 1909-1992","https://digital.library.sc.edu/collections/modjeska-monteith-simkins-papers-1909-1992/","University of South Carolina. South Carolina Political Collections","","Copyright Not Evaluated. For further information please contact the University of South Carolina, South Carolina Political Collections, Columbia, SC 29208.","English","300ppi, 8-bit depth grayscale, Mekel microfilm scanner with Quantum Scan software, Archival Master file is a TIFF.","2012","Text","image/jpeg","Manuscripts","05261","Nathan Joseph Saunders","Topical files","","2020-10-19","2020-10-19","http://cdm17173.contentdm.oclc.org/cdm/ref/collection/mmsimkins/id/4780",4780.0,"5090.cpd","/mmsimkins/image/5090.cpd","1955","",0,False,False,False,True,False,"['Empty Transcript']","[]"
"Modjeska Simkins Papers, Topical Papers, National Association for the Advancement of Colored People, 1970-1979","Simkins, Modjeska Monteith, 1899-1992","","1970-1979","23 items","Modjeska Simkins Papers. Series: Topical files. South Carolina Political Collections.","","","Modjeska Simkins Papers, 1909-1992","https://digital.library.sc.edu/collections/modjeska-monteith-simkins-papers-1909-1992/","University of South Carolina. South Carolina Political Collections","","Copyright Not Evaluated. For further information please contact the University of South Carolina, South Carolina Political Collections, Columbia, SC 29208.","English","300ppi, 8-bit depth grayscale, Mekel microfilm scanner with Quantum Scan software, Archival Master file is a TIFF.","2012","Text","image/jpeg","Manuscripts","05568","Nathan Joseph Saunders","Topical files","","2020-10-19","2020-10-19","http://cdm17173.contentdm.oclc.org/cdm/ref/collection/mmsimkins/id/4830",4830.0,"5140.cpd","/mmsimkins/image/5140.cpd","1970","",0,False,False,False,True,False,"['Empty Transcript']","[]"
"Modjeska Simkins Papers, Topical Papers, National Association for the Advancement of Colored People, No Date, Folder 2","Simkins, Modjeska Monteith, 1899-1992","","","39 items","Modjeska Simkins Papers. Series: Topical files. South Carolina Political Collections.","","","Modjeska Simkins Papers, 1909-1992","https://digital.library.sc.edu/collections/modjeska-monteith-simkins-papers-1909-1992/","University of South Carolina. South Carolina Political Collections","","Copyright Not Evaluated. For further information please contact the University of South Carolina, South Carolina Political Collections, Columbia, SC 29208.","English","300ppi, 8-bit depth grayscale, Mekel microfilm scanner with Quantum Scan software, Archival Master file is a TIFF.","2012","Text","image/jpeg","Manuscripts","05789","Nathan Joseph Saunders","Topical files","","2020-10-19","2020-10-19","http://cdm17173.contentdm.oclc.org/cdm/ref/collection/mmsimkins/id/4948",4948.0,"5258.cpd","/mmsimkins/image/5258.cpd","","",0,False,False,False,True,False,"['Empty Transcript']","[]"
"Modjeska Simkins Papers, Topical Papers, National Association for the Advancement of Colored People, No Date, Folder 1","Simkins, Modjeska Monteith, 1899-1992","","","30 items","Modjeska Simkins Papers. Series: Topical files. South Carolina Political Collections.","","","Modjeska Simkins Papers, 1909-1992","https://digital.library.sc.edu/collections/modjeska-monteith-simkins-papers-1909-1992/","University of South Carolina. South Carolina Political Collections","","Copyright Not Evaluated. For further information please contact the University of South Carolina, South Carolina Political Collections, Columbia, SC 29208.","English","300ppi, 8-bit depth grayscale, Mekel microfilm scanner with Quantum Scan software, Archival Master file is a TIFF.","2012","Text","image/jpeg","Manuscripts","05690","Nathan Joseph Saunders","Topical files","","2020-10-19","2020-10-19","http://cdm17173.contentdm.oclc.org/cdm/ref/collection/mmsimkins/id/5027",5027.0,"5337.cpd","/mmsimkins/image/5337.cpd","","",0,False,False,False,True,False,"['Empty Transcript']","[]"
"Modjeska Simkins Papers, Topical Papers, National Association for the Advancement of Colored People, 1960-1969","Simkins, Modjeska Monteith, 1899-1992","","1960-1969","24 items","Modjeska Simkins Papers. Series: Topical files. South Carolina Political Collections.","","","Modjeska Simkins Papers, 1909-1992","https://digital.library.sc.edu/collections/modjeska-monteith-simkins-papers-1909-1992/","University of South Carolina. South Carolina Political Collections","","Copyright Not Evaluated. For further information please contact the University of South Carolina, South Carolina Political Collections, Columbia, SC 29208.","English","300ppi, 8-bit depth grayscale, Mekel microfilm scanner with Quantum Scan software, Archival Master file is a TIFF.","2012","Text","image/jpeg","Manuscripts","05481","Nathan Joseph Saunders","Topical files","","2020-10-19","2020-10-19","http://cdm17173.contentdm.oclc.org/cdm/ref/collection/mmsimkins/id/5086",5086.0,"5396.cpd","/mmsimkins/image/5396.cpd","1960","",0,False,False,False,True,False,"['Empty Transcript']","[]"
"Modjeska Simkins Papers, Topical Papers, National Association for the Advancement of Colored People, 1956-1959","Simkins, Modjeska Monteith, 1899-1992","","1956-1959","41 items","Modjeska Simkins Papers. Series: Topical files. South Carolina Political Collections.","","","Modjeska Simkins Papers, 1909-1992","https://digital.library.sc.edu/collections/modjeska-monteith-simkins-papers-1909-1992/","University of South Carolina. South Carolina Political Collections","","Copyright Not Evaluated. For further information please contact the University of South Carolina, South Carolina Political Collections, Columbia, SC 29208.","English","300ppi, 8-bit depth grayscale, Mekel microfilm scanner with Quantum Scan software, Archival Master file is a TIFF.","2012","Text","image/jpeg","Manuscripts","05414","Nathan Joseph Saunders","Topical files","","2020-10-19","2020-10-19","http://cdm17173.contentdm.oclc.org/cdm/ref/collection/mmsimkins/id/5148",5148.0,"5458.cpd","/mmsimkins/image/5458.cpd","1956","",0,False,False,False,True,False,"['Empty Transcript']","[]"
"Modjeska Simkins Papers, Topical Papers, Richland County Council, January-August 1966","Simkins, Modjeska Monteith, 1899-1992","","1966","7 items","Modjeska Simkins Papers. Series: Topical files. South Carolina Political Collections.","Simkins, Modjeska, 1899-1992;Columbia (S.C.)","","Modjeska Simkins Papers, 1909-1992","https://digital.library.sc.edu/collections/modjeska-monteith-simkins-papers-1909-1992/","University of South Carolina. South Carolina Political Collections","","Copyright Not Evaluated. For further information please contact the University of South Carolina, South Carolina Political Collections, Columbia, SC 29208.","English","300ppi, 8-bit depth grayscale, Mekel microfilm scanner with Quantum Scan software, Archival Master file is a TIFF.","2012","Text","image/jpeg","Manuscripts","06917","Sarah Funk","Topical files","","2020-10-19","2020-10-19","http://cdm17173.contentdm.oclc.org/cdm/ref/collection/mmsimkins/id/5160",5160.0,"5470.cpd","/mmsimkins/image/5470.cpd","1966","",0,False,False,False,True,False,"['Empty Transcript']","[]"
"Modjeska Simkins Papers, Topical Papers, National Association for the Advancement of Colored People, No Date, Folder 3","Simkins, Modjeska Monteith, 1899-1992","","","43 items","Modjeska Simkins Papers. Series: Topical files. South Carolina Political Collections.","","","Modjeska Simkins Papers, 1909-1992","https://digital.library.sc.edu/collections/modjeska-monteith-simkins-papers-1909-1992/","University of South Carolina. South Carolina Political Collections","","Copyright Not Evaluated. For further information please contact the University of South Carolina, South Carolina Political Collections, Columbia, SC 29208.","English","300ppi, 8-bit depth grayscale, Mekel microfilm scanner with Quantum Scan software, Archival Master file is a TIFF.","2012","Text","image/jpeg","Manuscripts","05921","Nathan Joseph Saunders","Topical files","","2020-10-19","2020-10-19","http://cdm17173.contentdm.oclc.org/cdm/ref/collection/mmsimkins/id/5229",5229.0,"5539.cpd","/mmsimkins/image/5539.cpd","","",0,False,False,False,True,False,"['Empty Transcript']","[]"
"Modjeska Simkins Papers, Topical Papers, National Association for the Advancement of Colored People, Programs, State Conferences, 1970-1983","Simkins, Modjeska Monteith, 1899-1992","","1970-1983","6 items","Modjeska Simkins Papers. Series: Topical files. South Carolina Political Collections.","Simkins, Modjeska, 1899-1992;Columbia (S.C.)","","Modjeska Simkins Papers, 1909-1992","https://digital.library.sc.edu/collections/modjeska-monteith-simkins-papers-1909-1992/","University of South Carolina. South Carolina Political Collections","","Copyright Not Evaluated. For further information please contact the University of South Carolina, South Carolina Political Collections, Columbia, SC 29208.","English","300ppi, 8-bit depth grayscale, Mekel microfilm scanner with Quantum Scan software, Archival Master file is a TIFF.","2012","Text","image/jpeg","Manuscripts","06315","Sarah Funk","Topical files","","2020-10-19","2020-10-19","http://cdm17173.contentdm.oclc.org/cdm/ref/collection/mmsimkins/id/5294",5294.0,"5604.cpd","/mmsimkins/image/5604.cpd","1970","",0,False,False,False,True,False,"['Empty Transcript']","[]"
"Modjeska Simkins Papers, Topical Papers, Republican Party, 1938-1951","Simkins, Modjeska Monteith, 1899-1992","","1938-1951","22 items","Modjeska Simkins Papers. Series: Topical files. South Carolina Political Collections.","Simkins, Modjeska, 1899-1992;Columbia (S.C.)","","Modjeska Simkins Papers, 1909-1992","https://digital.library.sc.edu/collections/modjeska-monteith-simkins-papers-1909-1992/","University of South Carolina. South Carolina Political Collections","","Copyright Not Evaluated. For further information please contact the University of South Carolina, South Carolina Political Collections, Columbia, SC 29208.","English","300ppi, 8-bit depth grayscale, Mekel microfilm scanner with Quantum Scan software, Archival Master file is a TIFF.","2012","Text","image/jpeg","Manuscripts","06619","Sarah Funk","Topical files","","2020-10-19","2020-10-19","http://cdm17173.contentdm.oclc.org/cdm/ref/collection/mmsimkins/id/5361",5361.0,"5671.cpd","/mmsimkins/image/5671.cpd","1938","",0,False,False,False,True,False,"['Empty Transcript']","[]"
"Modjeska Simkins Papers, Topical Papers, National Association for the Advancement of Colored People, NAACP v. South Carolina Politicians, 1988","Simkins, Modjeska Monteith, 1899-1992","","1988","1 item","Modjeska Simkins Papers. Series: Topical files. South Carolina Political Collections.","","","Modjeska Simkins Papers, 1909-1992","https://digital.library.sc.edu/collections/modjeska-monteith-simkins-papers-1909-1992/","University of South Carolina. South Carolina Political Collections","","Copyright Not Evaluated. For further information please contact the University of South Carolina, South Carolina Political Collections, Columbia, SC 29208.","English","300ppi, 8-bit depth grayscale, Mekel microfilm scanner with Quantum Scan software, Archival Master file is a TIFF.","2012","Text","image/jpeg","Manuscripts","06046","Nathan Joseph Saunders","Topical files","","2020-10-19","2020-10-19","http://cdm17173.contentdm.oclc.org/cdm/ref/collection/mmsimkins/id/5494",5494.0,"5804.cpd","/mmsimkins/image/5804.cpd","1988","",0,False,False,False,True,False,"['Empty Transcript']","[]"
"Modjeska Simkins Papers, Topical Papers, Richland County Council, 1971 and 1985","Simkins, Modjeska Monteith, 1899-1992","","1971;1985","2 items","Modjeska Simkins Papers. Series: Topical files. South Carolina Political Collections.","Simkins, Modjeska, 1899-1992;Columbia (S.C.)","","Modjeska Simkins Papers, 1909-1992","https://digital.library.sc.edu/collections/modjeska-monteith-simkins-papers-1909-1992/","University of South Carolina. South Carolina Political Collections","","Copyright Not Evaluated. For further information please contact the University of South Carolina, South Carolina Political Collections, Columbia, SC 29208.","English","300ppi, 8-bit depth grayscale, Mekel microfilm scanner with Quantum Scan software, Archival Master file is a TIFF.","2012","Text","image/jpeg","Manuscripts","06736","Sarah Funk","Topical files","","2020-10-19","2020-10-19","http://cdm17173.contentdm.oclc.org/cdm/ref/collection/mmsimkins/id/5543",5543.0,"5928.cpd","/mmsimkins/image/5928.cpd","1971","",0,False,False,False,True,False,"['Empty Transcript']","[]"
"Modjeska Simkins Papers, Topical Papers, National Association for the Advancement of Colored People, Bulletin, """"NAACP Bulletin""""","Simkins, Modjeska Monteith, 1899-1992","","","13 items","Modjeska Simkins Papers. Series: Topical files. South Carolina Political Collections.","","","Modjeska Simkins Papers, 1909-1992","https://digital.library.sc.edu/collections/modjeska-monteith-simkins-papers-1909-1992/","University of South Carolina. South Carolina Political Collections","","Copyright Not Evaluated. For further information please contact the University of South Carolina, South Carolina Political Collections, Columbia, SC 29208.","English","300ppi, 8-bit depth grayscale, Mekel microfilm scanner with Quantum Scan software, Archival Master file is a TIFF.","2012","Text","image/jpeg","Manuscripts","05996","Nathan Joseph Saunders","Topical files","","2020-10-19","2020-10-19","http://cdm17173.contentdm.oclc.org/cdm/ref/collection/mmsimkins/id/5589",5589.0,"5974.cpd","/mmsimkins/image/5974.cpd","","",0,False,False,False,True,False,"['Empty Transcript']","[]"
"Modjeska Simkins Papers, Topical Papers, Property Records, 1939-1991","Simkins, Modjeska Monteith, 1899-1992","","1939-1991","30 items","Modjeska Simkins Papers. Series: Topical files. South Carolina Political Collections.","Simkins, Modjeska, 1899-1992;Columbia (S.C.)","","Modjeska Simkins Papers, 1909-1992","https://digital.library.sc.edu/collections/modjeska-monteith-simkins-papers-1909-1992/","University of South Carolina. South Carolina Political Collections","","Copyright Not Evaluated. For further information please contact the University of South Carolina, South Carolina Political Collections, Columbia, SC 29208.","English","300ppi, 8-bit depth grayscale, Mekel microfilm scanner with Quantum Scan software, Archival Master file is a TIFF.","2012","Text","image/jpeg","Manuscripts","06550","Sarah Funk","Topical files","","2020-10-19","2020-10-19","http://cdm17173.contentdm.oclc.org/cdm/ref/collection/mmsimkins/id/5654",5654.0,"6039.cpd","/mmsimkins/image/6039.cpd","1939","",0,False,False,False,True,False,"['Empty Transcript']","[]"
"Modjeska Simkins Papers, Topical Papers, National Association for the Advancement of Colored People, Programs, State Conferences, 1955-1967","Simkins, Modjeska Monteith, 1899-1992","","1955-1967","5 items","Modjeska Simkins Papers. Series: Topical files. South Carolina Political Collections.","Simkins, Modjeska, 1899-1992;Columbia (S.C.)","","Modjeska Simkins Papers, 1909-1992","https://digital.library.sc.edu/collections/modjeska-monteith-simkins-papers-1909-1992/","University of South Carolina. South Carolina Political Collections","","Copyright Not Evaluated. For further information please contact the University of South Carolina, South Carolina Political Collections, Columbia, SC 29208.","English","300ppi, 8-bit depth grayscale, Mekel microfilm scanner with Quantum Scan software, Archival Master file is a TIFF.","2012","Text","image/jpeg","Manuscripts","06182","Sarah Funk","Topical files","","2020-10-19","2020-10-19","http://cdm17173.contentdm.oclc.org/cdm/ref/collection/mmsimkins/id/5696",5696.0,"6081.cpd","/mmsimkins/image/6081.cpd","1955","",0,False,False,False,True,False,"['Empty Transcript']","[]"
"Modjeska Simkins Papers, Topical Papers, National Association for the Advancement of Colored People, Programs, State Conferences, 1958-1967","Simkins, Modjeska Monteith, 1899-1992","","1955-1967","5 items","Modjeska Simkins Papers. Series: Topical files. South Carolina Political Collections.","Simkins, Modjeska, 1899-1992;Columbia (S.C.)","","Modjeska Simkins Papers, 1909-1992","https://digital.library.sc.edu/collections/modjeska-monteith-simkins-papers-1909-1992/","University of South Carolina. South Carolina Political Collections","","Copyright Not Evaluated. For further information please contact the University of South Carolina, South Carolina Political Collections, Columbia, SC 29208.","English","300ppi, 8-bit depth grayscale, Mekel microfilm scanner with Quantum Scan software, Archival Master file is a TIFF.","2012","Text","image/jpeg","Manuscripts","06249","Sarah Funk","Topical files","","2020-10-19","2020-10-19","http://cdm17173.contentdm.oclc.org/cdm/ref/collection/mmsimkins/id/5757",5757.0,"6142.cpd","/mmsimkins/image/6142.cpd","1955","",0,False,False,False,True,False,"['Empty Transcript']","[]"
"Modjeska Simkins Papers, Topical Papers, Respite House, 1989-1990","Simkins, Modjeska Monteith, 1899-1992","","1989-1990","9 items","Modjeska Simkins Papers. Series: Topical files. South Carolina Political Collections.","Simkins, Modjeska, 1899-1992;Columbia (S.C.)","","Modjeska Simkins Papers, 1909-1992","https://digital.library.sc.edu/collections/modjeska-monteith-simkins-papers-1909-1992/","University of South Carolina. South Carolina Political Collections","","Copyright Not Evaluated. For further information please contact the University of South Carolina, South Carolina Political Collections, Columbia, SC 29208.","English","300ppi, 8-bit depth grayscale, Mekel microfilm scanner with Quantum Scan software, Archival Master file is a TIFF.","2012","Text","image/jpeg","Manuscripts","06693","Sarah Funk","Topical files","","2020-10-19","2020-10-19","http://cdm17173.contentdm.oclc.org/cdm/ref/collection/mmsimkins/id/5798",5798.0,"6183.cpd","/mmsimkins/image/6183.cpd","1989","",0,False,False,False,True,False,"['Empty Transcript']","[]"
"Modjeska Simkins Papers, Topical Papers, National Association for the Advancement of Colored People, Programs, State Conferences, 1985-1989","Simkins, Modjeska Monteith, 1899-1992","","1985-1989","5 items","Modjeska Simkins Papers. Series: Topical files. South Carolina Political Collections.","Simkins, Modjeska, 1899-1992;Columbia (S.C.)","","Modjeska Simkins Papers, 1909-1992","https://digital.library.sc.edu/collections/modjeska-monteith-simkins-papers-1909-1992/","University of South Carolina. South Carolina Political Collections","","Copyright Not Evaluated. For further information please contact the University of South Carolina, South Carolina Political Collections, Columbia, SC 29208.","English","300ppi, 8-bit depth grayscale, Mekel microfilm scanner with Quantum Scan software, Archival Master file is a TIFF.","2012","Text","image/jpeg","Manuscripts","06417","Sarah Funk","Topical files","","2020-10-19","2020-10-19","http://cdm17173.contentdm.oclc.org/cdm/ref/collection/mmsimkins/id/5911",5911.0,"6296.cpd","/mmsimkins/image/6296.cpd","1985","",0,False,False,False,True,False,"['Empty Transcript']","[]"
"Modjeska Simkins Papers, Topical Papers, Richland County Council, 1949-1990 & No Date","Simkins, Modjeska Monteith, 1899-1992","","1949-1990","23 items","Modjeska Simkins Papers. Series: Topical files. South Carolina Political Collections.","Simkins, Modjeska, 1899-1992;Columbia (S.C.)","","Modjeska Simkins Papers, 1909-1992","https://digital.library.sc.edu/collections/modjeska-monteith-simkins-papers-1909-1992/","University of South Carolina. South Carolina Political Collections","","Copyright Not Evaluated. For further information please contact the University of South Carolina, South Carolina Political Collections, Columbia, SC 29208.","English","300ppi, 8-bit depth grayscale, Mekel microfilm scanner with Quantum Scan software, Archival Master file is a TIFF.","2012","Text","image/jpeg","Manuscripts","06786","Sarah Funk","Topical files","","2020-10-19","2020-10-19","http://cdm17173.contentdm.oclc.org/cdm/ref/collection/mmsimkins/id/5962",5962.0,"6347.cpd","/mmsimkins/image/6347.cpd","1949","",0,False,False,False,True,False,"['Empty Transcript']","[]"
"Modjeska Simkins Papers, Topical Papers, NAACP Richland County Citizens Committee, 1966-1971","Simkins, Modjeska Monteith, 1899-1992","","1966-1971","35 items","Modjeska Simkins Papers. Series: Topical files. South Carolina Political Collections.","Simkins, Modjeska, 1899-1992;Columbia (S.C.)","","Modjeska Simkins Papers, 1909-1992","https://digital.library.sc.edu/collections/modjeska-monteith-simkins-papers-1909-1992/","University of South Carolina. South Carolina Political Collections","","Copyright Not Evaluated. For further information please contact the University of South Carolina, South Carolina Political Collections, Columbia, SC 29208.","English","300ppi, 8-bit depth grayscale, Mekel microfilm scanner with Quantum Scan software, Archival Master file is a TIFF.","2012","Text","image/jpeg","Manuscripts","06959","Sarah Funk","Topical files","","2020-10-19","2020-10-19","http://cdm17173.contentdm.oclc.org/cdm/ref/collection/mmsimkins/id/6087",6087.0,"6472.cpd","/mmsimkins/image/6472.cpd","1966","",0,False,False,False,True,False,"['Empty Transcript']","[]"
"Modjeska Simkins Papers, Topical Papers, NAACP Richland County Citizens Committee, April-June 1967","Simkins, Modjeska Monteith, 1899-1992","","1967","24 items","Modjeska Simkins Papers. Series: Topical files. South Carolina Political Collections.","Simkins, Modjeska, 1899-1992;Columbia (S.C.)","","Modjeska Simkins Papers, 1909-1992","https://digital.library.sc.edu/collections/modjeska-monteith-simkins-papers-1909-1992/","University of South Carolina. South Carolina Political Collections","","Copyright Not Evaluated. For further information please contact the University of South Carolina, South Carolina Political Collections, Columbia, SC 29208.","English","300ppi, 8-bit depth grayscale, Mekel microfilm scanner with Quantum Scan software, Archival Master file is a TIFF.","2012","Text","image/jpeg","Manuscripts","07150","Sarah Funk","Topical files","","2020-10-19","2020-10-19","http://cdm17173.contentdm.oclc.org/cdm/ref/collection/mmsimkins/id/6179",6179.0,"6789.cpd","/mmsimkins/image/6789.cpd","1967","",0,False,False,False,True,False,"['Empty Transcript']","[]"
"Modjeska Simkins Papers, Topical Papers, NAACP Richland County Citizens Committee, June-September, 1972","Simkins, Modjeska Monteith, 1899-1992","","1972","15 items","Modjeska Simkins Papers. Series: Topical files. South Carolina Political Collections.","Simkins, Modjeska, 1899-1992;Columbia (S.C.)","","Modjeska Simkins Papers, 1909-1992","https://digital.library.sc.edu/collections/modjeska-monteith-simkins-papers-1909-1992/","University of South Carolina. South Carolina Political Collections","","Copyright Not Evaluated. For further information please contact the University of South Carolina, South Carolina Political Collections, Columbia, SC 29208.","English","300ppi, 8-bit depth grayscale, Mekel microfilm scanner with Quantum Scan software, Archival Master file is a TIFF.","2012","Text","image/jpeg","Manuscripts","07763","Sarah Funk","Topical files","","2020-10-19","2020-10-19","http://cdm17173.contentdm.oclc.org/cdm/ref/collection/mmsimkins/id/6239",6239.0,"6849.cpd","/mmsimkins/image/6849.cpd","1972","",0,False,False,False,True,False,"['Empty Transcript']","[]"
"Modjeska Simkins Papers, Topical Papers, NAACP Richland County Citizens Committee, 1980-1983","Simkins, Modjeska Monteith, 1899-1992","","1980-1983","42 items","Modjeska Simkins Papers. Series: Topical files. South Carolina Political Collections.","Simkins, Modjeska, 1899-1992;Columbia (S.C.)","","Modjeska Simkins Papers, 1909-1992","https://digital.library.sc.edu/collections/modjeska-monteith-simkins-papers-1909-1992/","University of South Carolina. South Carolina Political Collections","","Copyright Not Evaluated. For further information please contact the University of South Carolina, South Carolina Political Collections, Columbia, SC 29208.","English","300ppi, 8-bit depth grayscale, Mekel microfilm scanner with Quantum Scan software, Archival Master file is a TIFF.","2012","Text","image/jpeg","Manuscripts","08066","Sarah Funk","Topical files","","2020-10-19","2020-10-19","http://cdm17173.contentdm.oclc.org/cdm/ref/collection/mmsimkins/id/6311",6311.0,"6921.cpd","/mmsimkins/image/6921.cpd","1980","",0,False,False,False,True,False,"['Empty Transcript']","[]"
"Modjeska Simkins Papers, Topical Papers, NAACP Richland County Citizens Committee, 1985-1988","Simkins, Modjeska Monteith, 1899-1992","","1985-1988","21 items","Modjeska Simkins Papers. Series: Topical files. South Carolina Political Collections.","Simkins, Modjeska, 1899-1992;Columbia (S.C.)","","Modjeska Simkins Papers, 1909-1992","https://digital.library.sc.edu/collections/modjeska-monteith-simkins-papers-1909-1992/","University of South Carolina. South Carolina Political Collections","","Copyright Not Evaluated. For further information please contact the University of South Carolina, South Carolina Political Collections, Columbia, SC 29208.","English","300ppi, 8-bit depth grayscale, Mekel microfilm scanner with Quantum Scan software, Archival Master file is a TIFF.","2012","Text","image/jpeg","Manuscripts","08244","Sarah Funk","Topical files","","2020-10-19","2020-10-19","http://cdm17173.contentdm.oclc.org/cdm/ref/collection/mmsimkins/id/6346",6346.0,"6956.cpd","/mmsimkins/image/6956.cpd","1985","",0,False,False,False,True,False,"['Empty Transcript']","[]"
"Modjeska Simkins Papers, Topical Papers, NAACP Richland County Citizens Committee, 1969-1970","Simkins, Modjeska Monteith, 1899-1992","","1969-1970","34 items","Modjeska Simkins Papers. Series: Topical files. South Carolina Political Collections.","Simkins, Modjeska, 1899-1992;Columbia (S.C.)","","Modjeska Simkins Papers, 1909-1992","https://digital.library.sc.edu/collections/modjeska-monteith-simkins-papers-1909-1992/","University of South Carolina. South Carolina Political Collections","","Copyright Not Evaluated. For further information please contact the University of South Carolina, South Carolina Political Collections, Columbia, SC 29208.","English","300ppi, 8-bit depth grayscale, Mekel microfilm scanner with Quantum Scan software, Archival Master file is a TIFF.","2012","Text","image/jpeg","Manuscripts","07429","Sarah Funk","Topical files","","2020-10-19","2020-10-19","http://cdm17173.contentdm.oclc.org/cdm/ref/collection/mmsimkins/id/6434",6434.0,"7044.cpd","/mmsimkins/image/7044.cpd","1969","",0,False,False,False,True,False,"['Empty Transcript']","[]"
"Modjeska Simkins Papers, Topical Papers, NAACP Richland County Citizens Committee, February-May, 1972","Simkins, Modjeska Monteith, 1899-1992","","1972","16 items","Modjeska Simkins Papers. Series: Topical files. South Carolina Political Collections.","Simkins, Modjeska, 1899-1992;Columbia (S.C.)","","Modjeska Simkins Papers, 1909-1992","https://digital.library.sc.edu/collections/modjeska-monteith-simkins-papers-1909-1992/","University of South Carolina. South Carolina Political Collections","","Copyright Not Evaluated. For further information please contact the University of South Carolina, South Carolina Political Collections, Columbia, SC 29208.","English","300ppi, 8-bit depth grayscale, Mekel microfilm scanner with Quantum Scan software, Archival Master file is a TIFF.","2012","Text","image/jpeg","Manuscripts","07685","Sarah Funk","Topical files","","2020-10-19","2020-10-19","http://cdm17173.contentdm.oclc.org/cdm/ref/collection/mmsimkins/id/6505",6505.0,"7115.cpd","/mmsimkins/image/7115.cpd","1972","",0,False,False,False,True,False,"['Empty Transcript']","[]"
"Modjeska Simkins Papers, Topical Papers, NAACP Richland County Citizens Committee, November-December, 1973-1974","Simkins, Modjeska Monteith, 1899-1992","","1973-1974","28 items","Modjeska Simkins Papers. Series: Topical files. South Carolina Political Collections.","Simkins, Modjeska, 1899-1992;Columbia (S.C.)","","Modjeska Simkins Papers, 1909-1992","https://digital.library.sc.edu/collections/modjeska-monteith-simkins-papers-1909-1992/","University of South Carolina. South Carolina Political Collections","","Copyright Not Evaluated. For further information please contact the University of South Carolina, South Carolina Political Collections, Columbia, SC 29208.","English","300ppi, 8-bit depth grayscale, Mekel microfilm scanner with Quantum Scan software, Archival Master file is a TIFF.","2012","Text","image/jpeg","Manuscripts","07912","Sarah Funk","Topical files","","2020-10-19","2020-10-19","http://cdm17173.contentdm.oclc.org/cdm/ref/collection/mmsimkins/id/6578",6578.0,"7188.cpd","/mmsimkins/image/7188.cpd","1973","",0,False,False,False,True,False,"['Empty Transcript']","[]"
"Modjeska Simkins Papers, Topical Papers, NAACP Richland County Citizens Committee, November-December, 1973-1974","Simkins, Modjeska Monteith, 1899-1992","","1973-1974","25 items","Modjeska Simkins Papers. Series: Topical files. South Carolina Political Collections.","Simkins, Modjeska, 1899-1992;Columbia (S.C.)","","Modjeska Simkins Papers, 1909-1992","https://digital.library.sc.edu/collections/modjeska-monteith-simkins-papers-1909-1992/","University of South Carolina. South Carolina Political Collections","","Copyright Not Evaluated. For further information please contact the University of South Carolina, South Carolina Political Collections, Columbia, SC 29208.","English","300ppi, 8-bit depth grayscale, Mekel microfilm scanner with Quantum Scan software, Archival Master file is a TIFF.","2012","Text","image/jpeg","Manuscripts","07990","Sarah Funk","Topical files","","2020-10-19","2020-10-19","http://cdm17173.contentdm.oclc.org/cdm/ref/collection/mmsimkins/id/6651",6651.0,"7261.cpd","/mmsimkins/image/7261.cpd","1973","",0,False,False,False,True,False,"['Empty Transcript']","[]"
"Modjeska Simkins Papers, Topical Papers, NAACP Richland County Citizens Committee, 1984","Simkins, Modjeska Monteith, 1899-1992","","1984","10 items","Modjeska Simkins Papers. Series: Topical files. South Carolina Political Collections.","Simkins, Modjeska, 1899-1992;Columbia (S.C.)","","Modjeska Simkins Papers, 1909-1992","https://digital.library.sc.edu/collections/modjeska-monteith-simkins-papers-1909-1992/","University of South Carolina. South Carolina Political Collections","","Copyright Not Evaluated. For further information please contact the University of South Carolina, South Carolina Political Collections, Columbia, SC 29208.","English","300ppi, 8-bit depth grayscale, Mekel microfilm scanner with Quantum Scan software, Archival Master file is a TIFF.","2012","Text","image/jpeg","Manuscripts","08153","Sarah Funk","Topical files","","2020-10-19","2020-10-19","http://cdm17173.contentdm.oclc.org/cdm/ref/collection/mmsimkins/id/6739",6739.0,"7424.cpd","/mmsimkins/image/7424.cpd","1984","",0,False,False,False,True,False,"['Empty Transcript']","[]"
"Modjeska Simkins Papers, Topical Papers, NAACP Richland County Citizens Committee, October-December 1967","Simkins, Modjeska Monteith, 1899-1992","","1967","12 items","Modjeska Simkins Papers. Series: Topical files. South Carolina Political Collections.","Simkins, Modjeska, 1899-1992;Columbia (S.C.)","","Modjeska Simkins Papers, 1909-1992","https://digital.library.sc.edu/collections/modjeska-monteith-simkins-papers-1909-1992/","University of South Carolina. South Carolina Political Collections","","Copyright Not Evaluated. For further information please contact the University of South Carolina, South Carolina Political Collections, Columbia, SC 29208.","English","300ppi, 8-bit depth grayscale, Mekel microfilm scanner with Quantum Scan software, Archival Master file is a TIFF.","2012","Text","image/jpeg","Manuscripts","07317","Sarah Funk","Topical files","","2020-10-19","2020-10-19","http://cdm17173.contentdm.oclc.org/cdm/ref/collection/mmsimkins/id/6791",6791.0,"7476.cpd","/mmsimkins/image/7476.cpd","1967","",0,False,False,False,True,False,"['Empty Transcript']","[]"
"Modjeska Simkins Papers, Topical Papers, NAACP Richland County Citizens Committee, November-December, 1972","Simkins, Modjeska Monteith, 1899-1992","","1972","21 items","Modjeska Simkins Papers. Series: Topical files. South Carolina Political Collections.","Simkins, Modjeska, 1899-1992;Columbia (S.C.)","","Modjeska Simkins Papers, 1909-1992","https://digital.library.sc.edu/collections/modjeska-monteith-simkins-papers-1909-1992/","University of South Carolina. South Carolina Political Collections","","Copyright Not Evaluated. For further information please contact the University of South Carolina, South Carolina Political Collections, Columbia, SC 29208.","English","300ppi, 8-bit depth grayscale, Mekel microfilm scanner with Quantum Scan software, Archival Master file is a TIFF.","2012","Text","image/jpeg","Manuscripts","07825","Sarah Funk","Topical files","","2020-10-19","2020-10-19","http://cdm17173.contentdm.oclc.org/cdm/ref/collection/mmsimkins/id/6875",6875.0,"7560.cpd","/mmsimkins/image/7560.cpd","1972","",0,False,False,False,True,False,"['Empty Transcript']","[]"
"Modjeska Simkins Papers, Topical Papers, NAACP Richland County Citizens Committee, 1971","Simkins, Modjeska Monteith, 1899-1992","","1971","25 items","Modjeska Simkins Papers. Series: Topical files. South Carolina Political Collections.","Simkins, Modjeska, 1899-1992;Columbia (S.C.)","","Modjeska Simkins Papers, 1909-1992","https://digital.library.sc.edu/collections/modjeska-monteith-simkins-papers-1909-1992/","University of South Carolina. South Carolina Political Collections","","Copyright Not Evaluated. For further information please contact the University of South Carolina, South Carolina Political Collections, Columbia, SC 29208.","English","300ppi, 8-bit depth grayscale, Mekel microfilm scanner with Quantum Scan software, Archival Master file is a TIFF.","2012","Text","image/jpeg","Manuscripts","07532","Sarah Funk","Topical files","","2020-10-19","2020-10-19","http://cdm17173.contentdm.oclc.org/cdm/ref/collection/mmsimkins/id/6977",6977.0,"7662.cpd","/mmsimkins/image/7662.cpd","1971","",0,False,False,False,True,False,"['Empty Transcript']","[]"
"Modjeska Simkins Papers, Topical Papers, NAACP Richland County Citizens Committee, 1968","Simkins, Modjeska Monteith, 1899-1992","","1968","12 items","Modjeska Simkins Papers. Series: Topical files. South Carolina Political Collections.","Simkins, Modjeska, 1899-1992;Columbia (S.C.)","","Modjeska Simkins Papers, 1909-1992","https://digital.library.sc.edu/collections/modjeska-monteith-simkins-papers-1909-1992/","University of South Carolina. South Carolina Political Collections","","Copyright Not Evaluated. For further information please contact the University of South Carolina, South Carolina Political Collections, Columbia, SC 29208.","English","300ppi, 8-bit depth grayscale, Mekel microfilm scanner with Quantum Scan software, Archival Master file is a TIFF.","2012","Text","image/jpeg","Manuscripts","07382","Sarah Funk","Topical files","","2020-10-19","2020-10-19","http://cdm17173.contentdm.oclc.org/cdm/ref/collection/mmsimkins/id/7011",7011.0,"7696.cpd","/mmsimkins/image/7696.cpd","1968","",0,False,False,False,True,False,"['Empty Transcript']","[]"
"Modjeska Simkins Papers, Topical Papers, NAACP Richland County Citizens Committee, N.D.","Simkins, Modjeska Monteith, 1899-1992","","","40 items","Modjeska Simkins Papers. Series: Topical files. South Carolina Political Collections.","Simkins, Modjeska, 1899-1992;Columbia (S.C.)","","Modjeska Simkins Papers, 1909-1992","https://digital.library.sc.edu/collections/modjeska-monteith-simkins-papers-1909-1992/","University of South Carolina. South Carolina Political Collections","","Copyright Not Evaluated. For further information please contact the University of South Carolina, South Carolina Political Collections, Columbia, SC 29208.","English","300ppi, 8-bit depth grayscale, Mekel microfilm scanner with Quantum Scan software, Archival Master file is a TIFF.","2012","Text","image/jpeg","Manuscripts","08283","Sarah Funk","Topical files","","2020-10-19","2020-10-19","http://cdm17173.contentdm.oclc.org/cdm/ref/collection/mmsimkins/id/7074",7074.0,"7834.cpd","/mmsimkins/image/7834.cpd","","",0,False,False,False,True,False,"['Empty Transcript']","[]"
"Modjeska Simkins Papers, South Carolina Council on Human Relations, 1957-1982 and no date","Simkins, Modjeska Monteith, 1899-1992","","1957-1982","31 items","Modjeska Simkins Papers. Series: Topical files. South Carolina Political Collections.","Simkins, Modjeska, 1899-1992;Columbia (S.C.)","","Modjeska Simkins Papers, 1909-1992","https://digital.library.sc.edu/collections/modjeska-monteith-simkins-papers-1909-1992/","University of South Carolina. South Carolina Political Collections","","Copyright Not Evaluated. For further information please contact the University of South Carolina, South Carolina Political Collections, Columbia, SC 29208.","English","300ppi, 8-bit depth grayscale, Mekel microfilm scanner with Quantum Scan software, Archival Master file is a TIFF.","2012","Text","image/jpeg","Manuscripts","08564","Sarah Funk","Topical files","","2020-10-19","2020-10-19","http://cdm17173.contentdm.oclc.org/cdm/ref/collection/mmsimkins/id/7155",7155.0,"7915.cpd","/mmsimkins/image/7915.cpd","1957","",0,False,False,False,True,False,"['Empty Transcript']","[]"
"Modjeska Simkins Papers, Topical Papers, NAACP Richland County Citizens Committee, No date","Simkins, Modjeska Monteith, 1899-1992","","","49 items","Modjeska Simkins Papers. Series: Topical files. South Carolina Political Collections.","Simkins, Modjeska, 1899-1992;Columbia (S.C.)","","Modjeska Simkins Papers, 1909-1992","https://digital.library.sc.edu/collections/modjeska-monteith-simkins-papers-1909-1992/","University of South Carolina. South Carolina Political Collections","","Copyright Not Evaluated. For further information please contact the University of South Carolina, South Carolina Political Collections, Columbia, SC 29208.","English","300ppi, 8-bit depth grayscale, Mekel microfilm scanner with Quantum Scan software, Archival Master file is a TIFF.","2012","Text","image/jpeg","Manuscripts","08380","Sarah Funk","Topical files","","2020-10-19","2020-10-19","http://cdm17173.contentdm.oclc.org/cdm/ref/collection/mmsimkins/id/7218",7218.0,"7978.cpd","/mmsimkins/image/7978.cpd","","",0,False,False,False,True,False,"['Empty Transcript']","[]"
"Modjeska Simkins Papers, Topical Papers, South Carolina Tuberculosis Association, 1922-1948 and no date","Simkins, Modjeska Monteith, 1899-1992","","1922-1948","44 items","Modjeska Simkins Papers. Series: Topical files. South Carolina Political Collections.","Simkins, Modjeska, 1899-1992;Columbia (S.C.)","","Modjeska Simkins Papers, 1909-1992","https://digital.library.sc.edu/collections/modjeska-monteith-simkins-papers-1909-1992/","University of South Carolina. South Carolina Political Collections","","Copyright Not Evaluated. For further information please contact the University of South Carolina, South Carolina Political Collections, Columbia, SC 29208.","English","300ppi, 8-bit depth grayscale, Mekel microfilm scanner with Quantum Scan software, Archival Master file is a TIFF.","2012","Text","image/jpeg","Manuscripts","08788","Sarah Funk","Topical files","","2020-10-19","2020-10-19","http://cdm17173.contentdm.oclc.org/cdm/ref/collection/mmsimkins/id/7351",7351.0,"8186.cpd","/mmsimkins/image/8186.cpd","1922","",0,False,False,False,True,False,"['Empty Transcript']","[]"
"Modjeska Simkins Papers, Topical Papers, South Carolina Voter Education Project, 1962-1981 and no date","Simkins, Modjeska Monteith, 1899-1992","","1962-1981","16 items","Modjeska Simkins Papers. Series: Topical files. South Carolina Political Collections.","Simkins, Modjeska, 1899-1992;Columbia (S.C.)","","Modjeska Simkins Papers, 1909-1992","https://digital.library.sc.edu/collections/modjeska-monteith-simkins-papers-1909-1992/","University of South Carolina. South Carolina Political Collections","","Copyright Not Evaluated. For further information please contact the University of South Carolina, South Carolina Political Collections, Columbia, SC 29208.","English","300ppi, 8-bit depth grayscale, Mekel microfilm scanner with Quantum Scan software, Archival Master file is a TIFF.","2012","Text","image/jpeg","Manuscripts","08938","Sarah Funk","Topical files","","2020-10-19","2020-10-19","http://cdm17173.contentdm.oclc.org/cdm/ref/collection/mmsimkins/id/7417",7417.0,"8252.cpd","/mmsimkins/image/8252.cpd","1962","",0,False,False,False,True,False,"['Empty Transcript']","[]"
"Modjeska Simkins Papers, Topical Papers, NAACP Richland County Citizens Committee, No date","Simkins, Modjeska Monteith, 1899-1992","","","37 items","Modjeska Simkins Papers. Series: Topical files. South Carolina Political Collections.","Simkins, Modjeska, 1899-1992;Columbia (S.C.)","","Modjeska Simkins Papers, 1909-1992","https://digital.library.sc.edu/collections/modjeska-monteith-simkins-papers-1909-1992/","University of South Carolina. South Carolina Political Collections","","Copyright Not Evaluated. For further information please contact the University of South Carolina, South Carolina Political Collections, Columbia, SC 29208.","English","300ppi, 8-bit depth grayscale, Mekel microfilm scanner with Quantum Scan software, Archival Master file is a TIFF.","2012","Text","image/jpeg","Manuscripts","08449","Sarah Funk","Topical files","","2020-10-19","2020-10-19","http://cdm17173.contentdm.oclc.org/cdm/ref/collection/mmsimkins/id/7470",7470.0,"8305.cpd","/mmsimkins/image/8305.cpd","","",0,False,False,False,True,False,"['Empty Transcript']","[]"
"Modjeska Simkins Papers, Topical Papers, South Carolina Department of Mental Health Hospital, 1974-1986 and no date","Simkins, Modjeska Monteith, 1899-1992","","","38 items","Modjeska Simkins Papers. Series: Topical files. South Carolina Political Collections.","Simkins, Modjeska, 1899-1992;Columbia (S.C.)","","Modjeska Simkins Papers, 1909-1992","https://digital.library.sc.edu/collections/modjeska-monteith-simkins-papers-1909-1992/","University of South Carolina. South Carolina Political Collections","","Copyright Not Evaluated. For further information please contact the University of South Carolina, South Carolina Political Collections, Columbia, SC 29208.","English","300ppi, 8-bit depth grayscale, Mekel microfilm scanner with Quantum Scan software, Archival Master file is a TIFF.","2012","Text","image/jpeg","Manuscripts","08648","Sarah Funk","Topical files","","2020-10-19","2020-10-19","http://cdm17173.contentdm.oclc.org/cdm/ref/collection/mmsimkins/id/7583",7583.0,"8418.cpd","/mmsimkins/image/8418.cpd","","",0,False,False,False,True,False,"['Empty Transcript']","[]"
"Modjeska Simkins Papers, Topical Papers, South Carolina Task Force on Quality Education, 1967 and no date","Simkins, Modjeska Monteith, 1899-1992","","1967","5 items","Modjeska Simkins Papers. Series: Topical files. South Carolina Political Collections.","Simkins, Modjeska, 1899-1992;Columbia (S.C.)","","Modjeska Simkins Papers, 1909-1992","https://digital.library.sc.edu/collections/modjeska-monteith-simkins-papers-1909-1992/","University of South Carolina. South Carolina Political Collections","","Copyright Not Evaluated. For further information please contact the University of South Carolina, South Carolina Political Collections, Columbia, SC 29208.","English","300ppi, 8-bit depth grayscale, Mekel microfilm scanner with Quantum Scan software, Archival Master file is a TIFF.","2012","Text","image/jpeg","Manuscripts","08771","Sarah Funk","Topical files","","2020-10-19","2020-10-19","http://cdm17173.contentdm.oclc.org/cdm/ref/collection/mmsimkins/id/7600",7600.0,"8435.cpd","/mmsimkins/image/8435.cpd","1967","",0,False,False,False,True,False,"['Empty Transcript']","[]"
"Modjeska Simkins Papers, Topical Papers, South Carolina Coalition Against the Death Penalty, 1984 and no date","Simkins, Modjeska Monteith, 1899-1992","","","24 items","Modjeska Simkins Papers. Series: Topical files. South Carolina Political Collections.","Simkins, Modjeska, 1899-1992;Columbia (S.C.)","","Modjeska Simkins Papers, 1909-1992","https://digital.library.sc.edu/collections/modjeska-monteith-simkins-papers-1909-1992/","University of South Carolina. South Carolina Political Collections","","Copyright Not Evaluated. For further information please contact the University of South Carolina, South Carolina Political Collections, Columbia, SC 29208.","English","300ppi, 8-bit depth grayscale, Mekel microfilm scanner with Quantum Scan software, Archival Master file is a TIFF.","2012","Text","image/jpeg","Manuscripts","08506","Sarah Funk","Topical files","","2020-10-19","2020-10-19","http://cdm17173.contentdm.oclc.org/cdm/ref/collection/mmsimkins/id/7656",7656.0,"8491.cpd","/mmsimkins/image/8491.cpd","","",0,False,False,False,True,False,"['Empty Transcript']","[]"
"Modjeska Simkins Papers, Topical Papers, Southern Conference Educational Fund, 1971","Simkins, Modjeska Monteith, 1899-1992","","1971","56 items","Modjeska Simkins Papers. Series: Topical files. South Carolina Political Collections.","Simkins, Modjeska, 1899-1992;Columbia (S.C.)","","Modjeska Simkins Papers, 1909-1992","https://digital.library.sc.edu/collections/modjeska-monteith-simkins-papers-1909-1992/","University of South Carolina. South Carolina Political Collections","","Copyright Not Evaluated. For further information please contact the University of South Carolina, South Carolina Political Collections, Columbia, SC 29208.","English","300ppi, 8-bit depth grayscale, Mekel microfilm scanner with Quantum Scan software, Archival Master file is a TIFF.","2012","Text","image/jpeg","Manuscripts","09475","Sarah Funk","Topical files","","2020-10-19","2020-10-19","http://cdm17173.contentdm.oclc.org/cdm/ref/collection/mmsimkins/id/7771",7771.0,"8756.cpd","/mmsimkins/image/8756.cpd","1971","",0,False,False,False,True,False,"['Empty Transcript']","[]"
"Modjeska Simkins Papers, Topical Papers, Southern Conference Educational Fund, 1968-1969","Simkins, Modjeska Monteith, 1899-1992","","1968-1969","39 items","Modjeska Simkins Papers. Series: Topical files. South Carolina Political Collections.","Simkins, Modjeska, 1899-1992;Columbia (S.C.)","","Modjeska Simkins Papers, 1909-1992","https://digital.library.sc.edu/collections/modjeska-monteith-simkins-papers-1909-1992/","University of South Carolina. South Carolina Political Collections","","Copyright Not Evaluated. For further information please contact the University of South Carolina, South Carolina Political Collections, Columbia, SC 29208.","English","300ppi, 8-bit depth grayscale, Mekel microfilm scanner with Quantum Scan software, Archival Master file is a TIFF.","2012","Text","image/jpeg","Manuscripts","09335","Sarah Funk","Topical files","","2020-10-19","2020-10-19","http://cdm17173.contentdm.oclc.org/cdm/ref/collection/mmsimkins/id/7849",7849.0,"8834.cpd","/mmsimkins/image/8834.cpd","1968","",0,False,False,False,True,False,"['Empty Transcript']","[]"
"Modjeska Simkins Papers, Topical Papers, Southern Conference Educational Fund, 1962-1964","Simkins, Modjeska Monteith, 1899-1992","","1962-1964","20 items","Modjeska Simkins Papers. Series: Topical files. South Carolina Political Collections.","Simkins, Modjeska, 1899-1992;Columbia (S.C.)","","Modjeska Simkins Papers, 1909-1992","https://digital.library.sc.edu/collections/modjeska-monteith-simkins-papers-1909-1992/","University of South Carolina. South Carolina Political Collections","","Copyright Not Evaluated. For further information please contact the University of South Carolina, South Carolina Political Collections, Columbia, SC 29208.","English","300ppi, 8-bit depth grayscale, Mekel microfilm scanner with Quantum Scan software, Archival Master file is a TIFF.","2012","Text","image/jpeg","Manuscripts","09177","Sarah Funk","Topical files","","2020-10-19","2020-10-19","http://cdm17173.contentdm.oclc.org/cdm/ref/collection/mmsimkins/id/7888",7888.0,"8873.cpd","/mmsimkins/image/8873.cpd","1962","",0,False,False,False,True,False,"['Empty Transcript']","[]"
"Modjeska Simkins Papers, Topical Papers, Southern Conference Educational Fund, No date (1 of 3)","Simkins, Modjeska Monteith, 1899-1992","","","18 items","Modjeska Simkins Papers. Series: Topical files. South Carolina Political Collections.","Simkins, Modjeska, 1899-1992;Columbia (S.C.)","","Modjeska Simkins Papers, 1909-1992","https://digital.library.sc.edu/collections/modjeska-monteith-simkins-papers-1909-1992/","University of South Carolina. South Carolina Political Collections","","Copyright Not Evaluated. For further information please contact the University of South Carolina, South Carolina Political Collections, Columbia, SC 29208.","English","300ppi, 8-bit depth grayscale, Mekel microfilm scanner with Quantum Scan software, Archival Master file is a TIFF.","2012","Text","image/jpeg","Manuscripts","10321","Sarah Funk","Topical files","","2020-10-19","2020-10-19","http://cdm17173.contentdm.oclc.org/cdm/ref/collection/mmsimkins/id/7945",7945.0,"8930.cpd","/mmsimkins/image/8930.cpd","","",0,False,False,False,True,False,"['Empty Transcript']","[]"
"Modjeska Simkins Papers, Topical Papers, Southern Conference Educational Fund, 1973","Simkins, Modjeska Monteith, 1899-1992","","1973","19 items","Modjeska Simkins Papers. Series: Topical files. South Carolina Political Collections.","Simkins, Modjeska, 1899-1992;Columbia (S.C.)","","Modjeska Simkins Papers, 1909-1992","https://digital.library.sc.edu/collections/modjeska-monteith-simkins-papers-1909-1992/","University of South Carolina. South Carolina Political Collections","","Copyright Not Evaluated. For further information please contact the University of South Carolina, South Carolina Political Collections, Columbia, SC 29208.","English","300ppi, 8-bit depth grayscale, Mekel microfilm scanner with Quantum Scan software, Archival Master file is a TIFF.","2012","Text","image/jpeg","Manuscripts","09742","Sarah Funk","Topical files","","2020-10-19","2020-10-19","http://cdm17173.contentdm.oclc.org/cdm/ref/collection/mmsimkins/id/7994",7994.0,"8979.cpd","/mmsimkins/image/8979.cpd","1973","",0,False,False,False,True,False,"['Empty Transcript']","[]"
"Modjeska Simkins Papers, Topical Papers, Southern Christian Leadership Conference, 1961-1982 and no date","Simkins, Modjeska Monteith, 1899-1992","","1961-1982","14 items","Modjeska Simkins Papers. Series: Topical files. South Carolina Political Collections.","Simkins, Modjeska, 1899-1992;Columbia (S.C.)","","Modjeska Simkins Papers, 1909-1992","https://digital.library.sc.edu/collections/modjeska-monteith-simkins-papers-1909-1992/","University of South Carolina. South Carolina Political Collections","","Copyright Not Evaluated. For further information please contact the University of South Carolina, South Carolina Political Collections, Columbia, SC 29208.","English","300ppi, 8-bit depth grayscale, Mekel microfilm scanner with Quantum Scan software, Archival Master file is a TIFF.","2012","Text","image/jpeg","Manuscripts","09030","Sarah Funk","Topical files","","2020-10-19","2020-10-19","http://cdm17173.contentdm.oclc.org/cdm/ref/collection/mmsimkins/id/8033",8033.0,"9018.cpd","/mmsimkins/image/9018.cpd","1961","",0,False,False,False,True,False,"['Empty Transcript']","[]"
"Modjeska Simkins Papers, Topical Papers, Southern Conference Educational Fund, 1970","Simkins, Modjeska Monteith, 1899-1992","","1970","26 items","Modjeska Simkins Papers. Series: Topical files. South Carolina Political Collections.","Simkins, Modjeska, 1899-1992;Columbia (S.C.)","","Modjeska Simkins Papers, 1909-1992","https://digital.library.sc.edu/collections/modjeska-monteith-simkins-papers-1909-1992/","University of South Carolina. South Carolina Political Collections","","Copyright Not Evaluated. For further information please contact the University of South Carolina, South Carolina Political Collections, Columbia, SC 29208.","English","300ppi, 8-bit depth grayscale, Mekel microfilm scanner with Quantum Scan software, Archival Master file is a TIFF.","2012","Text","image/jpeg","Manuscripts","09418","Sarah Funk","Topical files","","2020-10-19","2020-10-19","http://cdm17173.contentdm.oclc.org/cdm/ref/collection/mmsimkins/id/8089",8089.0,"9074.cpd","/mmsimkins/image/9074.cpd","1970","",0,False,False,False,True,False,"['Empty Transcript']","[]"
"Modjeska Simkins Papers, Topical Papers, Southern Conference Educational Fund, 1972","Simkins, Modjeska Monteith, 1899-1992","","1972","25 items","Modjeska Simkins Papers. Series: Topical files. South Carolina Political Collections.","Simkins, Modjeska, 1899-1992;Columbia (S.C.)","","Modjeska Simkins Papers, 1909-1992","https://digital.library.sc.edu/collections/modjeska-monteith-simkins-papers-1909-1992/","University of South Carolina. South Carolina Political Collections","","Copyright Not Evaluated. For further information please contact the University of South Carolina, South Carolina Political Collections, Columbia, SC 29208.","English","300ppi, 8-bit depth grayscale, Mekel microfilm scanner with Quantum Scan software, Archival Master file is a TIFF.","2012","Text","image/jpeg","Manuscripts","09595","Sarah Funk","Topical files","","2020-10-19","2020-10-19","http://cdm17173.contentdm.oclc.org/cdm/ref/collection/mmsimkins/id/8168",8168.0,"9153.cpd","/mmsimkins/image/9153.cpd","1972","",0,False,False,False,True,False,"['Empty Transcript']","[]"
"Modjeska Simkins Papers, Topical Papers, Southern Conference Educational Fund, 1965-1966","Simkins, Modjeska Monteith, 1899-1992","","1965-1966","18 items","Modjeska Simkins Papers. Series: Topical files. South Carolina Political Collections.","Simkins, Modjeska, 1899-1992;Columbia (S.C.)","","Modjeska Simkins Papers, 1909-1992","https://digital.library.sc.edu/collections/modjeska-monteith-simkins-papers-1909-1992/","University of South Carolina. South Carolina Political Collections","","Copyright Not Evaluated. For further information please contact the University of South Carolina, South Carolina Political Collections, Columbia, SC 29208.","English","300ppi, 8-bit depth grayscale, Mekel microfilm scanner with Quantum Scan software, Archival Master file is a TIFF.","2012","Text","image/jpeg","Manuscripts","09217","Sarah Funk","Topical files","","2020-10-19","2020-10-19","http://cdm17173.contentdm.oclc.org/cdm/ref/collection/mmsimkins/id/8212",8212.0,"9197.cpd","/mmsimkins/image/9197.cpd","1965","",0,False,False,False,True,False,"['Empty Transcript']","[]"
"Modjeska Simkins Papers, Topical Papers, Southern Conference Educational Fund, October-December, 1973","Simkins, Modjeska Monteith, 1899-1992","","1973","32 items","Modjeska Simkins Papers. Series: Topical files. South Carolina Political Collections.","Simkins, Modjeska, 1899-1992;Columbia (S.C.)","","Modjeska Simkins Papers, 1909-1992","https://digital.library.sc.edu/collections/modjeska-monteith-simkins-papers-1909-1992/","University of South Carolina. South Carolina Political Collections","","Copyright Not Evaluated. For further information please contact the University of South Carolina, South Carolina Political Collections, Columbia, SC 29208.","English","300ppi, 8-bit depth grayscale, Mekel microfilm scanner with Quantum Scan software, Archival Master file is a TIFF.","2012","Text","image/jpeg","Manuscripts","09862","Sarah Funk","Topical files","","2020-10-19","2020-10-19","http://cdm17173.contentdm.oclc.org/cdm/ref/collection/mmsimkins/id/8315",8315.0,"9300.cpd","/mmsimkins/image/9300.cpd","1973","",0,False,False,False,True,False,"['Empty Transcript']","[]"
"Modjeska Simkins Papers, Topical Papers, Southern Conference Educational Fund, January-February, 1974","Simkins, Modjeska Monteith, 1899-1992","","1974","28 items","Modjeska Simkins Papers. Series: Topical files. South Carolina Political Collections.","Simkins, Modjeska, 1899-1992;Columbia (S.C.)","","Modjeska Simkins Papers, 1909-1992","https://digital.library.sc.edu/collections/modjeska-monteith-simkins-papers-1909-1992/","University of South Carolina. South Carolina Political Collections","","Copyright Not Evaluated. For further information please contact the University of South Carolina, South Carolina Political Collections, Columbia, SC 29208.","English","300ppi, 8-bit depth grayscale, Mekel microfilm scanner with Quantum Scan software, Archival Master file is a TIFF.","2012","Text","image/jpeg","Manuscripts","10042","Sarah Funk","Topical files","","2020-10-19","2020-10-19","http://cdm17173.contentdm.oclc.org/cdm/ref/collection/mmsimkins/id/8405",8405.0,"9390.cpd","/mmsimkins/image/9390.cpd","1974","",0,False,False,False,True,False,"['Empty Transcript']","[]"
"Modjeska Simkins Papers, Topical Papers, Southern Conference Educational Fund, July-September, 1973","Simkins, Modjeska Monteith, 1899-1992","","1973","11 items","Modjeska Simkins Papers. Series: Topical files. South Carolina Political Collections.","Simkins, Modjeska, 1899-1992;Columbia (S.C.)","","Modjeska Simkins Papers, 1909-1992","https://digital.library.sc.edu/collections/modjeska-monteith-simkins-papers-1909-1992/","University of South Carolina. South Carolina Political Collections","","Copyright Not Evaluated. For further information please contact the University of South Carolina, South Carolina Political Collections, Columbia, SC 29208.","English","300ppi, 8-bit depth grayscale, Mekel microfilm scanner with Quantum Scan software, Archival Master file is a TIFF.","2012","Text","image/jpeg","Manuscripts","09796","Sarah Funk","Topical files","","2020-10-19","2020-10-19","http://cdm17173.contentdm.oclc.org/cdm/ref/collection/mmsimkins/id/8467",8467.0,"9452.cpd","/mmsimkins/image/9452.cpd","1973","",0,False,False,False,True,False,"['Empty Transcript']","[]"
"Modjeska Simkins Papers, Topical Papers, Southern Conference Educational Fund, September-December, 1974","Simkins, Modjeska Monteith, 1899-1992","","1974","20 items","Modjeska Simkins Papers. Series: Topical files. South Carolina Political Collections.","Simkins, Modjeska, 1899-1992;Columbia (S.C.)","","Modjeska Simkins Papers, 1909-1992","https://digital.library.sc.edu/collections/modjeska-monteith-simkins-papers-1909-1992/","University of South Carolina. South Carolina Political Collections","","Copyright Not Evaluated. For further information please contact the University of South Carolina, South Carolina Political Collections, Columbia, SC 29208.","English","300ppi, 8-bit depth grayscale, Mekel microfilm scanner with Quantum Scan software, Archival Master file is a TIFF.","2012","Text","image/jpeg","Manuscripts","10188","Sarah Funk","Topical files","","2020-10-19","2020-10-19","http://cdm17173.contentdm.oclc.org/cdm/ref/collection/mmsimkins/id/8563",8563.0,"9548.cpd","/mmsimkins/image/9548.cpd","1974","",0,False,False,False,True,False,"['Empty Transcript']","[]"
"Modjeska Simkins Papers, Topical Papers, Southern Conference Educational Fund, March-April, 1974","Simkins, Modjeska Monteith, 1899-1992","","1974","22 items","Modjeska Simkins Papers. Series: Topical files. South Carolina Political Collections.","Simkins, Modjeska, 1899-1992;Columbia (S.C.)","","Modjeska Simkins Papers, 1909-1992","https://digital.library.sc.edu/collections/modjeska-monteith-simkins-papers-1909-1992/","University of South Carolina. South Carolina Political Collections","","Copyright Not Evaluated. For further information please contact the University of South Carolina, South Carolina Political Collections, Columbia, SC 29208.","English","300ppi, 8-bit depth grayscale, Mekel microfilm scanner with Quantum Scan software, Archival Master file is a TIFF.","2012","Text","image/jpeg","Manuscripts","10134","Sarah Funk","Topical files","","2020-10-19","2020-10-19","http://cdm17173.contentdm.oclc.org/cdm/ref/collection/mmsimkins/id/8614",8614.0,"9599.cpd","/mmsimkins/image/9599.cpd","1974","",0,False,False,False,True,False,"['Empty Transcript']","[]"
"Modjeska Simkins Papers, Topical Papers, Southern Conference Educational Fund, 1975-1983","Simkins, Modjeska Monteith, 1899-1992","","1975-1983","13 items","Modjeska Simkins Papers. Series: Topical files. South Carolina Political Collections.","Simkins, Modjeska, 1899-1992;Columbia (S.C.)","","Modjeska Simkins Papers, 1909-1992","https://digital.library.sc.edu/collections/modjeska-monteith-simkins-papers-1909-1992/","University of South Carolina. South Carolina Political Collections","","Copyright Not Evaluated. For further information please contact the University of South Carolina, South Carolina Political Collections, Columbia, SC 29208.","English","300ppi, 8-bit depth grayscale, Mekel microfilm scanner with Quantum Scan software, Archival Master file is a TIFF.","2012","Text","image/jpeg","Manuscripts","10285","Sarah Funk","Topical files","","2020-10-19","2020-10-19","http://cdm17173.contentdm.oclc.org/cdm/ref/collection/mmsimkins/id/8649",8649.0,"9709.cpd","/mmsimkins/image/9709.cpd","1975","",0,False,False,False,True,False,"['Empty Transcript']","[]"
"Modjeska Simkins Papers, Topical Papers, Southern Conference Educational Fund, 1947-1983 and no date","Simkins, Modjeska Monteith, 1899-1992","","1947-1983","42 items","Modjeska Simkins Papers. Series: Topical files. South Carolina Political Collections.","Simkins, Modjeska, 1899-1992;Columbia (S.C.)","","Modjeska Simkins Papers, 1909-1992","https://digital.library.sc.edu/collections/modjeska-monteith-simkins-papers-1909-1992/","University of South Carolina. South Carolina Political Collections","","Copyright Not Evaluated. For further information please contact the University of South Carolina, South Carolina Political Collections, Columbia, SC 29208.","English","300ppi, 8-bit depth grayscale, Mekel microfilm scanner with Quantum Scan software, Archival Master file is a TIFF.","2012","Text","image/jpeg","Manuscripts","09072","Sarah Funk","Topical files","","2020-10-19","2020-10-19","http://cdm17173.contentdm.oclc.org/cdm/ref/collection/mmsimkins/id/8751",8751.0,"9811.cpd","/mmsimkins/image/9811.cpd","1947","",0,False,False,False,True,False,"['Empty Transcript']","[]"
"Modjeska Simkins Papers, Topical Papers, Southern Conference Educational Fund, 1967","Simkins, Modjeska Monteith, 1899-1992","","1967","30 items","Modjeska Simkins Papers. Series: Topical files. South Carolina Political Collections.","Simkins, Modjeska, 1899-1992;Columbia (S.C.)","","Modjeska Simkins Papers, 1909-1992","https://digital.library.sc.edu/collections/modjeska-monteith-simkins-papers-1909-1992/","University of South Carolina. South Carolina Political Collections","","Copyright Not Evaluated. For further information please contact the University of South Carolina, South Carolina Political Collections, Columbia, SC 29208.","English","300ppi, 8-bit depth grayscale, Mekel microfilm scanner with Quantum Scan software, Archival Master file is a TIFF.","2012","Text","image/jpeg","Manuscripts","09261","Sarah Funk","Topical files","","2020-10-19","2020-10-19","http://cdm17173.contentdm.oclc.org/cdm/ref/collection/mmsimkins/id/8820",8820.0,"9880.cpd","/mmsimkins/image/9880.cpd","1967","",0,False,False,False,True,False,"['Empty Transcript']","[]"
"Modjeska Simkins Papers, Topical Papers, Southern Conference Educational Fund, No date (2 of 3)","Simkins, Modjeska Monteith, 1899-1992","","","13 items","Modjeska Simkins Papers. Series: Topical files. South Carolina Political Collections.","Simkins, Modjeska, 1899-1992;Columbia (S.C.)","","Modjeska Simkins Papers, 1909-1992","https://digital.library.sc.edu/collections/modjeska-monteith-simkins-papers-1909-1992/","University of South Carolina. South Carolina Political Collections","","Copyright Not Evaluated. For further information please contact the University of South Carolina, South Carolina Political Collections, Columbia, SC 29208.","English","300ppi, 8-bit depth grayscale, Mekel microfilm scanner with Quantum Scan software, Archival Master file is a TIFF.","2012","Text","image/jpeg","Manuscripts","10382","Sarah Funk","Topical files","","2020-10-19","2020-10-19","http://cdm17173.contentdm.oclc.org/cdm/ref/collection/mmsimkins/id/8865",8865.0,"9925.cpd","/mmsimkins/image/9925.cpd","","",0,False,False,False,True,False,"['Empty Transcript']","[]"
"Modjeska Simkins Papers, Topical Papers, Southern Conference Educational Fund, May-July, 1974","Simkins, Modjeska Monteith, 1899-1992","","1974","24 items","Modjeska Simkins Papers. Series: Topical files. South Carolina Political Collections.","Simkins, Modjeska, 1899-1992;Columbia (S.C.)","","Modjeska Simkins Papers, 1909-1992","https://digital.library.sc.edu/collections/modjeska-monteith-simkins-papers-1909-1992/","University of South Carolina. South Carolina Political Collections","","Copyright Not Evaluated. For further information please contact the University of South Carolina, South Carolina Political Collections, Columbia, SC 29208.","English","300ppi, 8-bit depth grayscale, Mekel microfilm scanner with Quantum Scan software, Archival Master file is a TIFF.","2012","Text","image/jpeg","Manuscripts","09969","Sarah Funk","Topical files","","2020-10-19","2020-10-19","http://cdm17173.contentdm.oclc.org/cdm/ref/collection/mmsimkins/id/8935",8935.0,"9995.cpd","/mmsimkins/image/9995.cpd","1974","",0,False,False,False,True,False,"['Empty Transcript']","[]"
"Modjeska Simkins Papers, Topical Papers, Southern Conference Educational Fund, January-June, 1973","Simkins, Modjeska Monteith, 1899-1992","","1973","16 items","Modjeska Simkins Papers. Series: Topical files. South Carolina Political Collections.","Simkins, Modjeska, 1899-1992;Columbia (S.C.)","","Modjeska Simkins Papers, 1909-1992","https://digital.library.sc.edu/collections/modjeska-monteith-simkins-papers-1909-1992/","University of South Carolina. South Carolina Political Collections","","Copyright Not Evaluated. For further information please contact the University of South Carolina, South Carolina Political Collections, Columbia, SC 29208.","English","300ppi, 8-bit depth grayscale, Mekel microfilm scanner with Quantum Scan software, Archival Master file is a TIFF.","2012","Text","image/jpeg","Manuscripts","09675","Sarah Funk","Topical files","","2020-10-19","2020-10-19","http://cdm17173.contentdm.oclc.org/cdm/ref/collection/mmsimkins/id/8972",8972.0,"10032.cpd","/mmsimkins/image/10032.cpd","1973","",0,False,False,False,True,False,"['Empty Transcript']","[]"
"Modjeska Simkins Papers, Topical Papers, Southern Conference Educational Fund, Newsletters, """"The Southern Patriot"""" (3 of 3)","Simkins, Modjeska Monteith, 1899-1992","","","9 items","Modjeska Simkins Papers. Series: Topical files. South Carolina Political Collections.","Simkins, Modjeska, 1899-1992;Columbia (S.C.)","","Modjeska Simkins Papers, 1909-1992","https://digital.library.sc.edu/collections/modjeska-monteith-simkins-papers-1909-1992/","University of South Carolina. South Carolina Political Collections","","Copyright Not Evaluated. For further information please contact the University of South Carolina, South Carolina Political Collections, Columbia, SC 29208.","English","300ppi, 8-bit depth grayscale, Mekel microfilm scanner with Quantum Scan software, Archival Master file is a TIFF.","2012","Text","image/jpeg","Manuscripts","10674","Sarah Funk","Topical files","","2020-10-19","2020-10-19","http://cdm17173.contentdm.oclc.org/cdm/ref/collection/mmsimkins/id/9006",9006.0,"10066.cpd","/mmsimkins/image/10066.cpd","","",0,False,False,False,True,False,"['Empty Transcript']","[]"
"Modjeska Simkins Papers, Topical Papers, United Citizens Party, 1969-1973","Simkins, Modjeska Monteith, 1899-1992","","1969-1973","23 items","Modjeska Simkins Papers. Series: Topical files. South Carolina Political Collections.","Simkins, Modjeska, 1899-1992;Columbia (S.C.)","","Modjeska Simkins Papers, 1909-1992","https://digital.library.sc.edu/collections/modjeska-monteith-simkins-papers-1909-1992/","University of South Carolina. South Carolina Political Collections","","Copyright Not Evaluated. For further information please contact the University of South Carolina, South Carolina Political Collections, Columbia, SC 29208.","English","300ppi, 8-bit depth grayscale, Mekel microfilm scanner with Quantum Scan software, Archival Master file is a TIFF.","2012","Text","image/jpeg","Manuscripts","11608","Sarah Funk","Topical files","","2020-10-19","2020-10-19","http://cdm17173.contentdm.oclc.org/cdm/ref/collection/mmsimkins/id/9060",9060.0,"10120.cpd","/mmsimkins/image/10120.cpd","1969","",0,False,False,False,True,False,"['Empty Transcript']","[]"
"Modjeska Simkins Papers, Topical Papers, Southern Conference Educational Fund, Newsletters, """"The Southern Patriot"""" (2 of 3)","Simkins, Modjeska Monteith, 1899-1992","","","19 items","Modjeska Simkins Papers. Series: Topical files. South Carolina Political Collections.","Simkins, Modjeska, 1899-1992;Columbia (S.C.)","","Modjeska Simkins Papers, 1909-1992","https://digital.library.sc.edu/collections/modjeska-monteith-simkins-papers-1909-1992/","University of South Carolina. South Carolina Political Collections","","Copyright Not Evaluated. For further information please contact the University of South Carolina, South Carolina Political Collections, Columbia, SC 29208.","English","300ppi, 8-bit depth grayscale, Mekel microfilm scanner with Quantum Scan software, Archival Master file is a TIFF.","2012","Text","image/jpeg","Manuscripts","10595","Sarah Funk","Topical files","","2020-10-19","2020-10-19","http://cdm17173.contentdm.oclc.org/cdm/ref/collection/mmsimkins/id/9136",9136.0,"10196.cpd","/mmsimkins/image/10196.cpd","","",0,False,False,False,True,False,"['Empty Transcript']","[]"
"Modjeska Simkins Papers, Topical Papers, Southern Organizing Committee for Economic & Social Justice, Newsletters, ""Southern Fight-Back"" (1 of 2)","Simkins, Modjeska Monteith, 1899-1992","","1975-1981","9 items","Modjeska Simkins Papers. Series: Topical files. South Carolina Political Collections.","Simkins, Modjeska, 1899-1992;Columbia (S.C.)","","Modjeska Simkins Papers, 1909-1992","https://digital.library.sc.edu/collections/modjeska-monteith-simkins-papers-1909-1992/","University of South Carolina. South Carolina Political Collections","","Copyright Not Evaluated. For further information please contact the University of South Carolina, South Carolina Political Collections, Columbia, SC 29208.","English","300ppi, 8-bit depth grayscale, Mekel microfilm scanner with Quantum Scan software, Archival Master file is a TIFF.","2012","Text","image/jpeg","Manuscripts","11224","Sarah Funk","Topical files","","2020-10-19","2020-10-19","http://cdm17173.contentdm.oclc.org/cdm/ref/collection/mmsimkins/id/9183",9183.0,"10243.cpd","/mmsimkins/image/10243.cpd","1975","",0,False,False,False,True,False,"['Empty Transcript']","[]"
"Modjeska Simkins Papers, Topical Papers, Southern Organizing Committee for Economic & Social Justice, 1975-1992 and no date","Simkins, Modjeska Monteith, 1899-1992","","1975-1992","64 items","Modjeska Simkins Papers. Series: Topical files. South Carolina Political Collections.","Simkins, Modjeska, 1899-1992;Columbia (S.C.)","","Modjeska Simkins Papers, 1909-1992","https://digital.library.sc.edu/collections/modjeska-monteith-simkins-papers-1909-1992/","University of South Carolina. South Carolina Political Collections","","Copyright Not Evaluated. For further information please contact the University of South Carolina, South Carolina Political Collections, Columbia, SC 29208.","English","300ppi, 8-bit depth grayscale, Mekel microfilm scanner with Quantum Scan software, Archival Master file is a TIFF.","2012","Text","image/jpeg","Manuscripts","10763","Sarah Funk","Topical files","","2020-10-19","2020-10-19","http://cdm17173.contentdm.oclc.org/cdm/ref/collection/mmsimkins/id/9338",9338.0,"10398.cpd","/mmsimkins/image/10398.cpd","1975","",0,False,False,False,True,False,"['Empty Transcript']","[]"
"Modjeska Simkins Papers, Topical Papers, Southern Conference Educational Fund, Newsletters, ""The Southern Patriot"" (1 of 3)","Simkins, Modjeska Monteith, 1899-1992","","","10 items","Modjeska Simkins Papers. Series: Topical files. South Carolina Political Collections.","Simkins, Modjeska, 1899-1992;Columbia (S.C.)","","Modjeska Simkins Papers, 1909-1992","https://digital.library.sc.edu/collections/modjeska-monteith-simkins-papers-1909-1992/","University of South Carolina. South Carolina Political Collections","","Copyright Not Evaluated. For further information please contact the University of South Carolina, South Carolina Political Collections, Columbia, SC 29208.","English","300ppi, 8-bit depth grayscale, Mekel microfilm scanner with Quantum Scan software, Archival Master file is a TIFF.","2012","Text","image/jpeg","Manuscripts","10536","Sarah Funk","Topical files","","2020-10-19","2020-10-19","http://cdm17173.contentdm.oclc.org/cdm/ref/collection/mmsimkins/id/9392",9392.0,"10452.cpd","/mmsimkins/image/10452.cpd","","",0,False,False,False,True,False,"['Empty Transcript']","[]"
"Modjeska Simkins Papers, Topical Papers, Southern Organizing Committee for Economic & Social Justice, 1979-1980","Simkins, Modjeska Monteith, 1899-1992","","1979-1980","52 items","Modjeska Simkins Papers. Series: Topical files. South Carolina Political Collections.","Simkins, Modjeska, 1899-1992;Columbia (S.C.)","","Modjeska Simkins Papers, 1909-1992","https://digital.library.sc.edu/collections/modjeska-monteith-simkins-papers-1909-1992/","University of South Carolina. South Carolina Political Collections","","Copyright Not Evaluated. For further information please contact the University of South Carolina, South Carolina Political Collections, Columbia, SC 29208.","English","300ppi, 8-bit depth grayscale, Mekel microfilm scanner with Quantum Scan software, Archival Master file is a TIFF.","2012","Text","image/jpeg","Manuscripts","10924","Sarah Funk","Topical files","","2020-10-19","2020-10-19","http://cdm17173.contentdm.oclc.org/cdm/ref/collection/mmsimkins/id/9490",9490.0,"10550.cpd","/mmsimkins/image/10550.cpd","1979","",0,False,False,False,True,False,"['Empty Transcript']","[]"
"Modjeska Simkins Papers, Topical Papers, Southern Organizing Committee for Economic & Social Justice, Newsletters, ""Southern Fight-Back"" (2 of 2)","Simkins, Modjeska Monteith, 1899-1992","","1981-1990","10 items","Modjeska Simkins Papers. Series: Topical files. South Carolina Political Collections.","Simkins, Modjeska, 1899-1992;Columbia (S.C.)","","Modjeska Simkins Papers, 1909-1992","https://digital.library.sc.edu/collections/modjeska-monteith-simkins-papers-1909-1992/","University of South Carolina. South Carolina Political Collections","","Copyright Not Evaluated. For further information please contact the University of South Carolina, South Carolina Political Collections, Columbia, SC 29208.","English","300ppi, 8-bit depth grayscale, Mekel microfilm scanner with Quantum Scan software, Archival Master file is a TIFF.","2012","Text","image/jpeg","Manuscripts","11278","Sarah Funk","Topical files","","2020-10-19","2020-10-19","http://cdm17173.contentdm.oclc.org/cdm/ref/collection/mmsimkins/id/9539",9539.0,"10674.cpd","/mmsimkins/image/10674.cpd","1981","",0,False,False,False,True,False,"['Empty Transcript']","[]"
"Modjeska Simkins Papers, Topical Papers, Southern Regional Council, 1944-1991 and no date","Simkins, Modjeska Monteith, 1899-1992","","1944-1991","24 items","Modjeska Simkins Papers. Series: Topical files. South Carolina Political Collections.","Simkins, Modjeska, 1899-1992;Columbia (S.C.)","","Modjeska Simkins Papers, 1909-1992","https://digital.library.sc.edu/collections/modjeska-monteith-simkins-papers-1909-1992/","University of South Carolina. South Carolina Political Collections","","Copyright Not Evaluated. For further information please contact the University of South Carolina, South Carolina Political Collections, Columbia, SC 29208.","English","300ppi, 8-bit depth grayscale, Mekel microfilm scanner with Quantum Scan software, Archival Master file is a TIFF.","2012","Text","image/jpeg","Manuscripts","11332","Sarah Funk","Topical files","","2020-10-19","2020-10-19","http://cdm17173.contentdm.oclc.org/cdm/ref/collection/mmsimkins/id/9670",9670.0,"10805.cpd","/mmsimkins/image/10805.cpd","1944","",0,False,False,False,True,False,"['Empty Transcript']","[]"
"Modjeska Simkins Papers, Topical Papers, United Negro and Allied Veterans of America, 1947-1947","Simkins, Modjeska Monteith, 1899-1992","","1941-1947","28 items","Modjeska Simkins Papers. Series: Topical files. South Carolina Political Collections.","Simkins, Modjeska, 1899-1992;Columbia (S.C.)","","Modjeska Simkins Papers, 1909-1992","https://digital.library.sc.edu/collections/modjeska-monteith-simkins-papers-1909-1992/","University of South Carolina. South Carolina Political Collections","","Copyright Not Evaluated. For further information please contact the University of South Carolina, South Carolina Political Collections, Columbia, SC 29208.","English","300ppi, 8-bit depth grayscale, Mekel microfilm scanner with Quantum Scan software, Archival Master file is a TIFF.","2012","Text","image/jpeg","Manuscripts","11673","Sarah Funk","Topical files","","2020-10-19","2020-10-19","http://cdm17173.contentdm.oclc.org/cdm/ref/collection/mmsimkins/id/9714",9714.0,"10849.cpd","/mmsimkins/image/10849.cpd","1941","",0,False,False,False,True,False,"['Empty Transcript']","[]"
"Modjeska Simkins Papers, Topical Papers, Southern Conference for Human Welfare, 1946-1983 and no date","Simkins, Modjeska Monteith, 1899-1992","","1946-1983","32 items","Modjeska Simkins Papers. Series: Topical files. South Carolina Political Collections.","Simkins, Modjeska, 1899-1992;Columbia (S.C.)","","Modjeska Simkins Papers, 1909-1992","https://digital.library.sc.edu/collections/modjeska-monteith-simkins-papers-1909-1992/","University of South Carolina. South Carolina Political Collections","","Copyright Not Evaluated. For further information please contact the University of South Carolina, South Carolina Political Collections, Columbia, SC 29208.","English","300ppi, 8-bit depth grayscale, Mekel microfilm scanner with Quantum Scan software, Archival Master file is a TIFF.","2012","Text","image/jpeg","Manuscripts","10709","Sarah Funk","Topical files","","2020-10-19","2020-10-19","http://cdm17173.contentdm.oclc.org/cdm/ref/collection/mmsimkins/id/9766",9766.0,"10901.cpd","/mmsimkins/image/10901.cpd","1946","",0,False,False,False,True,False,"['Empty Transcript']","[]"
"Modjeska Simkins Papers, Topical Papers, Southern Organizing Committee for Economic & Social Justice, 1983-1992","Simkins, Modjeska Monteith, 1899-1992","","1983-1992","38 items","Modjeska Simkins Papers. Series: Topical files. South Carolina Political Collections.","Simkins, Modjeska, 1899-1992;Columbia (S.C.)","","Modjeska Simkins Papers, 1909-1992","https://digital.library.sc.edu/collections/modjeska-monteith-simkins-papers-1909-1992/","University of South Carolina. South Carolina Political Collections","","Copyright Not Evaluated. For further information please contact the University of South Carolina, South Carolina Political Collections, Columbia, SC 29208.","English","300ppi, 8-bit depth grayscale, Mekel microfilm scanner with Quantum Scan software, Archival Master file is a TIFF.","2012","Text","image/jpeg","Manuscripts","11026","Sarah Funk","Topical files","","2020-10-19","2020-10-19","http://cdm17173.contentdm.oclc.org/cdm/ref/collection/mmsimkins/id/9875",9875.0,"11010.cpd","/mmsimkins/image/11010.cpd","1983","",0,False,False,False,True,False,"['Empty Transcript']","[]"
"Modjeska Simkins Papers, Topical Papers, Speeches, No date","Simkins, Modjeska Monteith, 1899-1992","","","38 items","Modjeska Simkins Papers. Series: Topical files. South Carolina Political Collections.","Simkins, Modjeska, 1899-1992;Columbia (S.C.)","","Modjeska Simkins Papers, 1909-1992","https://digital.library.sc.edu/collections/modjeska-monteith-simkins-papers-1909-1992/","University of South Carolina. South Carolina Political Collections","","Copyright Not Evaluated. For further information please contact the University of South Carolina, South Carolina Political Collections, Columbia, SC 29208.","English","300ppi, 8-bit depth grayscale, Mekel microfilm scanner with Quantum Scan software, Archival Master file is a TIFF.","2012","Text","image/jpeg","Manuscripts","11486","Sarah Funk","Topical files","","2020-10-19","2020-10-19","http://cdm17173.contentdm.oclc.org/cdm/ref/collection/mmsimkins/id/9985",9985.0,"11120.cpd","/mmsimkins/image/11120.cpd","","",0,False,False,False,True,False,"['Empty Transcript']","[]"
"Modjeska Simkins Papers, Topical Papers, Speeches, 1964-1971 and no date","Simkins, Modjeska Monteith, 1899-1992","","1964-1971","5 items","Modjeska Simkins Papers. Series: Topical files. South Carolina Political Collections.","Simkins, Modjeska, 1899-1992;Columbia (S.C.)","","Modjeska Simkins Papers, 1909-1992","https://digital.library.sc.edu/collections/modjeska-monteith-simkins-papers-1909-1992/","University of South Carolina. South Carolina Political Collections","","Copyright Not Evaluated. For further information please contact the University of South Carolina, South Carolina Political Collections, Columbia, SC 29208.","English","300ppi, 8-bit depth grayscale, Mekel microfilm scanner with Quantum Scan software, Archival Master file is a TIFF.","2012","Text","image/jpeg","Manuscripts","11475","Sarah Funk","Topical files","","2020-10-19","2020-10-19","http://cdm17173.contentdm.oclc.org/cdm/ref/collection/mmsimkins/id/9996",9996.0,"11131.cpd","/mmsimkins/image/11131.cpd","1964","",0,False,False,False,True,False,"['Empty Transcript']","[]"
"Modjeska Simkins Papers, Topical Papers, Southern Conference Educational Fund, No date (3 of 3)","Simkins, Modjeska Monteith, 1899-1992","","","21 items","Modjeska Simkins Papers. Series: Topical files. South Carolina Political Collections.","Simkins, Modjeska, 1899-1992;Columbia (S.C.)","","Modjeska Simkins Papers, 1909-1992","https://digital.library.sc.edu/collections/modjeska-monteith-simkins-papers-1909-1992/","University of South Carolina. South Carolina Political Collections","","Copyright Not Evaluated. For further information please contact the University of South Carolina, South Carolina Political Collections, Columbia, SC 29208.","English","300ppi, 8-bit depth grayscale, Mekel microfilm scanner with Quantum Scan software, Archival Master file is a TIFF.","2012","Text","image/jpeg","Manuscripts","10457","Sarah Funk","Topical files","","2020-10-19","2020-10-19","http://cdm17173.contentdm.oclc.org/cdm/ref/collection/mmsimkins/id/10067",10067.0,"11202.cpd","/mmsimkins/image/11202.cpd","","",0,False,False,False,True,False,"['Empty Transcript']","[]"
"Modjeska Simkins Papers, Topical Papers, Victory Savings Bank, 1982-1984","Simkins, Modjeska Monteith, 1899-1992","","1982-1984","22 items","Modjeska Simkins Papers. Series: Topical files. South Carolina Political Collections.","Simkins, Modjeska, 1899-1992;Columbia (S.C.)","","Modjeska Simkins Papers, 1909-1992","https://digital.library.sc.edu/collections/modjeska-monteith-simkins-papers-1909-1992/","University of South Carolina. South Carolina Political Collections","","Copyright Not Evaluated. For further information please contact the University of South Carolina, South Carolina Political Collections, Columbia, SC 29208.","English","300ppi, 8-bit depth grayscale, Mekel microfilm scanner with Quantum Scan software, Archival Master file is a TIFF.","2012","Text","image/jpeg","Manuscripts","12063","Sarah Funk","Topical files","","2020-10-19","2020-10-19","http://cdm17173.contentdm.oclc.org/cdm/ref/collection/mmsimkins/id/10129",10129.0,"11264.cpd","/mmsimkins/image/11264.cpd","1982","",0,False,False,False,True,False,"['Empty Transcript']","[]"
"Modjeska Simkins Papers, Topical Papers, Victory Savings Bank, 1985","Simkins, Modjeska Monteith, 1899-1992","","1985","31 items","Modjeska Simkins Papers. Series: Topical files. South Carolina Political Collections.","Simkins, Modjeska, 1899-1992;Columbia (S.C.)","","Modjeska Simkins Papers, 1909-1992","https://digital.library.sc.edu/collections/modjeska-monteith-simkins-papers-1909-1992/","University of South Carolina. South Carolina Political Collections","","Copyright Not Evaluated. For further information please contact the University of South Carolina, South Carolina Political Collections, Columbia, SC 29208.","English","300ppi, 8-bit depth grayscale, Mekel microfilm scanner with Quantum Scan software, Archival Master file is a TIFF.","2012","Text","image/jpeg","Manuscripts","12134","Sarah Funk","Topical files","","2020-10-19","2020-10-19","http://cdm17173.contentdm.oclc.org/cdm/ref/collection/mmsimkins/id/10202",10202.0,"11337.cpd","/mmsimkins/image/11337.cpd","1985","",0,False,False,False,True,False,"['Empty Transcript']","[]"
"Modjeska Simkins Papers, Topical Papers, Victory Savings Bank, 1979","Simkins, Modjeska Monteith, 1899-1992","","1979","24 items","Modjeska Simkins Papers. Series: Topical files. South Carolina Political Collections.","Simkins, Modjeska, 1899-1992;Columbia (S.C.)","","Modjeska Simkins Papers, 1909-1992","https://digital.library.sc.edu/collections/modjeska-monteith-simkins-papers-1909-1992/","University of South Carolina. South Carolina Political Collections","","Copyright Not Evaluated. For further information please contact the University of South Carolina, South Carolina Political Collections, Columbia, SC 29208.","English","300ppi, 8-bit depth grayscale, Mekel microfilm scanner with Quantum Scan software, Archival Master file is a TIFF.","2012","Text","image/jpeg","Manuscripts","11940","Sarah Funk","Topical files","","2020-10-19","2020-10-19","http://cdm17173.contentdm.oclc.org/cdm/ref/collection/mmsimkins/id/10249",10249.0,"11384.cpd","/mmsimkins/image/11384.cpd","1979","",0,False,False,False,True,False,"['Empty Transcript']","[]"
"Modjeska Simkins Papers, Topical Papers, Victory Savings Bank, 1987 (1 of 2)","Simkins, Modjeska Monteith, 1899-1992","","1987","30 items","Modjeska Simkins Papers. Series: Topical files. South Carolina Political Collections.","Simkins, Modjeska, 1899-1992;Columbia (S.C.)","","Modjeska Simkins Papers, 1909-1992","https://digital.library.sc.edu/collections/modjeska-monteith-simkins-papers-1909-1992/","University of South Carolina. South Carolina Political Collections","","Copyright Not Evaluated. For further information please contact the University of South Carolina, South Carolina Political Collections, Columbia, SC 29208.","English","300ppi, 8-bit depth grayscale, Mekel microfilm scanner with Quantum Scan software, Archival Master file is a TIFF.","2012","Text","image/jpeg","Manuscripts","12289","Sarah Funk","Topical files","","2020-10-19","2020-10-19","http://cdm17173.contentdm.oclc.org/cdm/ref/collection/mmsimkins/id/10406",10406.0,"11616.cpd","/mmsimkins/image/11616.cpd","1987","",0,False,False,False,True,False,"['Empty Transcript']","[]"
"Modjeska Simkins Papers, Topical Papers, Victory Savings Bank, 1980-1981","Simkins, Modjeska Monteith, 1899-1992","","1980-1981","45 items","Modjeska Simkins Papers. Series: Topical files. South Carolina Political Collections.","Simkins, Modjeska, 1899-1992;Columbia (S.C.)","","Modjeska Simkins Papers, 1909-1992","https://digital.library.sc.edu/collections/modjeska-monteith-simkins-papers-1909-1992/","University of South Carolina. South Carolina Political Collections","","Copyright Not Evaluated. For further information please contact the University of South Carolina, South Carolina Political Collections, Columbia, SC 29208.","English","300ppi, 8-bit depth grayscale, Mekel microfilm scanner with Quantum Scan software, Archival Master file is a TIFF.","2012","Text","image/jpeg","Manuscripts","11988","Sarah Funk","Topical files","","2020-10-19","2020-10-19","http://cdm17173.contentdm.oclc.org/cdm/ref/collection/mmsimkins/id/10474",10474.0,"11684.cpd","/mmsimkins/image/11684.cpd","1980","",0,False,False,False,True,False,"['Empty Transcript']","[]"
"Modjeska Simkins Papers, Topical Papers, Victory Savings Bank, 1986","Simkins, Modjeska Monteith, 1899-1992","","1986","23 items","Modjeska Simkins Papers. Series: Topical files. South Carolina Political Collections.","Simkins, Modjeska, 1899-1992;Columbia (S.C.)","","Modjeska Simkins Papers, 1909-1992","https://digital.library.sc.edu/collections/modjeska-monteith-simkins-papers-1909-1992/","University of South Carolina. South Carolina Political Collections","","Copyright Not Evaluated. For further information please contact the University of South Carolina, South Carolina Political Collections, Columbia, SC 29208.","English","300ppi, 8-bit depth grayscale, Mekel microfilm scanner with Quantum Scan software, Archival Master file is a TIFF.","2012","Text","image/jpeg","Manuscripts","12210","Sarah Funk","Topical files","","2020-10-19","2020-10-19","http://cdm17173.contentdm.oclc.org/cdm/ref/collection/mmsimkins/id/10548",10548.0,"11758.cpd","/mmsimkins/image/11758.cpd","1986","",0,False,False,False,True,False,"['Empty Transcript']","[]"
"Modjeska Simkins Papers, Topical Papers, Victory Savings Bank, No date (1 of 2)","Simkins, Modjeska Monteith, 1899-1992","","","15 items","Modjeska Simkins Papers. Series: Topical files. South Carolina Political Collections.","Simkins, Modjeska, 1899-1992;Columbia (S.C.)","","Modjeska Simkins Papers, 1909-1992","https://digital.library.sc.edu/collections/modjeska-monteith-simkins-papers-1909-1992/","University of South Carolina. South Carolina Political Collections","","Copyright Not Evaluated. For further information please contact the University of South Carolina, South Carolina Political Collections, Columbia, SC 29208.","English","300ppi, 8-bit depth grayscale, Mekel microfilm scanner with Quantum Scan software, Archival Master file is a TIFF.","2012","Text","image/jpeg","Manuscripts","12581","Sarah Funk","Topical files","","2020-10-19","2020-10-19","http://cdm17173.contentdm.oclc.org/cdm/ref/collection/mmsimkins/id/10645",10645.0,"11855.cpd","/mmsimkins/image/11855.cpd","","",0,False,False,False,True,False,"['Empty Transcript']","[]"
"Modjeska Simkins Papers, Topical Papers, Victory Savings Bank, 1988","Simkins, Modjeska Monteith, 1899-1992","","1988","19 items","Modjeska Simkins Papers. Series: Topical files. South Carolina Political Collections.","Simkins, Modjeska, 1899-1992;Columbia (S.C.)","","Modjeska Simkins Papers, 1909-1992","https://digital.library.sc.edu/collections/modjeska-monteith-simkins-papers-1909-1992/","University of South Carolina. South Carolina Political Collections","","Copyright Not Evaluated. For further information please contact the University of South Carolina, South Carolina Political Collections, Columbia, SC 29208.","English","300ppi, 8-bit depth grayscale, Mekel microfilm scanner with Quantum Scan software, Archival Master file is a TIFF.","2012","Text","image/jpeg","Manuscripts","12449","Sarah Funk","Topical files","","2020-10-19","2020-10-19","http://cdm17173.contentdm.oclc.org/cdm/ref/collection/mmsimkins/id/10745",10745.0,"12030.cpd","/mmsimkins/image/12030.cpd","1988","",0,False,False,False,True,False,"['Empty Transcript']","[]"
"Modjeska Simkins Papers, Topical Papers, Victory Savings Bank, No date (2 of 2)","Simkins, Modjeska Monteith, 1899-1992","","","18 items","Modjeska Simkins Papers. Series: Topical files. South Carolina Political Collections.","Simkins, Modjeska, 1899-1992;Columbia (S.C.)","","Modjeska Simkins Papers, 1909-1992","https://digital.library.sc.edu/collections/modjeska-monteith-simkins-papers-1909-1992/","University of South Carolina. South Carolina Political Collections","","Copyright Not Evaluated. For further information please contact the University of South Carolina, South Carolina Political Collections, Columbia, SC 29208.","English","300ppi, 8-bit depth grayscale, Mekel microfilm scanner with Quantum Scan software, Archival Master file is a TIFF.","2012","Text","image/jpeg","Manuscripts","12630","Sarah Funk","Topical files","","2020-10-19","2020-10-19","http://cdm17173.contentdm.oclc.org/cdm/ref/collection/mmsimkins/id/10786",10786.0,"12071.cpd","/mmsimkins/image/12071.cpd","","",0,False,False,False,True,False,"['Empty Transcript']","[]"
"Modjeska Simkins Papers, Series: Newspaper clippings, no date","Simkins, Modjeska Monteith, 1899-1992","","","38 items","Modjeska Simkins Papers. Series: Newspaper clippings. South Carolina Political Collections.","Simkins, Modjeska, 1899-1992;Columbia (S.C.)","","Modjeska Simkins Papers, 1909-1992","https://digital.library.sc.edu/collections/modjeska-monteith-simkins-papers-1909-1992/","University of South Carolina. South Carolina Political Collections","","Copyright Not Evaluated. For further information please contact the University of South Carolina, South Carolina Political Collections, Columbia, SC 29208.","English","300ppi, 8-bit depth grayscale, Mekel microfilm scanner with Quantum Scan software, Archival Master file is a TIFF.","2012","Text","image/jpeg","Clippings","14265","Lauren Mojkowski","Newspaper clippings","","2020-10-19","2020-10-19","http://cdm17173.contentdm.oclc.org/cdm/ref/collection/mmsimkins/id/11401",11401.0,"12761.cpd","/mmsimkins/supp/D10000/11401/index.pdf","","",0,False,False,False,True,False,"['Empty Transcript']","[]"
"Modjeska Simkins Papers, Series: Newspaper clippings, 1966-1967","Simkins, Modjeska Monteith, 1899-1992","","1999-1967","84 items","Modjeska Simkins Papers. Series: Newspaper clippings. South Carolina Political Collections.","Simkins, Modjeska, 1899-1992;Columbia (S.C.)","","Modjeska Simkins Papers, 1909-1992","https://digital.library.sc.edu/collections/modjeska-monteith-simkins-papers-1909-1992/","University of South Carolina. South Carolina Political Collections","","Copyright Not Evaluated. For further information please contact the University of South Carolina, South Carolina Political Collections, Columbia, SC 29208.","English","300ppi, 8-bit depth grayscale, Mekel microfilm scanner with Quantum Scan software, Archival Master file is a TIFF.","2012","Text","image/jpeg","Clippings","13557","Lauren Mojkowski","Newspaper clippings","","2020-10-19","2020-10-19","http://cdm17173.contentdm.oclc.org/cdm/ref/collection/mmsimkins/id/11507",11507.0,"12867.cpd","/mmsimkins/supp/D10000/11507/index.pdf","1999","",0,False,False,False,True,False,"['Empty Transcript']","[]"
"Modjeska Simkins Papers, Topical Papers, Richland County Council, 1965","Simkins, Modjeska Monteith, 1899-1992","","1965","36 items","Modjeska Simkins Papers. Series: Topical files. South Carolina Political Collections.","Simkins, Modjeska, 1899-1992;Columbia (S.C.)","","Modjeska Simkins Papers, 1909-1992","https://digital.library.sc.edu/collections/modjeska-monteith-simkins-papers-1909-1992/","University of South Carolina. South Carolina Political Collections","","Copyright Not Evaluated. For further information please contact the University of South Carolina, South Carolina Political Collections, Columbia, SC 29208.","English","300ppi, 8-bit depth grayscale, Mekel microfilm scanner with Quantum Scan software, Archival Master file is a TIFF.","2012","Text","image/jpeg","Manuscripts","06839","Sarah Funk","Topical files","","2020-10-19","2020-10-19","http://cdm17173.contentdm.oclc.org/cdm/ref/collection/mmsimkins/id/11582",11582.0,"12942.cpd","/mmsimkins/image/12942.cpd","1965","",0,False,False,False,True,False,"['Empty Transcript']","[]"
"Modjeska Simkins Papers, Series: Newspaper clippings, 1970-1973","Simkins, Modjeska Monteith, 1899-1992","","1970-1973","106 items","Modjeska Simkins Papers. Series: Newspaper clippings. South Carolina Political Collections.","Simkins, Modjeska, 1899-1992;Columbia (S.C.)","","Modjeska Simkins Papers, 1909-1992","https://digital.library.sc.edu/collections/modjeska-monteith-simkins-papers-1909-1992/","University of South Carolina. South Carolina Political Collections","","Copyright Not Evaluated. For further information please contact the University of South Carolina, South Carolina Political Collections, Columbia, SC 29208.","English","300ppi, 8-bit depth grayscale, Mekel microfilm scanner with Quantum Scan software, Archival Master file is a TIFF.","2012","Text","image/jpeg","Clippings","13779","Lauren Mojkowski","Newspaper clippings","","2020-10-19","2020-10-19","http://cdm17173.contentdm.oclc.org/cdm/ref/collection/mmsimkins/id/11706",11706.0,"13066.cpd","/mmsimkins/supp/D10000/11706/index.pdf","1970","",0,False,False,False,True,False,"['Empty Transcript']","[]"
"Modjeska Simkins Papers, Series: Newspaper clippings, 1946-1949","Simkins, Modjeska Monteith, 1899-1992","","1946-1949","194 items","Modjeska Simkins Papers. Series: Newspaper clippings. South Carolina Political Collections.","Simkins, Modjeska, 1899-1992;Columbia (S.C.)","","Modjeska Simkins Papers, 1909-1992","https://digital.library.sc.edu/collections/modjeska-monteith-simkins-papers-1909-1992/","University of South Carolina. South Carolina Political Collections","","Copyright Not Evaluated. For further information please contact the University of South Carolina, South Carolina Political Collections, Columbia, SC 29208.","English","300ppi, 8-bit depth grayscale, Mekel microfilm scanner with Quantum Scan software, Archival Master file is a TIFF.","2012","Text","image/jpeg","Clippings","13235","Lauren Mojkowski","Newspaper clippings","","2020-10-19","2020-10-19","http://cdm17173.contentdm.oclc.org/cdm/ref/collection/mmsimkins/id/11997",11997.0,"13357.cpd","/mmsimkins/supp/D10000/11997/index.pdf","1946","",0,False,False,False,True,False,"['Empty Transcript']","[]"
"Modjeska Simkins Papers, Topical Papers, Southern Organizing Committee for Economic & Social Justice, No date","Simkins, Modjeska Monteith, 1899-1992","","","19 items","Modjeska Simkins Papers. Series: Topical files. South Carolina Political Collections.","Simkins, Modjeska, 1899-1992;Columbia (S.C.)","","Modjeska Simkins Papers, 1909-1992","https://digital.library.sc.edu/collections/modjeska-monteith-simkins-papers-1909-1992/","University of South Carolina. South Carolina Political Collections","","Copyright Not Evaluated. For further information please contact the University of South Carolina, South Carolina Political Collections, Columbia, SC 29208.","English","300ppi, 8-bit depth grayscale, Mekel microfilm scanner with Quantum Scan software, Archival Master file is a TIFF.","2012","Text","image/jpeg","Manuscripts","11163","Sarah Funk","Topical files","","2020-10-19","2020-10-19","http://cdm17173.contentdm.oclc.org/cdm/ref/collection/mmsimkins/id/12048",12048.0,"13408.cpd","/mmsimkins/image/13408.cpd","","",0,False,False,False,True,False,"['Empty Transcript']","[]"
"Modjeska Simkins Papers, Series: Newspaper clippings, 1990-1995","Simkins, Modjeska Monteith, 1899-1992","","1990-1995","6 items","Modjeska Simkins Papers. Series: Newspaper clippings. South Carolina Political Collections.","Simkins, Modjeska, 1899-1992;Columbia (S.C.)","","Modjeska Simkins Papers, 1909-1992","https://digital.library.sc.edu/collections/modjeska-monteith-simkins-papers-1909-1992/","University of South Carolina. South Carolina Political Collections","","Copyright Not Evaluated. For further information please contact the University of South Carolina, South Carolina Political Collections, Columbia, SC 29208.","English","300ppi, 8-bit depth grayscale, Mekel microfilm scanner with Quantum Scan software, Archival Master file is a TIFF.","2012","Text","image/jpeg","Clippings","14256","Lauren Mojkowski","Newspaper clippings","","2020-10-19","2020-10-19","http://cdm17173.contentdm.oclc.org/cdm/ref/collection/mmsimkins/id/12056",12056.0,"13416.cpd","/mmsimkins/supp/D10000/12056/index.pdf","1990","",0,False,False,False,True,False,"['Empty Transcript']","[]"
"Modjeska Simkins Papers, Series: Newspaper clippings, 1968-1969","Simkins, Modjeska Monteith, 1899-1992","","1968-1969","39 items","Modjeska Simkins Papers. Series: Newspaper clippings. South Carolina Political Collections.","Simkins, Modjeska, 1899-1992;Columbia (S.C.)","","Modjeska Simkins Papers, 1909-1992","https://digital.library.sc.edu/collections/modjeska-monteith-simkins-papers-1909-1992/","University of South Carolina. South Carolina Political Collections","","Copyright Not Evaluated. For further information please contact the University of South Carolina, South Carolina Political Collections, Columbia, SC 29208.","English","300ppi, 8-bit depth grayscale, Mekel microfilm scanner with Quantum Scan software, Archival Master file is a TIFF.","2012","Text","image/jpeg","Clippings","13669","Lauren Mojkowski","Newspaper clippings","","2020-10-19","2020-10-19","http://cdm17173.contentdm.oclc.org/cdm/ref/collection/mmsimkins/id/12132",12132.0,"13492.cpd","/mmsimkins/supp/D10000/12132/index.pdf","1968","",0,False,False,False,True,False,"['Empty Transcript']","[]"
"Modjeska Simkins Papers, Series: Newspaper clippings, 1936-1945","Simkins, Modjeska Monteith, 1899-1992","","1936-1945","40 items","Modjeska Simkins Papers. Series: Newspaper clippings. South Carolina Political Collections.","","","Modjeska Simkins Papers, 1909-1992","https://digital.library.sc.edu/collections/modjeska-monteith-simkins-papers-1909-1992/","University of South Carolina. South Carolina Political Collections","","Copyright Not Evaluated. For further information please contact the University of South Carolina, South Carolina Political Collections, Columbia, SC 29208.","English","300ppi, 8-bit depth grayscale, Mekel microfilm scanner with Quantum Scan software, Archival Master file is a TIFF.","2012","Text","image/jpeg","Clippings","13170","Lauren Mojkowski","Newspaper clippings","","2020-10-19","2020-10-19","http://cdm17173.contentdm.oclc.org/cdm/ref/collection/mmsimkins/id/12183",12183.0,"13543.cpd","/mmsimkins/supp/D10000/12183/index.pdf","1936","",0,False,False,False,True,False,"['Empty Transcript']","[]"
"Modjeska Simkins Papers, Series: Newspaper clippings, 1984-1989","Simkins, Modjeska Monteith, 1899-1992","","1984-1989","85 items","Modjeska Simkins Papers. Series: Newspaper clippings. South Carolina Political Collections.","Simkins, Modjeska, 1899-1992;Columbia (S.C.)","","Modjeska Simkins Papers, 1909-1992","https://digital.library.sc.edu/collections/modjeska-monteith-simkins-papers-1909-1992/","University of South Carolina. South Carolina Political Collections","","Copyright Not Evaluated. For further information please contact the University of South Carolina, South Carolina Political Collections, Columbia, SC 29208.","English","300ppi, 8-bit depth grayscale, Mekel microfilm scanner with Quantum Scan software, Archival Master file is a TIFF.","2012","Text","image/jpeg","Clippings","14129","Lauren Mojkowski","Newspaper clippings","","2020-10-19","2020-10-19","http://cdm17173.contentdm.oclc.org/cdm/ref/collection/mmsimkins/id/12299",12299.0,"13659.cpd","/mmsimkins/supp/D10000/12299/index.pdf","1984","",0,False,False,False,True,False,"['Empty Transcript']","[]"
"Modjeska Simkins Papers, Series: Newspaper clippings, 1974-1979","Simkins, Modjeska Monteith, 1899-1992","","1974-1979","68 items","Modjeska Simkins Papers. Series: Newspaper clippings. South Carolina Political Collections.","Simkins, Modjeska, 1899-1992;Columbia (S.C.)","","Modjeska Simkins Papers, 1909-1992","https://digital.library.sc.edu/collections/modjeska-monteith-simkins-papers-1909-1992/","University of South Carolina. South Carolina Political Collections","","Copyright Not Evaluated. For further information please contact the University of South Carolina, South Carolina Political Collections, Columbia, SC 29208.","English","300ppi, 8-bit depth grayscale, Mekel microfilm scanner with Quantum Scan software, Archival Master file is a TIFF.","2012","Text","image/jpeg","Clippings","13912","Lauren Mojkowski","Newspaper clippings","","2020-10-19","2020-10-19","http://cdm17173.contentdm.oclc.org/cdm/ref/collection/mmsimkins/id/12396",12396.0,"13756.cpd","/mmsimkins/supp/D10000/12396/index.pdf","1974","",0,False,False,False,True,False,"['Empty Transcript']","[]"
"Modjeska Simkins Papers, Series: Newspaper clippings, 1980-1984","Simkins, Modjeska Monteith, 1899-1992","","1980-1984","87 items","Modjeska Simkins Papers. Series: Newspaper clippings. South Carolina Political Collections.","Simkins, Modjeska, 1899-1992;Columbia (S.C.)","","Modjeska Simkins Papers, 1909-1992","https://digital.library.sc.edu/collections/modjeska-monteith-simkins-papers-1909-1992/","University of South Carolina. South Carolina Political Collections","","Copyright Not Evaluated. For further information please contact the University of South Carolina, South Carolina Political Collections, Columbia, SC 29208.","English","300ppi, 8-bit depth grayscale, Mekel microfilm scanner with Quantum Scan software, Archival Master file is a TIFF.","2012","Text","image/jpeg","Clippings","14016","Lauren Mojkowski","Newspaper clippings","","2020-10-19","2020-10-19","http://cdm17173.contentdm.oclc.org/cdm/ref/collection/mmsimkins/id/12501",12501.0,"13861.cpd","/mmsimkins/supp/D10000/12501/index.pdf","1980","",0,False,False,False,True,False,"['Empty Transcript']","[]"
"Modjeska Simkins Papers, Biographical Papers, General, 1913-1992","Simkins, Modjeska Monteith, 1899-1992","Burton, Orville Vernon; Coble, Robert D.; Murphy, George B., 1906-1986","1913-1992","19 items","Modjeska Simkins Papers. Series: Biographical Papers. South Carolina Political Collections.","Simkins, Modjeska Monteith, 1899-1922; Columbia (S.C.); Benedict College; Henry Clarence Monteith; Murphy, George B., 1906-1986","Most of the items in this folder relate biogrpahical information on Modjeska Simkins, including several newspaper or magazine articles. There are a few items related to her funeral, including an article in The State  from April 10, 1992. The folder also incldues an encyclopedia entry from historian and Clemson University professor Orville Vernon Burton. It also contains a certificate from Columbia mayor Bob Coble, declaring December 5, 1991 Modjeska Simkins Day. There is also an interview about Ms. Simkins with George B. Murphy, Jr., editor of the Washington Afro-American. Finally, the folder includes two of Simkins's passports.","Modjeska Simkins Papers, 1909-1992","https://digital.library.sc.edu/collections/modjeska-monteith-simkins-papers-1909-1992/","University of South Carolina. South Carolina Political Collections","","Copyright Not Evaluated. For further information please contact the University of South Carolina, South Carolina Political Collections, Columbia, SC 29208.","English","300ppi, 8-bit depth grayscale, Mekel microfilm scanner with Quantum Scan software, Archival Master file is a TIFF.","2012","Text","image/jpeg","Manuscripts","00017","Nathan Joseph Saunders","Biographical Papers","","2020-10-19","2020-10-19","http://cdm17173.contentdm.oclc.org/cdm/ref/collection/mmsimkins/id/12543",12543.0,"13903.cpd","/mmsimkins/supp/D10000/12543/index.pdf","1913","",0,False,False,False,True,False,"['Empty Transcript']","[]"
"Modjeska Simkins Papers, General Papers, 1983-1986","Simkins, Modjeska Monteith, 1899-1992","","1983-1986","78 items","Modjeska Simkins Papers. Series: General Papers. South Carolina Political Collections.","","","Modjeska Simkins Papers, 1909-1992","https://digital.library.sc.edu/collections/modjeska-monteith-simkins-papers-1909-1992/","University of South Carolina. South Carolina Political Collections","","Copyright Not Evaluated. For further information please contact the University of South Carolina, South Carolina Political Collections, Columbia, SC 29208.","English","300dpi, 24-bit depth, color, Zeutschel Omniscan A0 Overhead Scanner, Archival Master file is a TIFF.","2012","Text","image/jpeg","Manuscripts","01191","Nathan Joseph Saunders","General papers","","2020-10-19","2020-10-19","http://cdm17173.contentdm.oclc.org/cdm/ref/collection/mmsimkins/id/12651",12651.0,"14011.cpd","/mmsimkins/supp/D10000/12651/index.pdf","1983","",0,False,False,False,True,False,"['Empty Transcript']","[]"
"Modjeska Simkins Papers, Topical Papers, Campaigns, Miscellaneous 1","Simkins, Modjeska Monteith, 1899-1992","","","66 items","Modjeska Simkins Papers. Series: Topical files. South Carolina Political Collections.","","","Modjeska Simkins Papers, 1909-1992","https://digital.library.sc.edu/collections/modjeska-monteith-simkins-papers-1909-1992/","University of South Carolina. South Carolina Political Collections","","Copyright Not Evaluated. For further information please contact the University of South Carolina, South Carolina Political Collections, Columbia, SC 29208.","English","300ppi, 8-bit depth grayscale, Mekel microfilm scanner with Quantum Scan software, Archival Master file is a TIFF.","2012","Text","image/jpeg","Manuscripts","02675","Nathan Joseph Saunders","Topical files","","2020-10-19","2020-10-19","http://cdm17173.contentdm.oclc.org/cdm/ref/collection/mmsimkins/id/12806",12806.0,"14166.cpd","/mmsimkins/supp/D10000/12806/index.pdf","","",0,False,False,False,True,False,"['Empty Transcript']","[]"
"Modjeska Simkins Papers, Topical Papers, NAACP Richland County Citizens Committee, January-March 1967","Simkins, Modjeska Monteith, 1899-1992","","1967","9 items","Modjeska Simkins Papers. Series: Topical files. South Carolina Political Collections.","","","Modjeska Simkins Papers, 1909-1992","https://digital.library.sc.edu/collections/modjeska-monteith-simkins-papers-1909-1992/","University of South Carolina. South Carolina Political Collections","","Copyright Not Evaluated. For further information please contact the University of South Carolina, South Carolina Political Collections, Columbia, SC 29208.","English","300ppi, 8-bit depth grayscale, Mekel microfilm scanner with Quantum Scan software, Archival Master file is a TIFF.","2012","Text","image/jpeg","Manuscripts","07105","Sarah Funk","Topical files","","2020-10-19","2020-10-19","http://cdm17173.contentdm.oclc.org/cdm/ref/collection/mmsimkins/id/12846",12846.0,"14206.cpd","/mmsimkins/supp/D10000/12846/index.pdf","1967","",0,False,False,False,True,False,"['Empty Transcript']","[]"
"Modjeska Simkins Papers, Topical Papers, National Association for the Advancement of Colored People, 1980-1990","Simkins, Modjeska Monteith, 1899-1992","","1980-1990","41 items","Modjeska Simkins Papers. Series: Topical files. South Carolina Political Collections.","","","Modjeska Simkins Papers, 1909-1992","https://digital.library.sc.edu/collections/modjeska-monteith-simkins-papers-1909-1992/","University of South Carolina. South Carolina Political Collections","","Copyright Not Evaluated. For further information please contact the University of South Carolina, South Carolina Political Collections, Columbia, SC 29208.","English","300ppi, 8-bit depth grayscale, Mekel microfilm scanner with Quantum Scan software, Archival Master file is a TIFF.","2012","Text","image/jpeg","Manuscripts","05620","Nathan Joseph Saunders","Topical files","","2020-10-19","2020-10-19","http://cdm17173.contentdm.oclc.org/cdm/ref/collection/mmsimkins/id/12917",12917.0,"14277.cpd","/mmsimkins/supp/D10000/12917/index.pdf","1980","",0,False,False,False,True,False,"['Empty Transcript']","[]"
"Modjeska Simkins Papers, Miscellany, 1972-1979","Simkins, Modjeska Monteith, 1899-1992","","1972-1979","10 items","Modjeska Simkins Papers. Series: Miscellany. South Carolina Political Collections.","","","Modjeska Simkins Papers, 1909-1992","https://digital.library.sc.edu/collections/modjeska-monteith-simkins-papers-1909-1992/","University of South Carolina. South Carolina Political Collections","","Copyright Not Evaluated. For further information please contact the University of South Carolina, South Carolina Political Collections, Columbia, SC 29208.","English","300ppi, 8-bit depth grayscale, Mekel microfilm scanner with Quantum Scan software, Archival Master file is a TIFF.","2012","Text","image/jpeg","Manuscripts","12892","Sarah Funk","Miscellany","","2020-10-19","2020-10-19","http://cdm17173.contentdm.oclc.org/cdm/ref/collection/mmsimkins/id/12966",12966.0,"14326.cpd","/mmsimkins/supp/D10000/12966/index.pdf","1972","",0,False,False,False,True,False,"['Empty Transcript']","[]"
"Modjeska Simkins Papers, Miscellany, 1960-1971","Simkins, Modjeska Monteith, 1899-1992","","1960-1971","13 items","Modjeska Simkins Papers. Series: Miscellany. South Carolina Political Collections.","","","Modjeska Simkins Papers, 1909-1992","https://digital.library.sc.edu/collections/modjeska-monteith-simkins-papers-1909-1992/","University of South Carolina. South Carolina Political Collections","","Copyright Not Evaluated. For further information please contact the University of South Carolina, South Carolina Political Collections, Columbia, SC 29208.","English","300ppi, 8-bit depth grayscale, Mekel microfilm scanner with Quantum Scan software, Archival Master file is a TIFF.","2012","Text","image/jpeg","Manuscripts","12829","Sarah Funk","Miscellany","","2020-10-19","2020-10-19","http://cdm17173.contentdm.oclc.org/cdm/ref/collection/mmsimkins/id/13028",13028.0,"14388.cpd","/mmsimkins/supp/D10000/13028/index.pdf","1960","",0,False,False,False,True,False,"['Empty Transcript']","[]"
"Modjeska Simkins Papers, Topical Papers, Victory Savings Bank Ledger, 1921-1934","Simkins, Modjeska Monteith, 1899-1992","","1921-1934","1 item","Modjeska Simkins Papers. Series: Topical files. South Carolina Political Collections.","","","Modjeska Simkins Papers, 1909-1992","https://digital.library.sc.edu/collections/modjeska-monteith-simkins-papers-1909-1992/","University of South Carolina. South Carolina Political Collections","","Copyright Not Evaluated. For further information please contact the University of South Carolina, South Carolina Political Collections, Columbia, SC 29208.","English","300ppi, 8-bit depth grayscale, Mekel microfilm scanner with Quantum Scan software, Archival Master file is a TIFF.","2012","Text","image/jpeg","Manuscripts","12677","Sarah Funk","Topical files","","2020-10-19","2020-10-19","http://cdm17173.contentdm.oclc.org/cdm/ref/collection/mmsimkins/id/13113",13113.0,"14473.cpd","/mmsimkins/supp/D10000/13113/index.pdf","1921","",0,False,False,False,True,False,"['Empty Transcript']","[]"
"Modjeska Simkins Papers, Miscellany, No date","Simkins, Modjeska Monteith, 1899-1992","","","28 items","Modjeska Simkins Papers. Series: Miscellany. South Carolina Political Collections.","","","Modjeska Simkins Papers, 1909-1992","https://digital.library.sc.edu/collections/modjeska-monteith-simkins-papers-1909-1992/","University of South Carolina. South Carolina Political Collections","","Copyright Not Evaluated. For further information please contact the University of South Carolina, South Carolina Political Collections, Columbia, SC 29208.","English","300ppi, 8-bit depth grayscale, Mekel microfilm scanner with Quantum Scan software, Archival Master file is a TIFF.","2012","Text","image/jpeg","Manuscripts","12984","Sarah Funk","Miscellany","","2020-10-19","2020-10-19","http://cdm17173.contentdm.oclc.org/cdm/ref/collection/mmsimkins/id/13179",13179.0,"14539.cpd","/mmsimkins/supp/D10000/13179/index.pdf","","",0,False,False,False,True,False,"['Empty Transcript']","[]"
"Modjeska Simkins Papers, Miscellany, 1941-1991 and no date","Simkins, Modjeska Monteith, 1899-1992","","1941-1991","14 items","Modjeska Simkins Papers. Series: Miscellany. South Carolina Political Collections.","","","Modjeska Simkins Papers, 1909-1992","https://digital.library.sc.edu/collections/modjeska-monteith-simkins-papers-1909-1992/","University of South Carolina. South Carolina Political Collections","","Copyright Not Evaluated. For further information please contact the University of South Carolina, South Carolina Political Collections, Columbia, SC 29208.","English","300ppi, 8-bit depth grayscale, Mekel microfilm scanner with Quantum Scan software, Archival Master file is a TIFF.","2012","Text","image/jpeg","Manuscripts","12769","Sarah Funk","Miscellany","","2020-10-19","2020-10-19","http://cdm17173.contentdm.oclc.org/cdm/ref/collection/mmsimkins/id/13236",13236.0,"14596.cpd","/mmsimkins/supp/D10000/13236/index.pdf","1941","",0,False,False,False,True,False,"['Empty Transcript']","[]"
"Modjeska Simkins Papers, Photographs, Simkins","","","","37 items","Modjeska Simkins Papers. Series: Photographs. South Carolina Political Collections.","","","Modjeska Simkins Papers, 1909-1992","https://digital.library.sc.edu/collections/modjeska-monteith-simkins-papers-1909-1992/","University of South Carolina. South Carolina Political Collections","Richland County (S.C.)","Copyright Not Evaluated. For further information please contact the University of South Carolina, South Carolina Political Collections, Columbia, SC 29208.","English","300ppi, 8-bit depth grayscale, Mekel microfilm scanner with Quantum Scan software, Archival Master file is a TIFF.","2012","Still Image","image/jpeg","Photographs","","Sarah Funk","Photographs","","2022-08-18","2022-08-18","http://cdm17173.contentdm.oclc.org/cdm/ref/collection/mmsimkins/id/13274",13274.0,"14634.cpd","/mmsimkins/supp/D10000/13274/index.pdf","","",0,False,False,False,True,False,"['Empty Transcript']","[]"
"Modjeska Simkins Papers, Photographs, Other","","","","48 images","Modjeska Simkins Papers, Photographs, Other","","","Modjeska Simkins Papers, 1909-1992","https://digital.library.sc.edu/collections/modjeska-monteith-simkins-papers-1909-1992/","University of South Carolina. South Carolina Political Collections","Orangeburg County (S.C.);Beaufort County (S.C.)","Copyright Not Evaluated. For further information please contact the University of South Carolina, South Carolina Political Collections, Columbia, SC 29208.","English","600 dpi, 24-bit depth, color, Epson Expression 10000 XL Scanner, Primary archival file is a TIFF","2022-08;2022-11","Still Image","image/jpeg","Photographs","","Ann Abney","Photographs","","2022-11-02","2022-11-02","http://cdm17173.contentdm.oclc.org/cdm/ref/collection/mmsimkins/id/13322",13322.0,"14682.cpd","/mmsimkins/supp/D10000/13322/index.pdf","","",0,False,False,False,True,False,"['Empty Transcript']","[]"
"Modjeska Simkins Papers, Miscellany, 1980-1991","Simkins, Modjeska Monteith, 1899-1992","","1980-1991","11 items","Modjeska Simkins Papers. Series: Miscellany. South Carolina Political Collections.","","","Modjeska Simkins Papers, 1909-1992","https://digital.library.sc.edu/collections/modjeska-monteith-simkins-papers-1909-1992/","University of South Carolina. South Carolina Political Collections","","Copyright Not Evaluated. For further information please contact the University of South Carolina, South Carolina Political Collections, Columbia, SC 29208.","English","300ppi, 8-bit depth grayscale, Mekel microfilm scanner with Quantum Scan software, Archival Master file is a TIFF.","2012","Text","image/jpeg","Manuscripts","12942","Sarah Funk","Miscellany","","2020-10-19","2020-10-19","http://cdm17173.contentdm.oclc.org/cdm/ref/collection/mmsimkins/id/13364",13364.0,"14724.cpd","/mmsimkins/supp/D10000/13364/index.pdf","1980","",0,False,False,False,True,False,"['Empty Transcript']","[]"
"Modjeska Simkins Papers, Topical Papers, Victory Savings Bank, 1921-1988 and no date","Simkins, Modjeska Monteith, 1899-1992","","1921-1988","135 items","Modjeska Simkins Papers. Series: Topical files. South Carolina Political Collections.","","","Modjeska Simkins Papers, 1909-1992","https://digital.library.sc.edu/collections/modjeska-monteith-simkins-papers-1909-1992/","University of South Carolina. South Carolina Political Collections","","Copyright Not Evaluated. For further information please contact the University of South Carolina, South Carolina Political Collections, Columbia, SC 29208.","English","300ppi, 8-bit depth grayscale, Mekel microfilm scanner with Quantum Scan software, Archival Master file is a TIFF.","2012","Text","image/jpeg","Manuscripts","11718","Sarah Funk","Topical files","","2020-10-19","2020-10-19","http://cdm17173.contentdm.oclc.org/cdm/ref/collection/mmsimkins/id/13550",13550.0,"14910.cpd","/mmsimkins/supp/D10000/13550/index.pdf","1921","",0,False,False,False,True,False,"['Empty Transcript']","[]"
"Modjeska Simkins Papers, Topical Papers, Journal and Guide, Norfolk, VA, Columns, January-February, 1948","Simkins, Modjeska Monteith, 1899-1992","","1948","13 items","Modjeska Simkins Papers. Series: Topical files. South Carolina Political Collections.","","","Modjeska Simkins Papers, 1909-1992","https://digital.library.sc.edu/collections/modjeska-monteith-simkins-papers-1909-1992/","University of South Carolina. South Carolina Political Collections","","Copyright Not Evaluated. For further information please contact the University of South Carolina, South Carolina Political Collections, Columbia, SC 29208.","English","300ppi, 8-bit depth grayscale, Mekel microfilm scanner with Quantum Scan software, Archival Master file is a TIFF.","2012","Text","image/jpeg","Manuscripts","04662","Nathan Joseph Saunders","Topical files","","2020-10-19","2020-10-19","http://cdm17173.contentdm.oclc.org/cdm/ref/collection/mmsimkins/id/13625",13625.0,"14985.cpd","/mmsimkins/supp/D10000/13625/index.pdf","1948","",0,False,False,False,True,False,"['Empty Transcript']","[]"
"Modjeska Simkins Papers, Topical Papers, Ku Klux Klan, 1963-1985 and No Date","Simkins, Modjeska Monteith, 1899-1992","","1963-1985","20 items","Modjeska Simkins Papers. Series: Topical files. South Carolina Political Collections.","","","Modjeska Simkins Papers, 1909-1992","https://digital.library.sc.edu/collections/modjeska-monteith-simkins-papers-1909-1992/","University of South Carolina. South Carolina Political Collections","","Copyright Not Evaluated. For further information please contact the University of South Carolina, South Carolina Political Collections, Columbia, SC 29208.","English","300ppi, 8-bit depth grayscale, Mekel microfilm scanner with Quantum Scan software, Archival Master file is a TIFF.","2012","Text","image/jpeg","Manuscripts","04756","Nathan Joseph Saunders","Topical files","","2020-10-19","2020-10-19","http://cdm17173.contentdm.oclc.org/cdm/ref/collection/mmsimkins/id/13683",13683.0,"15043.cpd","/mmsimkins/supp/D10000/13683/index.pdf","1963","",0,False,False,False,True,False,"['Empty Transcript']","[]"
