"Title","Creator","Contributors","Date","Approximate Date","Source","Subject","Local Subject","S.C. County","Description","Extent","Digital Collection","Website","Contributing Institution","Rights","Time Period","Geographic Location","Language","Digitization Specifications","Date Digital","Type","Format","Media Type","Identifier","Note","Digital Assistant","OCLC number","Date created","Date modified","Reference URL","CONTENTdm number","CONTENTdm file name","CONTENTdm file path","Year","Original Transcript","Original Len","Special Pattern","General Pattern","Repeat Chars","Short/No Transcript","Quality","Issue Types","Detected Artifacts"
"John Henry McCray Papers, Box 2, Folder 01, Journalism, The Lighthouse","","McCray, John Henry, 1910-1987","","","Manuscripts; Accession 11294.","Lighthouse and Informer","","","","1 Folder","John Henry McCray Papers, 1929-1989","https://digital.library.sc.edu/collections/john-henry-mccray-papers-1929-1989/","University of South Carolina. South Caroliniana Library","Copyright Not Evaluated. For further information please contact The University of South Carolina, South Caroliniana Library, Columbia, SC 29208.","","Columbia, Richland County, South Carolina, United States","English","300ppi, 24-bit depth color, Epson Expression 10000 XL flatbed scanner with SilverFast scanning software, primary archival file is a TIFF","2018-08","text","image/jpeg","Documents (object genre)","","This folder had no date associated with it.","Joshua Schutzenhofer","","2020-10-22","2020-10-22","http://cdm17173.contentdm.oclc.org/cdm/ref/collection/p17173coll38/id/43",43.0,"44.cpd","/p17173coll38/image/44.cpd","","",0,False,False,False,True,False,"['Empty Transcript']","[]"
"John Henry McCray Papers, Box 2, Folder 02, Journalism, January 1961 - May 1961.","","McCray, John Henry, 1910-1987","1961","","Manuscripts; Accession 11294.","Pittsburgh Courier","","","","1 Folder","John Henry McCray Papers, 1929-1989","https://digital.library.sc.edu/collections/john-henry-mccray-papers-1929-1989/","University of South Carolina. South Caroliniana Library","Copyright Not Evaluated. For further information please contact The University of South Carolina, South Caroliniana Library, Columbia, SC 29208.","Civil Rights Era (1955-1969)","Columbia, Richland County, South Carolina, United States","English","300ppi, 24-bit depth color, Epson Expression 10000 XL flatbed scanner with SilverFast scanning software, primary archival file is a TIFF","2016-08","text","image/jpeg","Documents (object genre)","","","Joshua Schutzenhofer","","2020-08-06","2020-08-06","http://cdm17173.contentdm.oclc.org/cdm/ref/collection/p17173coll38/id/102",102.0,"103.cpd","/p17173coll38/image/103.cpd","1961","",0,False,False,False,True,False,"['Empty Transcript']","[]"
"John Henry McCray Papers, Box 2, Folder 08, Journalism, 1964","","McCray, John Henry, 1910-1987","1964","","Manuscripts; Accession 11294.","The Lighthouse","","","","1 Folder","John Henry McCray Papers, 1929-1989","https://digital.library.sc.edu/collections/john-henry-mccray-papers-1929-1989/","University of South Carolina. South Caroliniana Library","Copyright Not Evaluated. For further information please contact The University of South Carolina, South Caroliniana Library, Columbia, SC 29208.","Civil Rights Era (1955-1969)","Columbia, Richland County, South Carolina, United States","English","300ppi, 24-bit depth color, Epson Expression 10000 XL flatbed scanner with SilverFast scanning software, primary archival file is a TIFF","2016-08","text","image/jpeg","Documents (object genre)","","","Joshua Schutzenhofer","","2020-10-22","2020-10-22","http://cdm17173.contentdm.oclc.org/cdm/ref/collection/p17173coll38/id/133",133.0,"134.cpd","/p17173coll38/image/134.cpd","1964","",0,False,False,False,True,False,"['Empty Transcript']","[]"
"John Henry McCray Papers, Box 2, Folder 03, Journalism, June-Dec. 1961.","","McCray, John Henry, 1910-1987","1961","","Manuscripts; Accession 11294.","Pittsburg Courier","","","","1 Folder","John Henry McCray Papers, 1929-1989","https://digital.library.sc.edu/collections/john-henry-mccray-papers-1929-1989/","University of South Carolina. South Caroliniana Library","Copyright Not Evaluated. For further information please contact The University of South Carolina, South Caroliniana Library, Columbia, SC 29208.","Civil Rights Era (1955-1969)","Columbia, Richland County, South Carolina, United States","English","300ppi, 24-bit depth color, Epson Expression 10000 XL flatbed scanner with SilverFast scanning software, primary archival file is a TIFF","2016-08","text","image/jpeg","Documents (object genre)","","","Joshua Schutzenhofer","","2020-08-06","2020-08-06","http://cdm17173.contentdm.oclc.org/cdm/ref/collection/p17173coll38/id/273",273.0,"274.cpd","/p17173coll38/image/274.cpd","1961","",0,False,False,False,True,False,"['Empty Transcript']","[]"
"John Henry McCray Papers, Box 2, Folder 07, Nov. - Dec. 1963","","McCray, John Henry, 1910-1987","1963-11 - 1963-12","","Manuscripts; Accession 11294.","The Pittsburgh Courier","","","","1 Folder","John Henry McCray Papers, 1929-1989","https://digital.library.sc.edu/collections/john-henry-mccray-papers-1929-1989/","University of South Carolina. South Caroliniana Library","Copyright Not Evaluated. For further information please contact The University of South Carolina, South Caroliniana Library, Columbia, SC 29208.","Civil Rights Era (1955-1969)","Columbia, Richland County, South Carolina, United States","English","300ppi, 24-bit depth color, Epson Expression 10000 XL flatbed scanner with SilverFast scanning software, primary archival file is a TIFF","2016-08","text","image/jpeg","Documents (object genre)","","","Joshua Schutzenhofer","","2020-08-06","2020-08-06","http://cdm17173.contentdm.oclc.org/cdm/ref/collection/p17173coll38/id/357",357.0,"358.cpd","/p17173coll38/image/358.cpd","1963","",0,False,False,False,True,False,"['Empty Transcript']","[]"
"John Henry McCray Papers, Box 2, Folder 05, Journalism, April - December 1962","","McCray, John Henry, 1910-1987","1962-04 - 1962-12","","Manuscripts; Accession 11294.","","","","","1 Folder","John Henry McCray Papers, 1929-1989","https://digital.library.sc.edu/collections/john-henry-mccray-papers-1929-1989/","University of South Carolina. South Caroliniana Library","Copyright Not Evaluated. For further information please contact The University of South Carolina, South Caroliniana Library, Columbia, SC 29208.","Civil Rights Era (1955-1969)","Columbia, Richland County, South Carolina, United States","English","300ppi, 24-bit depth color, Epson Expression 10000 XL flatbed scanner with SilverFast scanning software, primary archival file is a TIFF","2016-08","text","image/jpeg","Documents (object genre)","","","Joshua Schutzenhofer","","2020-08-06","2020-08-06","http://cdm17173.contentdm.oclc.org/cdm/ref/collection/p17173coll38/id/450",450.0,"451.cpd","/p17173coll38/image/451.cpd","1962","",0,False,False,False,True,False,"['Empty Transcript']","[]"
"John Henry McCray Papers, Box 2, Folder 06, Journalism, January - October 1963","","McCray, John Henry, 1910-1987","1963-01 - 1963-10","","Manuscripts; Accession 11294.","","","","","1 Folder","John Henry McCray Papers, 1929-1989","https://digital.library.sc.edu/collections/john-henry-mccray-papers-1929-1989/","University of South Carolina. South Caroliniana Library","Copyright Not Evaluated. For further information please contact The University of South Carolina, South Caroliniana Library, Columbia, SC 29208.","Civil Rights Era (1955-1969)","Columbia, Richland County, South Carolina, United States","English","300ppi, 24-bit depth color, Epson Expression 10000 XL flatbed scanner with SilverFast scanning software, primary archival file is a TIFF","2016-08","text","image/jpeg","Documents (object genre)","","","Joshua Schutzenhofer","","2020-08-06","2020-08-06","http://cdm17173.contentdm.oclc.org/cdm/ref/collection/p17173coll38/id/563",563.0,"564.cpd","/p17173coll38/image/564.cpd","1963","",0,False,False,False,True,False,"['Empty Transcript']","[]"
"John Henry McCray Papers, Box 2, Folder 04, Journalism, January - March 1962.","","McCray, John Henry, 1910-1987","1962-01 - 1962-03","","Manuscripts; Accession 11294.","The Pittsburgh Courier","","","","1 Folder","John Henry McCray Papers, 1929-1989","https://digital.library.sc.edu/collections/john-henry-mccray-papers-1929-1989/","University of South Carolina. South Caroliniana Library","Copyright Not Evaluated. For further information please contact The University of South Carolina, South Caroliniana Library, Columbia, SC 29208.","Civil Rights Era (1955-1969)","Columbia, Richland County, South Carolina, United States","English","300ppi, 24-bit depth color, Epson Expression 10000 XL flatbed scanner with SilverFast scanning software, primary archival file is a TIFF","2016-08","text","image/jpeg","Documents (object genre)","","","Joshua Schutzenhofer","","2020-08-06","2020-08-06","http://cdm17173.contentdm.oclc.org/cdm/ref/collection/p17173coll38/id/662",662.0,"663.cpd","/p17173coll38/image/663.cpd","1962","",0,False,False,False,True,False,"['Empty Transcript']","[]"
"John Henry McCray Papers, Box 2, Folder 10, Journalism, n. d., Afro-American","","McCray, John Henry, 1910-1987","","","Manuscripts; Accession 11294.","","","","","1 Folder","John Henry McCray Papers, 1929-1989","https://digital.library.sc.edu/collections/john-henry-mccray-papers-1929-1989/","University of South Carolina. South Caroliniana Library","Copyright Not Evaluated. For further information please contact The University of South Carolina, South Caroliniana Library, Columbia, SC 29208.","","Baltimore, Maryland, United States","English","300ppi, 24-bit depth color, Epson Expression 10000 XL flatbed scanner with SilverFast scanning software, primary archival file is a TIFF","2016-08","text","image/jpeg","Documents (object genre)","","","Josh Schutzenhofer","","2020-10-22","2020-10-22","http://cdm17173.contentdm.oclc.org/cdm/ref/collection/p17173coll38/id/792",792.0,"793.cpd","/p17173coll38/image/793.cpd","","",0,False,False,False,True,False,"['Empty Transcript']","[]"
"John Henry McCray Papers, Box 2, Folder 11, Journalism, n. d., General","","McCray, John Henry, 1910-1987","","","Manuscripts; Accession 11294.","General","","","","1 Folder","John Henry McCray Papers, 1929-1989","https://digital.library.sc.edu/collections/john-henry-mccray-papers-1929-1989/","University of South Carolina. South Caroliniana Library","Copyright Not Evaluated. For further information please contact The University of South Carolina, South Caroliniana Library, Columbia, SC 29208.","","Columbia, Richland County, South Carolina, United States","English","300ppi, 24-bit depth color, Epson Expression 10000 XL flatbed scanner with SilverFast scanning software, primary archival file is a TIFF","2016-08","text","image/jpeg","Documents (object genre)","","","Josh Schutzenhofer","","2020-10-22","2020-10-22","http://cdm17173.contentdm.oclc.org/cdm/ref/collection/p17173coll38/id/967",967.0,"968.cpd","/p17173coll38/image/968.cpd","","",0,False,False,False,True,False,"['Empty Transcript']","[]"
"John Henry McCray Papers, Box 2, Folder 09, Journalism, 1981 - 1986","","McCray, John Henry, 1910-1987","1981 - 1986","","Manuscripts; Accession 11294.","","","","","1 Folder","John Henry McCray Papers, 1929-1989","https://digital.library.sc.edu/collections/john-henry-mccray-papers-1929-1989/","University of South Carolina. South Caroliniana Library","Copyright Not Evaluated. For further information please contact The University of South Carolina, South Caroliniana Library, Columbia, SC 29208.","The Modern State (1970-present)","Columbia, Richland County, South Carolina, United States","English","300ppi, 24-bit depth color, Epson Expression 10000 XL flatbed scanner with SilverFast scanning software, primary archival file is a TIFF","2016-08","text","image/jpeg","Documents (object genre)","","","Josh Schutzenhofer","","2020-08-06","2020-08-06","http://cdm17173.contentdm.oclc.org/cdm/ref/collection/p17173coll38/id/1009",1009.0,"1010.cpd","/p17173coll38/image/1010.cpd","1981","",0,False,False,False,True,False,"['Empty Transcript']","[]"
"John Henry McCray Papers, Box 2, Folder 12","","McCray, John Henry, 1910-1987","1946","","Manuscripts; Accession 11294.","","","","","1 folder","John Henry McCray Papers, 1929-1989","https://digital.library.sc.edu/collections/john-henry-mccray-papers-1929-1989/","University of South Carolina. South Caroliniana Library","Copyright Not Evaluated. For further information please contact The University of South Carolina, South Caroliniana Library, Columbia, SC 29208.","Post-War America (1946-1954)","Columbia, Richland County, South Carolina, United States","English","300ppi, 24-bit depth color, Epson Expression 10000 XL flatbed scanner with SilverFast scanning software, primary archival file is a TIFF","2016-08","text","image/jpeg","Documents (object genre)","","","Josh Schutzenhofer","","2020-10-22","2021-11-12","http://cdm17173.contentdm.oclc.org/cdm/ref/collection/p17173coll38/id/1078",1078.0,"1079.cpd","/p17173coll38/image/1079.cpd","1946","",0,False,False,False,True,False,"['Empty Transcript']","[]"
"John Henry McCray Papers, Box 2, Folder 14, 1959-1965","","McCray, John Henry, 1910-1987","","","Manuscripts; Accession 11294.","","","","","1 Folder","John Henry McCray Papers, 1929-1989","https://digital.library.sc.edu/collections/john-henry-mccray-papers-1929-1989/","University of South Carolina. South Caroliniana Library","Copyright Not Evaluated. For further information please contact The University of South Carolina, South Caroliniana Library, Columbia, SC 29208.","","Columbia, Richland County, South Carolina, United States","English","300ppi, 24-bit depth color, Epson Expression 10000 XL flatbed scanner with SilverFast scanning software, primary archival file is a TIFF","2016-08","text","image/jpeg","Documents (object genre)","","","Josh Schutzenhofer","","2020-10-22","2020-10-22","http://cdm17173.contentdm.oclc.org/cdm/ref/collection/p17173coll38/id/1146",1146.0,"1147.cpd","/p17173coll38/image/1147.cpd","","",0,False,False,False,True,False,"['Empty Transcript']","[]"
"John Henry McCray Papers, Box 2, Folder 13","","McCray, John Henry, 1910-1987","","","Manuscripts; Accession 11294.","The Pittsburgh Courier","","","","1 Folder","John Henry McCray Papers, 1929-1989","https://digital.library.sc.edu/collections/john-henry-mccray-papers-1929-1989/","University of South Carolina. South Caroliniana Library","Copyright Not Evaluated. For further information please contact The University of South Carolina, South Caroliniana Library, Columbia, SC 29208.","","Pittsburgh, Alleghany County, Pennsylvania, United States","English","300ppi, 24-bit depth color, Epson Expression 10000 XL flatbed scanner with SilverFast scanning software, primary archival file is a TIFF","2016-08","text","image/jpeg","Documents (object genre)","","","Josh Schutzenhofer","","2020-10-22","2020-10-22","http://cdm17173.contentdm.oclc.org/cdm/ref/collection/p17173coll38/id/1231",1231.0,"1232.cpd","/p17173coll38/image/1232.cpd","","",0,False,False,False,True,False,"['Empty Transcript']","[]"
"John Henry McCray Papers, Box 2, Folder 15, Journalism, Writings, 1982.","","McCray, John Henry, 1910-1987","1982","","Manuscripts; Accession 11294.","","","","","1 Folder","John Henry McCray Papers, 1929-1989","https://digital.library.sc.edu/collections/john-henry-mccray-papers-1929-1989/","University of South Carolina. South Caroliniana Library","Copyright Not Evaluated. For further information please contact The University of South Carolina, South Caroliniana Library, Columbia, SC 29208.","The Modern State (1970-present)","Talladega, Talladega County, Alabama, United States","English","300ppi, 24-bit depth color, Epson Expression 10000 XL flatbed scanner with SilverFast scanning software, primary archival file is a TIFF","2016-08","text","image/jpeg","Documents (object genre)","","","Joshua Schutzenhofer","","2020-10-22","2020-10-22","http://cdm17173.contentdm.oclc.org/cdm/ref/collection/p17173coll38/id/1361",1361.0,"1362.cpd","/p17173coll38/image/1362.cpd","1982","",0,False,False,False,True,False,"['Empty Transcript']","[]"
"John Henry McCray Papers, Box 2, Folder 17, Journalism, Writings, 1984-1985.","","McCray, John Henry, 1910-1987","1984-1985","","Manuscripts; Accession 11294.","","","","","1 Folder","John Henry McCray Papers, 1929-1989","https://digital.library.sc.edu/collections/john-henry-mccray-papers-1929-1989/","University of South Carolina. South Caroliniana Library","Copyright Not Evaluated. For further information please contact The University of South Carolina, South Caroliniana Library, Columbia, SC 29208.","The Modern State (1970-present)","Talladega, Talladega County, Alabama, United States","English","300ppi, 24-bit depth color, Epson Expression 10000 XL flatbed scanner with SilverFast scanning software, primary archival file is a TIFF","2016-08","text","image/jpeg","Documents (object genre)","","","Joshua Schutzenhofer","","2020-06-19","2020-06-19","http://cdm17173.contentdm.oclc.org/cdm/ref/collection/p17173coll38/id/1441",1441.0,"1442.cpd","/p17173coll38/image/1442.cpd","1984","",0,False,False,False,True,False,"['Empty Transcript']","[]"
"John Henry McCray Papers, Box 2, Folder 16, Journalism, Writings, 1983.","","McCray, John Henry, 1910-1987","1983","","Manuscripts; Accession 11294.","","","","","1 Folder","John Henry McCray Papers, 1929-1989","https://digital.library.sc.edu/collections/john-henry-mccray-papers-1929-1989/","University of South Carolina. South Caroliniana Library","Copyright Not Evaluated. For further information please contact The University of South Carolina, South Caroliniana Library, Columbia, SC 29208.","The Modern State (1970-present)","Talladega, Talladega County, Alabama, United States","English","300ppi, 24-bit depth color, Epson Expression 10000 XL flatbed scanner with SilverFast scanning software, primary archival file is a TIFF","2016-08","text","image/jpeg","Documents (object genre)","","","Joshua Schutzenhofer","","2020-10-22","2020-10-22","http://cdm17173.contentdm.oclc.org/cdm/ref/collection/p17173coll38/id/1592",1592.0,"1593.cpd","/p17173coll38/image/1593.cpd","1983","",0,False,False,False,True,False,"['Empty Transcript']","[]"
"John Henry McCray Papers, Box 2, Folder 18, Journalism, Writings, 1986-1987","","McCray, John Henry, 1910-1987","1986-1987","","Manuscripts; Accession 11294.","","","","","1 Folder","John Henry McCray Papers, 1929-1989","https://digital.library.sc.edu/collections/john-henry-mccray-papers-1929-1989/","University of South Carolina. South Caroliniana Library","Copyright Not Evaluated. For further information please contact The University of South Carolina, South Caroliniana Library, Columbia, SC 29208.","The Modern State (1970-present)","Talladega, Talladega County, Alabama, United States","English","300ppi, 24-bit depth color, Epson Expression 10000 XL flatbed scanner with SilverFast scanning software, primary archival file is a TIFF","2016-08","text","image/jpeg","Documents (object genre)","","","Joshua Schutzenhofer","","2020-10-22","2020-10-22","http://cdm17173.contentdm.oclc.org/cdm/ref/collection/p17173coll38/id/1688",1688.0,"1689.cpd","/p17173coll38/image/1689.cpd","1986","",0,False,False,False,True,False,"['Empty Transcript']","[]"
"John Henry McCray Papers, Box 2, Folder 20, Journalism, Writings, n. d.","","McCray, John Henry, 1910-1987","","","Manuscripts; Accession 11294.","","","","The Laughed All The Way by John H. McCray.","1 Folder","John Henry McCray Papers, 1929-1989","https://digital.library.sc.edu/collections/john-henry-mccray-papers-1929-1989/","University of South Carolina. South Caroliniana Library","Copyright Not Evaluated. For further information please contact The University of South Carolina, South Caroliniana Library, Columbia, SC 29208.","","","English","300ppi, 24-bit depth color, Epson Expression 10000 XL flatbed scanner with SilverFast scanning software, primary archival file is a TIFF","2016-08","text","image/jpeg","Documents (object genre)","","","","","2021-09-17","2021-09-17","http://cdm17173.contentdm.oclc.org/cdm/ref/collection/p17173coll38/id/1769",1769.0,"1770.cpd","/p17173coll38/image/1770.cpd","","",0,False,False,False,True,False,"['Empty Transcript']","[]"
"John Henry McCray Papers, Box 2, Folder 26, 1947","","McCray, John Henry, 1910-1987","","","Manuscripts; Accession 11294.","","","","","1 Folder","John Henry McCray Papers, 1929-1989","https://digital.library.sc.edu/collections/john-henry-mccray-papers-1929-1989/","University of South Carolina. South Caroliniana Library","Copyright Not Evaluated. For further information please contact The University of South Carolina, South Caroliniana Library, Columbia, SC 29208.","","","English","300ppi, 24-bit depth color, Epson Expression 10000 XL flatbed scanner with SilverFast scanning software, primary archival file is a TIFF","2016-08","Text","image/jpeg","Documents (object genre)","","","Joshua Schutzenhofer","","2021-09-17","2021-09-17","http://cdm17173.contentdm.oclc.org/cdm/ref/collection/p17173coll38/id/1810",1810.0,"1811.cpd","/p17173coll38/image/1811.cpd","","",0,False,False,False,True,False,"['Empty Transcript']","[]"
"John Henry McCray Papers, Box 2, Folder 19, Journalism, Writings, n. d., Incomplete","","McCray, John Henry, 1910-1987","","","Manuscripts; Accession 11294.","","","","","1 Folder","John Henry McCray Papers, 1929-1989","https://digital.library.sc.edu/collections/john-henry-mccray-papers-1929-1989/","University of South Carolina. South Caroliniana Library","Copyright Not Evaluated. For further information please contact The University of South Carolina, South Caroliniana Library, Columbia, SC 29208.","","","English","300ppi, 24-bit depth color, Epson Expression 10000 XL flatbed scanner with SilverFast scanning software, primary archival file is a TIFF","2016-08","text","image/jpeg","Documents (object genre)","","","Joshua Schutzenhofer","","2021-09-17","2021-09-17","http://cdm17173.contentdm.oclc.org/cdm/ref/collection/p17173coll38/id/1875",1875.0,"1876.cpd","/p17173coll38/image/1876.cpd","","",0,False,False,False,True,False,"['Empty Transcript']","[]"
"John Henry McCray Papers, Box 2, Folder 24","","McCray, John Henry, 1910-1987","","","Manuscripts; Accession 11294.","","","","","1 Folder","John Henry McCray Papers, 1929-1989","https://digital.library.sc.edu/collections/john-henry-mccray-papers-1929-1989/","University of South Carolina. South Caroliniana Library","Copyright Not Evaluated. For further information please contact The University of South Carolina, South Caroliniana Library, Columbia, SC 29208.","","","English","300ppi, 24-bit depth color, Epson Expression 10000 XL flatbed scanner with SilverFast scanning software, primary archival file is a TIFF","2016-09","Text","image/jpeg","Documents (object genre)","","","Joshua Schutzenhofer","","2021-09-17","2021-09-17","http://cdm17173.contentdm.oclc.org/cdm/ref/collection/p17173coll38/id/1989",1989.0,"1990.cpd","/p17173coll38/image/1990.cpd","","",0,False,False,False,True,False,"['Empty Transcript']","[]"
"John Henry McCray Papers, Box 3, Folder 01","","McCray, John Henry, 1910-1987","","","Manuscripts; Accession 11294.","","","","","1 item","John Henry McCray Papers, 1929-1989","https://digital.library.sc.edu/collections/john-henry-mccray-papers-1929-1989/","University of South Carolina. South Caroliniana Library","Copyright Not Evaluated. For further information please contact The University of South Carolina, South Caroliniana Library, Columbia, SC 29208.","Civil Rights Era (1955-1969)","","English","300ppi, 24-bit depth color, Epson Expression 10000 XL flatbed scanner with SilverFast scanning software, primary archival file is a TIFF","2016-08","text","image/jpeg","Documents (object genre)","","","Joshua Schutzenhofer","","2021-09-17","2021-11-12","http://cdm17173.contentdm.oclc.org/cdm/ref/collection/p17173coll38/id/2072",2072.0,"2073.cpd","/p17173coll38/supp/2072/index.pdf","","",0,False,False,False,True,False,"['Empty Transcript']","[]"
"John Henry McCray Papers, Box 2, Folder 21, Politics, Feb. - June, 1944.","","McCray, John Henry, 1910-1987","Feb. - June 1944","","Manuscripts; Accession 11294.","","","","","1 Folder","John Henry McCray Papers, 1929-1989","https://digital.library.sc.edu/collections/john-henry-mccray-papers-1929-1989/","University of South Carolina. South Caroliniana Library","Copyright Not Evaluated. For further information please contact The University of South Carolina, South Caroliniana Library, Columbia, SC 29208.","World War II (1939-1945)","Little Rock, Pulaski County, Arkansas, United States","English","300ppi, 24-bit depth color, Epson Expression 10000 XL flatbed scanner with SilverFast scanning software, primary archival file is a TIFF","2016-08","text","image/jpeg","Documents (object genre)","","","Joshua Schutzenhofer","","2021-09-17","2021-09-17","http://cdm17173.contentdm.oclc.org/cdm/ref/collection/p17173coll38/id/2151",2151.0,"2152.cpd","/p17173coll38/image/2152.cpd","1944","",0,False,False,False,True,False,"['Empty Transcript']","[]"
"John Henry McCray Papers, Box 2, Folder 25, 1946-1948","","McCray, John Henry, 1910-1987","","","Manuscripts; Accession 11294.","","","","","1 Folder","John Henry McCray Papers, 1929-1989","https://digital.library.sc.edu/collections/john-henry-mccray-papers-1929-1989/","University of South Carolina. South Caroliniana Library","Copyright Not Evaluated. For further information please contact The University of South Carolina, South Caroliniana Library, Columbia, SC 29208.","","","English","300ppi, 24-bit depth color, Epson Expression 10000 XL flatbed scanner with SilverFast scanning software, primary archival file is a TIFF","2016-09","Text","image/jpeg","Documents (object genre)","","","Joshua Schutzenhofer","","2022-02-25","2022-02-25","http://cdm17173.contentdm.oclc.org/cdm/ref/collection/p17173coll38/id/2283",2283.0,"2284.cpd","/p17173coll38/image/2284.cpd","","",0,False,False,False,True,False,"['Empty Transcript']","[]"
"John Henry McCray Papers, Box 1, Folder 26","","McCray, John Henry, 1910-1987","","","Manuscripts; Accession 11294.","","","","","1 folder","John Henry McCray Papers, 1929-1989","https://digital.library.sc.edu/collections/john-henry-mccray-papers-1929-1989/","University of South Carolina. South Caroliniana Library","Copyright Not Evaluated. For further information please contact The University of South Carolina, South Caroliniana Library, Columbia, SC 29208.","","","English","300ppi, 24-bit depth color, Epson Expression 10000 XL flatbed scanner with SilverFast scanning software, primary archival file is a TIFF","2016-05-31 00:00:00","Text","image/jpeg","Documents (object genre)","","","Joshua Schutzenhofer","","2021-10-01","2021-10-01","http://cdm17173.contentdm.oclc.org/cdm/ref/collection/p17173coll38/id/2342",2342.0,"2343.cpd","/p17173coll38/supp/2342/index.pdf","","",0,False,False,False,True,False,"['Empty Transcript']","[]"
"John Henry McCray Papers, Box 1, Folder 27","","McCray, John Henry, 1910-1987","","","Manuscripts; Accession 11294.","","","","","1 folder","John Henry McCray Papers, 1929-1989","https://digital.library.sc.edu/collections/john-henry-mccray-papers-1929-1989/","University of South Carolina. South Caroliniana Library","Copyright Not Evaluated. For further information please contact The University of South Carolina, South Caroliniana Library, Columbia, SC 29208.","","","English","300ppi, 24-bit depth color, Epson Expression 10000 XL flatbed scanner with SilverFast scanning software, primary archival file is a TIFF","2016-06-15 00:00:00","Text","image/jpeg","Correspondence;Documents (object genre)","","","Joshua Schutzenhofer","","2021-10-07","2022-01-21","http://cdm17173.contentdm.oclc.org/cdm/ref/collection/p17173coll38/id/2485",2485.0,"2486.cpd","/p17173coll38/supp/2485/index.pdf","","",0,False,False,False,True,False,"['Empty Transcript']","[]"
"John Henry McCray Papers, Box 1, Folder 28","","McCray, John Henry, 1910-1987","","","Manuscripts; Accession 11294.","","","","","1 folder","John Henry McCray Papers, 1929-1989","https://digital.library.sc.edu/collections/john-henry-mccray-papers-1929-1989/","University of South Carolina. South Caroliniana Library","Copyright Not Evaluated. For further information please contact The University of South Carolina, South Caroliniana Library, Columbia, SC 29208.","","","English","300ppi, 24-bit depth color, Epson Expression 10000 XL flatbed scanner with SilverFast scanning software, primary archival file is a TIFF","2016-06-15 00:00:00","Text","image/jpeg","Documents (object genre)","","","Joshua Schutzenhofer","","2021-10-12","2021-10-12","http://cdm17173.contentdm.oclc.org/cdm/ref/collection/p17173coll38/id/2548",2548.0,"2549.cpd","/p17173coll38/supp/2548/index.pdf","","",0,False,False,False,True,False,"['Empty Transcript']","[]"
"John Henry McCray Papers, Box 1, Folder 29","","McCray, John Henry, 1910-1987","","","Manuscripts; Accession 11294.","","","","","1 folder","John Henry McCray Papers, 1929-1989","https://digital.library.sc.edu/collections/john-henry-mccray-papers-1929-1989/","University of South Carolina. South Caroliniana Library","Copyright Not Evaluated. For further information please contact The University of South Carolina, South Caroliniana Library, Columbia, SC 29208.","","","English","300ppi, 24-bit depth color, Epson Expression 10000 XL flatbed scanner with SilverFast scanning software, primary archival file is a TIFF","2016-06-20 00:00:00","Text","image/jpeg","Documents (object genre)","","","Joshua Schutzenhofer","","2021-10-21","2021-10-21","http://cdm17173.contentdm.oclc.org/cdm/ref/collection/p17173coll38/id/2662",2662.0,"2663.cpd","/p17173coll38/supp/2662/index.pdf","","",0,False,False,False,True,False,"['Empty Transcript']","[]"
"John Henry McCray Papers, Box 1, Folder 30","","McCray, John Henry, 1910-1987","","","Manuscripts; Accession 11294.","","","","","1 folder","John Henry McCray Papers, 1929-1989","https://digital.library.sc.edu/collections/john-henry-mccray-papers-1929-1989/","University of South Carolina. South Caroliniana Library","Copyright Not Evaluated. For further information please contact The University of South Carolina, South Caroliniana Library, Columbia, SC 29208.","","","English","300ppi, 24-bit depth color, Epson Expression 10000 XL flatbed scanner with SilverFast scanning software, primary archival file is a TIFF","2016-06-20 00:00:00","Text","image/jpeg","Documents (object genre)","","","Joshua Schutzenhofer","","2021-10-28","2021-10-28","http://cdm17173.contentdm.oclc.org/cdm/ref/collection/p17173coll38/id/2771",2771.0,"2772.cpd","/p17173coll38/supp/2771/index.pdf","","",0,False,False,False,True,False,"['Empty Transcript']","[]"
"John Henry McCray Papers, Box 1, Folder 32","","McCray, John Henry, 1910-1987","","","Manuscripts; Accession 11294.","","","","","1 folder","John Henry McCray Papers, 1929-1989","https://digital.library.sc.edu/collections/john-henry-mccray-papers-1929-1989/","University of South Carolina. South Caroliniana Library","Copyright Not Evaluated. For further information please contact The University of South Carolina, South Caroliniana Library, Columbia, SC 29208.","","","English","300ppi, 24-bit depth color, Epson Expression 10000 XL flatbed scanner with SilverFast scanning software, primary archival file is a TIFF","2016-06-30 00:00:00","Text","image/jpeg","Documents (object genre)","","","Joshua Schutzenhofer","","2021-11-03","2021-11-03","http://cdm17173.contentdm.oclc.org/cdm/ref/collection/p17173coll38/id/2968",2968.0,"2969.cpd","/p17173coll38/supp/2968/index.pdf","","",0,False,False,False,True,False,"['Empty Transcript']","[]"
"John Henry McCray Papers, Box 1, Folder 33","","McCray, John Henry, 1910-1987","","","Manuscripts; Accession 11294.","","","","","1 folder","John Henry McCray Papers, 1929-1989","https://digital.library.sc.edu/collections/john-henry-mccray-papers-1929-1989/","University of South Carolina. South Caroliniana Library","Copyright Not Evaluated. For further information please contact The University of South Carolina, South Caroliniana Library, Columbia, SC 29208.","","","English","300ppi, 24-bit depth color, Epson Expression 10000 XL flatbed scanner with SilverFast scanning software, primary archival file is a TIFF","2016-06-30 00:00:00","Text","image/jpeg","Documents (object genre)","","","Joshua Schutzenhofer","","2021-11-03","2021-11-03","http://cdm17173.contentdm.oclc.org/cdm/ref/collection/p17173coll38/id/3063",3063.0,"3064.cpd","/p17173coll38/supp/3063/index.pdf","","",0,False,False,False,True,False,"['Empty Transcript']","[]"
"John Henry McCray Papers, Box 2, Folder 27, 1948","","McCray, John Henry, 1910-1987","","","Manuscripts; Accession 11294.","","","","","1 Folder","John Henry McCray Papers, 1929-1989","https://digital.library.sc.edu/collections/john-henry-mccray-papers-1929-1989/","University of South Carolina. South Caroliniana Library","Copyright Not Evaluated. For further information please contact The University of South Carolina, South Caroliniana Library, Columbia, SC 29208.","","","English","300ppi, 24-bit depth color, Epson Expression 10000 XL flatbed scanner with SilverFast scanning software, primary archival file is a TIFF","2016-08","Text","image/jpeg","Documents (object genre)","","","Joshua Schutzenhofer","","2021-11-04","2021-11-04","http://cdm17173.contentdm.oclc.org/cdm/ref/collection/p17173coll38/id/3209",3209.0,"3210.cpd","/p17173coll38/supp/3209/index.pdf","","",0,False,False,False,True,False,"['Empty Transcript']","[]"
"John Henry McCray Papers, Box 2, Folder 28, 1948","","McCray, John Henry, 1910-1987","","","Manuscripts; Accession 11294.","","","","","1 Folder","John Henry McCray Papers, 1929-1989","https://digital.library.sc.edu/collections/john-henry-mccray-papers-1929-1989/","University of South Carolina. South Caroliniana Library","Copyright Not Evaluated. For further information please contact The University of South Carolina, South Caroliniana Library, Columbia, SC 29208.","","","English","300ppi, 24-bit depth color, Epson Expression 10000 XL flatbed scanner with SilverFast scanning software, primary archival file is a TIFF","2016-08","Text","image/jpeg","Documents (object genre)","","","Joshua Schutzenhofer","","2021-11-04","2021-11-04","http://cdm17173.contentdm.oclc.org/cdm/ref/collection/p17173coll38/id/3290",3290.0,"3291.cpd","/p17173coll38/supp/3290/index.pdf","","",0,False,False,False,True,False,"['Empty Transcript']","[]"
"John Henry McCray Papers, Box 2, Folder 29, 1949-1950","","McCray, John Henry, 1910-1987","","","Manuscripts; Accession 11294.","","","","","1 Folder","John Henry McCray Papers, 1929-1989","https://digital.library.sc.edu/collections/john-henry-mccray-papers-1929-1989/","University of South Carolina. South Caroliniana Library","Copyright Not Evaluated. For further information please contact The University of South Carolina, South Caroliniana Library, Columbia, SC 29208.","","","English","300ppi, 24-bit depth color, Epson Expression 10000 XL flatbed scanner with SilverFast scanning software, primary archival file is a TIFF","2016-08","Text","image/jpeg","Documents (object genre)","","","Joshua Schutzenhofer","","2021-11-04","2021-11-04","http://cdm17173.contentdm.oclc.org/cdm/ref/collection/p17173coll38/id/3354",3354.0,"3355.cpd","/p17173coll38/image/3355.cpd","","",0,False,False,False,True,False,"['Empty Transcript']","[]"
"John Henry McCray Papers, Box 2, Folder 30, 1951-1955","","McCray, John Henry, 1910-1987","","","Manuscripts; Accession 11294.","","","","","1 Folder","John Henry McCray Papers, 1929-1989","https://digital.library.sc.edu/collections/john-henry-mccray-papers-1929-1989/","University of South Carolina. South Caroliniana Library","Copyright Not Evaluated. For further information please contact The University of South Carolina, South Caroliniana Library, Columbia, SC 29208.","","","English","300ppi, 24-bit depth color, Epson Expression 10000 XL flatbed scanner with SilverFast scanning software, primary archival file is a TIFF","2016-08","Text","image/jpeg","Documents (object genre)","","","Joshua Schutzenhofer","","2021-11-04","2021-11-04","http://cdm17173.contentdm.oclc.org/cdm/ref/collection/p17173coll38/id/3425",3425.0,"3426.cpd","/p17173coll38/supp/3425/index.pdf","","",0,False,False,False,True,False,"['Empty Transcript']","[]"
"John Henry McCray Papers, Box 1, Folder 34","","McCray, John Henry, 1910-1987","1960","","Manuscripts; Accession 11294.","","","","","1 folder","John Henry McCray Papers, 1929-1989","https://digital.library.sc.edu/collections/john-henry-mccray-papers-1929-1989/","University of South Carolina. South Caroliniana Library","Copyright Not Evaluated. For further information please contact The University of South Carolina, South Caroliniana Library, Columbia, SC 29208.","","","English","300ppi, 24-bit depth color, Epson Expression 10000 XL flatbed scanner with SilverFast scanning software, primary archival file is a TIFF","2016-06-30 00:00:00","Text","image/jpeg","Documents (object genre)","","","Joshua Schutzenhofer","","2021-11-04","2021-11-04","http://cdm17173.contentdm.oclc.org/cdm/ref/collection/p17173coll38/id/3464",3464.0,"3465.cpd","/p17173coll38/supp/3464/index.pdf","1960","",0,False,False,False,True,False,"['Empty Transcript']","[]"
"John Henry McCray Papers, Box 2, Folder 31, 1956-1957","","McCray, John Henry, 1910-1987","","","Manuscripts; Accession 11294.","","","","","1 Folder","John Henry McCray Papers, 1929-1989","https://digital.library.sc.edu/collections/john-henry-mccray-papers-1929-1989/","University of South Carolina. South Caroliniana Library","Copyright Not Evaluated. For further information please contact The University of South Carolina, South Caroliniana Library, Columbia, SC 29208.","","","English","300ppi, 24-bit depth color, Epson Expression 10000 XL flatbed scanner with SilverFast scanning software, primary archival file is a TIFF","2016-08","Text","image/jpeg","Documents (object genre)","","","Joshua Schutzenhofer","","2021-11-05","2021-11-05","http://cdm17173.contentdm.oclc.org/cdm/ref/collection/p17173coll38/id/3632",3632.0,"3633.cpd","/p17173coll38/supp/3632/index.pdf","","",0,False,False,False,True,False,"['Empty Transcript']","[]"
"John Henry McCray Papers, Box 2, Folder 32","","McCray, John Henry, 1910-1987","","","Manuscripts; Accession 11294.","","","","","1 Folder","John Henry McCray Papers, 1929-1989","https://digital.library.sc.edu/collections/john-henry-mccray-papers-1929-1989/","University of South Carolina. South Caroliniana Library","Copyright Not Evaluated. For further information please contact The University of South Carolina, South Caroliniana Library, Columbia, SC 29208.","","","English","300ppi, 24-bit depth color, Epson Expression 10000 XL flatbed scanner with SilverFast scanning software, primary archival file is a TIFF","2016-08","Text","image/jpeg","Documents (object genre)","","","Joshua Schutzenhofer","","2021-11-05","2021-11-05","http://cdm17173.contentdm.oclc.org/cdm/ref/collection/p17173coll38/id/3685",3685.0,"3686.cpd","/p17173coll38/supp/3685/index.pdf","","",0,False,False,False,True,False,"['Empty Transcript']","[]"
"John Henry McCray Papers, Box 4, Folder 01, Horry County, South Carolina","","McCray, John Henry, 1910-1987","","","Manuscripts; Accession 11294.","","","","","1 Folder","John Henry McCray Papers, 1929-1989","https://digital.library.sc.edu/collections/john-henry-mccray-papers-1929-1989/","University of South Carolina. South Caroliniana Library.","For further information please contact University of South Carolina, South Caroliniana Library, Columbia, SC 29208.","","Horry County, South Carolina, United States","English","300ppi, 24-bit depth color, Epson Expression 10000 XL flatbed scanner with SilverFast scanning software, primary archival file is a TIFF","2016-10","Text","image/jpeg","Documents (object genre)","","","Joshua Schutzenhofer","","2021-11-09","2021-11-09","http://cdm17173.contentdm.oclc.org/cdm/ref/collection/p17173coll38/id/3726",3726.0,"3988.cpd","/p17173coll38/supp/3726/index.pdf","","",0,False,False,False,True,False,"['Empty Transcript']","[]"
"John Henry McCray Papers, Box 4, Folder 02","","McCray, John Henry, 1910-1987","","","Manuscripts; Accession 11294.","","","","","1 Folder","John Henry McCray Papers, 1929-1989","https://digital.library.sc.edu/collections/john-henry-mccray-papers-1929-1989/","University of South Carolina. South Caroliniana Library.","For further information please contact University of South Carolina, South Caroliniana Library, Columbia, SC 29208.","","","English","300ppi, 24-bit depth color, Epson Expression 10000 XL flatbed scanner with SilverFast scanning software, primary archival file is a TIFF","2016-10","Text","image/jpeg","Documents (object genre)","","","Joshua Schutzenhofer","","2021-11-09","2021-11-09","http://cdm17173.contentdm.oclc.org/cdm/ref/collection/p17173coll38/id/3857",3857.0,"4119.cpd","/p17173coll38/supp/3857/index.pdf","","",0,False,False,False,True,False,"['Empty Transcript']","[]"
"John Henry McCray Papers, Box 4, Folder 03","","McCray, John Henry, 1910-1987","","","Manuscripts; Accession 11294.","Politics","","","","1 Folder","John Henry McCray Papers, 1929-1989","https://digital.library.sc.edu/collections/john-henry-mccray-papers-1929-1989/","University of South Carolina. South Caroliniana Library.","For further information please contact University of South Carolina, South Caroliniana Library, Columbia, SC 29208.","","","English","300ppi, 24-bit depth color, Epson Expression 10000 XL flatbed scanner with SilverFast scanning software, primary archival file is a TIFF","2016-10","Text","image/jpeg","Documents (object genre)","","","Joshua Schutzenhofer","","2021-11-09","2021-11-09","http://cdm17173.contentdm.oclc.org/cdm/ref/collection/p17173coll38/id/3869",3869.0,"4131.cpd","/p17173coll38/supp/3869/index.pdf","","",0,False,False,False,True,False,"['Empty Transcript']","[]"
"John Henry McCray Papers, Box 4, Folder 04","","McCray, John Henry, 1910-1987","","","Manuscripts; Accession 11294.","","","","","1 Folder","John Henry McCray Papers, 1929-1989","https://digital.library.sc.edu/collections/john-henry-mccray-papers-1929-1989/","University of South Carolina. South Caroliniana Library.","For further information please contact University of South Carolina, South Caroliniana Library, Columbia, SC 29208.","","","English","300ppi, 24-bit depth color, Epson Expression 10000 XL flatbed scanner with SilverFast scanning software, primary archival file is a TIFF","2016-10","Text","image/jpeg","Documents (object genre)","","","Joshua Schutzenhofer","","2021-11-09","2021-11-09","http://cdm17173.contentdm.oclc.org/cdm/ref/collection/p17173coll38/id/3877",3877.0,"4139.cpd","/p17173coll38/supp/3877/index.pdf","","",0,False,False,False,True,False,"['Empty Transcript']","[]"
"John Henry McCray Papers, Box 4, Folder 05","","McCray, John Henry, 1910-1987","","","Manuscripts; Accession 11294.","Politics","","","","1 Folder","John Henry McCray Papers, 1929-1989","https://digital.library.sc.edu/collections/john-henry-mccray-papers-1929-1989/","University of South Carolina. South Caroliniana Library.","For further information please contact University of South Carolina, South Caroliniana Library, Columbia, SC 29208.","","Laurens County, South Carolina, United States","English","300ppi, 24-bit depth color, Epson Expression 10000 XL flatbed scanner with SilverFast scanning software, primary archival file is a TIFF","2016-10","Text","image/jpeg","Documents (object genre)","","","Joshua Schutzenhofer","","2021-11-09","2021-11-09","http://cdm17173.contentdm.oclc.org/cdm/ref/collection/p17173coll38/id/3883",3883.0,"4232.cpd","/p17173coll38/supp/3883/index.pdf","","",0,False,False,False,True,False,"['Empty Transcript']","[]"
"John Henry McCray Papers, Box 4, Folder 06","","McCray, John Henry, 1910-1987","","","Manuscripts; Accession 11294.","Politics","","","","1 Folder","John Henry McCray Papers, 1929-1989","https://digital.library.sc.edu/collections/john-henry-mccray-papers-1929-1989/","University of South Carolina. South Caroliniana Library.","For further information please contact University of South Carolina, South Caroliniana Library, Columbia, SC 29208.","","","English","300ppi, 24-bit depth color, Epson Expression 10000 XL flatbed scanner with SilverFast scanning software, primary archival file is a TIFF","2016-10","Text","image/jpeg","Documents (object genre)","","","Joshua Schutzenhofer","","2021-11-09","2021-11-09","http://cdm17173.contentdm.oclc.org/cdm/ref/collection/p17173coll38/id/3890",3890.0,"4239.cpd","/p17173coll38/supp/3890/index.pdf","","",0,False,False,False,True,False,"['Empty Transcript']","[]"
"John Henry McCray Papers, Box 4, Folder 08","","McCray, John Henry, 1910-1987","","","Manuscripts; Accession 11294.","","","","","1 Folder","John Henry McCray Papers, 1929-1989","https://digital.library.sc.edu/collections/john-henry-mccray-papers-1929-1989/","University of South Carolina. South Caroliniana Library.","For further information please contact University of South Carolina, South Caroliniana Library, Columbia, SC 29208.","","","English","300ppi, 24-bit depth color, Epson Expression 10000 XL flatbed scanner with SilverFast scanning software, primary archival file is a TIFF","2016-10","Text","image/jpeg","Documents (object genre)","","","Joshua Schutzenhofer","","2021-11-09","2021-11-09","http://cdm17173.contentdm.oclc.org/cdm/ref/collection/p17173coll38/id/3972",3972.0,"4321.cpd","/p17173coll38/supp/3972/index.pdf","","",0,False,False,False,True,False,"['Empty Transcript']","[]"
"John Henry McCray Papers, Box 4, Folder 10","","McCray, John Henry, 1910-1987","","","Manuscripts; Accession 11294.","","","","","1 Folder","John Henry McCray Papers, 1929-1989","https://digital.library.sc.edu/collections/john-henry-mccray-papers-1929-1989/","University of South Carolina. South Caroliniana Library.","For further information please contact University of South Carolina, South Caroliniana Library, Columbia, SC 29208.","","","English","300ppi, 24-bit depth color, Epson Expression 10000 XL flatbed scanner with SilverFast scanning software, primary archival file is a TIFF","2016-10","Text","image/jpeg","Documents (object genre)","","","Joshua Schutzenhofer","","2021-11-09","2021-11-09","http://cdm17173.contentdm.oclc.org/cdm/ref/collection/p17173coll38/id/3975",3975.0,"4324.cpd","/p17173coll38/supp/3975/index.pdf","","",0,False,False,False,True,False,"['Empty Transcript']","[]"
"John Henry McCray Papers, Box 4, Folder 09","","McCray, John Henry, 1910-1987","","","Manuscripts; Accession 11294.","","","","","1 Folder","John Henry McCray Papers, 1929-1989","https://digital.library.sc.edu/collections/john-henry-mccray-papers-1929-1989/","University of South Carolina. South Caroliniana Library.","For further information please contact University of South Carolina, South Caroliniana Library, Columbia, SC 29208.","","","English","300ppi, 24-bit depth color, Epson Expression 10000 XL flatbed scanner with SilverFast scanning software, primary archival file is a TIFF","2016-10","Text","image/jpeg","Documents (object genre)","","","Joshua Schutzenhofer","","2021-11-09","2021-11-09","http://cdm17173.contentdm.oclc.org/cdm/ref/collection/p17173coll38/id/4011",4011.0,"4360.cpd","/p17173coll38/supp/4011/index.pdf","","",0,False,False,False,True,False,"['Empty Transcript']","[]"
"John Henry McCray Papers, Box 4, Folder 07","","McCray, John Henry, 1910-1987","","","Manuscripts; Accession 11294.","","","","","1 Folder","John Henry McCray Papers, 1929-1989","https://digital.library.sc.edu/collections/john-henry-mccray-papers-1929-1989/","University of South Carolina. South Caroliniana Library.","For further information please contact University of South Carolina, South Caroliniana Library, Columbia, SC 29208.","","","English","300ppi, 24-bit depth color, Epson Expression 10000 XL flatbed scanner with SilverFast scanning software, primary archival file is a TIFF","2016-10","Text","image/jpeg","Documents (object genre)","","","Joshua Schutzenhofer","","2021-11-09","2021-11-09","http://cdm17173.contentdm.oclc.org/cdm/ref/collection/p17173coll38/id/4105",4105.0,"4454.cpd","/p17173coll38/supp/4105/index.pdf","","",0,False,False,False,True,False,"['Empty Transcript']","[]"
"John Henry McCray Papers, Box 4, Folder 12","","McCray, John Henry, 1910-1987","","","Manuscripts; Accession 11294.","","","","","1 Folder","John Henry McCray Papers, 1929-1989","https://digital.library.sc.edu/collections/john-henry-mccray-papers-1929-1989/","University of South Carolina. South Caroliniana Library.","For further information please contact University of South Carolina, South Caroliniana Library, Columbia, SC 29208.","","","English","300ppi, 24-bit depth color, Epson Expression 10000 XL flatbed scanner with SilverFast scanning software, primary archival file is a TIFF","2016-10","Text","image/jpeg","Documents (object genre)","","","Joshua Schutzenhofer","","2021-11-09","2021-11-09","http://cdm17173.contentdm.oclc.org/cdm/ref/collection/p17173coll38/id/4135",4135.0,"4484.cpd","/p17173coll38/supp/4135/index.pdf","","",0,False,False,False,True,False,"['Empty Transcript']","[]"
"John Henry McCray Papers, Box 4, Folder 11","","McCray, John Henry, 1910-1987","","","Manuscripts; Accession 11294.","","","","","1 Folder","John Henry McCray Papers, 1929-1989","https://digital.library.sc.edu/collections/john-henry-mccray-papers-1929-1989/","University of South Carolina. South Caroliniana Library.","For further information please contact University of South Carolina, South Caroliniana Library, Columbia, SC 29208.","","","English","300ppi, 24-bit depth color, Epson Expression 10000 XL flatbed scanner with SilverFast scanning software, primary archival file is a TIFF","2016-10","Text","image/jpeg","Documents (object genre)","","","Joshua Schutzenhofer","","2021-11-09","2021-11-09","http://cdm17173.contentdm.oclc.org/cdm/ref/collection/p17173coll38/id/4208",4208.0,"4557.cpd","/p17173coll38/supp/4208/index.pdf","","",0,False,False,False,True,False,"['Empty Transcript']","[]"
"John Henry McCray Papers, Box 4, Folder 13","","McCray, John Henry, 1910-1987","","","Manuscripts; Accession 11294.","Politics","","","","1 Folder","John Henry McCray Papers, 1929-1989","https://digital.library.sc.edu/collections/john-henry-mccray-papers-1929-1989/","University of South Carolina. South Caroliniana Library","Copyright Not Evaluated.∩┐╜For further information please contact The University of South Carolina, South Caroliniana Library, Columbia, SC 29208.","","","English","300ppi, 24-bit depth color, Epson Expression 11000 XL flatbed scanner with SilverFast scanning software, primary archival file is a TIFF","2016-10","Text","image/jpeg","Documents (object genre)","","","Joshua Schutzenhofer","","2021-11-11","2021-11-11","http://cdm17173.contentdm.oclc.org/cdm/ref/collection/p17173coll38/id/4223",4223.0,"4659.cpd","/p17173coll38/supp/4223/index.pdf","","",0,False,False,False,True,False,"['Empty Transcript']","[]"
"John Henry McCray Papers, Box 4, Folder 14","","McCray, John Henry, 1910-1987","","","Manuscripts; Accession 11294.","Politics","","","","1 Folder","John Henry McCray Papers, 1929-1989","https://digital.library.sc.edu/collections/john-henry-mccray-papers-1929-1989/","University of South Carolina. South Caroliniana Library","Copyright Not Evaluated.∩┐╜For further information please contact The University of South Carolina, South Caroliniana Library, Columbia, SC 29208.","","","English","300ppi, 24-bit depth color, Epson Expression 11000 XL flatbed scanner with SilverFast scanning software, primary archival file is a TIFF","2016-10","Text","image/jpeg","Documents (object genre)","","","Joshua Schutzenhofer","","2021-11-11","2021-11-11","http://cdm17173.contentdm.oclc.org/cdm/ref/collection/p17173coll38/id/4270",4270.0,"4706.cpd","/p17173coll38/supp/4270/index.pdf","","",0,False,False,False,True,False,"['Empty Transcript']","[]"
"John Henry McCray Papers, Box 4, Folder 21","","McCray, John Henry, 1910-1987","","","Manuscripts; Accession 11294.","","","","","1 Folder","John Henry McCray Papers, 1929-1989","https://digital.library.sc.edu/collections/john-henry-mccray-papers-1929-1989/","University of South Carolina. South Caroliniana Library","Copyright Not Evaluated.∩┐╜For further information please contact The University of South Carolina, South Caroliniana Library, Columbia, SC 29208.","","","English","300ppi, 24-bit depth color, Epson Expression 11000 XL flatbed scanner with SilverFast scanning software, primary archival file is a TIFF","2016-11","Text","image/jpeg","Documents (object genre)","","","Joshua Schutzenhofer","","2021-11-11","2021-11-11","http://cdm17173.contentdm.oclc.org/cdm/ref/collection/p17173coll38/id/4287",4287.0,"4810.cpd","/p17173coll38/image/4810.cpd","","",0,False,False,False,True,False,"['Empty Transcript']","[]"
"John Henry McCray Papers, Box 4, Folder 19","","McCray, John Henry, 1910-1987","","","Manuscripts; Accession 11294.","","","","","1 Folder","John Henry McCray Papers, 1929-1989","https://digital.library.sc.edu/collections/john-henry-mccray-papers-1929-1989/","University of South Carolina. South Caroliniana Library","Copyright Not Evaluated.∩┐╜For further information please contact The University of South Carolina, South Caroliniana Library, Columbia, SC 29208.","","","English","300ppi, 24-bit depth color, Epson Expression 11000 XL flatbed scanner with SilverFast scanning software, primary archival file is a TIFF","2016-11","Text","image/jpeg","Documents (object genre)","","","Joshua Schutzenhofer","","2021-11-11","2021-11-11","http://cdm17173.contentdm.oclc.org/cdm/ref/collection/p17173coll38/id/4347",4347.0,"4870.cpd","/p17173coll38/image/4870.cpd","","",0,False,False,False,True,False,"['Empty Transcript']","[]"
"John Henry McCray Papers, Box 4, Folder 20","","McCray, John Henry, 1910-1987","","","Manuscripts; Accession 11294.","","","","","1 Folder","John Henry McCray Papers, 1929-1989","https://digital.library.sc.edu/collections/john-henry-mccray-papers-1929-1989/","University of South Carolina. South Caroliniana Library","Copyright Not Evaluated.∩┐╜For further information please contact The University of South Carolina, South Caroliniana Library, Columbia, SC 29208.","","","English","300ppi, 24-bit depth color, Epson Expression 11000 XL flatbed scanner with SilverFast scanning software, primary archival file is a TIFF","2016-11","Text","image/jpeg","Documents (object genre)","","","Joshua Schutzenhofer","","2021-11-11","2021-11-11","http://cdm17173.contentdm.oclc.org/cdm/ref/collection/p17173coll38/id/4370",4370.0,"4893.cpd","/p17173coll38/image/4893.cpd","","",0,False,False,False,True,False,"['Empty Transcript']","[]"
"John Henry McCray Papers, Box 4, Folder 16","","McCray, John Henry, 1910-1987","","","Manuscripts; Accession 11294.","","","","","1 Folder","John Henry McCray Papers, 1929-1989","https://digital.library.sc.edu/collections/john-henry-mccray-papers-1929-1989/","University of South Carolina. South Caroliniana Library","Copyright Not Evaluated.∩┐╜For further information please contact The University of South Carolina, South Caroliniana Library, Columbia, SC 29208.","","","English","300ppi, 24-bit depth color, Epson Expression 11000 XL flatbed scanner with SilverFast scanning software, primary archival file is a TIFF","2016-10","Text","image/jpeg","Documents (object genre)","","","Joshua Schutzenhofer","","2021-11-11","2021-11-11","http://cdm17173.contentdm.oclc.org/cdm/ref/collection/p17173coll38/id/4384",4384.0,"4907.cpd","/p17173coll38/image/4907.cpd","","",0,False,False,False,True,False,"['Empty Transcript']","[]"
"John Henry McCray Papers, Box 4, Folder 15","","McCray, John Henry, 1910-1987","","","Manuscripts; Accession 11294.","Politics","","","","1 Folder","John Henry McCray Papers, 1929-1989","https://digital.library.sc.edu/collections/john-henry-mccray-papers-1929-1989/","University of South Carolina. South Caroliniana Library","Copyright Not Evaluated.∩┐╜For further information please contact The University of South Carolina, South Caroliniana Library, Columbia, SC 29208.","","","English","300ppi, 24-bit depth color, Epson Expression 11000 XL flatbed scanner with SilverFast scanning software, primary archival file is a TIFF","2016-10","Text","image/jpeg","Documents (object genre)","","","Joshua Schutzenhofer","","2021-11-11","2021-11-11","http://cdm17173.contentdm.oclc.org/cdm/ref/collection/p17173coll38/id/4426",4426.0,"4949.cpd","/p17173coll38/supp/4426/index.pdf","","",0,False,False,False,True,False,"['Empty Transcript']","[]"
"John Henry McCray Papers, Box 4, Folder 18","","McCray, John Henry, 1910-1987","","","Manuscripts; Accession 11294.","","","","","1 Folder","John Henry McCray Papers, 1929-1989","https://digital.library.sc.edu/collections/john-henry-mccray-papers-1929-1989/","University of South Carolina. South Caroliniana Library","Copyright Not Evaluated.∩┐╜For further information please contact The University of South Carolina, South Caroliniana Library, Columbia, SC 29208.","","","English","300ppi, 24-bit depth color, Epson Expression 11000 XL flatbed scanner with SilverFast scanning software, primary archival file is a TIFF","2016-11","Text","image/jpeg","Documents (object genre)","","","Joshua Schutzenhofer","","2021-11-11","2021-11-11","http://cdm17173.contentdm.oclc.org/cdm/ref/collection/p17173coll38/id/4466",4466.0,"4989.cpd","/p17173coll38/image/4989.cpd","","",0,False,False,False,True,False,"['Empty Transcript']","[]"
"John Henry McCray Papers, Box 4, Folder 17","","McCray, John Henry, 1910-1987","","","Manuscripts; Accession 11294.","","","","","1 Folder","John Henry McCray Papers, 1929-1989","https://digital.library.sc.edu/collections/john-henry-mccray-papers-1929-1989/","University of South Carolina. South Caroliniana Library","Copyright Not Evaluated.∩┐╜For further information please contact The University of South Carolina, South Caroliniana Library, Columbia, SC 29208.","","","English","300ppi, 24-bit depth color, Epson Expression 11000 XL flatbed scanner with SilverFast scanning software, primary archival file is a TIFF","2016-11","Text","image/jpeg","Documents (object genre)","","","Joshua Schutzenhofer","","2021-11-11","2021-11-11","http://cdm17173.contentdm.oclc.org/cdm/ref/collection/p17173coll38/id/4526",4526.0,"5049.cpd","/p17173coll38/image/5049.cpd","","",0,False,False,False,True,False,"['Empty Transcript']","[]"
"John Henry McCray Papers, Box 4, Folder 23","","McCray, John Henry, 1910-1987","","","Manuscripts; Accession 11294.","","","","","1 Folder","John Henry McCray Papers, 1929-1989","https://digital.library.sc.edu/collections/john-henry-mccray-papers-1929-1989/","University of South Carolina. South Caroliniana Library","Copyright Not Evaluated.∩┐╜For further information please contact The University of South Carolina, South Caroliniana Library, Columbia, SC 29208.","","","English","300ppi, 24-bit depth color, Epson Expression 11000 XL flatbed scanner with SilverFast scanning software, primary archival file is a TIFF","2016-11","Text","image/jpeg","Documents (object genre)","","","Joshua Schutzenhofer","","2021-11-12","2021-11-12","http://cdm17173.contentdm.oclc.org/cdm/ref/collection/p17173coll38/id/4695",4695.0,"5218.cpd","/p17173coll38/image/5218.cpd","","",0,False,False,False,True,False,"['Empty Transcript']","[]"
"John Henry McCray Papers, Box 4, Folder 22","","McCray, John Henry, 1910-1987","","","Manuscripts; Accession 11294.","","","","","1 Folder","John Henry McCray Papers, 1929-1989","https://digital.library.sc.edu/collections/john-henry-mccray-papers-1929-1989/","University of South Carolina. South Caroliniana Library","Copyright Not Evaluated.∩┐╜For further information please contact The University of South Carolina, South Caroliniana Library, Columbia, SC 29208.","","","English","300ppi, 24-bit depth color, Epson Expression 11000 XL flatbed scanner with SilverFast scanning software, primary archival file is a TIFF","2016-11","Text","image/jpeg","Documents (object genre)","","","Joshua Schutzenhofer","","2021-11-12","2021-11-12","http://cdm17173.contentdm.oclc.org/cdm/ref/collection/p17173coll38/id/4820",4820.0,"5343.cpd","/p17173coll38/image/5343.cpd","","",0,False,False,False,True,False,"['Empty Transcript']","[]"
"John Henry McCray Papers, Box 2, Folder 22, 1944","","McCray, John Henry, 1910-1987","","","Manuscripts; Accession 11294.","","","","","1 Folder","John Henry McCray Papers, 1929-1989","https://digital.library.sc.edu/collections/john-henry-mccray-papers-1929-1989/","University of South Carolina. South Caroliniana Library","Copyright Not Evaluated. For further information please contact The University of South Carolina, South Caroliniana Library, Columbia, SC 29208.","World War II (1939-1945)","","English","300ppi, 24-bit depth color, Epson Expression 10000 XL flatbed scanner with SilverFast scanning software, primary archival file is a TIFF","2016-08","text","image/jpeg","Documents (object genre)","","","Joshua Schutzenhofer","","2021-11-12","2021-11-12","http://cdm17173.contentdm.oclc.org/cdm/ref/collection/p17173coll38/id/4928",4928.0,"5451.cpd","/p17173coll38/image/5451.cpd","","",0,False,False,False,True,False,"['Empty Transcript']","[]"
"John Henry McCray Papers, Box 4, Folder 26","","McCray, John Henry, 1910-1987","","","Manuscripts; Accession 11294.","","","","","1 Folder","John Henry McCray Papers, 1929-1989","https://digital.library.sc.edu/collections/john-henry-mccray-papers-1929-1989/","University of South Carolina. South Caroliniana Library","Copyright Not Evaluated.∩┐╜For further information please contact The University of South Carolina, South Caroliniana Library, Columbia, SC 29208.","","","English","300ppi, 24-bit depth color, Epson Expression 11000 XL flatbed scanner with SilverFast scanning software, primary archival file is a TIFF","2016-11","Text","image/jpeg","Documents (object genre)","","","Joshua Schutzenhofer","","2021-11-12","2021-11-12","http://cdm17173.contentdm.oclc.org/cdm/ref/collection/p17173coll38/id/5104",5104.0,"5714.cpd","/p17173coll38/image/5714.cpd","","",0,False,False,False,True,False,"['Empty Transcript']","[]"
"John Henry McCray Papers, Box 4, Folder 24","","McCray, John Henry, 1910-1987","","","Manuscripts; Accession 11294.","","","","","1 Folder","John Henry McCray Papers, 1929-1989","https://digital.library.sc.edu/collections/john-henry-mccray-papers-1929-1989/","University of South Carolina. South Caroliniana Library","Copyright Not Evaluated.∩┐╜For further information please contact The University of South Carolina, South Caroliniana Library, Columbia, SC 29208.","","","English","300ppi, 24-bit depth color, Epson Expression 11000 XL flatbed scanner with SilverFast scanning software, primary archival file is a TIFF","2016-11","Text","image/jpeg","Documents (object genre)","","","Joshua Schutzenhofer","","2021-11-12","2021-11-12","http://cdm17173.contentdm.oclc.org/cdm/ref/collection/p17173coll38/id/5155",5155.0,"5765.cpd","/p17173coll38/image/5765.cpd","","",0,False,False,False,True,False,"['Empty Transcript']","[]"
"John Henry McCray Papers, Box 4, Folder 25","","McCray, John Henry, 1910-1987","","","Manuscripts; Accession 11294.","","","","","1 Folder","John Henry McCray Papers, 1929-1989","https://digital.library.sc.edu/collections/john-henry-mccray-papers-1929-1989/","University of South Carolina. South Caroliniana Library","Copyright Not Evaluated.∩┐╜For further information please contact The University of South Carolina, South Caroliniana Library, Columbia, SC 29208.","","","English","300ppi, 24-bit depth color, Epson Expression 11000 XL flatbed scanner with SilverFast scanning software, primary archival file is a TIFF","2016-11","Text","image/jpeg","Documents (object genre)","","","Joshua Schutzenhofer","","2021-11-12","2021-11-12","http://cdm17173.contentdm.oclc.org/cdm/ref/collection/p17173coll38/id/5173",5173.0,"5783.cpd","/p17173coll38/image/5783.cpd","","",0,False,False,False,True,False,"['Empty Transcript']","[]"
"John Henry McCray Papers, Box 3, Folder 03","","McCray, John Henry, 1910-1987","","","Manuscripts; Accession 11294.","","","","","1 item","John Henry McCray Papers, 1929-1989","https://digital.library.sc.edu/collections/john-henry-mccray-papers-1929-1989/","University of South Carolina. South Caroliniana Library","Copyright Not Evaluated. For further information please contact The University of South Carolina, South Caroliniana Library, Columbia, SC 29208.","Civil Rights Era (1955-1969)","","English","300ppi, 24-bit depth color, Epson Expression 10000 XL flatbed scanner with SilverFast scanning software, primary archival file is a TIFF","2016-08","text","image/jpeg","Documents (object genre)","","","Joshua Schutzenhofer","","2021-11-12","2021-11-12","http://cdm17173.contentdm.oclc.org/cdm/ref/collection/p17173coll38/id/5237",5237.0,"5847.cpd","/p17173coll38/image/5847.cpd","","",0,False,False,False,True,False,"['Empty Transcript']","[]"
"John Henry McCray Papers, Box 4, Folder 27","","McCray, John Henry, 1910-1987","","","Manuscripts; Accession 11294.","Politics","","","","1 Folder","John Henry McCray Papers, 1929-1989","https://digital.library.sc.edu/collections/john-henry-mccray-papers-1929-1989/","University of South Carolina. South Caroliniana Library","Copyright Not Evaluated.∩┐╜For further information please contact The University of South Carolina, South Caroliniana Library, Columbia, SC 29208.","","","English","300ppi, 24-bit depth color, Epson Expression 11000 XL flatbed scanner with SilverFast scanning software, primary archival file is a TIFF","2016-12","Text","image/jpeg","Documents (object genre)","","","Joshua Schutzenhofer","","2021-11-15","2021-11-15","http://cdm17173.contentdm.oclc.org/cdm/ref/collection/p17173coll38/id/5404",5404.0,"6014.cpd","/p17173coll38/image/6014.cpd","","",0,False,False,False,True,False,"['Empty Transcript']","[]"
"John Henry McCray Papers, Box 4, Folder 29","","McCray, John Henry, 1910-1987","","","Manuscripts; Accession 11294.","","","","","1 Folder","John Henry McCray Papers, 1929-1989","https://digital.library.sc.edu/collections/john-henry-mccray-papers-1929-1989/","University of South Carolina. South Caroliniana Library","Copyright Not Evaluated.∩┐╜For further information please contact The University of South Carolina, South Caroliniana Library, Columbia, SC 29208.","","","English","300ppi, 24-bit depth color, Epson Expression 11000 XL flatbed scanner with SilverFast scanning software, primary archival file is a TIFF","2017-01","Text","image/jpeg","Documents (object genre)","","","Joshua Schutzenhofer","","2021-11-15","2021-11-15","http://cdm17173.contentdm.oclc.org/cdm/ref/collection/p17173coll38/id/5575",5575.0,"6185.cpd","/p17173coll38/image/6185.cpd","","",0,False,False,False,True,False,"['Empty Transcript']","[]"
"John Henry McCray Papers, Box 4, Folder 28","","McCray, John Henry, 1910-1987","","","Manuscripts; Accession 11294.","Politics","","","","1 Folder","John Henry McCray Papers, 1929-1989","https://digital.library.sc.edu/collections/john-henry-mccray-papers-1929-1989/","University of South Carolina. South Caroliniana Library","Copyright Not Evaluated.∩┐╜For further information please contact The University of South Carolina, South Caroliniana Library, Columbia, SC 29208.","","","English","300ppi, 24-bit depth color, Epson Expression 11000 XL flatbed scanner with SilverFast scanning software, primary archival file is a TIFF","2016-12","Text","image/jpeg","Documents (object genre)","","","Joshua Schutzenhofer","","2021-11-16","2021-11-16","http://cdm17173.contentdm.oclc.org/cdm/ref/collection/p17173coll38/id/5594",5594.0,"6204.cpd","/p17173coll38/image/6204.cpd","","",0,False,False,False,True,False,"['Empty Transcript']","[]"
"John Henry McCray Papers, Box 4, Folder 31","","McCray, John Henry, 1910-1987","","","Manuscripts; Accession 11294.","","","","","1 Folder","John Henry McCray Papers, 1929-1989","https://digital.library.sc.edu/collections/john-henry-mccray-papers-1929-1989/","University of South Carolina. South Caroliniana Library","Copyright Not Evaluated.∩┐╜For further information please contact The University of South Carolina, South Caroliniana Library, Columbia, SC 29208.","","","English","300ppi, 24-bit depth color, Epson Expression 11000 XL flatbed scanner with SilverFast scanning software, primary archival file is a TIFF","2017-01","Text","image/jpeg","Documents (object genre)","","","Joshua Schutzenhofer","","2021-11-16","2021-11-16","http://cdm17173.contentdm.oclc.org/cdm/ref/collection/p17173coll38/id/5656",5656.0,"6266.cpd","/p17173coll38/image/6266.cpd","","",0,False,False,False,True,False,"['Empty Transcript']","[]"
"John Henry McCray Papers, Box 4, Folder 36","","McCray, John Henry, 1910-1987","","","Manuscripts; Accession 11294.","","","","","1 Folder","John Henry McCray Papers, 1929-1989","https://digital.library.sc.edu/collections/john-henry-mccray-papers-1929-1989/","University of South Carolina. South Caroliniana Library","Copyright Not Evaluated.∩┐╜For further information please contact The University of South Carolina, South Caroliniana Library, Columbia, SC 29208.","","","English","300ppi, 24-bit depth color, Epson Expression 11000 XL flatbed scanner with SilverFast scanning software, primary archival file is a TIFF","2017-01","Text","image/jpeg","Documents (object genre)","","","Joshua Schutzenhofer","","2021-11-16","2021-11-16","http://cdm17173.contentdm.oclc.org/cdm/ref/collection/p17173coll38/id/5689",5689.0,"6299.cpd","/p17173coll38/image/6299.cpd","","",0,False,False,False,True,False,"['Empty Transcript']","[]"
"John Henry McCray Papers, Box 4, Folder 33","","McCray, John Henry, 1910-1987","","","Manuscripts; Accession 11294.","Allen University","","","","1 Folder","John Henry McCray Papers, 1929-1989","https://digital.library.sc.edu/collections/john-henry-mccray-papers-1929-1989/","University of South Carolina. South Caroliniana Library","Copyright Not Evaluated.∩┐╜For further information please contact The University of South Carolina, South Caroliniana Library, Columbia, SC 29208.","","","English","300ppi, 24-bit depth color, Epson Expression 11000 XL flatbed scanner with SilverFast scanning software, primary archival file is a TIFF","2017-01","Text","image/jpeg","Documents (object genre)","","","Joshua Schutzenhofer","","2021-11-16","2021-11-16","http://cdm17173.contentdm.oclc.org/cdm/ref/collection/p17173coll38/id/5821",5821.0,"6431.cpd","/p17173coll38/image/6431.cpd","","",0,False,False,False,True,False,"['Empty Transcript']","[]"
"John Henry McCray Papers, Box 4, Folder 38","","McCray, John Henry, 1910-1987","","","Manuscripts; Accession 11294.","","","","","1 Folder","John Henry McCray Papers, 1929-1989","https://digital.library.sc.edu/collections/john-henry-mccray-papers-1929-1989/","University of South Carolina. South Caroliniana Library","Copyright Not Evaluated.∩┐╜For further information please contact The University of South Carolina, South Caroliniana Library, Columbia, SC 29208.","","","English","300ppi, 24-bit depth color, Epson Expression 11000 XL flatbed scanner with SilverFast scanning software, primary archival file is a TIFF","2017-01","Text","image/jpeg","Documents (object genre)","","","Joshua Schutzenhofer","","2021-11-16","2021-11-16","http://cdm17173.contentdm.oclc.org/cdm/ref/collection/p17173coll38/id/5845",5845.0,"6455.cpd","/p17173coll38/image/6455.cpd","","",0,False,False,False,True,False,"['Empty Transcript']","[]"
"John Henry McCray Papers, Box 4, Folder 37","","McCray, John Henry, 1910-1987","","","Manuscripts; Accession 11294.","","","","","1 Folder","John Henry McCray Papers, 1929-1989","https://digital.library.sc.edu/collections/john-henry-mccray-papers-1929-1989/","University of South Carolina. South Caroliniana Library","Copyright Not Evaluated.∩┐╜For further information please contact The University of South Carolina, South Caroliniana Library, Columbia, SC 29208.","","","English","300ppi, 24-bit depth color, Epson Expression 11000 XL flatbed scanner with SilverFast scanning software, primary archival file is a TIFF","2017-01","Text","image/jpeg","Documents (object genre)","","","Joshua Schutzenhofer","","2021-11-16","2021-11-16","http://cdm17173.contentdm.oclc.org/cdm/ref/collection/p17173coll38/id/5868",5868.0,"6478.cpd","/p17173coll38/image/6478.cpd","","",0,False,False,False,True,False,"['Empty Transcript']","[]"
"John Henry McCray Papers, Box 4, Folder 39","","McCray, John Henry, 1910-1987","","","Manuscripts; Accession 11294.","","","","","1 Folder","John Henry McCray Papers, 1929-1989","https://digital.library.sc.edu/collections/john-henry-mccray-papers-1929-1989/","University of South Carolina. South Caroliniana Library","Copyright Not Evaluated.∩┐╜For further information please contact The University of South Carolina, South Caroliniana Library, Columbia, SC 29208.","","","English","300ppi, 24-bit depth color, Epson Expression 11000 XL flatbed scanner with SilverFast scanning software, primary archival file is a TIFF","2017-02","Text","image/jpeg","Documents (object genre)","","","Joshua Schutzenhofer","","2021-11-16","2021-11-16","http://cdm17173.contentdm.oclc.org/cdm/ref/collection/p17173coll38/id/5887",5887.0,"6497.cpd","/p17173coll38/image/6497.cpd","","",0,False,False,False,True,False,"['Empty Transcript']","[]"
"John Henry McCray Papers, Box 4, Folder 34","","McCray, John Henry, 1910-1987","","","Manuscripts; Accession 11294.","","","","","1 Folder","John Henry McCray Papers, 1929-1989","https://digital.library.sc.edu/collections/john-henry-mccray-papers-1929-1989/","University of South Carolina. South Caroliniana Library","Copyright Not Evaluated.∩┐╜For further information please contact The University of South Carolina, South Caroliniana Library, Columbia, SC 29208.","","","English","300ppi, 24-bit depth color, Epson Expression 11000 XL flatbed scanner with SilverFast scanning software, primary archival file is a TIFF","2017-01","Text","image/jpeg","Documents (object genre)","","","Joshua Schutzenhofer","","2021-11-16","2021-11-16","http://cdm17173.contentdm.oclc.org/cdm/ref/collection/p17173coll38/id/5921",5921.0,"6531.cpd","/p17173coll38/image/6531.cpd","","",0,False,False,False,True,False,"['Empty Transcript']","[]"
"John Henry McCray Papers, Box 4, Folder 32","","McCray, John Henry, 1910-1987","","","Manuscripts; Accession 11294.","","","","","1 Folder","John Henry McCray Papers, 1929-1989","https://digital.library.sc.edu/collections/john-henry-mccray-papers-1929-1989/","University of South Carolina. South Caroliniana Library","Copyright Not Evaluated. For further information please contact The University of South Carolina, South Caroliniana Library, Columbia, SC 29208.","","","English","300ppi, 24-bit depth color, Epson Expression 11000 XL flatbed scanner with SilverFast scanning software, primary archival file is a TIFF","2017-01","Text","image/jpeg","Documents (object genre)","","","Joshua Schutzenhofer","","2021-11-16","2021-11-17","http://cdm17173.contentdm.oclc.org/cdm/ref/collection/p17173coll38/id/6049",6049.0,"6659.cpd","/p17173coll38/image/6659.cpd","","",0,False,False,False,True,False,"['Empty Transcript']","[]"
"John Henry McCray Papers, Box 4, Folder 35","","McCray, John Henry, 1910-1987","","","Manuscripts; Accession 11294.","","","","","1 Folder","John Henry McCray Papers, 1929-1989","https://digital.library.sc.edu/collections/john-henry-mccray-papers-1929-1989/","University of South Carolina. South Caroliniana Library","Copyright Not Evaluated.∩┐╜For further information please contact The University of South Carolina, South Caroliniana Library, Columbia, SC 29208.","","","English","300ppi, 24-bit depth color, Epson Expression 11000 XL flatbed scanner with SilverFast scanning software, primary archival file is a TIFF","2017-01","Text","image/jpeg","Documents (object genre)","","","Joshua Schutzenhofer","","2021-11-16","2021-11-16","http://cdm17173.contentdm.oclc.org/cdm/ref/collection/p17173coll38/id/6086",6086.0,"6696.cpd","/p17173coll38/image/6696.cpd","","",0,False,False,False,True,False,"['Empty Transcript']","[]"
"John Henry McCray Papers, Box 4, Folder 32","","McCray, John Henry, 1910-1987","","","Manuscripts; Accession 11294.","","","","","1 Folder","John Henry McCray Papers, 1929-1989","https://digital.library.sc.edu/collections/john-henry-mccray-papers-1929-1989/","University of South Carolina. South Caroliniana Library","Copyright Not Evaluated.∩┐╜For further information please contact The University of South Carolina, South Caroliniana Library, Columbia, SC 29208.","","","English","300ppi, 24-bit depth color, Epson Expression 11000 XL flatbed scanner with SilverFast scanning software, primary archival file is a TIFF","2017-01","Text","image/jpeg","Documents (object genre)","","","Joshua Schutzenhofer","","2021-11-16","2021-11-16","http://cdm17173.contentdm.oclc.org/cdm/ref/collection/p17173coll38/id/6214",6214.0,"6824.cpd","/p17173coll38/image/6824.cpd","","",0,False,False,False,True,False,"['Empty Transcript']","[]"
"John Henry McCray Papers, Box 4, Folder 40","","McCray, John Henry, 1910-1987","","","Manuscripts; Accession 11294.","","","","","1 Folder","John Henry McCray Papers, 1929-1989","https://digital.library.sc.edu/collections/john-henry-mccray-papers-1929-1989/","University of South Carolina. South Caroliniana Library","Copyright Not Evaluated.∩┐╜For further information please contact The University of South Carolina, South Caroliniana Library, Columbia, SC 29208.","","","English","300ppi, 24-bit depth color, Epson Expression 11000 XL flatbed scanner with SilverFast scanning software, primary archival file is a TIFF","2017-02","Text","image/jpeg","Documents (object genre)","","","Joshua Schutzenhofer","","2021-11-16","2021-11-16","http://cdm17173.contentdm.oclc.org/cdm/ref/collection/p17173coll38/id/6235",6235.0,"6845.cpd","/p17173coll38/image/6845.cpd","","",0,False,False,False,True,False,"['Empty Transcript']","[]"
"John Henry McCray Papers, Box 4, Folder 46","","McCray, John Henry, 1910-1987","","","Manuscripts; Accession 11294.","","","","","1 Folder","John Henry McCray Papers, 1929-1989","https://digital.library.sc.edu/collections/john-henry-mccray-papers-1929-1989/","University of South Carolina. South Caroliniana Library","Copyright Not Evaluated.∩┐╜For further information please contact The University of South Carolina, South Caroliniana Library, Columbia, SC 29208.","","","English","300ppi, 24-bit depth color, Epson Expression 11000 XL flatbed scanner with SilverFast scanning software, primary archival file is a TIFF","2017-02","Text","image/jpeg","Documents (object genre)","","","Joshua Schutzenhofer","","2021-11-16","2021-11-16","http://cdm17173.contentdm.oclc.org/cdm/ref/collection/p17173coll38/id/6358",6358.0,"6968.cpd","/p17173coll38/image/6968.cpd","","",0,False,False,False,True,False,"['Empty Transcript']","[]"
"John Henry McCray Papers, Box 4, Folder 44","","McCray, John Henry, 1910-1987","","","Manuscripts; Accession 11294.","","","","","1 Folder","John Henry McCray Papers, 1929-1989","https://digital.library.sc.edu/collections/john-henry-mccray-papers-1929-1989/","University of South Carolina. South Caroliniana Library","Copyright Not Evaluated.∩┐╜For further information please contact The University of South Carolina, South Caroliniana Library, Columbia, SC 29208.","","","English","300ppi, 24-bit depth color, Epson Expression 11000 XL flatbed scanner with SilverFast scanning software, primary archival file is a TIFF","2017-02","Text","image/jpeg","Documents (object genre)","","","Joshua Schutzenhofer","","2021-11-16","2021-11-16","http://cdm17173.contentdm.oclc.org/cdm/ref/collection/p17173coll38/id/6398",6398.0,"7008.cpd","/p17173coll38/image/7008.cpd","","",0,False,False,False,True,False,"['Empty Transcript']","[]"
"John Henry McCray Papers, Box 4, Folder 43","","McCray, John Henry, 1910-1987","","","Manuscripts; Accession 11294.","","","","","1 Folder","John Henry McCray Papers, 1929-1989","https://digital.library.sc.edu/collections/john-henry-mccray-papers-1929-1989/","University of South Carolina. South Caroliniana Library","Copyright Not Evaluated.∩┐╜For further information please contact The University of South Carolina, South Caroliniana Library, Columbia, SC 29208.","","","English","300ppi, 24-bit depth color, Epson Expression 11000 XL flatbed scanner with SilverFast scanning software, primary archival file is a TIFF","2017-02","Text","image/jpeg","Documents (object genre)","","","Joshua Schutzenhofer","","2021-11-16","2021-11-16","http://cdm17173.contentdm.oclc.org/cdm/ref/collection/p17173coll38/id/6428",6428.0,"7038.cpd","/p17173coll38/image/7038.cpd","","",0,False,False,False,True,False,"['Empty Transcript']","[]"
"John Henry McCray Papers, Box 4, Folder 45","","McCray, John Henry, 1910-1987","","","Manuscripts; Accession 11294.","","","","","1 Folder","John Henry McCray Papers, 1929-1989","https://digital.library.sc.edu/collections/john-henry-mccray-papers-1929-1989/","University of South Carolina. South Caroliniana Library","Copyright Not Evaluated.∩┐╜For further information please contact The University of South Carolina, South Caroliniana Library, Columbia, SC 29208.","","","English","300ppi, 24-bit depth color, Epson Expression 11000 XL flatbed scanner with SilverFast scanning software, primary archival file is a TIFF","2017-02","Text","image/jpeg","Documents (object genre)","","","Joshua Schutzenhofer","","2021-11-16","2021-11-16","http://cdm17173.contentdm.oclc.org/cdm/ref/collection/p17173coll38/id/6521",6521.0,"7131.cpd","/p17173coll38/image/7131.cpd","","",0,False,False,False,True,False,"['Empty Transcript']","[]"
"John Henry McCray Papers, Box 4, Folder 47","","McCray, John Henry, 1910-1987","","","Manuscripts; Accession 11294.","","","","","1 Folder","John Henry McCray Papers, 1929-1989","https://digital.library.sc.edu/collections/john-henry-mccray-papers-1929-1989/","University of South Carolina. South Caroliniana Library","Copyright Not Evaluated.∩┐╜For further information please contact The University of South Carolina, South Caroliniana Library, Columbia, SC 29208.","","","English","300ppi, 24-bit depth color, Epson Expression 11000 XL flatbed scanner with SilverFast scanning software, primary archival file is a TIFF","2017-02","Text","image/jpeg","Documents (object genre)","","","Joshua Schutzenhofer","","2021-11-16","2021-11-16","http://cdm17173.contentdm.oclc.org/cdm/ref/collection/p17173coll38/id/6599",6599.0,"7209.cpd","/p17173coll38/image/7209.cpd","","",0,False,False,False,True,False,"['Empty Transcript']","[]"
"John Henry McCray Papers, Box 4, Folder 41","","McCray, John Henry, 1910-1987","","","Manuscripts; Accession 11294.","","","","","1 Folder","John Henry McCray Papers, 1929-1989","https://digital.library.sc.edu/collections/john-henry-mccray-papers-1929-1989/","University of South Carolina. South Caroliniana Library","Copyright Not Evaluated.∩┐╜For further information please contact The University of South Carolina, South Caroliniana Library, Columbia, SC 29208.","","","English","300ppi, 24-bit depth color, Epson Expression 11000 XL flatbed scanner with SilverFast scanning software, primary archival file is a TIFF","2017-02","Text","image/jpeg","Documents (object genre)","","","Joshua Schutzenhofer","","2021-11-16","2021-11-16","http://cdm17173.contentdm.oclc.org/cdm/ref/collection/p17173coll38/id/6643",6643.0,"7253.cpd","/p17173coll38/image/7253.cpd","","",0,False,False,False,True,False,"['Empty Transcript']","[]"
"John Henry McCray Papers, Box 4, Folder 42","","McCray, John Henry, 1910-1987","","","Manuscripts; Accession 11294.","","","","","1 Folder","John Henry McCray Papers, 1929-1989","https://digital.library.sc.edu/collections/john-henry-mccray-papers-1929-1989/","University of South Carolina. South Caroliniana Library","Copyright Not Evaluated.∩┐╜For further information please contact The University of South Carolina, South Caroliniana Library, Columbia, SC 29208.","","","English","300ppi, 24-bit depth color, Epson Expression 11000 XL flatbed scanner with SilverFast scanning software, primary archival file is a TIFF","2017-02","Text","image/jpeg","Documents (object genre)","","","Joshua Schutzenhofer","","2021-11-16","2021-11-16","http://cdm17173.contentdm.oclc.org/cdm/ref/collection/p17173coll38/id/6688",6688.0,"7298.cpd","/p17173coll38/image/7298.cpd","","",0,False,False,False,True,False,"['Empty Transcript']","[]"
"John Henry McCray Papers, Box 3, Folder 07","","McCray, John Henry, 1910-1987","","","Manuscripts; Accession 11294.","","","","","1 item","John Henry McCray Papers, 1929-1989","https://digital.library.sc.edu/collections/john-henry-mccray-papers-1929-1989/","University of South Carolina. South Caroliniana Library","Copyright Not Evaluated. For further information please contact The University of South Carolina, South Caroliniana Library, Columbia, SC 29208.","Civil Rights Era (1955-1969)","","English","300ppi, 24-bit depth color, Epson Expression 10000 XL flatbed scanner with SilverFast scanning software, primary archival file is a TIFF","2016-08","text","image/jpeg","Documents (object genre)","","","Joshua Schutzenhofer","","2021-11-17","2021-11-17","http://cdm17173.contentdm.oclc.org/cdm/ref/collection/p17173coll38/id/6768",6768.0,"7378.cpd","/p17173coll38/image/7378.cpd","","",0,False,False,False,True,False,"['Empty Transcript']","[]"
"John Henry McCray Papers, Box 3, Folder 05","","McCray, John Henry, 1910-1987","","","Manuscripts; Accession 11294.","","","","","1 item","John Henry McCray Papers, 1929-1989","https://digital.library.sc.edu/collections/john-henry-mccray-papers-1929-1989/","University of South Carolina. South Caroliniana Library","Copyright Not Evaluated. For further information please contact The University of South Carolina, South Caroliniana Library, Columbia, SC 29208.","Civil Rights Era (1955-1969)","","English","300ppi, 24-bit depth color, Epson Expression 10000 XL flatbed scanner with SilverFast scanning software, primary archival file is a TIFF","2016-08","text","image/jpeg","Documents (object genre)","","","Joshua Schutzenhofer","","2021-11-17","2021-11-17","http://cdm17173.contentdm.oclc.org/cdm/ref/collection/p17173coll38/id/6849",6849.0,"7459.cpd","/p17173coll38/image/7459.cpd","","",0,False,False,False,True,False,"['Empty Transcript']","[]"
"John Henry McCray Papers, Box 3, Folder 06","","McCray, John Henry, 1910-1987","","","Manuscripts; Accession 11294.","","","","","1 item","John Henry McCray Papers, 1929-1989","https://digital.library.sc.edu/collections/john-henry-mccray-papers-1929-1989/","University of South Carolina. South Caroliniana Library","Copyright Not Evaluated. For further information please contact The University of South Carolina, South Caroliniana Library, Columbia, SC 29208.","Civil Rights Era (1955-1969)","","English","300ppi, 24-bit depth color, Epson Expression 10000 XL flatbed scanner with SilverFast scanning software, primary archival file is a TIFF","2016-08","text","image/jpeg","Documents (object genre)","","","Joshua Schutzenhofer","","2021-11-17","2021-11-17","http://cdm17173.contentdm.oclc.org/cdm/ref/collection/p17173coll38/id/6907",6907.0,"7517.cpd","/p17173coll38/image/7517.cpd","","",0,False,False,False,True,False,"['Empty Transcript']","[]"
"John Henry McCray Papers, Box 3, Folder 04","","McCray, John Henry, 1910-1987","","","Manuscripts; Accession 11294.","","","","","1 item","John Henry McCray Papers, 1929-1989","https://digital.library.sc.edu/collections/john-henry-mccray-papers-1929-1989/","University of South Carolina. South Caroliniana Library","Copyright Not Evaluated. For further information please contact The University of South Carolina, South Caroliniana Library, Columbia, SC 29208.","Civil Rights Era (1955-1969)","","English","300ppi, 24-bit depth color, Epson Expression 10000 XL flatbed scanner with SilverFast scanning software, primary archival file is a TIFF","2016-08","text","image/jpeg","Documents (object genre)","","","Joshua Schutzenhofer","","2021-11-17","2021-11-17","http://cdm17173.contentdm.oclc.org/cdm/ref/collection/p17173coll38/id/6994",6994.0,"7604.cpd","/p17173coll38/image/7604.cpd","","",0,False,False,False,True,False,"['Empty Transcript']","[]"
"John Henry McCray Papers, Box 3, Folder 08","","McCray, John Henry, 1910-1987","","","Manuscripts; Accession 11294.","","","","","1 item","John Henry McCray Papers, 1929-1989","https://digital.library.sc.edu/collections/john-henry-mccray-papers-1929-1989/","University of South Carolina. South Caroliniana Library","Copyright Not Evaluated. For further information please contact The University of South Carolina, South Caroliniana Library, Columbia, SC 29208.","Civil Rights Era (1955-1969)","","English","300ppi, 24-bit depth color, Epson Expression 10000 XL flatbed scanner with SilverFast scanning software, primary archival file is a TIFF","2016-08","text","image/jpeg","Documents (object genre)","","","Joshua Schutzenhofer","","2021-11-17","2021-11-17","http://cdm17173.contentdm.oclc.org/cdm/ref/collection/p17173coll38/id/7035",7035.0,"7645.cpd","/p17173coll38/image/7645.cpd","","",0,False,False,False,True,False,"['Empty Transcript']","[]"
"John Henry McCray Papers, Box 3, Folder 13","","John Henry McCray, 1910-1987","","","Manuscripts; Accession 11294.","","","","","1 Folder","John Henry McCray Papers, 1929-1989","https://digital.library.sc.edu/collections/john-henry-mccray-papers-1929-1989/","University of South Carolina. South Caroliniana Library","Copyright Not Evaluated. For further information please contact The University of South Carolina, South Caroliniana Library, Columbia, SC 29208.","","","English","300ppi, 24-bit depth color, Epson Expression 10000 XL flatbed scanner with SilverFast scanning software, primary archival file is a TIFF","","Text","image/jpeg","Documents (object genre)","","","Joshua Schutzenhofer","","2021-11-18","2021-11-18","http://cdm17173.contentdm.oclc.org/cdm/ref/collection/p17173coll38/id/7098",7098.0,"7708.cpd","/p17173coll38/image/7708.cpd","","",0,False,False,False,True,False,"['Empty Transcript']","[]"
"John Henry McCray Papers, Box 3, Folder 16","","John Henry McCray, 1910-1987","","","Manuscripts; Accession 11294.","","","","","1 Folder","John Henry McCray Papers, 1929-1989","https://digital.library.sc.edu/collections/john-henry-mccray-papers-1929-1989/","University of South Carolina. South Caroliniana Library","Copyright Not Evaluated. For further information please contact The University of South Carolina, South Caroliniana Library, Columbia, SC 29208.","","","English","300ppi, 24-bit depth color, Epson Expression 10000 XL flatbed scanner with SilverFast scanning software, primary archival file is a TIFF","2017-02","Text","image/jpeg","Documents (object genre)","","","Joshua Schutzenhofer","","2021-11-18","2021-11-18","http://cdm17173.contentdm.oclc.org/cdm/ref/collection/p17173coll38/id/7101",7101.0,"7711.cpd","/p17173coll38/image/7711.cpd","","",0,False,False,False,True,False,"['Empty Transcript']","[]"
"John Henry McCray Papers, Box 3, Folder 12","","John Henry McCray, 1910-1987","","","Manuscripts; Accession 11294.","","","","","1 Folder","John Henry McCray Papers, 1929-1989","https://digital.library.sc.edu/collections/john-henry-mccray-papers-1929-1989/","University of South Carolina. South Caroliniana Library","Copyright Not Evaluated. For further information please contact The University of South Carolina, South Caroliniana Library, Columbia, SC 29208.","","","English","300ppi, 24-bit depth color, Epson Expression 10000 XL flatbed scanner with SilverFast scanning software, primary archival file is a TIFF","2017-02","Text","image/jpeg","Documents (object genre)","","","Joshua Schutzenhofer","","2021-11-18","2021-11-18","http://cdm17173.contentdm.oclc.org/cdm/ref/collection/p17173coll38/id/7238",7238.0,"7848.cpd","/p17173coll38/image/7848.cpd","","",0,False,False,False,True,False,"['Empty Transcript']","[]"
"John Henry McCray Papers, Box 3, Folder 10","","McCray, John Henry, 1910-1987","","","Manuscripts; Accession 11294.","","","","","1 item","John Henry McCray Papers, 1929-1989","https://digital.library.sc.edu/collections/john-henry-mccray-papers-1929-1989/","University of South Carolina. South Caroliniana Library","Copyright Not Evaluated. For further information please contact The University of South Carolina, South Caroliniana Library, Columbia, SC 29208.","Civil Rights Era (1955-1969)","","English","300ppi, 24-bit depth color, Epson Expression 10000 XL flatbed scanner with SilverFast scanning software, primary archival file is a TIFF","2016-08","text","image/jpeg","Documents (object genre)","","","Joshua Schutzenhofer","","2021-11-18","2021-11-18","http://cdm17173.contentdm.oclc.org/cdm/ref/collection/p17173coll38/id/7265",7265.0,"7875.cpd","/p17173coll38/image/7875.cpd","","",0,False,False,False,True,False,"['Empty Transcript']","[]"
"John Henry McCray Papers, Box 3, Folder 11","","John Henry McCray, 1910-1987","","","Manuscripts; Accession 11294.","","","","","1 Folder","John Henry McCray Papers, 1929-1989","https://digital.library.sc.edu/collections/john-henry-mccray-papers-1929-1989/","University of South Carolina. South Caroliniana Library","Copyright Not Evaluated. For further information please contact The University of South Carolina, South Caroliniana Library, Columbia, SC 29208.","","","English","300ppi, 24-bit depth color, Epson Expression 10000 XL flatbed scanner with SilverFast scanning software, primary archival file is a TIFF","2017-02","Text","image/jpeg","Documents (object genre)","","","Joshua Schutzenhofer","","2021-11-18","2021-11-18","http://cdm17173.contentdm.oclc.org/cdm/ref/collection/p17173coll38/id/7286",7286.0,"7896.cpd","/p17173coll38/image/7896.cpd","","",0,False,False,False,True,False,"['Empty Transcript']","[]"
"John Henry McCray Papers, Box 3, Folder 15","","John Henry McCray, 1910-1987","","","Manuscripts; Accession 11294.","","","","","1 Folder","John Henry McCray Papers, 1929-1989","https://digital.library.sc.edu/collections/john-henry-mccray-papers-1929-1989/","University of South Carolina. South Caroliniana Library","Copyright Not Evaluated. For further information please contact The University of South Carolina, South Caroliniana Library, Columbia, SC 29208.","","","English","300ppi, 24-bit depth color, Epson Expression 10000 XL flatbed scanner with SilverFast scanning software, primary archival file is a TIFF","2017-02","Text","image/jpeg","Documents (object genre)","","","Joshua Schutzenhofer","","2021-11-18","2021-11-18","http://cdm17173.contentdm.oclc.org/cdm/ref/collection/p17173coll38/id/7355",7355.0,"7965.cpd","/p17173coll38/image/7965.cpd","","",0,False,False,False,True,False,"['Empty Transcript']","[]"
"John Henry McCray Papers, Box 3, Folder 14","","John Henry McCray, 1910-1987","","","Manuscripts; Accession 11294.","","","","","1 Folder","John Henry McCray Papers, 1929-1989","https://digital.library.sc.edu/collections/john-henry-mccray-papers-1929-1989/","University of South Carolina. South Caroliniana Library","Copyright Not Evaluated. For further information please contact The University of South Carolina, South Caroliniana Library, Columbia, SC 29208.","","","English","300ppi, 24-bit depth color, Epson Expression 10000 XL flatbed scanner with SilverFast scanning software, primary archival file is a TIFF","2016-10","Text","image/jpeg","Documents (object genre)","","","Joshua Schutzenhofer","","2021-11-18","2021-11-18","http://cdm17173.contentdm.oclc.org/cdm/ref/collection/p17173coll38/id/7377",7377.0,"7987.cpd","/p17173coll38/image/7987.cpd","","",0,False,False,False,True,False,"['Empty Transcript']","[]"
"John Henry McCray Papers, Box 3, Folder 21","","McCray, John Henry, 1910-1987","","","Manuscripts; Accession 11294.","","","","","1 Folder","John Henry McCray Papers, 1929-1989","https://digital.library.sc.edu/collections/john-henry-mccray-papers-1929-1989/","University of South Carolina. South Caroliniana Library","Copyright Not Evaluated. For further information please contact The University of South Carolina, South Caroliniana Library, Columbia, SC 29208.","","","English","300ppi, 24-bit depth color, Epson Expression 10000 XL flatbed scanner with SilverFast scanning software, primary archival file is a TIFF","2017-02","text","image/jpeg","Documents (object genre)","","","Joshua Schutzenhofer","","2021-11-18","2021-11-18","http://cdm17173.contentdm.oclc.org/cdm/ref/collection/p17173coll38/id/7407",7407.0,"8017.cpd","/p17173coll38/image/8017.cpd","","",0,False,False,False,True,False,"['Empty Transcript']","[]"
"John Henry McCray Papers, Box 3, Folder 19","","John Henry McCray, 1910-1987","","","Manuscripts; Accession 11294.","","","","","1 Folder","John Henry McCray Papers, 1929-1989","https://digital.library.sc.edu/collections/john-henry-mccray-papers-1929-1989/","University of South Carolina. South Caroliniana Library","Copyright Not Evaluated. For further information please contact The University of South Carolina, South Caroliniana Library, Columbia, SC 29208.","","","English","300ppi, 24-bit depth color, Epson Expression 10000 XL flatbed scanner with SilverFast scanning software, primary archival file is a TIFF","2017-02","Text","image/jpeg","Documents (object genre)","","","Joshua Schutzenhofer","","2021-11-18","2021-11-18","http://cdm17173.contentdm.oclc.org/cdm/ref/collection/p17173coll38/id/7439",7439.0,"8049.cpd","/p17173coll38/image/8049.cpd","","",0,False,False,False,True,False,"['Empty Transcript']","[]"
"John Henry McCray Papers, Box 3, Folder 18","","John Henry McCray, 1910-1987","","","Manuscripts; Accession 11294.","","","","","1 Folder","John Henry McCray Papers, 1929-1989","https://digital.library.sc.edu/collections/john-henry-mccray-papers-1929-1989/","University of South Carolina. South Caroliniana Library","Copyright Not Evaluated. For further information please contact The University of South Carolina, South Caroliniana Library, Columbia, SC 29208.","","","English","300ppi, 24-bit depth color, Epson Expression 10000 XL flatbed scanner with SilverFast scanning software, primary archival file is a TIFF","2017-02","Text","image/jpeg","Documents (object genre)","","","Joshua Schutzenhofer","","2021-11-18","2021-11-18","http://cdm17173.contentdm.oclc.org/cdm/ref/collection/p17173coll38/id/7521",7521.0,"8131.cpd","/p17173coll38/image/8131.cpd","","",0,False,False,False,True,False,"['Empty Transcript']","[]"
"John Henry McCray Papers, Box 3, Folder 17","","John Henry McCray, 1910-1987","","","Manuscripts; Accession 11294.","","","","","1 Folder","John Henry McCray Papers, 1929-1989","https://digital.library.sc.edu/collections/john-henry-mccray-papers-1929-1989/","University of South Carolina. South Caroliniana Library","Copyright Not Evaluated. For further information please contact The University of South Carolina, South Caroliniana Library, Columbia, SC 29208.","","","English","300ppi, 24-bit depth color, Epson Expression 10000 XL flatbed scanner with SilverFast scanning software, primary archival file is a TIFF","2017-02","Text","image/jpeg","Documents (object genre)","","","Joshua Schutzenhofer","","2021-11-18","2021-11-18","http://cdm17173.contentdm.oclc.org/cdm/ref/collection/p17173coll38/id/7611",7611.0,"8221.cpd","/p17173coll38/image/8221.cpd","","",0,False,False,False,True,False,"['Empty Transcript']","[]"
"John Henry McCray Papers, Box 3, Folder 20","","John Henry McCray, 1910-1987","","","Manuscripts; Accession 11294.","","","","","1 Folder","John Henry McCray Papers, 1929-1989","https://digital.library.sc.edu/collections/john-henry-mccray-papers-1929-1989/","University of South Carolina. South Caroliniana Library","Copyright Not Evaluated. For further information please contact The University of South Carolina, South Caroliniana Library, Columbia, SC 29208.","","","English","300ppi, 24-bit depth color, Epson Expression 10000 XL flatbed scanner with SilverFast scanning software, primary archival file is a TIFF","2017-02","Text","image/jpeg","Documents (object genre)","","","Joshua Schutzenhofer","","2021-11-18","2021-11-18","http://cdm17173.contentdm.oclc.org/cdm/ref/collection/p17173coll38/id/7628",7628.0,"8238.cpd","/p17173coll38/image/8238.cpd","","",0,False,False,False,True,False,"['Empty Transcript']","[]"
"John Henry McCray Papers, Box 3, Folder 33","","McCray, John Henry, 1910-1987","","","Manuscripts; Accession 11294.","","","","","1 Folder","John Henry McCray Papers, 1929-1989","https://digital.library.sc.edu/collections/john-henry-mccray-papers-1929-1989/","University of South Carolina, South Caroliniana Library","Copyright Not Evaluated. For further information please contact The University of South Carolina, South Caroliniana Library, Columbia, SC 29208.","","","English","300ppi, 24-bit depth color, Epson Expression 10000 XL flatbed scanner with SilverFast scanning software, primary archival file is a TIFF","2017-03","Text","image/jpeg","Documents (object genre)","","","Joshua Schutzenhofer","","2021-11-19","2021-11-19","http://cdm17173.contentdm.oclc.org/cdm/ref/collection/p17173coll38/id/7703",7703.0,"8313.cpd","/p17173coll38/image/8313.cpd","","",0,False,False,False,True,False,"['Empty Transcript']","[]"
"John Henry McCray Papers, Box 3, Folder 28","","McCray, John Henry, 1910-1987","","","Manuscripts; Accession 11294.","","","","","1 Folder","John Henry McCray Papers, 1929-1989","https://digital.library.sc.edu/collections/john-henry-mccray-papers-1929-1989/","University of South Carolina. South Caroliniana Library","Copyright Not Evaluated. For further information please contact The University of South Carolina, South Caroliniana Library, Columbia, SC 29208.","","","English","300ppi, 24-bit depth color, Epson Expression 10000 XL flatbed scanner with SilverFast scanning software, primary archival file is a TIFF","2017-02","text","image/jpeg","Documents (object genre)","","","Joshua Schutzenhofer","","2021-11-19","2021-11-19","http://cdm17173.contentdm.oclc.org/cdm/ref/collection/p17173coll38/id/7750",7750.0,"8360.cpd","/p17173coll38/image/8360.cpd","","",0,False,False,False,True,False,"['Empty Transcript']","[]"
"John Henry McCray Papers, Box 3, Folder 31","","McCray, John Henry, 1910-1987","","","Manuscripts; Accession 11294.","","","","","1 Folder","John Henry McCray Papers, 1929-1989","https://digital.library.sc.edu/collections/john-henry-mccray-papers-1929-1989/","University of South Carolina. South Caroliniana Library","Copyright Not Evaluated. For further information please contact The University of South Carolina, South Caroliniana Library, Columbia, SC 29208.","","","English","300ppi, 24-bit depth color, Epson Expression 10000 XL flatbed scanner with SilverFast scanning software, primary archival file is a TIFF","2017-02","text","image/jpeg","Documents (object genre)","","","Joshua Schutzenhofer","","2021-11-19","2021-11-19","http://cdm17173.contentdm.oclc.org/cdm/ref/collection/p17173coll38/id/7783",7783.0,"8393.cpd","/p17173coll38/image/8393.cpd","","",0,False,False,False,True,False,"['Empty Transcript']","[]"
"John Henry McCray Papers, Box 3, Folder 22","","McCray, John Henry, 1910-1987","","","Manuscripts; Accession 11294.","","","","","1 Folder","John Henry McCray Papers, 1929-1989","https://digital.library.sc.edu/collections/john-henry-mccray-papers-1929-1989/","University of South Carolina. South Caroliniana Library","Copyright Not Evaluated. For further information please contact The University of South Carolina, South Caroliniana Library, Columbia, SC 29208.","","","English","300ppi, 24-bit depth color, Epson Expression 10000 XL flatbed scanner with SilverFast scanning software, primary archival file is a TIFF","2017-02","text","image/jpeg","Documents (object genre)","","","Joshua Schutzenhofer","","2021-11-19","2021-11-19","http://cdm17173.contentdm.oclc.org/cdm/ref/collection/p17173coll38/id/7856",7856.0,"8466.cpd","/p17173coll38/image/8466.cpd","","",0,False,False,False,True,False,"['Empty Transcript']","[]"
"John Henry McCray Papers, Box 3, Folder 29","","McCray, John Henry, 1910-1987","","","Manuscripts; Accession 11294.","","","","","1 Folder","John Henry McCray Papers, 1929-1989","https://digital.library.sc.edu/collections/john-henry-mccray-papers-1929-1989/","University of South Carolina. South Caroliniana Library","Copyright Not Evaluated. For further information please contact The University of South Carolina, South Caroliniana Library, Columbia, SC 29208.","","","English","300ppi, 24-bit depth color, Epson Expression 10000 XL flatbed scanner with SilverFast scanning software, primary archival file is a TIFF","2017-02","text","image/jpeg","Documents (object genre)","","","Joshua Schutzenhofer","","2021-11-19","2021-11-19","http://cdm17173.contentdm.oclc.org/cdm/ref/collection/p17173coll38/id/7883",7883.0,"8493.cpd","/p17173coll38/image/8493.cpd","","",0,False,False,False,True,False,"['Empty Transcript']","[]"
"John Henry McCray Papers, Box 3, Folder 26","","McCray, John Henry, 1910-1987","","","Manuscripts; Accession 11294.","","","","","1 Folder","John Henry McCray Papers, 1929-1989","https://digital.library.sc.edu/collections/john-henry-mccray-papers-1929-1989/","University of South Carolina. South Caroliniana Library","Copyright Not Evaluated. For further information please contact The University of South Carolina, South Caroliniana Library, Columbia, SC 29208.","","","English","300ppi, 24-bit depth color, Epson Expression 10000 XL flatbed scanner with SilverFast scanning software, primary archival file is a TIFF","2017-02","text","image/jpeg","Documents (object genre)","","","Joshua Schutzenhofer","","2021-11-19","2021-11-19","http://cdm17173.contentdm.oclc.org/cdm/ref/collection/p17173coll38/id/7887",7887.0,"8497.cpd","/p17173coll38/image/8497.cpd","","",0,False,False,False,True,False,"['Empty Transcript']","[]"
"John Henry McCray Papers, Box 3, Folder 30","","McCray, John Henry, 1910-1987","","","Manuscripts; Accession 11294.","","","","","1 Folder","John Henry McCray Papers, 1929-1989","https://digital.library.sc.edu/collections/john-henry-mccray-papers-1929-1989/","University of South Carolina. South Caroliniana Library","Copyright Not Evaluated. For further information please contact The University of South Carolina, South Caroliniana Library, Columbia, SC 29208.","","","English","300ppi, 24-bit depth color, Epson Expression 10000 XL flatbed scanner with SilverFast scanning software, primary archival file is a TIFF","2017-02","text","image/jpeg","Documents (object genre)","","","Joshua Schutzenhofer","","2021-11-19","2021-11-19","http://cdm17173.contentdm.oclc.org/cdm/ref/collection/p17173coll38/id/8028",8028.0,"8638.cpd","/p17173coll38/image/8638.cpd","","",0,False,False,False,True,False,"['Empty Transcript']","[]"
"John Henry McCray Papers, Box 3, Folder 09","","McCray, John Henry, 1910-1987","","","Manuscripts; Accession 11294.","","","","","1 folder","John Henry McCray Papers, 1929-1989","https://digital.library.sc.edu/collections/john-henry-mccray-papers-1929-1989/","University of South Carolina. South Caroliniana Library","Copyright Not Evaluated. For further information please contact The University of South Carolina, South Caroliniana Library, Columbia, SC 29208.","Civil Rights Era (1955-1969)","","English","300ppi, 24-bit depth color, Epson Expression 10000 XL flatbed scanner with SilverFast scanning software, primary archival file is a TIFF","2016-08","text","image/jpeg","Documents (object genre)","","","Joshua Schutzenhofer","","2021-11-19","2021-11-19","http://cdm17173.contentdm.oclc.org/cdm/ref/collection/p17173coll38/id/8217",8217.0,"8827.cpd","/p17173coll38/image/8827.cpd","","",0,False,False,False,True,False,"['Empty Transcript']","[]"
"John Henry McCray Papers, Box 3, Folder 23","","McCray, John Henry, 1910-1987","","","Manuscripts; Accession 11294.","","","","","1 Folder","John Henry McCray Papers, 1929-1989","https://digital.library.sc.edu/collections/john-henry-mccray-papers-1929-1989/","University of South Carolina. South Caroliniana Library","Copyright Not Evaluated. For further information please contact The University of South Carolina, South Caroliniana Library, Columbia, SC 29208.","","","English","300ppi, 24-bit depth color, Epson Expression 10000 XL flatbed scanner with SilverFast scanning software, primary archival file is a TIFF","2017-02","text","image/jpeg","Documents (object genre)","","","Joshua Schutzenhofer","","2021-11-19","2021-11-19","http://cdm17173.contentdm.oclc.org/cdm/ref/collection/p17173coll38/id/8257",8257.0,"8867.cpd","/p17173coll38/image/8867.cpd","","",0,False,False,False,True,False,"['Empty Transcript']","[]"
"John Henry McCray Papers, Box 3, Folder 25","","McCray, John Henry, 1910-1987","","","Manuscripts; Accession 11294.","","","","","1 Folder","John Henry McCray Papers, 1929-1989","https://digital.library.sc.edu/collections/john-henry-mccray-papers-1929-1989/","University of South Carolina. South Caroliniana Library","Copyright Not Evaluated. For further information please contact The University of South Carolina, South Caroliniana Library, Columbia, SC 29208.","","","English","300ppi, 24-bit depth color, Epson Expression 10000 XL flatbed scanner with SilverFast scanning software, primary archival file is a TIFF","2017-02","text","image/jpeg","Documents (object genre)","","","Joshua Schutzenhofer","","2021-11-19","2021-11-19","http://cdm17173.contentdm.oclc.org/cdm/ref/collection/p17173coll38/id/8290",8290.0,"8900.cpd","/p17173coll38/image/8900.cpd","","",0,False,False,False,True,False,"['Empty Transcript']","[]"
"John Henry McCray Papers, Box 3, Folder 27","","McCray, John Henry, 1910-1987","","","Manuscripts; Accession 11294.","","","","","1 Folder","John Henry McCray Papers, 1929-1989","https://digital.library.sc.edu/collections/john-henry-mccray-papers-1929-1989/","University of South Carolina. South Caroliniana Library","Copyright Not Evaluated. For further information please contact The University of South Carolina, South Caroliniana Library, Columbia, SC 29208.","","","English","300ppi, 24-bit depth color, Epson Expression 10000 XL flatbed scanner with SilverFast scanning software, primary archival file is a TIFF","2017-02","text","image/jpeg","Documents (object genre)","","","Joshua Schutzenhofer","","2021-11-19","2021-11-19","http://cdm17173.contentdm.oclc.org/cdm/ref/collection/p17173coll38/id/8338",8338.0,"9035.cpd","/p17173coll38/image/9035.cpd","","",0,False,False,False,True,False,"['Empty Transcript']","[]"
"John Henry McCray Papers, Box 3, Folder 32","","McCray, John Henry, 1910-1987","","","Manuscripts; Accession 11294.","","","","","1 Folder","John Henry McCray Papers, 1929-1989","https://digital.library.sc.edu/collections/john-henry-mccray-papers-1929-1989/","University of South Carolina. South Caroliniana Library","Copyright Not Evaluated. For further information please contact The University of South Carolina, South Caroliniana Library, Columbia, SC 29208.","","","English","300ppi, 24-bit depth color, Epson Expression 10000 XL flatbed scanner with SilverFast scanning software, primary archival file is a TIFF","2017-02","text","image/jpeg","Documents (object genre)","","","Joshua Schutzenhofer","","2021-11-19","2021-11-19","http://cdm17173.contentdm.oclc.org/cdm/ref/collection/p17173coll38/id/8372",8372.0,"9069.cpd","/p17173coll38/image/9069.cpd","","",0,False,False,False,True,False,"['Empty Transcript']","[]"
"John Henry McCray Papers, Box 3, Folder 40","","McCray, John Henry, 1910-1987","","","Manuscripts; Accession 11294.","","","","","1 Folder","John Henry McCray Papers, 1929-1989","https://digital.library.sc.edu/collections/john-henry-mccray-papers-1929-1989/","University of South Carolina, South Caroliniana Library","Copyright Not Evaluated. For further information please contact The University of South Carolina, South Caroliniana Library, Columbia, SC 29208.","","","English","300ppi, 24-bit depth color, Epson Expression 10000 XL flatbed scanner with SilverFast scanning software, primary archival file is a TIFF","2017-11","Text","image/jpeg","Documents (object genre)","","","Joshua Schutzenhofer","","2021-11-19","2021-11-19","http://cdm17173.contentdm.oclc.org/cdm/ref/collection/p17173coll38/id/8615",8615.0,"9312.cpd","/p17173coll38/image/9312.cpd","","",0,False,False,False,True,False,"['Empty Transcript']","[]"
"John Henry McCray Papers, Box 3, Folder 36","","McCray, John Henry, 1910-1987","","","Manuscripts; Accession 11294.","","","","","1 Folder","John Henry McCray Papers, 1929-1989","https://digital.library.sc.edu/collections/john-henry-mccray-papers-1929-1989/","University of South Carolina, South Caroliniana Library","Copyright Not Evaluated. For further information please contact The University of South Carolina, South Caroliniana Library, Columbia, SC 29208.","","","English","300ppi, 24-bit depth color, Epson Expression 10000 XL flatbed scanner with SilverFast scanning software, primary archival file is a TIFF","2017-03","Text","image/jpeg","Documents (object genre)","","","Joshua Schutzenhofer","","2021-11-19","2021-11-19","http://cdm17173.contentdm.oclc.org/cdm/ref/collection/p17173coll38/id/8649",8649.0,"9346.cpd","/p17173coll38/image/9346.cpd","","",0,False,False,False,True,False,"['Empty Transcript']","[]"
"John Henry McCray Papers, Box 3, Folder 39","","McCray, John Henry, 1910-1987","","","Manuscripts; Accession 11294.","","","","","1 Folder","John Henry McCray Papers, 1929-1989","https://digital.library.sc.edu/collections/john-henry-mccray-papers-1929-1989/","University of South Carolina, South Caroliniana Library","Copyright Not Evaluated. For further information please contact The University of South Carolina, South Caroliniana Library, Columbia, SC 29208.","","","English","300ppi, 24-bit depth color, Epson Expression 10000 XL flatbed scanner with SilverFast scanning software, primary archival file is a TIFF","2017-03","Text","image/jpeg","Documents (object genre)","","","Joshua Schutzenhofer","","2021-11-19","2021-11-19","http://cdm17173.contentdm.oclc.org/cdm/ref/collection/p17173coll38/id/8655",8655.0,"9352.cpd","/p17173coll38/image/9352.cpd","","",0,False,False,False,True,False,"['Empty Transcript']","[]"
"John Henry McCray Papers, Box 3, Folder 37","","McCray, John Henry, 1910-1987","","","Manuscripts; Accession 11294.","","","","","1 Folder","John Henry McCray Papers, 1929-1989","https://digital.library.sc.edu/collections/john-henry-mccray-papers-1929-1989/","University of South Carolina, South Caroliniana Library","Copyright Not Evaluated. For further information please contact The University of South Carolina, South Caroliniana Library, Columbia, SC 29208.","","","English","300ppi, 24-bit depth color, Epson Expression 10000 XL flatbed scanner with SilverFast scanning software, primary archival file is a TIFF","2017-03","Text","image/jpeg","Documents (object genre)","","","Joshua Schutzenhofer","","2021-11-19","2021-11-19","http://cdm17173.contentdm.oclc.org/cdm/ref/collection/p17173coll38/id/8682",8682.0,"9379.cpd","/p17173coll38/image/9379.cpd","","",0,False,False,False,True,False,"['Empty Transcript']","[]"
"John Henry McCray Papers, Box 3, Folder 34","","McCray, John Henry, 1910-1987","","","Manuscripts; Accession 11294.","","","","","1 Folder","John Henry McCray Papers, 1929-1989","https://digital.library.sc.edu/collections/john-henry-mccray-papers-1929-1989/","University of South Carolina, South Caroliniana Library","Copyright Not Evaluated. For further information please contact The University of South Carolina, South Caroliniana Library, Columbia, SC 29208.","","","English","300ppi, 24-bit depth color, Epson Expression 10000 XL flatbed scanner with SilverFast scanning software, primary archival file is a TIFF","2017-03","Text","image/jpeg","Documents (object genre)","","","Joshua Schutzenhofer","","2021-11-19","2021-11-19","http://cdm17173.contentdm.oclc.org/cdm/ref/collection/p17173coll38/id/8726",8726.0,"9423.cpd","/p17173coll38/image/9423.cpd","","",0,False,False,False,True,False,"['Empty Transcript']","[]"
"John Henry McCray Papers, Box 3, Folder 35","","McCray, John Henry, 1910-1987","","","Manuscripts; Accession 11294.","","","","","1 Folder","John Henry McCray Papers, 1929-1989","https://digital.library.sc.edu/collections/john-henry-mccray-papers-1929-1989/","University of South Carolina, South Caroliniana Library","Copyright Not Evaluated. For further information please contact The University of South Carolina, South Caroliniana Library, Columbia, SC 29208.","","","English","300ppi, 24-bit depth color, Epson Expression 10000 XL flatbed scanner with SilverFast scanning software, primary archival file is a TIFF","2017-03","Text","image/jpeg","Documents (object genre)","","","Joshua Schutzenhofer","","2021-11-19","2021-11-19","http://cdm17173.contentdm.oclc.org/cdm/ref/collection/p17173coll38/id/8752",8752.0,"9536.cpd","/p17173coll38/image/9536.cpd","","",0,False,False,False,True,False,"['Empty Transcript']","[]"
"John Henry McCray Papers, Box 3, Folder 41","","McCray, John Henry, 1910-1987","","","Manuscripts; Accession 11294.","","","","","1 Folder","John Henry McCray Papers, 1929-1989","https://digital.library.sc.edu/collections/john-henry-mccray-papers-1929-1989/","University of South Carolina, South Caroliniana Library","Copyright Not Evaluated. For further information please contact The University of South Carolina, South Caroliniana Library, Columbia, SC 29208.","","","English","300ppi, 24-bit depth color, Epson Expression 10000 XL flatbed scanner with SilverFast scanning software, primary archival file is a TIFF","2017-11","Text","image/jpeg","Documents (object genre)","","","Joshua Schutzenhofer","","2021-11-19","2021-11-19","http://cdm17173.contentdm.oclc.org/cdm/ref/collection/p17173coll38/id/9018",9018.0,"10081.cpd","/p17173coll38/image/10081.cpd","","",0,False,False,False,True,False,"['Empty Transcript']","[]"
"John Henry McCray Papers, Box 3, Folder 44","","McCray, John Henry, 1910-1987","","","Manuscripts; Accession 11294.","","","","","1 Folder","John Henry McCray Papers, 1929-1989","https://digital.library.sc.edu/collections/john-henry-mccray-papers-1929-1989/","University of South Carolina, South Caroliniana Library","Copyright Not Evaluated. For further information please contact The University of South Carolina, South Caroliniana Library, Columbia, SC 29208.","","","English","300ppi, 24-bit depth color, Epson Expression 10000 XL flatbed scanner with SilverFast scanning software, primary archival file is a TIFF","2017-11","Text","image/jpeg","Documents (object genre)","","","Joshua Schutzenhofer","","2021-11-22","2021-11-22","http://cdm17173.contentdm.oclc.org/cdm/ref/collection/p17173coll38/id/9031",9031.0,"10277.cpd","/p17173coll38/image/10277.cpd","","",0,False,False,False,True,False,"['Empty Transcript']","[]"
"John Henry McCray Papers, Box 3, Folder 43","","McCray, John Henry, 1910-1987","","","Manuscripts; Accession 11294.","","","","","1 Folder","John Henry McCray Papers, 1929-1989","https://digital.library.sc.edu/collections/john-henry-mccray-papers-1929-1989/","University of South Carolina, South Caroliniana Library","Copyright Not Evaluated. For further information please contact The University of South Carolina, South Caroliniana Library, Columbia, SC 29208.","","","English","300ppi, 24-bit depth color, Epson Expression 10000 XL flatbed scanner with SilverFast scanning software, primary archival file is a TIFF","2017-11","Text","image/jpeg","Documents (object genre)","","","Joshua Schutzenhofer","","2021-11-22","2021-11-22","http://cdm17173.contentdm.oclc.org/cdm/ref/collection/p17173coll38/id/9106",9106.0,"10352.cpd","/p17173coll38/image/10352.cpd","","",0,False,False,False,True,False,"['Empty Transcript']","[]"
"John Henry McCray Papers, Box 3, Folder 42","","McCray, John Henry, 1910-1987","","","Manuscripts; Accession 11294.","","","","","1 Folder","John Henry McCray Papers, 1929-1989","https://digital.library.sc.edu/collections/john-henry-mccray-papers-1929-1989/","University of South Carolina, South Caroliniana Library","Copyright Not Evaluated. For further information please contact The University of South Carolina, South Caroliniana Library, Columbia, SC 29208.","","","English","300ppi, 24-bit depth color, Epson Expression 10000 XL flatbed scanner with SilverFast scanning software, primary archival file is a TIFF","2017-11","Text","image/jpeg","Documents (object genre)","","","Joshua Schutzenhofer","","2021-11-22","2021-11-22","http://cdm17173.contentdm.oclc.org/cdm/ref/collection/p17173coll38/id/9244",9244.0,"10490.cpd","/p17173coll38/image/10490.cpd","","",0,False,False,False,True,False,"['Empty Transcript']","[]"
"John Henry McCray Papers, Box 3, Folder 24","","","","","Manuscripts; Accession 11294.","","","","","1 Folder","John Henry McCray Papers, 1929-1989","https://digital.library.sc.edu/collections/john-henry-mccray-papers-1929-1989/","University of South Carolina. South Caroliniana Library","Copyright Not Evaluated. For further information please contact The University of South Carolina, South Caroliniana Library, Columbia, SC 29208.","","","English","300ppi, 24-bit depth color, Epson Expression 10000 XL flatbed scanner with SilverFast scanning software, primary archival file is a TIFF","2017-02","text","image/jpeg","Documents (object genre)","","","Joshua Schutzenhofer","","2021-11-22","2021-11-22","http://cdm17173.contentdm.oclc.org/cdm/ref/collection/p17173coll38/id/9252",9252.0,"10681.cpd","/p17173coll38/image/10681.cpd","","",0,False,False,False,True,False,"['Empty Transcript']","[]"
"John Henry McCray Papers, Box 3, Folder 38","","McCray, John Henry, 1910-1987","","","Manuscripts; Accession 11294.","","","","","1 folder","John Henry McCray Papers, 1929-1989","https://digital.library.sc.edu/collections/john-henry-mccray-papers-1929-1989/","University of South Carolina, South Caroliniana Library","Copyright Not Evaluated. For further information please contact The University of South Carolina, South Caroliniana Library, Columbia, SC 29208.","","","English","300ppi, 24-bit depth color, Epson Expression 10000 XL flatbed scanner with SilverFast scanning software, primary archival file is a TIFF","2017-03","Text","image/jpeg","Documents (object genre)","","","Joshua Schutzenhofer","","2021-11-30","2021-11-30","http://cdm17173.contentdm.oclc.org/cdm/ref/collection/p17173coll38/id/9347",9347.0,"12423.cpd","/p17173coll38/image/12423.cpd","","",0,False,False,False,True,False,"['Empty Transcript']","[]"
"John Henry McCray Papers, Box 1, Folder 01, Journalism","","McCray, John Henry, 1910-1987","1932-1935, 1941-1942","","Manuscripts; Accession 11294.","","","","","1 folder","John Henry McCray Papers, 1929-1989","https://digital.library.sc.edu/collections/john-henry-mccray-papers-1929-1989/","University of South Carolina. South Caroliniana Library","Copyright Not Evaluated. For further information please contact The University of South Carolina, South Caroliniana Library, Columbia, SC 29208.","Great Depression (1930-1938);World War II (1939-1945)","Charleston, Charleston County, South Carolina, United States; Columbia, Richland County, South Carolina, United States","English","300ppi, 24-bit depth color, Epson Expression 10000 XL flatbed scanner with SilverFast scanning software, primary archival file is a TIFF","2016-06-07 00:00:00","Text","image/jpeg","Documents (object genre)","","","Chauna Carr","","2021-11-30","2021-11-30","http://cdm17173.contentdm.oclc.org/cdm/ref/collection/p17173coll38/id/9377",9377.0,"12453.cpd","/p17173coll38/image/12453.cpd","1932","",0,False,False,False,True,False,"['Empty Transcript']","[]"
"John Henry McCray Papers, Box 2, Folder 33","","McCray, John Henry, 1910-1987","","","Manuscripts; Accession 11294.","","","","","1 folder","John Henry McCray Papers, 1929-1989","https://digital.library.sc.edu/collections/john-henry-mccray-papers-1929-1989/","University of South Carolina. South Caroliniana Library","Copyright Not Evaluated. For further information please contact The University of South Carolina, South Caroliniana Library, Columbia, SC 29208.","","","English","300ppi, 24-bit depth color, Epson Expression 10000 XL flatbed scanner with SilverFast scanning software, primary archival file is a TIFF","2016-08","Text","image/jpeg","Documents (object genre)","","","Joshua Schutzenhofer","","2021-11-30","2021-11-30","http://cdm17173.contentdm.oclc.org/cdm/ref/collection/p17173coll38/id/9463",9463.0,"12539.cpd","/p17173coll38/image/12539.cpd","","",0,False,False,False,True,False,"['Empty Transcript']","[]"
"John Henry McCray Papers, Box 1, Folder 02, Journalism","","McCray, John Henry, 1910-1987","1943","","Manuscripts; Accession 11294.","McCray, John Henry, 1910-1987","","","","1 folder","John Henry McCray Papers, 1929-1989","https://digital.library.sc.edu/collections/john-henry-mccray-papers-1929-1989/","University of South Carolina. South Caroliniana Library","Copyright Not Evaluated. For further information please contact The University of South Carolina, South Caroliniana Library, Columbia, SC 29208.","Post-War America;Civil Rights Era;The Modern State","Charleston, Charleston County, South Carolina, United States;Columbia, Richland County, South Carolina, United States","English","300ppi, 24-bit depth color, Epson Expression 10000 XL flatbed scanner with SilverFast scanning software, primary archival file is a TIFF","2016-06-07 00:00:00","Text","image/jpeg","Documents (object genre)","","","Chauna Carr","","2022-02-25","2022-02-25","http://cdm17173.contentdm.oclc.org/cdm/ref/collection/p17173coll38/id/9515",9515.0,"12591.cpd","/p17173coll38/image/12591.cpd","1943","",0,False,False,False,True,False,"['Empty Transcript']","[]"
"John Henry McCray Papers, Box 1, Folder 03, Journalism","","McCray, John Henry, 1910-1987","1943-1944","","Manuscripts; Accession 11294.","","","","","1 folder","John Henry McCray Papers, 1929-1989","https://digital.library.sc.edu/collections/john-henry-mccray-papers-1929-1989/","University of South Carolina. South Caroliniana Library","Copyright Not Evaluated. For further information please contact The University of South Carolina, South Caroliniana Library, Columbia, SC 29208.","World War II (1939-1945)","","English","300ppi, 24-bit depth color, Epson Expression 10000 XL flatbed scanner with SilverFast scanning software, primary archival file is a TIFF","2016-06-07 00:00:00","Text","image/jpeg","Documents (object genre)","","","Chauna Carr","","2022-02-25","2022-02-25","http://cdm17173.contentdm.oclc.org/cdm/ref/collection/p17173coll38/id/9572",9572.0,"12648.cpd","/p17173coll38/image/12648.cpd","1943","",0,False,False,False,True,False,"['Empty Transcript']","[]"
"John Henry McCray Papers, Box 1, Folder 06, Journalism","","McCray, John Henry, 1910-1987","1946","","Manuscripts; Accession 11294.","","","","","1 folder","John Henry McCray Papers, 1929-1989","https://digital.library.sc.edu/collections/john-henry-mccray-papers-1929-1989/","University of South Carolina. South Caroliniana Library","Copyright Not Evaluated. For further information please contact The University of South Carolina, South Caroliniana Library, Columbia, SC 29208.","Post-War America (1946-1954)","Columbia, Richland County, South Carolina, United States","English","300ppi, 24-bit depth color, Epson Expression 10000 XL flatbed scanner with SilverFast scanning software, primary archival file is a TIFF","2016-06-17 00:00:00","Text","image/jpeg","Documents (object genre)","mccrayjh01-06","","Chauna Carr","","2022-02-25","2022-02-25","http://cdm17173.contentdm.oclc.org/cdm/ref/collection/p17173coll38/id/9649",9649.0,"12725.cpd","/p17173coll38/image/12725.cpd","1946","",0,False,False,False,True,False,"['Empty Transcript']","[]"
"John Henry McCray Papers, Box 1, Folder 05, Journalism","","McCray, John Henry, 1910-1987","1946","","Manuscripts; Accession 11294.","","","","","1 folder","John Henry McCray Papers, 1929-1989","https://digital.library.sc.edu/collections/john-henry-mccray-papers-1929-1989/","University of South Carolina. South Caroliniana Library","Copyright Not Evaluated. For further information please contact The University of South Carolina, South Caroliniana Library, Columbia, SC 29208.","Post-War America (1946-1954)","","English","300ppi, 24-bit depth color, Epson Expression 10000 XL flatbed scanner with SilverFast scanning software, primary archival file is a TIFF","2016-06-17 00:00:00","Text","image/jpeg","Documents (object genre)","mccrayjh01-05","","Chauna Carr","","2022-02-25","2022-02-25","http://cdm17173.contentdm.oclc.org/cdm/ref/collection/p17173coll38/id/9737",9737.0,"12813.cpd","/p17173coll38/image/12813.cpd","1946","",0,False,False,False,True,False,"['Empty Transcript']","[]"
"John Henry McCray Papers, Box 1, Folder 04, Journalism","","McCray, John Henry, 1910-1987","1945","","Manuscripts; Accession 11294.","","Lighthouse and Informer (S.C.) (S.C.)","","","1 folder","John Henry McCray Papers, 1929-1989","https://digital.library.sc.edu/collections/john-henry-mccray-papers-1929-1989/","University of South Carolina. South Caroliniana Library","Copyright Not Evaluated. For further information please contact The University of South Carolina, South Caroliniana Library, Columbia, SC 29208.","World War II (1939-1945)","","English","300ppi, 24-bit depth color, Epson Expression 10000 XL flatbed scanner with SilverFast scanning software, primary archival file is a TIFF","2016-06-07 00:00:00","Text","image/jpeg","Documents (object genre)","","","Chauna Carr","","2021-12-01","2021-12-01","http://cdm17173.contentdm.oclc.org/cdm/ref/collection/p17173coll38/id/9923",9923.0,"12999.cpd","/p17173coll38/image/12999.cpd","1945","",0,False,False,False,True,False,"['Empty Transcript']","[]"
"John Henry McCray Papers, Box 1, Folder 15, Journalism","","McCray, John Henry, 1910-1987","1948","","Manuscripts; Accession 11294.","","Lighthouse and Informer (S.C.) (S.C.)","","","1 folder","John Henry McCray Papers, 1929-1989","https://digital.library.sc.edu/collections/john-henry-mccray-papers-1929-1989/","University of South Carolina. South Caroliniana Library","Copyright Not Evaluated. For further information please contact The University of South Carolina, South Caroliniana Library, Columbia, SC 29208.","Post-War America (1946-1954)","","English","300ppi, 24-bit depth color, Epson Expression 10000 XL flatbed scanner with SilverFast scanning software, primary archival file is a TIFF","2016-06","Text","image/jpeg","Documents (object genre)","","","Chauna Carr","","2021-12-02","2021-12-02","http://cdm17173.contentdm.oclc.org/cdm/ref/collection/p17173coll38/id/9992",9992.0,"13068.cpd","/p17173coll38/image/13068.cpd","1948","",0,False,False,False,True,False,"['Empty Transcript']","[]"
"John Henry McCray Papers, Box 1, Folder 10, Journalism","","McCray, John Henry, 1910-1987","1947","","Manuscripts; Accession 11294.","","","","","1 folder","John Henry McCray Papers, 1929-1989","https://digital.library.sc.edu/collections/john-henry-mccray-papers-1929-1989/","University of South Carolina. South Caroliniana Library","Copyright Not Evaluated. For further information please contact The University of South Carolina, South Caroliniana Library, Columbia, SC 29208.","Post-War America (1946-1954)","","English","300ppi, 24-bit depth color, Epson Expression 10000 XL flatbed scanner with SilverFast scanning software, primary archival file is a TIFF","2016-06-16 00:00:00","Text","image/jpeg","Documents (object genre)","","","Chauna Carr","","2021-12-02","2021-12-02","http://cdm17173.contentdm.oclc.org/cdm/ref/collection/p17173coll38/id/10051",10051.0,"13127.cpd","/p17173coll38/image/13127.cpd","1947","",0,False,False,False,True,False,"['Empty Transcript']","[]"
"John Henry McCray Papers, Box 1, Folder 13, Journalism","","McCray, John Henry, 1910-1987","1948","","Manuscripts; Accession 11294.","","Lighthouse and Informer (S.C.) (S.C.)","","","1 folder","John Henry McCray Papers, 1929-1989","https://digital.library.sc.edu/collections/john-henry-mccray-papers-1929-1989/","University of South Carolina. South Caroliniana Library","Copyright Not Evaluated. For further information please contact The University of South Carolina, South Caroliniana Library, Columbia, SC 29208.","Post-War America (1946-1954)","","English","300ppi, 24-bit depth color, Epson Expression 10000 XL flatbed scanner with SilverFast scanning software, primary archival file is a TIFF","2016-06-19 00:00:00","Text","image/jpeg","Documents (object genre)","","","Chauna Carr","","2021-12-02","2021-12-02","http://cdm17173.contentdm.oclc.org/cdm/ref/collection/p17173coll38/id/10144",10144.0,"13220.cpd","/p17173coll38/image/13220.cpd","1948","",0,False,False,False,True,False,"['Empty Transcript']","[]"
"John Henry McCray Papers, Box 1, Folder 08, Journalism","","McCray, John Henry, 1910-1987","1946","","Manuscripts; Accession 11294.","","","","","1 folder","John Henry McCray Papers, 1929-1989","https://digital.library.sc.edu/collections/john-henry-mccray-papers-1929-1989/","University of South Carolina. South Caroliniana Library","Copyright Not Evaluated. For further information please contact The University of South Carolina, South Caroliniana Library, Columbia, SC 29208.","Post-War America (1946-1954)","","English","300ppi, 24-bit depth color, Epson Expression 10000 XL flatbed scanner with SilverFast scanning software, primary archival file is a TIFF","2016-06-13 00:00:00","Text","image/jpeg","Documents (object genre)","","","Chauna Carr","","2022-02-25","2022-02-25","http://cdm17173.contentdm.oclc.org/cdm/ref/collection/p17173coll38/id/10236",10236.0,"13312.cpd","/p17173coll38/image/13312.cpd","1946","",0,False,False,False,True,False,"['Empty Transcript']","[]"
"John Henry McCray Papers, Box 1, Folder 16, Journalism","","McCray, John Henry, 1910-1987","1948","","Manuscripts; Accession 11294.","","Lighthouse and Informer (S.C.) (S.C.)","","","1 folder","John Henry McCray Papers, 1929-1989","https://digital.library.sc.edu/collections/john-henry-mccray-papers-1929-1989/","University of South Carolina. South Caroliniana Library","Copyright Not Evaluated. For further information please contact The University of South Carolina, South Caroliniana Library, Columbia, SC 29208.","Post-War America (1946-1954)","","English","300ppi, 24-bit depth color, Epson Expression 10000 XL flatbed scanner with SilverFast scanning software, primary archival file is a TIFF","2016-06","Text","image/jpeg","Documents (object genre)","","","Chauna Carr","","2021-12-02","2021-12-02","http://cdm17173.contentdm.oclc.org/cdm/ref/collection/p17173coll38/id/10398",10398.0,"13474.cpd","/p17173coll38/image/13474.cpd","1948","",0,False,False,False,True,False,"['Empty Transcript']","[]"
"John Henry McCray Papers, Box 1, Folder 17, Journalism","","McCray, John Henry, 1910-1987","1905-05-04 00:00:00","","Manuscripts; Accession 11294.","","Lighthouse and Informer (S.C.) (S.C.)","","","1 folder","John Henry McCray Papers, 1929-1989","https://digital.library.sc.edu/collections/john-henry-mccray-papers-1929-1989/","University of South Carolina. South Caroliniana Library","Copyright Not Evaluated. For further information please contact The University of South Carolina, South Caroliniana Library, Columbia, SC 29208.","Post-War America (1946-1954)","","English","300ppi, 24-bit depth color, Epson Expression 10000 XL flatbed scanner with SilverFast scanning software, primary archival file is a TIFF","2016-05-29 00:00:00","Text","image/jpeg","Documents (object genre)","","","Chauna Carr","","2021-12-02","2021-12-02","http://cdm17173.contentdm.oclc.org/cdm/ref/collection/p17173coll38/id/10475",10475.0,"13551.cpd","/p17173coll38/image/13551.cpd","1905","",0,False,False,False,True,False,"['Empty Transcript']","[]"
"John Henry McCray Papers, Box 1, Folder 12, Journalism","","McCray, John Henry, 1910-1987","1947","","Manuscripts; Accession 11294.","","Lighthouse and Informer (S.C.) (S.C.)","","","1 folder","John Henry McCray Papers, 1929-1989","https://digital.library.sc.edu/collections/john-henry-mccray-papers-1929-1989/","University of South Carolina. South Caroliniana Library","Copyright Not Evaluated. For further information please contact The University of South Carolina, South Caroliniana Library, Columbia, SC 29208.","Post-War America (1946-1954)","","English","300ppi, 24-bit depth color, Epson Expression 10000 XL flatbed scanner with SilverFast scanning software, primary archival file is a TIFF","2016-06-19 00:00:00","Text","image/jpeg","Documents (object genre)","","","Chauna Carr","","2021-12-02","2021-12-02","http://cdm17173.contentdm.oclc.org/cdm/ref/collection/p17173coll38/id/10543",10543.0,"13619.cpd","/p17173coll38/image/13619.cpd","1947","",0,False,False,False,True,False,"['Empty Transcript']","[]"
"John Henry McCray Papers, Box 1, Folder 14, Journalism","","McCray, John Henry, 1910-1987","1948","","Manuscripts; Accession 11294.","","Lighthouse and Informer (S.C.) (S.C.)","","","1 folder","John Henry McCray Papers, 1929-1989","https://digital.library.sc.edu/collections/john-henry-mccray-papers-1929-1989/","University of South Carolina. South Caroliniana Library","Copyright Not Evaluated. For further information please contact The University of South Carolina, South Caroliniana Library, Columbia, SC 29208.","Post-War America (1946-1954)","","English","300ppi, 24-bit depth color, Epson Expression 10000 XL flatbed scanner with SilverFast scanning software, primary archival file is a TIFF","2016-06","Text","image/jpeg","Documents (object genre)","","","Chauna Carr","","2021-12-02","2021-12-02","http://cdm17173.contentdm.oclc.org/cdm/ref/collection/p17173coll38/id/10655",10655.0,"13731.cpd","/p17173coll38/image/13731.cpd","1948","",0,False,False,False,True,False,"['Empty Transcript']","[]"
"John Henry McCray Papers, Box 1, Folder 11, Journalism","","McCray, John Henry, 1910-1987","1947","","Manuscripts; Accession 11294.","","","","","1 folder","John Henry McCray Papers, 1929-1989","https://digital.library.sc.edu/collections/john-henry-mccray-papers-1929-1989/","University of South Carolina. South Caroliniana Library","Copyright Not Evaluated. For further information please contact The University of South Carolina, South Caroliniana Library, Columbia, SC 29208.","Post-War America (1946-1954)","","English","300ppi, 24-bit depth color, Epson Expression 10000 XL flatbed scanner with SilverFast scanning software, primary archival file is a TIFF","2016-06-16 00:00:00","Text","image/jpeg","Documents (object genre)","","","Chauna Carr","","2021-12-02","2021-12-02","http://cdm17173.contentdm.oclc.org/cdm/ref/collection/p17173coll38/id/10739",10739.0,"13815.cpd","/p17173coll38/image/13815.cpd","1947","",0,False,False,False,True,False,"['Empty Transcript']","[]"
"John Henry McCray Papers, Box 1, Folder 20, Journalism","","McCray, John Henry, 1910-1987","1953","","Manuscripts; Accession 11294.","","Lighthouse and Informer (S.C.) (S.C.)","","","1 folder","John Henry McCray Papers, 1929-1989","https://digital.library.sc.edu/collections/john-henry-mccray-papers-1929-1989/","University of South Carolina. South Caroliniana Library","Copyright Not Evaluated. For further information please contact The University of South Carolina, South Caroliniana Library, Columbia, SC 29208.","Post-War America (1946-1954)","","English","300ppi, 24-bit depth color, Epson Expression 10000 XL flatbed scanner with SilverFast scanning software, primary archival file is a TIFF","2016-05-30 00:00:00","Text","image/jpeg","Documents (object genre)","","","Chauna Carr","","2021-12-03","2021-12-03","http://cdm17173.contentdm.oclc.org/cdm/ref/collection/p17173coll38/id/10805",10805.0,"13881.cpd","/p17173coll38/image/13881.cpd","1953","",0,False,False,False,True,False,"['Empty Transcript']","[]"
"John Henry McCray Papers, Box 1, Folder 21, Journalism","","McCray, John Henry, 1910-1987","1953","","Manuscripts; Accession 11294.","","Lighthouse and Informer (S.C.) (S.C.)","","","1 folder","John Henry McCray Papers, 1929-1989","https://digital.library.sc.edu/collections/john-henry-mccray-papers-1929-1989/","University of South Carolina. South Caroliniana Library","Copyright Not Evaluated. For further information please contact The University of South Carolina, South Caroliniana Library, Columbia, SC 29208.","Post-War America (1946-1954)","","English","300ppi, 24-bit depth color, Epson Expression 10000 XL flatbed scanner with SilverFast scanning software, primary archival file is a TIFF","2016-05-30 00:00:00","Text","image/jpeg","Documents (object genre)","","","Chauna Carr","","2021-12-03","2021-12-03","http://cdm17173.contentdm.oclc.org/cdm/ref/collection/p17173coll38/id/11009",11009.0,"14085.cpd","/p17173coll38/image/14085.cpd","1953","",0,False,False,False,True,False,"['Empty Transcript']","[]"
"John Henry McCray Papers, Box 1, Folder 22, Journalism","","McCray, John Henry, 1910-1987","1954","","Manuscripts; Accession 11294.","","Lighthouse and Informer (S.C.) (S.C.)","","","1 folder","John Henry McCray Papers, 1929-1989","https://digital.library.sc.edu/collections/john-henry-mccray-papers-1929-1989/","University of South Carolina. South Caroliniana Library","Copyright Not Evaluated. For further information please contact The University of South Carolina, South Caroliniana Library, Columbia, SC 29208.","Post-War America (1946-1954)","","English","300ppi, 24-bit depth color, Epson Expression 10000 XL flatbed scanner with SilverFast scanning software, primary archival file is a TIFF","2016-05-30 00:00:00","Text","image/jpeg","Documents (object genre)","","","Chauna Carr","","2021-12-03","2021-12-03","http://cdm17173.contentdm.oclc.org/cdm/ref/collection/p17173coll38/id/11100",11100.0,"14176.cpd","/p17173coll38/image/14176.cpd","1954","",0,False,False,False,True,False,"['Empty Transcript']","[]"
"John Henry McCray Papers, Box 1, Folder 19, Journalism","","McCray, John Henry, 1910-1987","1952","","Manuscripts; Accession 11294.","","Lighthouse and Informer (S.C.) (S.C.)","","","1 folder","John Henry McCray Papers, 1929-1989","https://digital.library.sc.edu/collections/john-henry-mccray-papers-1929-1989/","University of South Carolina. South Caroliniana Library","Copyright Not Evaluated. For further information please contact The University of South Carolina, South Caroliniana Library, Columbia, SC 29208.","Post-War America (1946-1954)","","English","300ppi, 24-bit depth color, Epson Expression 10000 XL flatbed scanner with SilverFast scanning software, primary archival file is a TIFF","2016-05-30 00:00:00","Text","image/jpeg","Documents (object genre)","","","Chauna Carr","","2021-12-03","2021-12-03","http://cdm17173.contentdm.oclc.org/cdm/ref/collection/p17173coll38/id/11235",11235.0,"14311.cpd","/p17173coll38/image/14311.cpd","1952","",0,False,False,False,True,False,"['Empty Transcript']","[]"
"John Henry McCray Papers, Box 1, Folder 18, Journalism","","McCray, John Henry, 1910-1987","1951","","Manuscripts; Accession 11294.","","Lighthouse and Informer (S.C.) (S.C.)","","","1 folder","John Henry McCray Papers, 1929-1989","https://digital.library.sc.edu/collections/john-henry-mccray-papers-1929-1989/","University of South Carolina. South Caroliniana Library","Copyright Not Evaluated. For further information please contact The University of South Carolina, South Caroliniana Library, Columbia, SC 29208.","Post-War America (1946-1954)","","English","300ppi, 24-bit depth color, Epson Expression 10000 XL flatbed scanner with SilverFast scanning software, primary archival file is a TIFF","2016-05-30 00:00:00","Text","image/jpeg","Documents (object genre)","","","Chauna Carr","","2021-12-03","2021-12-03","http://cdm17173.contentdm.oclc.org/cdm/ref/collection/p17173coll38/id/11317",11317.0,"14393.cpd","/p17173coll38/image/14393.cpd","1951","",0,False,False,False,True,False,"['Empty Transcript']","[]"
"John Henry McCray Papers, Box 1, Folder 23, Journalism","","McCray, John Henry, 1910-1987","1954","","Manuscripts; Accession 11294.","","Lighthouse and Informer (S.C.) (S.C.)","","","1 folder","John Henry McCray Papers, 1929-1989","https://digital.library.sc.edu/collections/john-henry-mccray-papers-1929-1989/","University of South Carolina. South Caroliniana Library","Copyright Not Evaluated. For further information please contact The University of South Carolina, South Caroliniana Library, Columbia, SC 29208.","Post-War America (1946-1954)","","English","300ppi, 24-bit depth color, Epson Expression 10000 XL flatbed scanner with SilverFast scanning software, primary archival file is a TIFF","2016-05-30 00:00:00","Text","image/jpeg","Documents (object genre)","","","Chauna Carr","","2021-12-03","2021-12-03","http://cdm17173.contentdm.oclc.org/cdm/ref/collection/p17173coll38/id/11421",11421.0,"14497.cpd","/p17173coll38/image/14497.cpd","1954","",0,False,False,False,True,False,"['Empty Transcript']","[]"
"John Henry McCray Papers, Box 1, Folder 24, Journalism","","McCray, John Henry, 1910-1987","1955","","Manuscripts; Accession 11294.","African American newspapers;Black newspapers","Lighthouse and Informer (S.C.) (S.C.)","","","1 folder","John Henry McCray Papers, 1929-1989","https://digital.library.sc.edu/collections/john-henry-mccray-papers-1929-1989/","University of South Carolina. South Caroliniana Library","Copyright Not Evaluated. For further information please contact The University of South Carolina, South Caroliniana Library, Columbia, SC 29208.","Post-War America (1946-1954)","","English","300ppi, 24-bit depth color, Epson Expression 10000 XL flatbed scanner with SilverFast scanning software, primary archival file is a TIFF","2016-05-30 00:00:00","Text","image/jpeg","Documents (object genre)","","","Chauna Carr","","2021-12-03","2021-12-03","http://cdm17173.contentdm.oclc.org/cdm/ref/collection/p17173coll38/id/11689",11689.0,"14765.cpd","/p17173coll38/image/14765.cpd","1955","",0,False,False,False,True,False,"['Empty Transcript']","[]"
"John Henry McCray Papers, Box 1, Folder 25, Journalism","","McCray, John Henry, 1910-1987","1955","","Manuscripts; Accession 11294.","African American newspapers;Black newspapers","Lighthouse and Informer (S.C.) (S.C.)","","","1 folder","John Henry McCray Papers, 1929-1989","https://digital.library.sc.edu/collections/john-henry-mccray-papers-1929-1989/","University of South Carolina. South Caroliniana Library","Copyright Not Evaluated. For further information please contact The University of South Carolina, South Caroliniana Library, Columbia, SC 29208.","Post-War America (1946-1954)","","English","300ppi, 24-bit depth color, Epson Expression 10000 XL flatbed scanner with SilverFast scanning software, primary archival file is a TIFF","2016-05-30 00:00:00","Text","image/jpeg","Documents (object genre)","","","Chauna Carr","","2021-12-03","2021-12-03","http://cdm17173.contentdm.oclc.org/cdm/ref/collection/p17173coll38/id/11787",11787.0,"14863.cpd","/p17173coll38/image/14863.cpd","1955","",0,False,False,False,True,False,"['Empty Transcript']","[]"
"John Henry McCray Papers, Box 6, Folder 02, 1935-1965","","McCray, John Henry, 1910-1987","","","Manuscripts; Accession 11294.","McCray, John Henry, 1910-1987","","","","1 folder","John Henry McCray Papers, 1929-1989","https://digital.library.sc.edu/collections/john-henry-mccray-papers-1929-1989/","University of South Carolina. South Caroliniana Library","Copyright Not Evaluated. For further information please contact The University of South Carolina, South Caroliniana Library, Columbia, SC 29208.","Great Depression (1930-1938); Civil Rights Era (1955-1969)","Columbia, South Carolina and Charleston, South Carolina","English","300ppi, 24-bit depth color, Epson Expression 10000 XL flatbed scanner with SilverFast scanning software, primary archival file is a TIFF","2017-11-29 00:00:00","Text","image/jpeg","Documents (object genre)","","","John Quirk","","2021-12-15","2022-01-21","http://cdm17173.contentdm.oclc.org/cdm/ref/collection/p17173coll38/id/11900",11900.0,"14976.cpd","/p17173coll38/supp/D10000/11900/index.pdf","","",0,False,False,False,True,False,"['Empty Transcript']","[]"
"John Henry McCray Papers, Box 2, Folder 23","","McCray, John Henry, 1910-1987","1944","","Manuscripts; Accession 11294.","","","","","1 folder","John Henry McCray Papers, 1929-1989","https://digital.library.sc.edu/collections/john-henry-mccray-papers-1929-1989/","University of South Carolina. South Caroliniana Library","Copyright Not Evaluated. For further information please contact The University of South Carolina, South Caroliniana Library, Columbia, SC 29208.","World War II (1939-1945);","","English","","2016-09","","","Documents (object genre)","","","","","2022-02-25","2022-02-25","http://cdm17173.contentdm.oclc.org/cdm/ref/collection/p17173coll38/id/12084",12084.0,"15160.cpd","/p17173coll38/image/15160.cpd","1944","",0,False,False,False,True,False,"['Empty Transcript']","[]"
"John Henry McCray Papers, Box 5, Folder 02, Topical, Ministerial Directory, circa 1945","","McCray, John Henry, 1910-1987","","circa 1945","Manuscripts; Accession 11294.","Lists;Names","Ministerial directory","Richland County (S.C.)","","1 folder","John Henry McCray Papers, 1929-1989","https://digital.library.sc.edu/collections/john-henry-mccray-papers-1929-1989/","University of South Carolina. South Caroliniana Library","Copyright Not Evaluated. For further information please contact The University of South Carolina, South Caroliniana Library, Columbia, SC 29208.","World War II (1939-1945)","Columbia, Richland County, South Carolina, United States","English","300ppi, 24-bit depth color, Epson Expression 10000 XL flatbed scanner with SilverFast scanning software, primary archival file is a TIFF","","Text","image/jpeg","Documents (object genre)","","","Sarah Moore; Becky Thompson; Rhea M. Ray","","2022-02-08","2022-02-17","http://cdm17173.contentdm.oclc.org/cdm/ref/collection/p17173coll38/id/12311",12311.0,"15387.cpd","/p17173coll38/image/15387.cpd","","",0,False,False,False,True,False,"['Empty Transcript']","[]"
"John Henry McCray Papers, Box 5, Folder 01, Metal Arts Company, Rochester, NY, 1961-1963","","McCray, John Henry, 1910-1987","","circa 1961-1963","Manuscripts; Accession 11294.","Sales;Jewelry","Metals Arts Company, Inc. (Rochester, NY)","Richland County (S.C.)","John Henry McCray Papers, Box 5, Folder 01, Metal Arts Company, Inc., Rochester, New York, 1961-1962","1 folder","John Henry McCray Papers, 1929-1989","https://digital.library.sc.edu/collections/john-henry-mccray-papers-1929-1989/","University of South Carolina. South Caroliniana Library","Copyright Not Evaluated. For further information please contact The University of South Carolina, South Caroliniana Library, Columbia, SC 29208.","Civil Rights Era (1955-1969)","Columbia, Richland County, South Carolina, United States","English","300ppi, 24-bit depth color, Epson Expression 10000 XL flatbed scanner with SilverFast scanning software, primary archival file is a TIFF","2017","Text","image/jpeg","Documents (object genre)","","","Sarah Moore; Becky Thompson; Rhea M. Ray","","2022-02-08","2022-02-08","http://cdm17173.contentdm.oclc.org/cdm/ref/collection/p17173coll38/id/12455",12455.0,"15531.cpd","/p17173coll38/image/15531.cpd","","",0,False,False,False,True,False,"['Empty Transcript']","[]"
"John Henry McCray Papers, Box 5, Folder 03, Topical, Name Lists, circa 1945-1964","","McCray, John Henry, 1910-1987","","circa 1945-1964","Manuscripts; Accession 11294.","Lists;Names","","Richland County (S.C.)","John Henry McCray Papers, Box 5, Folder 03, Topical Name Lists","1 folder","John Henry McCray Papers, 1929-1989","https://digital.library.sc.edu/collections/john-henry-mccray-papers-1929-1989/","University of South Carolina. South Caroliniana Library","Copyright Not Evaluated. For further information please contact The University of South Carolina, South Caroliniana Library, Columbia, SC 29208.","","Columbia, Richland County, South Carolina, United States","English","300ppi, 24-bit depth color, Epson Expression 10000 XL flatbed scanner with SilverFast scanning software, primary archival file is a TIFF","2017-06","Text","image/jpeg","Documents (object genre)","","","Sarah Moore; Rhea M. Ray","","2022-02-11","2022-02-17","http://cdm17173.contentdm.oclc.org/cdm/ref/collection/p17173coll38/id/12621",12621.0,"15697.cpd","/p17173coll38/image/15697.cpd","","",0,False,False,False,True,False,"['Empty Transcript']","[]"
"John Henry McCray papers, Box 6, Folder 03, Personal, General, 1931-1957","McCray, John Henry, 1910-1987","","1931-1957","","Manuscripts Annex, Letter size papers, 1929-1989 (folders 1-20)","McCray, John Henry, 1910-1987","","","","1 folder","John Henry McCray Papers, 1929-1989","","University of South Carolina. South Caroliniana Library","Copyright Not Evaluated. For further information please contact The University of South Carolina, South Caroliniana Library, Columbia, SC 29208.","Great Depression (1930-1938);Post-War America (1946-1954);Civil Rights Era (1955-1969)","Columbia, Richland County, South Carolina, United States","English","300ppi, 24-bit depth color, Epson Expression 10000 XL flatbed scanner with SilverFast scanning software, primary archival file is a TIFF","2017-06-29 00:00:00","Text","image/jpeg","Manuscripts","","","Sarah Moore; Becky Thompson; John Quirk","","2022-02-18","2022-02-18","http://cdm17173.contentdm.oclc.org/cdm/ref/collection/p17173coll38/id/12776",12776.0,"15852.cpd","/p17173coll38/image/15852.cpd","1931","",0,False,False,False,True,False,"['Empty Transcript']","[]"
"John Henry McCray papers, Box 6, Folder 04, Personal, General, 1958-1960","McCray, John H. (Author)","","1958-1960","","Manuscripts Annex, Letter size papers, 1929-1989 (folders 1-20)","McCray, John Henry, 1910-1987","","","","1 folder","John Henry McCray Papers, 1929-1989","","University of South Carolina. South Caroliniana Library","Copyright Not Evaluated. For further information please contact The University of South Carolina, South Caroliniana Library, Columbia, SC 29208.","The Great Depression, Civil Rights Era","Columbia, South Carolina and Charleston, South Carolina","English","300ppi, 24-bit depth color, Epson Expression 10000 XL flatbed scanner with SilverFast scanning software, primary archival file is a TIFF","2017-06-30 00:00:00","Still Image; Text","image/jpeg","Manuscripts","","","Sarah Moore; Becky Thompson","","2022-02-14","2022-02-14","http://cdm17173.contentdm.oclc.org/cdm/ref/collection/p17173coll38/id/12877",12877.0,"15953.cpd","/p17173coll38/image/15953.cpd","1958","",0,False,False,False,True,False,"['Empty Transcript']","[]"
"John Henry McCray papers, Box 6, Folder 05, Personal, General, 1961-1983","McCray, John H.","","1961-1983","","Manuscripts Annex, Letter size papers, 1929-1989 (folders 1-20)","McCray, John Henry, 1910-1987;Personal correspondence","","","","1 folder","John Henry McCray Papers, 1929-1989","","University of South Carolina. South Caroliniana Library","Copyright Not Evaluated. For further information please contact The University of South Carolina, South Caroliniana Library, Columbia, SC 29208.","Civil Rights Era (1955-1969);The Modern State (1970-present)","Columbia, South Carolina and Charleston, South Carolina","English","300ppi, 24-bit depth color, Epson Expression 10000 XL flatbed scanner with SilverFast scanning software, primary archival file is a TIFF","2017-07-03 00:00:00","Text","image/jpeg","Manuscripts","","","Sarah Moore; Becky Thompson;John Quirk","","2022-02-16","2022-02-16","http://cdm17173.contentdm.oclc.org/cdm/ref/collection/p17173coll38/id/13032",13032.0,"16108.cpd","/p17173coll38/image/16108.cpd","1961","",0,False,False,False,True,False,"['Empty Transcript']","[]"
"John Henry McCray Papers, Box 5, Folder 04, Topical, Name Lists","","McCray, John Henry, 1910-1987","","","Manuscripts; Accession 11294.","Lists;Names","","Richland County (S.C.)","","1 folder","John Henry McCray Papers, 1929-1989","https://digital.library.sc.edu/collections/john-henry-mccray-papers-1929-1989/","University of South Carolina. South Caroliniana Library","Copyright Not Evaluated. For further information please contact The University of South Carolina, South Caroliniana Library, Columbia, SC 29208.","Post-War America (1946-1954);Civil Rights Era (1955-1969)","Columbia, Richland County, South Carolina, United States","English","300ppi, 24-bit depth color, Epson Expression 10000 XL flatbed scanner with SilverFast scanning software, primary archival file is a TIFF","2017-06-11 00:00:00","Text","image/jpeg","Lists (document genres)","","","Sarah Moore; Becky Thompson; Rhea M. Ray","","2022-02-17","2022-02-17","http://cdm17173.contentdm.oclc.org/cdm/ref/collection/p17173coll38/id/13206",13206.0,"16282.cpd","/p17173coll38/image/16282.cpd","","",0,False,False,False,True,False,"['Empty Transcript']","[]"
"John Henry McCray Papers, Box 5, Folder 05, Topical, Name Lists","McCray, John Henry, 1910-1987","","","","Manuscripts; Accession 11294.","Lists;Names","","Richland County (S.C.)","John Henry McCray Papers, Box 5, Folder 05, Topical, Name Lists","1 folder","John Henry McCray Papers, 1929-1989","https://digital.library.sc.edu/collections/john-henry-mccray-papers-1929-1989/","University of South Carolina. South Caroliniana Library","Copyright Not Evaluated. For further information please contact The University of South Carolina, South Caroliniana Library, Columbia, SC 29208.","","Columbia, Richland County, South Carolina, United States","English","300ppi, 24-bit depth color, Zeutschel Scanner with Omniscan 12 Scanning Software , primary archival file is a TIFF","2018-02-26 00:00:00","Text","image/jpeg","Lists (document genres);Notes (documents)","","","Sarah Moore; Rhea M. Ray","","2022-02-17","2022-02-17","http://cdm17173.contentdm.oclc.org/cdm/ref/collection/p17173coll38/id/13268",13268.0,"16344.cpd","/p17173coll38/image/16344.cpd","","",0,False,False,False,True,False,"['Empty Transcript']","[]"
"John Henry McCray papers, Box 6, Folder 06, Personal, General, No Date","McCray, John Henry, 1910-1987","","","","Manuscripts Annex, Letter size papers, 1929-1989 (folders 1-20)","McCray, John Henry, 1910-1987","","","","1 folder","John Henry McCray Papers, 1929-1989","","University of South Carolina. South Caroliniana Library","Copyright Not Evaluated. For further information please contact The University of South Carolina, South Caroliniana Library, Columbia, SC 29208.","","Columbia, South Carolina and Charleston, South Carolina","English","300ppi, 24-bit depth color, Epson Expression 10000 XL flatbed scanner with SilverFast scanning software, primary archival file is a TIFF","2017-07-03 00:00:00","Text","image/jpeg","Manuscripts","","","Sarah Moore; Becky Thompson","","2022-02-28","2022-02-28","http://cdm17173.contentdm.oclc.org/cdm/ref/collection/p17173coll38/id/13313",13313.0,"16389.cpd","/p17173coll38/image/16389.cpd","","",0,False,False,False,True,False,"['Empty Transcript']","[]"
"John Henry McCray papers, Box 6, Folder 07, Personal, Becknell, Gloria, 1961-1963","McCray, John Henry, 1910-1987","","1951-1963","","Manuscripts Annex, Letter size papers, 1929-1989 (folders 1-20)","McCray, John Henry, 1910-1987;Personal correspondence","","","Personal correspondence between McCray and Gloria Becknell.","1 folder","John Henry McCray Papers, 1929-1989","","University of South Carolina. South Caroliniana Library","Copyright Not Evaluated. For further information please contact The University of South Carolina, South Caroliniana Library, Columbia, SC 29208.","Post-War America (1946-1954);Civil Rights Era (1955-1969)","Columbia, Richland County, South Carolina, United States;Charleston, Charleston County, South Carolina, United States","English","300ppi, 24-bit depth color, Epson Expression 10000 XL flatbed scanner with SilverFast scanning software, primary archival file is a TIFF","2017-07-03 00:00:00","Text","image/jpeg","Manuscripts","","","Sarah Moore;Becky Thompson;John Quirk","","2022-02-25","2022-02-25","http://cdm17173.contentdm.oclc.org/cdm/ref/collection/p17173coll38/id/13348",13348.0,"16424.cpd","/p17173coll38/supp/D10000/13348/index.pdf","1951","",0,False,False,False,True,False,"['Empty Transcript']","[]"
"John Henry McCray Papers, Box 5, Folder 06, Topical, N.A.A.C.P., 1944-1983, n.d.","","McCray, John Henry, 1910-1987","","circa 1944-1983","Manuscripts; Accession 11294.","African Americans--South Carolina;National Association for the Advancement of Colored People;","NAACP;","","John Henry McCray Papers, Box 5, Folder 06, Topical, National Association for the Advancement of Colored People (NAACP), 1944-1983, n.d.","1 folder","John Henry McCray Papers, 1929-1989","https://digital.library.sc.edu/collections/john-henry-mccray-papers-1929-1989/","University of South Carolina. South Caroliniana Library","Copyright Not Evaluated. For further information please contact The University of South Carolina, South Caroliniana Library, Columbia, SC 29208.","","","English","300ppi, 24-bit depth color, Epson Expression 10000 XL flatbed scanner with SilverFast scanning software, primary archival file is a TIFF","2017-06-19 00:00:00","Text","image/jpeg","Documents (object genre)","","","Sarah Moore; Becky Thompson; Rhea M. Ray","","2022-02-28","2022-02-28","http://cdm17173.contentdm.oclc.org/cdm/ref/collection/p17173coll38/id/13464",13464.0,"16540.cpd","/p17173coll38/image/16540.cpd","","",0,False,False,False,True,False,"['Empty Transcript']","[]"
"John Henry McCray Papers, Box 5, Folder 07, Topical, N.A.A.C.P., 1954-1959","","McCray, John Henry, 1910-1987","","circa 1954-1959","Manuscripts; Accession 11294.","National Association for the Advancement of Colored People;","NAACP;","","John Henry McCray Papers, Box 5, Folder 07, Topical, National Association for the Advancement of Colored People (NAACP), 1954-1959","1 folder","John Henry McCray Papers, 1929-1989","https://digital.library.sc.edu/collections/john-henry-mccray-papers-1929-1989/","University of South Carolina. South Caroliniana Library","Copyright Not Evaluated. For further information please contact The University of South Carolina, South Caroliniana Library, Columbia, SC 29208.","","Columbia, Richland County, South Carolina, United States","English","300ppi, 24-bit depth color, Epson Expression 10000 XL flatbed scanner with SilverFast scanning software, primary archival file is a TIFF","2017-06-20 00:00:00","Text","image/jpeg","Documents (object genre)","","","Sarah Moore; Becky Thompson; Rhea M. Ray","","2022-03-10","2022-03-10","http://cdm17173.contentdm.oclc.org/cdm/ref/collection/p17173coll38/id/13581",13581.0,"16657.cpd","/p17173coll38/image/16657.cpd","","",0,False,False,False,True,False,"['Empty Transcript']","[]"
"John Henry McCray Papers, Box 5, Folder 08, N.A.A.C.P., 1958-1983","","McCray, John Henry, 1910-1987","","","Manuscripts; Accession 11294.","National Association for the Advancement of Colored People;","NAACP;","","","1 folder","John Henry McCray Papers, 1929-1989","https://digital.library.sc.edu/collections/john-henry-mccray-papers-1929-1989/","University of South Carolina. South Caroliniana Library","Copyright Not Evaluated. For further information please contact The University of South Carolina, South Caroliniana Library, Columbia, SC 29208.","","","English","300ppi, 24-bit depth color, Epson Expression 10000 XL flatbed scanner with SilverFast scanning software, primary archival file is a TIFF","2017-06-22 00:00:00","Text","image/jpeg","Documents (object genre)","","","Sarah Moore; Becky Thompson; Rhea M. Ray","","2022-03-15","2022-03-15","http://cdm17173.contentdm.oclc.org/cdm/ref/collection/p17173coll38/id/13731",13731.0,"16807.cpd","/p17173coll38/image/16807.cpd","","",0,False,False,False,True,False,"['Empty Transcript']","[]"
"John Henry McCray papers, Box 6, Folder 08, Personal, Finances 1948-1957","McCray, John Henry, 1910-1987","","1948-1957","","Manuscripts Annex, Letter size papers, 1929-1989 (folders 1-20)","McCray, John Henry, 1910-1987;Finance, Personal","","","Folder of personal finacial records of John H. McCray","1 folder","John Henry McCray Papers, 1929-1989","","University of South Carolina. South Caroliniana Library","Copyright Not Evaluated. For further information please contact The University of South Carolina, South Caroliniana Library, Columbia, SC 29208.","Post-War America (1946-1954);Civil Rights Era (1955-1969)","Columbia, Richland County, South Carolina, United States;Charleston, Charleston County, South Carolina, United States","English","300ppi, 24-bit depth color, Epson Expression 10000 XL flatbed scanner with SilverFast scanning software, primary archival file is a TIFF","2017-07-05 00:00:00","Text","image/jpeg","Documents (object genre)","","","Sarah Moore;Becky Thompson;John Quirk","","2022-03-16","2022-03-16","http://cdm17173.contentdm.oclc.org/cdm/ref/collection/p17173coll38/id/13824",13824.0,"16900.cpd","/p17173coll38/image/16900.cpd","1948","",0,False,False,False,True,False,"['Empty Transcript']","[]"
"John Henry McCray Papers, Box 1, Folder 09, Journalism","","McCray, John Henry, 1910-1987","1947","","Manuscripts; Accession 11294.","","","","","1 folder","John Henry McCray Papers, 1929-1989","https://digital.library.sc.edu/collections/john-henry-mccray-papers-1929-1989/","University of South Carolina. South Caroliniana Library","Copyright Not Evaluated. For further information please contact The University of South Carolina, South Caroliniana Library, Columbia, SC 29208.","Post-War America (1946-1954)","","English","300ppi, 24-bit depth color, Epson Expression 10000 XL flatbed scanner with SilverFast scanning software, primary archival file is a TIFF","2016-06-13 00:00:00","Text","image/jpeg","","","","Chauna Carr","","2022-03-21","2022-03-21","http://cdm17173.contentdm.oclc.org/cdm/ref/collection/p17173coll38/id/13920",13920.0,"16996.cpd","/p17173coll38/image/16996.cpd","1947","",0,False,False,False,True,False,"['Empty Transcript']","[]"
"John Henry McCray papers, Box 6, Folder 09, Personal, Finances, 1958-1959","McCray, John Henry, 1910-1987","","1958-1959","","Manuscripts Annex, Letter size papers, 1929-1989 (folders 1-20)","McCray, John Henry, 1910-1987;Finance, Personal","","","Folder of personal finacial records of John H. McCray","1 folder","John Henry McCray Papers, 1929-1989","","University of South Carolina. South Caroliniana Library","Copyright Not Evaluated. For further information please contact The University of South Carolina, South Caroliniana Library, Columbia, SC 29208.; English","Civil Rights Era (1955-1969)","Columbia, Richland County, South Carolina, United States;Charleston, Charleston County, South Carolina, United States","","300ppi, 24-bit depth color, Epson Expression 10000 XL flatbed scanner with SilverFast scanning software, primary archival file is a TIFF","2017-07-05 00:00:00","Text","image/jpeg","Documents (object genre)","","","Sarah Moore; Becky Thompson;John Quirk","","2022-03-23","2022-03-23","http://cdm17173.contentdm.oclc.org/cdm/ref/collection/p17173coll38/id/14038",14038.0,"17114.cpd","/p17173coll38/image/17114.cpd","1958","",0,False,False,False,True,False,"['Empty Transcript']","[]"
"John Henry McCray Papers, Box 5, Folder 09, topical, National Council of Negro Democrats, 1945-1948","","McCray, John Henry, 1910-1987","","","Manuscripts; Accession 11294.","","National Council of Negro Democrats;","","","1 folder","John Henry McCray Papers, 1929-1989","https://digital.library.sc.edu/collections/john-henry-mccray-papers-1929-1989/","University of South Carolina. South Caroliniana Library","Copyright Not Evaluated. For further information please contact The University of South Carolina, South Caroliniana Library, Columbia, SC 29208.","","","English","300ppi, 24-bit depth color, Epson Expression 10000 XL flatbed scanner with SilverFast scanning software, primary archival file is a TIFF","2017-06-26 00:00:00","Text","image/jpeg","Documents (object genre)","","","Sarah Moore; Becky Thompson; Rhea M. Ray","","2022-03-24","2022-03-24","http://cdm17173.contentdm.oclc.org/cdm/ref/collection/p17173coll38/id/14123",14123.0,"17199.cpd","/p17173coll38/image/17199.cpd","","",0,False,False,False,True,False,"['Empty Transcript']","[]"
"John Henry McCray Papers, Box 5, Folder 10, Topical, Omega Psi Phi Fraternity, 1945-1963","","McCray, John Henry, 1910-1987;","","","Manuscripts; Accession 11294.","Fraternization;","","","","1 folder","John Henry McCray Papers, 1929-1989","https://digital.library.sc.edu/collections/john-henry-mccray-papers-1929-1989/","University of South Carolina. South Caroliniana Library","Copyright Not Evaluated. For further information please contact The University of South Carolina, South Caroliniana Library, Columbia, SC 29208.","","","English","300ppi, 24-bit depth color, Epson Expression 10000 XL flatbed scanner with SilverFast scanning software, primary archival file is a TIFF","2017-06-29 00:00:00","Text","image/jpeg","Documents (object genre)","","","Sarah Moore; Becky Thompson; Rhea M. Ray","","2022-03-30","2022-03-30","http://cdm17173.contentdm.oclc.org/cdm/ref/collection/p17173coll38/id/14194",14194.0,"17270.cpd","/p17173coll38/image/17270.cpd","","",0,False,False,False,True,False,"['Empty Transcript']","[]"
"John Henry McCray Papers, Box 6, Folder 10, Personal, Finances, 1960-1962","McCray, John Henry, 1910-1987","","1960-1962","","Manuscripts Annex, Letter size papers, 1929-1989 (folders 1-20)","McCray, John Henry, 1910-1987;Finance, Personal","","","Folder of personal financial records of John H. McCray","1 folder","John Henry McCray Papers, 1929-1989","","University of South Carolina. South Caroliniana Library","Copyright Not Evaluated. For further information please contact The University of South Carolina, South Caroliniana Library, Columbia, SC 29208.","Civil Rights Era (1955-1969)","Columbia, Richland County, South Carolina, United States;Charleston, Charleston County, South Carolina, United States","English","300ppi, 24-bit depth color, Epson Expression 10000 XL flatbed scanner with SilverFast scanning software, primary archival file is a TIFF","2017-07-05 00:00:00","Text","image/jpeg","Documents (object genre)","","","Sarah Moore; Becky Thompson;John Quirk","","2022-04-07","2022-04-07","http://cdm17173.contentdm.oclc.org/cdm/ref/collection/p17173coll38/id/14347",14347.0,"17423.cpd","/p17173coll38/supp/D10000/14347/index.pdf","1960","",0,False,False,False,True,False,"['Empty Transcript']","[]"
"John Henry McCray Papers, Box 6, Folder 11, Personal, Finances, 1963-1964 and No Dates","McCray, John Henry, 1910-1987","","1963-1964","","Manuscripts Annex, Letter size papers, 1929-1989 (folders 1-20)","McCray, John Henry, 1910-1987;Finance, Personal","","","Folder of personal financial records of John H. McCray","1 folder","John Henry McCray Papers, 1929-1989","","University of South Carolina. South Caroliniana Library","Copyright Not Evaluated. For further information please contact The University of South Carolina, South Caroliniana Library, Columbia, SC 29208.","Civil Rights Era (1955-1969)","Columbia, Richland County, South Carolina, United States;Charleston, Charleston County, South Carolina, United States","English","300ppi, 24-bit depth color, Epson Expression 10000 XL flatbed scanner with SilverFast scanning software, primary archival file is a TIFF","2017-07-06 00:00:00","Text","image/jpeg","Documents (object genre)","","","Sarah Moore; Becky Thompson;John Quirk","","2022-04-07","2022-04-07","http://cdm17173.contentdm.oclc.org/cdm/ref/collection/p17173coll38/id/14427",14427.0,"17503.cpd","/p17173coll38/image/17503.cpd","1963","",0,False,False,False,True,False,"['Empty Transcript']","[]"
"John Henry McCray Papers, Box 5, Folder 12, Topical, Religion, General, 1945-1963","","McCray, John Henry, 1910-1987;","","circa 1945-1963","Manuscripts; Accession 11294.","Religion;","","Richland County (S.C.)","John Henry McCray Papers, Box 5, Folder 12, Topical, Religion, General, 1945-1963","1 folder","John Henry McCray Papers, 1929-1989","https://digital.library.sc.edu/collections/john-henry-mccray-papers-1929-1989/","University of South Carolina. South Caroliniana Library","Copyright Not Evaluated. For further information please contact The University of South Carolina, South Caroliniana Library, Columbia, SC 29208.","World War II (1939-1945);Post-War America (1946-1954);Civil Rights Era (1955-1969);","Columbia, Richland County, South Carolina, United States","English","300ppi, 24-bit depth color, Epson Expression 10000 XL flatbed scanner with SilverFast scanning software, primary archival file is a TIFF","2017-07","Text","image/jpeg","Documents (object genre)","","","Sarah Moore; Becky Thompson; Rhea M. Ray","","2022-04-13","2022-04-13","http://cdm17173.contentdm.oclc.org/cdm/ref/collection/p17173coll38/id/14504",14504.0,"17580.cpd","/p17173coll38/image/17580.cpd","","",0,False,False,False,True,False,"['Empty Transcript']","[]"
"John Henry McCray Papers, Box 5, Folder 11, Topical, Police, Negro, 1945-1946","","McCray, John Henry, 1910-1987;","","circa 1945","Manuscripts; Accession 11294.","African American police;Police, Black;","","","John Henry McCray Papers, Box 5, Folder 11, Topical, Police, Negro, 1945-1946","1 folder","John Henry McCray Papers, 1929-1989","https://digital.library.sc.edu/collections/john-henry-mccray-papers-1929-1989/","University of South Carolina. South Caroliniana Library","Copyright Not Evaluated. For further information please contact The University of South Carolina, South Caroliniana Library, Columbia, SC 29208.","World War II (1939-1945);Post-War America (1946-1954);","","English","300ppi, 24-bit depth color, Epson Expression 10000 XL flatbed scanner with SilverFast scanning software, primary archival file is a TIFF","2017","Text","image/jpeg","Documents (object genre)","","","Sarah Moore; Becky Thompson; Rhea M. Ray","","2022-04-13","2022-04-13","http://cdm17173.contentdm.oclc.org/cdm/ref/collection/p17173coll38/id/14588",14588.0,"17664.cpd","/p17173coll38/image/17664.cpd","","",0,False,False,False,True,False,"['Empty Transcript']","[]"
"John Henry McCray Papers, Box 5, Folder 14, Topical, South Carolina Federation of Colored Women's Clubs, 1947-1961","","McCray, John Henry, 1910-1987;","","circa 1947-1961","Manuscripts; Accession 11294.","South Carolina Federation of Colored Women's Clubs;","","","John Henry McCray Papers, Box 5, Folder 14, Topical, South Carolina Federation of Colored Women's Clubs, 1947-1961","1 folder","John Henry McCray Papers, 1929-1989","https://digital.library.sc.edu/collections/john-henry-mccray-papers-1929-1989/","University of South Carolina. South Caroliniana Library","Copyright Not Evaluated. For further information please contact The University of South Carolina, South Caroliniana Library, Columbia, SC 29208.","Post-War America (1946-1954);Civil Rights Era (1955-1969);","","English","300ppi, 24-bit depth color, Epson Expression 10000 XL flatbed scanner with SilverFast scanning software, primary archival file is a TIFF","2017-07-10 00:00:00","Text","image/jpeg","Documents (object genre)","","","Sarah Moore; Becky Thompson; Rhea M. Ray","","2022-04-18","2022-04-18","http://cdm17173.contentdm.oclc.org/cdm/ref/collection/p17173coll38/id/14602",14602.0,"17678.cpd","/p17173coll38/image/17678.cpd","","",0,False,False,False,True,False,"['Empty Transcript']","[]"
"John Henry McCray Papers, Box 5, Folder 13, Topical, Religion, A.M.E. Church, 1944-1964","","McCray, John Henry, 1910-1987;","","circa 1944-1964","Manuscripts; Accession 11294.","Religion;African Methodist Episcopal Church;","","","John Henry McCray Papers, Box 5, Folder 13, Topical, Religion, A.M.E. Church, 1944-1964","1 folder","John Henry McCray Papers, 1929-1989","https://digital.library.sc.edu/collections/john-henry-mccray-papers-1929-1989/","University of South Carolina. South Caroliniana Library","Copyright Not Evaluated. For further information please contact The University of South Carolina, South Caroliniana Library, Columbia, SC 29208.","World War II (1939-1945);Post-War America (1946-1954);Civil Rights Era (1955-1969);","","English","300ppi, 24-bit depth color, Epson Expression 10000 XL flatbed scanner with SilverFast scanning software, primary archival file is a TIFF","2017-07-05 00:00:00","Text","image/jpeg","Documents (object genre)","","","Sarah Moore; Becky Thompson; Rhea M. Ray","","2022-04-18","2022-04-18","http://cdm17173.contentdm.oclc.org/cdm/ref/collection/p17173coll38/id/14771",14771.0,"17847.cpd","/p17173coll38/image/17847.cpd","","",0,False,False,False,True,False,"['Empty Transcript']","[]"
"John Henry McCray Papers, Box 5, Folder 15, Topical, Southern Conference for Human Welfare, 1946-1963","","McCray, John Henry, 1910-1987;","","circa 1946-1963","Manuscripts; Accession 11294.","Southern Conference for Human Welfare;","","","John Henry McCray Papers, Box 5, Folder 15, Topical, Southern Conference for Human Welfare, 1946-1963","1 folder","John Henry McCray Papers, 1929-1989","https://digital.library.sc.edu/collections/john-henry-mccray-papers-1929-1989/","University of South Carolina. South Caroliniana Library","Copyright Not Evaluated. For further information please contact The University of South Carolina, South Caroliniana Library, Columbia, SC 29208.","Post-War America (1946-1954);Civil Rights Era (1955-1969);","","English","300ppi, 24-bit depth color, Epson Expression 10000 XL flatbed scanner with SilverFast scanning software, primary archival file is a TIFF","2017-07-11 00:00:00","Text","image/jpeg","Documents (object genre)","","","Sarah Moore; Becky Thompson; Rhea M. Ray","","2022-04-19","2022-04-19","http://cdm17173.contentdm.oclc.org/cdm/ref/collection/p17173coll38/id/14821",14821.0,"17897.cpd","/p17173coll38/image/17897.cpd","","",0,False,False,False,True,False,"['Empty Transcript']","[]"
"John Henry McCray Papers, Box 5, Folder 16, Topical, Southern Negro Youth Congress, 1945-1947","","McCray, John Henry, 1910-1987;Southern Negro Youth Congress;","","circa 1945-1947","Manuscripts; Accession 11294.","Southern Negro Youth Congress;","","","John Henry McCray Papers, Box 5, Folder 16, Topical, Southern Negro Youth Congress, 1945-1947","1 folder","John Henry McCray Papers, 1929-1989","https://digital.library.sc.edu/collections/john-henry-mccray-papers-1929-1989/","University of South Carolina. South Caroliniana Library","Copyright Not Evaluated. For further information please contact The University of South Carolina, South Caroliniana Library, Columbia, SC 29208.","World War II (1939-1945);Post-War America (1946-1954);","United States","English","300ppi, 24-bit depth color, Epson Expression 10000 XL flatbed scanner with SilverFast scanning software, primary archival file is a TIFF","2017-07-11 00:00:00","Text","image/jpeg","Documents (object genre)","","","Sarah Moore; Becky Thompson; Rhea M. Ray","","2022-04-20","2022-04-20","http://cdm17173.contentdm.oclc.org/cdm/ref/collection/p17173coll38/id/14870",14870.0,"17946.cpd","/p17173coll38/image/17946.cpd","","",0,False,False,False,True,False,"['Empty Transcript']","[]"
"John Henry McCray Papers, Box 6, Folder 12, Personal, McCray Children, 1943-1963","McCray, John Henry, 1910-1987","","1943-1963","","Manuscripts Annex, Letter size papers, 1929-1989 (folders 1-20)","McCray, John Henry, 1910-1987;Personal correspondence","","","Folder of personal records of John H. McCray relating to his children","1 folder","John Henry McCray Papers, 1929-1989","","University of South Carolina. South Caroliniana Library","Copyright Not Evaluated. For further information please contact The University of South Carolina, South Carolinian Library, Columbia, SC 29208.","World War II (1939-1945);Post-War America (1946-1954);Civil Rights Era (1955-1969)","Columbia, Richland County, South Carolina, United States;Charleston, Charleston County, South Carolina, United States","English","300ppi, 24-bit depth color, Epson Expression 10000 XL flatbed scanner with SilverFast scanning software, primary archival file is a TIFF","2017-07-06 00:00:00","Text","image/jpeg","Manuscripts","","","Sarah Moore; Becky Thompson;John Quirk","","2022-04-27","2022-04-27","http://cdm17173.contentdm.oclc.org/cdm/ref/collection/p17173coll38/id/14993",14993.0,"18069.cpd","/p17173coll38/image/18069.cpd","1943","",0,False,False,False,True,False,"['Empty Transcript']","[]"
"John Henry McCray papers, Box 6, Folder 13, Personal, McCray Elizabeth, 1957-1963","McCray, John Henry, 1910-1987","","1957-1963","","Manuscripts Annex, Letter size papers, 1929-1989 (folders 1-20)","McCray, John Henry, 1910-1987;Personal correspondence","","","Folder with personal correspondence from Elizabeth McCray, 1957-1963","1 folder","John Henry McCray Papers, 1929-1989","","University of South Carolina. South Caroliniana Library","Copyright Not Evaluated. For further information please contact The University of South Carolina, South Carolinian Library, Columbia, SC 29208.","Civil Rights Era (1955-1969)","Columbia, Richland County, South Carolina, United States;Charleston, Charleston County, South Carolina, United States","English","300ppi, 24-bit depth color, Epson Expression 10000 XL flatbed scanner with SilverFast scanning software, primary archival file is a TIFF","2017-07-07 00:00:00","Text","image/jpeg","Manuscripts","","","Sarah Moore; Becky Thompson;John Quirk","","2022-04-27","2022-04-27","http://cdm17173.contentdm.oclc.org/cdm/ref/collection/p17173coll38/id/15011",15011.0,"18087.cpd","/p17173coll38/image/18087.cpd","1957","",0,False,False,False,True,False,"['Empty Transcript']","[]"
"John Henry McCray Papers, Box 1, Folder 31","","McCray, John Henry, 1910-1987","","","John Henry McCray Papers, 1929-1989, Box 1","","","","","1 folder","John Henry McCray Papers, 1929-1989","https://digital.library.sc.edu/collections/john-henry-mccray-papers-1929-1989/","University of South Carolina. South Caroliniana Library","Copyright Not Evaluated. For further information please contact The University of South Carolina, South Caroliniana Library, Columbia, SC 29208.","","","English","300ppi, 24-bit depth color, Epson Expression 10000 XL flatbed scanner with SilverFast scanning software, primary archival file is a TIFF","2016-06-20 00:00:00","Text","image/jpeg","","","","Joshua Schutzenhofer","","2022-04-27","2022-04-27","http://cdm17173.contentdm.oclc.org/cdm/ref/collection/p17173coll38/id/15180",15180.0,"18256.cpd","/p17173coll38/image/18256.cpd","","",0,False,False,False,True,False,"['Empty Transcript']","[]"
"John Henry McCray Papers, Box 5, Folder 17, Topical, Tuskegee, Alabama","","McCray, John Henry, 1910-1987;","","","Manuscripts; Accession 11294.","Tuskegee (Ala.);","","","John Henry McCray Papers, Box 5, Folder 17, Topical, Tuskegee, Alabama","1 folder","John Henry McCray Papers, 1929-1989","https://digital.library.sc.edu/collections/john-henry-mccray-papers-1929-1989/","University of South Carolina. South Caroliniana Library","Copyright Not Evaluated. For further information please contact The University of South Carolina, South Caroliniana Library, Columbia, SC 29208.","Civil Rights Era (1955-1969)","Tuskegee, Macon County, Alabama, United States","English","300ppi, 24-bit depth color, Epson Expression 10000 XL flatbed scanner with SilverFast scanning software, primary archival file is a TIFF","2017-07-12 00:00:00","Text","image/jpeg","Documents (object genre)","","","Sarah Moore; Becky Thompson; Rhea M. Ray","","2022-05-03","2022-05-03","http://cdm17173.contentdm.oclc.org/cdm/ref/collection/p17173coll38/id/15271",15271.0,"18347.cpd","/p17173coll38/image/18347.cpd","","",0,False,False,False,True,False,"['Empty Transcript']","[]"
"John Henry McCray papers, Box 6, Folder 14, Personal, McCray Mittie G., 1951-1956","John Henry McCray, 1910-1987","","1951-1956","","Manuscripts Annex, Letter size papers, 1929-1989 (folders 1-20)","John Henry McCray, 1910-1987;Personal correspondence","","","Folder of personal records and correspondence of John H. McCray relating to Mittie G. McCray","1 folder","John Henry McCray papers, 1929-1989","","University of South Carolina. South Caroliniana Library","Copyright Not Evaluated. For further information please contact The University of South Carolina, South Carolinian Library, Columbia, SC 29208.","Post-War America (1946-1954);Civil Rights Era (1955-1969)","Columbia, Richland County, South Carolina, United States;Charleston, Charleston County, South Carolina, United States","English","300ppi, 24-bit depth color, Epson Expression 10000 XL flatbed scanner with SilverFast scanning software, primary archival file is a TIFF","2017-07-07 00:00:00","Text","image/jpeg","Manuscripts","","","Sarah Moore; Becky Thompson;John Quirk","","2022-05-04","2022-05-04","http://cdm17173.contentdm.oclc.org/cdm/ref/collection/p17173coll38/id/15379",15379.0,"18455.cpd","/p17173coll38/image/18455.cpd","1951","",0,False,False,False,True,False,"['Empty Transcript']","[]"
"John Henry McCray Papers, Box 5, Folder 18, Topical, Veterans Affairs, 1945-1946","","McCray, John Henry, 1910-1987;","","circa 1945-1946","Manuscripts; Accession 11294.","Veterans--United States","","","John Henry McCray Papers, Box 5, Folder 18, Topical, Veterans Affairs, 1945-1946","1 folder","John Henry McCray Papers, 1929-1989","https://digital.library.sc.edu/collections/john-henry-mccray-papers-1929-1989/","University of South Carolina. South Caroliniana Library","Copyright Not Evaluated. For further information please contact The University of South Carolina, South Caroliniana Library, Columbia, SC 29208.","World War II (1939-1945);Post-War America (1946-1954)","United States","English","300ppi, 24-bit depth color, Epson Expression 10000 XL flatbed scanner with SilverFast scanning software, primary archival file is a TIFF","2017-07-14 00:00:00","Text","image/jpeg","Documents (object genre)","","","Sarah Moore; Becky Thompson; Rhea M. Ray","","2022-05-04","2022-05-04","http://cdm17173.contentdm.oclc.org/cdm/ref/collection/p17173coll38/id/15404",15404.0,"18480.cpd","/p17173coll38/image/18480.cpd","","",0,False,False,False,True,False,"['Empty Transcript']","[]"
"John Henry McCray papers, Box 6, Folder 15, Personal, McCray Mittie G., 1956-1959","McCray, John Henry, 1910-1987","","1956-1959","","Manuscripts Annex, Letter size papers, 1929-1989 (folders 1-20)","McCray, John Henry, 1910-1987;Personal correspondence","","","Folder of personal records and correspondence of John H. McCray relating to Mittie G. McCray","1 folder","John Henry McCray papers, 1929-1989","","University of South Carolina. South Carolinian Library","Copyright Not Evaluated. For further information please contact The University of South Carolina, South Carolinian Library, Columbia, SC 29208.","Civil Rights Era (1955-1969)","Columbia, Richland County, South Carolina United States;Charleston, Charleston County, South Carolina, United States","English","300ppi, 24-bit depth color, Epson Expression 10000 XL flatbed scanner with SilverFast scanning software, primary archival file is a TIFF","2017-07-10 00:00:00","Text","image/jpeg","Manuscripts;Documents","","","Sarah Moore; Becky Thompson;John Quirk","","2022-05-04","2022-05-04","http://cdm17173.contentdm.oclc.org/cdm/ref/collection/p17173coll38/id/15485",15485.0,"18561.cpd","/p17173coll38/image/18561.cpd","1956","",0,False,False,False,True,False,"['Empty Transcript']","[]"
"John Henry McCray Papers, Box 5, Folder 19, Speeches, 1945-1982, n.d.","","McCray, John Henry, 1910-1987;","","circa 1945-1982","Manuscripts; Accession 11294.","","","","","1 folder","John Henry McCray Papers, 1929-1989","https://digital.library.sc.edu/collections/john-henry-mccray-papers-1929-1989/","University of South Carolina. South Caroliniana Library","Copyright Not Evaluated. For further information please contact The University of South Carolina, South Caroliniana Library, Columbia, SC 29208.","World War II (1939-1945);Post-War America (1946-1954);Civil Rights Era (1955-1969);The Modern State (1970-present)","","English","300ppi, 24-bit depth color, Epson Expression 10000 XL flatbed scanner with SilverFast scanning software, primary archival file is a TIFF","2017-07-17 00:00:00","Text","image/jpeg","Documents (object genre)","","","Sarah Moore; Becky Thompson; Rhea M. Ray","","2022-05-11","2022-05-11","http://cdm17173.contentdm.oclc.org/cdm/ref/collection/p17173coll38/id/15587",15587.0,"18663.cpd","/p17173coll38/image/18663.cpd","","",0,False,False,False,True,False,"['Empty Transcript']","[]"
"John Henry McCray Papers, Box 5, Folder 20, Speeches","","McCray, John Henry, 1910-1987;","","circa 1947-1948","Manuscripts; Accession 11294.","","","","John Henry McCray Papers, Box 5, Folder 20, Speeches","1 folder","John Henry McCray Papers, 1929-1989","https://digital.library.sc.edu/collections/john-henry-mccray-papers-1929-1989/","University of South Carolina. South Caroliniana Library","Copyright Not Evaluated. For further information please contact The University of South Carolina, South Caroliniana Library, Columbia, SC 29208.","Post-War America (1946-1954)","United States","English","300ppi, 24-bit depth color, Epson Expression 10000 XL flatbed scanner with SilverFast scanning software, primary archival file is a TIFF","2017-07-18 00:00:00","Text","image/jpeg","Documents (object genre)","","","Sarah Moore; Becky Thompson; Rhea M. Ray","","2022-05-11","2022-05-11","http://cdm17173.contentdm.oclc.org/cdm/ref/collection/p17173coll38/id/15676",15676.0,"18752.cpd","/p17173coll38/image/18752.cpd","","",0,False,False,False,True,False,"['Empty Transcript']","[]"
"John Henry McCray Papers, Box 5, Folder 21, Speeches","","McCray, John Henry, 1910-1987;","","circa 1950-1952","Manuscripts; Accession 11294.","","","","","1 folder","John Henry McCray Papers, 1929-1989","https://digital.library.sc.edu/collections/john-henry-mccray-papers-1929-1989/","University of South Carolina. South Caroliniana Library","Copyright Not Evaluated. For further information please contact The University of South Carolina, South Caroliniana Library, Columbia, SC 29208.","","","English","300ppi, 24-bit depth color, Epson Expression 10000 XL flatbed scanner with SilverFast scanning software, primary archival file is a TIFF","2017-07-19 00:00:00","Text","image/jpeg","Documents (object genre)","","","Sarah Moore; Becky Thompson; Rhea M. Ray","","2022-05-13","2022-05-13","http://cdm17173.contentdm.oclc.org/cdm/ref/collection/p17173coll38/id/15762",15762.0,"18838.cpd","/p17173coll38/image/18838.cpd","","",0,False,False,False,True,False,"['Empty Transcript']","[]"
"John Henry McCray Papers, Box 3, Folder 02","","McCray, John Henry, 1910-1987","","","Manuscripts; Accession 11294.","","","","","1 folder","John Henry McCray Papers, 1929-1989","https://digital.library.sc.edu/collections/john-henry-mccray-papers-1929-1989/","University of South Carolina. South Caroliniana Library","Copyright Not Evaluated. For further information please contact The University of South Carolina, South Caroliniana Library, Columbia, SC 29208.","Civil Rights Era (1955-1969)","","English","300ppi, 24-bit depth color, Epson Expression 10000 XL flatbed scanner with SilverFast scanning software, primary archival file is a TIFF","2016-08","Text","image/jpegs","","","","Joshua Schutzenhofer; Rhea M. Ray","","2022-05-16","2022-05-16","http://cdm17173.contentdm.oclc.org/cdm/ref/collection/p17173coll38/id/15839",15839.0,"18915.cpd","/p17173coll38/image/18915.cpd","","",0,False,False,False,True,False,"['Empty Transcript']","[]"
"John Henry McCray Papers, Box 5, Folder 22, Speeches","","McCray, John Henry, 1910-1987;","","circa 1953-1959","Manuscripts; Accession 11294.","","","","John Henry McCray Papers, Box 5, Folder 22","1 folder","John Henry McCray Papers, 1929-1989","https://digital.library.sc.edu/collections/john-henry-mccray-papers-1929-1989/","University of South Carolina. South Caroliniana Library","Copyright Not Evaluated. For further information please contact The University of South Carolina, South Caroliniana Library, Columbia, SC 29208.","Post-War America (1946-1954);Civil Rights Era (1955-1969)","South Carolina, United States","English","300ppi, 24-bit depth color, Epson Expression 10000 XL flatbed scanner with SilverFast scanning software, primary archival file is a TIFF","2017-07-20 00:00:00","Text","image/jpeg","Documents (object genre)","","","Sarah Moore; Becky Thompson; Rhea M. Ray","","2022-05-18","2022-05-18","http://cdm17173.contentdm.oclc.org/cdm/ref/collection/p17173coll38/id/15938",15938.0,"19014.cpd","/p17173coll38/image/19014.cpd","","",0,False,False,False,True,False,"['Empty Transcript']","[]"
"John Henry McCray papers, Box 6, Folder 16, Personal, McCray, Mittie G., 1960","McCray, John Henry, 1910-1987","","1960","","Manuscripts Annex, Letter size papers, 1929-1989 (folders 1-20)","McCray, John Henry, 1910-1987;Personal correspondence","","","Folder of personal records and correspondence of John H. McCray relating to Mittie G. McCray","1 folder","John Henry McCray papers, 1929-1989","","University of South Carolina. South Carolinian Library","Copyright Not Evaluated. For further information please contact The University of South Carolina, South Carolinian Library, Columbia, SC 29208.","Civil Rights Era (1955-1969)","Columbia, Richland County, South Carolina, United States;Charleston, Charleston County, South Carolina, United States","English","300ppi, 24-bit depth color, Epson Expression 10000 XL flatbed scanner with SilverFast scanning software, primary archival file is a TIFF","2017-07-10 00:00:00","Text","image/jpeg","Manuscripts;Documents","","","Sarah Moore; Becky Thompson;John Quirk","","2022-05-19","2022-05-19","http://cdm17173.contentdm.oclc.org/cdm/ref/collection/p17173coll38/id/16039",16039.0,"19115.cpd","/p17173coll38/image/19115.cpd","1960","",0,False,False,False,True,False,"['Empty Transcript']","[]"
"John Henry McCray Papers, Box 5, Folder 23, Speeches","","McCray, John Henry, 1910-1987;","","circa 1962-1982","Manuscripts; Accession 11294.","","","","John Henry McCray Papers, Box 5, Folder 23, Speeches","1 folder","John Henry McCray Papers, 1929-1989","https://digital.library.sc.edu/collections/john-henry-mccray-papers-1929-1989/","University of South Carolina. South Caroliniana Library","Copyright Not Evaluated. For further information please contact The University of South Carolina, South Caroliniana Library, Columbia, SC 29208.","Civil Rights Era (1955-1969);The Modern State (1970-present)","","English","300ppi, 24-bit depth color, Epson Expression 10000 XL flatbed scanner with SilverFast scanning software, primary archival file is a TIFF","2017-07-24 00:00:00","Text","image/jpeg","Documents (object genre)","","","Sarah Moore; Becky Thompson; Rhea M. Ray","","2022-05-24","2022-05-24","http://cdm17173.contentdm.oclc.org/cdm/ref/collection/p17173coll38/id/16110",16110.0,"19186.cpd","/p17173coll38/image/19186.cpd","","",0,False,False,False,True,False,"['Empty Transcript']","[]"
"John Henry McCray papers, Box 6, Folder 17, Personal, McCray Mittie G., 1961-1967","McCray, John Henry, 1910-1987","","1961-1967","","Manuscripts Annex, Letter size papers, 1929-1989 (folders 1-20)","McCray, John Henry, 1910-1987;Personal correspondence","","","Folder of personal records and correspondence of John H. McCray relating to Mittie G. McCray from 1961-1967","1 folder","John Henry McCray papers, 1929-1989","","University of South Carolina. South Carolinian Library","Copyright Not Evaluated. For further information please contact The University of South Carolina, South Carolinian Library, Columbia, SC 29208.","Civil Rights Era (1955-1969)","Columbia, Richland County, South Carolina, United States;Charleston, Charleston County, South Carolina, United States","English","300ppi, 24-bit depth color, Epson Expression 10000 XL flatbed scanner with SilverFast scanning software, primary archival file is a TIFF","2017-07-11 00:00:00","Still Image; Text","image/jpeg","Manuscripts","","","Sarah Moore; Becky Thompson;John Quirk","","2022-05-26","2022-05-26","http://cdm17173.contentdm.oclc.org/cdm/ref/collection/p17173coll38/id/16204",16204.0,"19280.cpd","/p17173coll38/image/19280.cpd","1961","",0,False,False,False,True,False,"['Empty Transcript']","[]"
"John Henry McCray Papers, Box 5, Folder 24, Miscellaneous","","McCray, John Henry, 1910-1987;","","circa 1944-1963","Manuscripts; Accession 11294.","","","","John Henry McCray Papers, Box 5, Folder 24, Miscellaneous","1 folder","John Henry McCray Papers, 1929-1989","https://digital.library.sc.edu/collections/john-henry-mccray-papers-1929-1989/","University of South Carolina. South Caroliniana Library","Copyright Not Evaluated. For further information please contact The University of South Carolina, South Caroliniana Library, Columbia, SC 29208.","World War II (1939-1945);Post-War America (1946-1954);Civil Rights Era (1955-1969)","","English","300ppi, 24-bit depth color, Epson Expression 10000 XL flatbed scanner with SilverFast scanning software, primary archival file is a TIFF","2017-07-25 00:00:00","Text","image/jpeg","Documents (object genre)","","","Sarah Moore; Becky Thompson; Rhea M. Ray","","2022-05-25","2022-05-25","http://cdm17173.contentdm.oclc.org/cdm/ref/collection/p17173coll38/id/16326",16326.0,"19402.cpd","/p17173coll38/image/19402.cpd","","",0,False,False,False,True,False,"['Empty Transcript']","[]"
"John Henry McCray papers, Box 6, Folder 18, Personal, McCray Mittie G., No Date","McCray, John Henry, 1910-1987","","","","Manuscripts Annex, Letter size papers, 1929-1989 (folders 1-20)","McCray, John Henry, 1910-1987;Personal correspondence","","","Folder of personal records and correspondence of John H. McCray relating to Mittie G. McCray, undated","1 folder","John Henry McCray papers, 1929-1989","","University of South Carolina. South Carolinian Library","Copyright Not Evaluated. For further information please contact The University of South Carolina, South Carolinian Library, Columbia, SC 29208.","","Columbia, Richland County, South Carolina, United States;Charleston, Charleston County, South Carolina, United States","English","300ppi, 24-bit depth color, Epson Expression 10000 XL flatbed scanner with SilverFast scanning software, primary archival file is a TIFF","2017-07-12 00:00:00","Text","image/jpeg","Manuscripts","","","Sarah Moore; Becky Thompson;John Quirk","","2022-05-27","2022-05-27","http://cdm17173.contentdm.oclc.org/cdm/ref/collection/p17173coll38/id/16561",16561.0,"19637.cpd","/p17173coll38/image/19637.cpd","","",0,False,False,False,True,False,"['Empty Transcript']","[]"
"John Henry McCray Papers, Box 5, Folder 25","","McCray, John Henry, 1910-1987;","","circa 1944-1961","Manuscripts; Accession 11294.","","","","John Henry McCray Papers, Box 5, Folder 25","1 folder","John Henry McCray Papers, 1929-1989","https://digital.library.sc.edu/collections/john-henry-mccray-papers-1929-1989/","University of South Carolina. South Caroliniana Library","Copyright Not Evaluated. For further information please contact The University of South Carolina, South Caroliniana Library, Columbia, SC 29208.","World War II (1939-1945);Post-War America (1946-1954);Civil Rights Era (1955-1969)","","English","300ppi, 24-bit depth color, Epson Expression 10000 XL flatbed scanner with SilverFast scanning software, primary archival file is a TIFF","2017-07-28 00:00:00","Text","image/jpeg","Documents (object genre)","","","","","2022-05-31","2022-05-31","http://cdm17173.contentdm.oclc.org/cdm/ref/collection/p17173coll38/id/16717",16717.0,"19793.cpd","/p17173coll38/image/19793.cpd","","",0,False,False,False,True,False,"['Empty Transcript']","[]"
"John Henry McCray Papers, Box 5, Folder 27","","McCray, John Henry, 1910-1987;","","","Manuscripts; Accession 11294.","Lighthouse and Informer","","Richland County (S.C.)","John Henry McCray Papers, Box 5, Folder 27.","1 folder","John Henry McCray Papers, 1929-1989","https://digital.library.sc.edu/collections/john-henry-mccray-papers-1929-1989/","University of South Carolina. South Caroliniana Library","Copyright Not Evaluated. For further information please contact The University of South Carolina, South Caroliniana Library, Columbia, SC 29208.","","Columbia, Richland County, South Carolina, United States","English","300ppi, 24-bit depth color, Epson Expression 10000 XL flatbed scanner with SilverFast scanning software, primary archival file is a TIFF","2017-11-29 00:00:00","Text","image/jpeg","Documents (object genre)","","","Sarah Moore; Becky Thompson; Rhea M. Ray","","2022-06-06","2022-06-06","http://cdm17173.contentdm.oclc.org/cdm/ref/collection/p17173coll38/id/16720",16720.0,"19796.cpd","/p17173coll38/image/19796.cpd","","",0,False,False,False,True,False,"['Empty Transcript']","[]"
"John Henry McCray Papers, Box 5, Tribute Book","The Women's Organizations of Columbia, South Carolina","","1947-12-07 00:00:00","","Manuscripts; Accession 11294.","Women--Societies and clubs;McCray, John Henry, 1910-1987;","Hinton, James M.","Richland County (S.C.)","John Henry McCray Papers, Box 5, Notebook","1 notebook ; 41 pages","John Henry McCray Papers, 1929-1989","https://digital.library.sc.edu/collections/john-henry-mccray-papers-1929-1989/","University of South Carolina. South Caroliniana Library","Copyright Not Evaluated. For further information please contact The University of South Carolina, South Caroliniana Library, Columbia, SC 29208.","Post-War America (1946-1954)","Columbia, Richland County, South Carolina, United States","English","300ppi, 24-bit depth color, Epson Expression 10000 XL flatbed scanner with SilverFast scanning software, primary archival file is a TIFF","2017-11-29 00:00:00","Text","image/jpeg","Notebooks","","Blank notebook pages were not scanned.","Sarah Moore; Becky Thompson; Rhea M. Ray","","2022-06-06","2022-06-06","http://cdm17173.contentdm.oclc.org/cdm/ref/collection/p17173coll38/id/16762",16762.0,"19838.cpd","/p17173coll38/image/19838.cpd","1947","",0,False,False,False,True,False,"['Empty Transcript']","[]"
"John Henry McCray papers, Box 6, Folder 19, Personal, McCray, Rachel R., 1956-1963","McCray, John Henry, 1910-1987","","1956-1963","","Manuscripts Annex, Letter size papers, 1929-1989 (folders 1-20)","McCray, John Henry, 1910-1987;Personal correspondence","","","Folder of personal records and correspondence of John H. McCray relating to Rachel R. McCray, 1956-1963","1 folder","John Henry McCray papers, 1929-1989","","University of South Carolina. South Carolinian Library","Copyright Not Evaluated. For further information please contact The University of South Carolina, South Carolinian Library, Columbia, SC 29208.; Civil Rights Era (1955-1969)","","Columbia, Richland County, South Carolina, United States;Charleston, Charleston County, South Carolina, United States","English","300ppi, 24-bit depth color, Epson Expression 10000 XL flatbed scanner with SilverFast scanning software, primary archival file is a TIFF","2017-07-13 00:00:00","Text;Still Image","image/jpeg","Manuscripts","","","Sarah Moore; Becky Thompson;John Quirk","","2022-06-08","2022-06-08","http://cdm17173.contentdm.oclc.org/cdm/ref/collection/p17173coll38/id/16841",16841.0,"19917.cpd","/p17173coll38/image/19917.cpd","1956","",0,False,False,False,True,False,"['Empty Transcript']","[]"
"John Henry McCray Papers, Box 5, Folder 26","","McCray, John Henry, 1910-1987;","","","Manuscripts; Accession 11294.","","","","John Henry McCray Papers, Box 5, Folder 26","1 folder","John Henry McCray Papers, 1929-1989","https://digital.library.sc.edu/collections/john-henry-mccray-papers-1929-1989/","University of South Carolina. South Caroliniana Library","Copyright Not Evaluated. For further information please contact The University of South Carolina, South Caroliniana Library, Columbia, SC 29208.","","","English","300ppi, 24-bit depth color, Epson Expression 10000 XL flatbed scanner with SilverFast scanning software, primary archival file is a TIFF","2017-07-28 00:00:00","Text","image/jpeg","Documents (object genre)","","","Sarah Moore; Becky Thompson; Rhea M. Ray","","2022-06-09","2022-06-09","http://cdm17173.contentdm.oclc.org/cdm/ref/collection/p17173coll38/id/17044",17044.0,"20120.cpd","/p17173coll38/image/20120.cpd","","",0,False,False,False,True,False,"['Empty Transcript']","[]"
"John Henry McCray papers, Box 6, Folder 20, Personal, McCray, Satis, 1946-1962","McCray, John Henry, 1910-1987","","1946-1962","","Manuscripts Annex, Letter size papers, 1929-1989 (folders 1-20)","McCray, John Henry, 1910-1987;Personal correspondence","","","Folder of personal records and correspondence of John H. McCray relating to Satis McCray from 1942 through 1962","1 folder","John Henry McCray papers, 1929-1989","","University of South Carolina. South Carolinian Library","Copyright Not Evaluated. For further information please contact The University of South Carolina, South Carolinian Library, Columbia, SC 29208.; Post-War America (1946-1954);Civil Rights Era (1955-1969)","","Columbia, Richland County, South Carolina, United States;Charleston, Charleston County, South Carolina, United States","English","300ppi, 24-bit depth color, Epson Expression 10000 XL flatbed scanner with SilverFast scanning software, primary archival file is a TIFF","2017-07-13 00:00:00","Text","image/jpeg","Manuscripts","","","Sarah Moore; Becky Thompson;John Quirk","","2022-06-09","2022-06-09","http://cdm17173.contentdm.oclc.org/cdm/ref/collection/p17173coll38/id/17080",17080.0,"20156.cpd","/p17173coll38/image/20156.cpd","1946","",0,False,False,False,True,False,"['Empty Transcript']","[]"
"John Henry McCray Papers, Box 7, Folder 01, Legal Size, Journalism, Lighthouse and Informer","","McCray, John Henry, 1910-1987;","","circa 1944-1960","Manuscripts; Accession 11294.","","","Richland County (S.C.)","John Henry McCray Papers, Box 7, Folder 01, Legal Size, Journalism, Lighthouse and Informer (Columbia, S.C.), 1944-1960.","1 folder","John Henry McCray Papers, 1929-1989","https://digital.library.sc.edu/collections/john-henry-mccray-papers-1929-1989/","University of South Carolina. South Caroliniana Library","Copyright Not Evaluated. For further information please contact The University of South Carolina, South Caroliniana Library, Columbia, SC 29208.","","Columbia, Richland County, South Carolina, United States","English","300ppi, 24-bit depth color, Epson Expression 10000 XL flatbed scanner with SilverFast scanning software, primary archival file is a TIFF","2017-11-20 00:00:00","Text","image/jpeg","Documents (object genre)","","","Sarah Moore; Rhea M. Ray","","2022-06-13","2022-06-13","http://cdm17173.contentdm.oclc.org/cdm/ref/collection/p17173coll38/id/17138",17138.0,"20214.cpd","/p17173coll38/image/20214.cpd","","",0,False,False,False,True,False,"['Empty Transcript']","[]"
"John Henry McCray Papers, Box 7, Folder 02, Legal Size, Journalism, Afro-American (Charleston, S.C.), 1956-1962, n.d.","","McCray, John Henry, 1910-1987;","","circa 1956-1962","Manuscripts; Accession 11294.","","","Charleston County (S.C.)","John Henry McCray Papers, Box 7, Folder 02, Legal Size, Journalism, Afro-American (Charleston, S.C.), 1956-1962, n.d.","1 folder","John Henry McCray Papers, 1929-1989","https://digital.library.sc.edu/collections/john-henry-mccray-papers-1929-1989/","University of South Carolina. South Caroliniana Library","Copyright Not Evaluated. For further information please contact The University of South Carolina, South Caroliniana Library, Columbia, SC 29208.","","Charleston, Charleston County, South Carolina, United States","English","300ppi, 24-bit depth color, Epson Expression 10000 XL flatbed scanner with SilverFast scanning software, primary archival file is a TIFF","2017-11-20 00:00:00","Text","image/jpeg","Documents (object genre)","","","","","2022-06-14","2022-06-14","http://cdm17173.contentdm.oclc.org/cdm/ref/collection/p17173coll38/id/17246",17246.0,"20322.cpd","/p17173coll38/image/20322.cpd","","",0,False,False,False,True,False,"['Empty Transcript']","[]"
"John Henry McCray Papers, Box 5, Folder 03, Legal Size, Journalism, Pittsburgh Courier (Pittsburgh, Penn.), General, 1961-1963","","McCray, John Henry, 1910-1987;","","circa 1961-1963","Manuscripts; Accession 11294.","","","","John Henry McCray Papers, Box 5, Folder 03, Legal Size, Journalism, Pittsburgh Courier (Pittsburgh, Penn.), General, 1961-1963","1 folder","John Henry McCray Papers, 1929-1989","https://digital.library.sc.edu/collections/john-henry-mccray-papers-1929-1989/","University of South Carolina. South Caroliniana Library","Copyright Not Evaluated. For further information please contact The University of South Carolina, South Caroliniana Library, Columbia, SC 29208.","","Pittsburgh, Allegheny County, Pennsylvania, United States","English","300ppi, 24-bit depth color, Epson Expression 10000 XL flatbed scanner with SilverFast scanning software, primary archival file is a TIFF","2017-11-20 00:00:00","Text","image/jpeg","Documents (object genre)","","","","","2022-06-15","2022-06-15","http://cdm17173.contentdm.oclc.org/cdm/ref/collection/p17173coll38/id/17284",17284.0,"20360.cpd","/p17173coll38/image/20360.cpd","","",0,False,False,False,True,False,"['Empty Transcript']","[]"
"John Henry McCray papers, Box 6, Folder 21, Personal, McCray, Wrench, 1954-1964","McCray, John Henry, 1910-1987","","1954-1964","","Manuscripts Annex, Letter size papers, 1929-1989 (folders 1-20)","McCray, John Henry, 1910-1987;Personal correspondence","","","Folder of personal correspondence of John H. McCray relating to Wrench McCray from 1954 through 1964","1 folder","John Henry McCray papers, 1929-1989","","University of South Carolina. South Carolinian Library","Copyright Not Evaluated. For further information please contact The University of South Carolina, South Carolinian Library, Columbia, SC 29208.","Civil Rights Era (1955-1969)","Columbia, Richland County, South Carolina, United States;Charleston, Charleston County, South Carolina, United States","English","300ppi, 24-bit depth color, Epson Expression 10000 XL flatbed scanner with SilverFast scanning software, Primary Archival file is a TIFF","2017-07-14 00:00:00","Text","image/jpeg","Manuscripts","","","Sarah Moore; Becky Thompson; John Quirk","","2022-06-15","2022-06-15","http://cdm17173.contentdm.oclc.org/cdm/ref/collection/p17173coll38/id/17341",17341.0,"20417.cpd","/p17173coll38/image/20417.cpd","1954","",0,False,False,False,True,False,"['Empty Transcript']","[]"
"John Henry McCray Papers, Box 7, Folder 04, Legal Size, Journalism, Pittsburgh Courier (Pittsburgh, Penn.), Distributor's Reports, 1962","","McCray, John Henry, 1910-1987;","","circa 1962","Manuscripts; Accession 11294.","Pittsburgh Courier Publishing Co.","","","John Henry McCray Papers, Box 7, Folder 04, Legal Size, Journalism, Pittsburgh Courier (Pittsburgh, Penn.), Distributor's Reports, 1962","1 folder","John Henry McCray Papers, 1929-1989","https://digital.library.sc.edu/collections/john-henry-mccray-papers-1929-1989/","University of South Carolina. South Caroliniana Library","Copyright Not Evaluated. For further information please contact The University of South Carolina, South Caroliniana Library, Columbia, SC 29208.","","","English","300ppi, 24-bit depth color, Epson Expression 10000 XL flatbed scanner with SilverFast scanning software, primary archival file is a TIFF","2017-11-27 00:00:00","Text","image/jpeg","Documents (object genre)","","","Sarah Moore; Rhea M. Ray","","2022-06-29","2022-06-29","http://cdm17173.contentdm.oclc.org/cdm/ref/collection/p17173coll38/id/17398",17398.0,"20474.cpd","/p17173coll38/image/20474.cpd","","",0,False,False,False,True,False,"['Empty Transcript']","[]"
"John Henry McCray Papers, Box 7, Folder 05, Legal Size, Journalism, Charleston Chronicle (Charleston, S.C.) (""""The Way It Was""""), 1980-1986","","McCray, John Henry, 1910-1987;","","circa 1980-1986","Manuscripts; Accession 11294.","Newspaper columns","","Charleston County (S.C.)","","1 folder","John Henry McCray Papers, 1929-1989","https://digital.library.sc.edu/collections/john-henry-mccray-papers-1929-1989/","University of South Carolina. South Caroliniana Library","Copyright Not Evaluated. For further information please contact The University of South Carolina, South Caroliniana Library, Columbia, SC 29208.","The Modern State (1970-present)","Charleston, Charleston County, South Carolina, United States;Talladega, Talladega County, Alabama, United States","English","","2017","Text","image/jpeg","Documents (object genre)","","","Sarah Moore; Rhea M. Ray","","2022-06-29","2022-06-29","http://cdm17173.contentdm.oclc.org/cdm/ref/collection/p17173coll38/id/17449",17449.0,"20525.cpd","/p17173coll38/image/20525.cpd","","",0,False,False,False,True,False,"['Empty Transcript']","[]"
"John Henry McCray Papers, Box 7, Folder 06, Legal Size, Journalism, Charleston Chronicle (Charleston, S.C.) (The Way It Was), 1980-1986","","McCray, John Henry, 1910-1987;","","circa 1980-1986","Manuscripts; Accession 11294.","","","Charleston County (S.C.)","John Henry McCray Papers, Box 7, Folder 06, Legal Size, Journalism, Charleston Chronicle (Charleston, S.C.) (The Way It Was), 1980-1986.  A newspaper column by John Henry McCray in the Charleston Chronicle discussing Black civil rights activism in the Southern states of the United States during the early and middle 20th century.","1 folder","John Henry McCray Papers, 1929-1989","https://digital.library.sc.edu/collections/john-henry-mccray-papers-1929-1989/","University of South Carolina. South Caroliniana Library","Copyright Not Evaluated. For further information please contact The University of South Carolina, South Caroliniana Library, Columbia, SC 29208.","The Modern State (1970-present)","Charleston, Charleston County, South Carolina, United States;Talladega, Talladega County, Alabama, United Sates","English","300ppi, 24-bit depth color, Zeutschel Scanner with Omniscan 12 scanning software, primary archival file is a TIFF","2018-02-19 00:00:00","Text","image/jpeg","Newspaper columns;Newspaper clippings","","","Sarah Moore; Rhea M. Ray","","2022-07-01","2022-07-01","http://cdm17173.contentdm.oclc.org/cdm/ref/collection/p17173coll38/id/17491",17491.0,"20567.cpd","/p17173coll38/image/20567.cpd","","",0,False,False,False,True,False,"['Empty Transcript']","[]"
"John Henry McCray Papers, Box 7, Folder 07, Legal Size, Journalism, Charleston Chronicle (Charleston, S.C.) (The Way It Was), 1980-1986","","McCray, John Henry, 1910-1987;","","circa 1980-1986","Manuscripts; Accession 11294.","","","Charleston County (S.C.)","John Henry McCray Papers, Box 7, Folder 07, Legal Size, Journalism, Charleston Chronicle (Charleston, S.C.) (The Way It Was), 1980-1986","1 folder","John Henry McCray Papers, 1929-1989","https://digital.library.sc.edu/collections/john-henry-mccray-papers-1929-1989/","University of South Carolina. South Caroliniana Library","Copyright Not Evaluated. For further information please contact The University of South Carolina, South Caroliniana Library, Columbia, SC 29208.","The Modern State (1970-present)","Charleston, Charleston County, South Carolina, United States;Talladega, Talladega County, Alabama, United Sates","English","300ppi, 24-bit depth color, Zeutschel Scanner with Omniscan 12 scanning software, primary archival file is a TIFF","2018-02-19 00:00:00","Text","image/jpeg","Newspaper columns;Newspaper clippings","","","Sarah Moore; Rhea M. Ray","","2022-07-06","2022-07-06","http://cdm17173.contentdm.oclc.org/cdm/ref/collection/p17173coll38/id/17549",17549.0,"20625.cpd","/p17173coll38/image/20625.cpd","","",0,False,False,False,True,False,"['Empty Transcript']","[]"
"John Henry McCray Papers, Box 7, Folder 08, Legal Size, Journalism, Charleston Chronicle (Charleston, S.C.) (The Way It Was), 1980-1986","","McCray, John Henry, 1910-1987;","","circa 1980-1986","Manuscripts; Accession 11294.","","","Charleston County (S.C.)","A newspaper column by John Henry McCray in the Charleston Chronicle discussing Black civil rights activism in the Southern states of the United States during the early and middle 20th century.","1 folder","John Henry McCray Papers, 1929-1989","https://digital.library.sc.edu/collections/john-henry-mccray-papers-1929-1989/","University of South Carolina. South Caroliniana Library","Copyright Not Evaluated. For further information please contact The University of South Carolina, South Caroliniana Library, Columbia, SC 29208.","The Modern State (1970-present)","Charleston, Charleston County, South Carolina, United States;Talladega, Talladega County, Alabama, United Sates","English","300ppi, 24-bit depth color, Zeutschel Scanner with Omniscan 12 scanning software, primary archival file is a TIFF","2018-02-19 00:00:00","Text","image/jpeg","Newspaper columns;Newspaper clippings","","","Sarah Moore; Rhea M. Ray","","2022-07-06","2022-07-06","http://cdm17173.contentdm.oclc.org/cdm/ref/collection/p17173coll38/id/17587",17587.0,"20663.cpd","/p17173coll38/image/20663.cpd","","",0,False,False,False,True,False,"['Empty Transcript']","[]"
"John Henry McCray Papers, Box 7, Folder 11, Politics, 1944-1963, n.d.","","McCray, John Henry, 1910-1987;","","circa 1944-1963","Manuscripts; Accession 11294.","","","","John Henry McCray Papers, Box 7, Folder 11, Politics, 1944-1963, n.d.","1 folder","John Henry McCray Papers, 1929-1989","https://digital.library.sc.edu/collections/john-henry-mccray-papers-1929-1989/","University of South Carolina. South Caroliniana Library","Copyright Not Evaluated. For further information please contact The University of South Carolina, South Caroliniana Library, Columbia, SC 29208.","","United States","English","300ppi, 24-bit depth color, Epson Expression 10000 XL flatbed scanner with SilverFast scanning software, primary archival file is a TIFF","2017-11-27 00:00:00","Text","image/jpeg","Documents (object genre)","","","Sarah Moore; Rhea M. Ray","","2022-07-08","2022-07-08","http://cdm17173.contentdm.oclc.org/cdm/ref/collection/p17173coll38/id/17653",17653.0,"20729.cpd","/p17173coll38/image/20729.cpd","","",0,False,False,False,True,False,"['Empty Transcript']","[]"
"John Henry McCray Papers, Box 7, Folder 10, Legal Size, Journalism, Charleston Chronicle (Charleston, S.C.) (The Way It Was), 1980-1986","","McCray, John Henry, 1910-1987;","","circa 1980-1986","Manuscripts; Accession 11294.","","","Charleston County (S.C.)","A newspaper column by John Henry McCray in the Charleston Chronicle discussing Black civil rights activism in the Southern states of the United States during the early and middle 20th century.","1 folder","John Henry McCray Papers, 1929-1989","https://digital.library.sc.edu/collections/john-henry-mccray-papers-1929-1989/","University of South Carolina. South Caroliniana Library","Copyright Not Evaluated. For further information please contact The University of South Carolina, South Caroliniana Library, Columbia, SC 29208.","The Modern State (1970-present)","Charleston, Charleston County, South Carolina, United States;Talladega, Talladega County, Alabama, United Sates","English","300ppi, 24-bit depth color, Zeutschel Scanner with Omniscan 12 scanning software, primary archival file is a TIFF","2018-02-21 00:00:00","Text","image/jpeg","Newspaper columns;Newspaper clippings","","","Sarah Moore; Rhea M. Ray","","2022-07-08","2022-07-08","http://cdm17173.contentdm.oclc.org/cdm/ref/collection/p17173coll38/id/17670",17670.0,"20746.cpd","/p17173coll38/image/20746.cpd","","",0,False,False,False,True,False,"['Empty Transcript']","[]"
"John Henry McCray papers, Box 8, Folder 2, Photographs, Athletics","McCray, John Henry, 1910-1987","","","","Manuscripts Annex, Letter size papers, 1932 to 1960 (folders 1-44)","McCray, John Henry, 1910-1987;Black and white photographs","","","Folder of photographs centered on athletics","1 folder of photographs","John Henry McCray papers, 1929-1989","","University of South Carolina. South Carolinian Library","Copyright Not Evaluated. For further information please contact The University of South Carolina, South Carolinian Library, Columbia, SC 29208.","","Columbia, Richland County, South Carolina, United States;Charleston, Charleston County, South Carolina, United States","English","600ppi, 24-bit depth color24-bit depth color, Epson Expression 10000 XL flatbed scanner with SilverFast scanning software, Archival Master file is a TIFF","2017-03-27 00:00:00","Still Image","image/jpeg","Images","mccrayjhphoto-athletics","","Sarah Moore","","2022-09-21","2022-09-21","http://cdm17173.contentdm.oclc.org/cdm/ref/collection/p17173coll38/id/17684",17684.0,"20760.cpd","/p17173coll38/image/20760.cpd","","",0,False,False,False,True,False,"['Empty Transcript']","[]"
"John Henry McCray papers, Box 8, Folder 1, Photographs, Agriculture","McCray, John Henry, 1910-1987","","","","Manuscripts Annex, Letter size papers, 1932 to 1960 (folders 1-44)","McCray, John Henry, 1910-1987;Black and white photographs","","","Folder of photographs on the theme of agriculture","1 folder","John Henry McCray papers, 1929-1989","","University of South Carolina. South Carolinian Library","Copyright Not Evaluated. For further information please contact The University of South Carolina, South Carolinian Library, Columbia, SC 29208.","","Columbia, Richland County, South Carolina, United States;Charleston, Charleston County, South Carolina, United States","English","600ppi, 24-bit depth color, Epson Expression 10000 XL flatbed scanner with SilverFast scanning software, Archival Master file is a TIFF","2017-03-27 00:00:00","Still Image","image/jpeg","Images","mccrayjhphoto-agriculture","","Sarah Moore;John Quirk","","2022-09-21","2022-09-21","http://cdm17173.contentdm.oclc.org/cdm/ref/collection/p17173coll38/id/17689",17689.0,"20765.cpd","/p17173coll38/image/20765.cpd","","",0,False,False,False,True,False,"['Empty Transcript']","[]"
"John Henry McCray Papers, Box 7, Folder 09, Legal Size, Journalism, Charleston Chronicle (Charleston, S.C.) (The Way It Was), 1980-1986","","McCray, John Henry, 1910-1987;","","circa 1980-1986","Manuscripts; Accession 11294.","","","Charleston County (S.C.)","A newspaper column by John Henry McCray in the Charleston Chronicle discussing Black civil rights activism in the Southern states of the United States during the early and middle 20th century.","1 folder","John Henry McCray Papers, 1929-1989","https://digital.library.sc.edu/collections/john-henry-mccray-papers-1929-1989/","University of South Carolina. South Caroliniana Library","Copyright Not Evaluated. For further information please contact The University of South Carolina, South Caroliniana Library, Columbia, SC 29208.","The Modern State (1970-present)","Charleston, Charleston County, South Carolina, United States;Talladega, Talladega County, Alabama, United Sates","English","300ppi, 24-bit depth color, Zeutschel Scanner with Omniscan 12 scanning software, primary archival file is a TIFF","2018-02-19 00:00:00","Text","image/jpeg","Newspaper columns;Newspaper clippings","","","Sarah Moore; Rhea M. Ray","","2022-07-08","2022-07-08","http://cdm17173.contentdm.oclc.org/cdm/ref/collection/p17173coll38/id/17724",17724.0,"20800.cpd","/p17173coll38/image/20800.cpd","","",0,False,False,False,True,False,"['Empty Transcript']","[]"
"John Henry McCray Papers, Box 7, Folder 14","","McCray, John Henry, 1910-1987;","","","Manuscripts; Accession 11294.","","","","John Henry McCray Papers, Box 7, Folder 14","1 folder","John Henry McCray Papers, 1929-1989","https://digital.library.sc.edu/collections/john-henry-mccray-papers-1929-1989/","University of South Carolina. South Caroliniana Library","Copyright Not Evaluated. For further information please contact The University of South Carolina, South Caroliniana Library, Columbia, SC 29208.","","United States","English","300ppi, 24-bit depth color, Epson Expression 10000 XL flatbed scanner with SilverFast scanning software, primary archival file is a TIFF","2018-02-12 00:00:00","Text","image/jpeg","Documents (object genre)","","","Sarah Moore; Rhea M. Ray","","2022-07-13","2022-07-13","http://cdm17173.contentdm.oclc.org/cdm/ref/collection/p17173coll38/id/17771",17771.0,"20847.cpd","/p17173coll38/image/20847.cpd","","",0,False,False,False,True,False,"['Empty Transcript']","[]"
"John Henry McCray Papers, Box 7, Folder 13","","McCray, John Henry, 1910-1987;","","circa 1950-1960","Manuscripts; Accession 11294.","","","","John Henry McCray Papers, Box 7, Folder 13","1 folder","John Henry McCray Papers, 1929-1989","https://digital.library.sc.edu/collections/john-henry-mccray-papers-1929-1989/","University of South Carolina. South Caroliniana Library","Copyright Not Evaluated. For further information please contact The University of South Carolina, South Caroliniana Library, Columbia, SC 29208.","","United States","English","300ppi, 24-bit depth color, Epson Expression 10000 XL flatbed scanner with SilverFast scanning software, primary archival file is a TIFF","2018-02-09 00:00:00","Text","image/jpeg","Documents (object genre)","","","Sarah Moore; Rhea M. Ray","","2022-07-13","2022-07-13","http://cdm17173.contentdm.oclc.org/cdm/ref/collection/p17173coll38/id/17821",17821.0,"20897.cpd","/p17173coll38/image/20897.cpd","","",0,False,False,False,True,False,"['Empty Transcript']","[]"
"John Henry McCray Papers, Box 7, Folder 15","","McCray, John Henry, 1910-1987;","","","Manuscripts; Accession 11294.","","","","John Henry McCray Papers, Box 7, Folder 15.  A collection of voter information sheets.","1 folder","John Henry McCray Papers, 1929-1989","https://digital.library.sc.edu/collections/john-henry-mccray-papers-1929-1989/","University of South Carolina. South Caroliniana Library","Copyright Not Evaluated. For further information please contact The University of South Carolina, South Caroliniana Library, Columbia, SC 29208.","","United States","English","300ppi, 24-bit depth color, Epson Expression 10000 XL flatbed scanner with SilverFast scanning software, primary archival file is a TIFF","2018-02-14 00:00:00","Text","image/jpeg","Documents (object genre)","","","Sarah Moore; Rhea M. Ray","","2022-07-13","2022-07-13","http://cdm17173.contentdm.oclc.org/cdm/ref/collection/p17173coll38/id/17922",17922.0,"20998.cpd","/p17173coll38/image/20998.cpd","","",0,False,False,False,True,False,"['Empty Transcript']","[]"
"John Henry McCray Papers, Box 7, Folder 17, Legal Size, Topical, Fisk University, Race Relations Institute, 1962-1963","","McCray, John Henry, 1910-1987;","","","Manuscripts; Accession 11294.","Race relations;Fisk University","","","John Henry McCray Papers, Box 7, Folder 17, Legal Size, Topical, Fisk University, Race Relations Institute, 1962-1963","1 folder","John Henry McCray Papers, 1929-1989","https://digital.library.sc.edu/collections/john-henry-mccray-papers-1929-1989/","University of South Carolina. South Caroliniana Library","Copyright Not Evaluated. For further information please contact The University of South Carolina, South Caroliniana Library, Columbia, SC 29208.","","United States","English","300ppi, 24-bit depth color, Epson Expression 10000 XL flatbed scanner with SilverFast scanning software, primary archival file is a TIFF","2018-03-19 00:00:00","Text","image/jpeg","Documents (object genre)","","","Sarah Moore; Rhea M. Ray","","2022-07-15","2022-07-15","http://cdm17173.contentdm.oclc.org/cdm/ref/collection/p17173coll38/id/17969",17969.0,"21045.cpd","/p17173coll38/image/21045.cpd","","",0,False,False,False,True,False,"['Empty Transcript']","[]"
"John Henry McCray Papers, Box 7, Folder 12","","McCray, John Henry, 1910-1987;","","","Manuscripts; Accession 11294.","","","","John Henry McCray Papers, Box 7, Folder 12","1 folder","John Henry McCray Papers, 1929-1989","https://digital.library.sc.edu/collections/john-henry-mccray-papers-1929-1989/","University of South Carolina. South Caroliniana Library","Copyright Not Evaluated. For further information please contact The University of South Carolina, South Caroliniana Library, Columbia, SC 29208.","","","English","300ppi, 24-bit depth color, Epson Expression 10000 XL flatbed scanner with SilverFast scanning software, primary archival file is a TIFF","2018-02-07 00:00:00","Text","image/jpeg","Documents (object genres)","","","Sarah Moore; Rhea M. Ray","","2022-07-16","2022-07-16","http://cdm17173.contentdm.oclc.org/cdm/ref/collection/p17173coll38/id/18050",18050.0,"21126.cpd","/p17173coll38/image/21126.cpd","","",0,False,False,False,True,False,"['Empty Transcript']","[]"
"John Henry McCray Papers, Box 7, Folder 16","","McCray, John Henry, 1910-1987;","","","Manuscripts; Accession 11294.","","","","John Henry McCray Papers, Box 7, Folder 16","1 folder","John Henry McCray Papers, 1929-1989","https://digital.library.sc.edu/collections/john-henry-mccray-papers-1929-1989/","University of South Carolina. South Caroliniana Library","Copyright Not Evaluated. For further information please contact The University of South Carolina, South Caroliniana Library, Columbia, SC 29208.","","United States","English","300ppi, 24-bit depth color, Epson Expression 10000 XL flatbed scanner with SilverFast scanning software, primary archival file is a TIFF","2018-02-14 00:00:00","Text","image/jpeg","Documents (object genre)","","","Sarah Moore; Rhea M. Ray","","2022-07-20","2022-07-20","http://cdm17173.contentdm.oclc.org/cdm/ref/collection/p17173coll38/id/18148",18148.0,"21224.cpd","/p17173coll38/image/21224.cpd","","",0,False,False,False,True,False,"['Empty Transcript']","[]"
"John Henry McCray Papers, Box 7, Folder 18, Legal Size, Topical, Lynchings, General, 1945, 1957","","McCray, John Henry, 1910-1987;","","circa 1945-1957","Manuscripts; Accession 11294.","Lynching--United States","","","John Henry McCray Papers, Box 7, Folder 18, Legal Size, Topical, Lynchings, General, 1945, 1957","1 folder","John Henry McCray Papers, 1929-1989","https://digital.library.sc.edu/collections/john-henry-mccray-papers-1929-1989/","University of South Carolina. South Caroliniana Library","Copyright Not Evaluated. For further information please contact The University of South Carolina, South Caroliniana Library, Columbia, SC 29208.","","United States","English","300ppi, 24-bit depth color, Epson Expression 10000 XL flatbed scanner with SilverFast scanning software, primary archival file is a TIFF","2018-02-23 00:00:00","Text","image/jpeg","Documents (object genre)","","","Sarah Moore; Rhea M. Ray","","2022-07-20","2022-07-20","http://cdm17173.contentdm.oclc.org/cdm/ref/collection/p17173coll38/id/18190",18190.0,"21266.cpd","/p17173coll38/image/21266.cpd","","",0,False,False,False,True,False,"['Empty Transcript']","[]"
"John Henry McCray Papers, Box 7, Folder 19, Legal Size, Topical, Lynchings, Colier, John (Greenwood County, S.C.), 1946","","McCray, John Henry, 1910-1987;","1946","","Manuscripts; Accession 11294.","Lynchings--United States","","","John Henry McCray Papers, Box 7, Folder 19, Legal Size, Topical, Lynchings, Colier, John (Greenwood County, S.C.), 1946","1 folder","John Henry McCray Papers, 1929-1989","https://digital.library.sc.edu/collections/john-henry-mccray-papers-1929-1989/","University of South Carolina. South Caroliniana Library","Copyright Not Evaluated. For further information please contact The University of South Carolina, South Caroliniana Library, Columbia, SC 29208.","Post-War America (1946-1954)","United States","English","300ppi, 24-bit depth color, Epson Expression 10000 XL flatbed scanner with SilverFast scanning software, primary archival file is a TIFF","2018-02-23 00:00:00","Text","image/jpeg","Documents (object genre)","","","Sarah Moore; Rhea M. Ray","","2022-07-21","2022-07-21","http://cdm17173.contentdm.oclc.org/cdm/ref/collection/p17173coll38/id/18212",18212.0,"21288.cpd","/p17173coll38/image/21288.cpd","1946","",0,False,False,False,True,False,"['Empty Transcript']","[]"
"John Henry McCray Papers, Box 7, Folder 20, Legal Size, Topical, Lynchings, Earle, Willie (Greenville, S.C.), 1947","","McCray, John Henry, 1910-1987;","1947","","Manuscripts; Accession 11294.","Lynchings--United States;Earle, Willie","","","John Henry McCray Papers, Box 7, Folder 20, Legal Size, Topical, Lynchings, Earle, Willie (Greenville, S.C.), 1947","1 folder","John Henry McCray Papers, 1929-1989","https://digital.library.sc.edu/collections/john-henry-mccray-papers-1929-1989/","University of South Carolina. South Caroliniana Library","Copyright Not Evaluated. For further information please contact The University of South Carolina, South Caroliniana Library, Columbia, SC 29208.","Post-War America (1946-1954)","South Carolina, United States","English","300ppi, 24-bit depth color, Epson Expression 10000 XL flatbed scanner with SilverFast scanning software, primary archival file is a TIFF","2018-02-23 00:00:00","Text","image/jpeg","Documents (object genre)","","","Sarah Moore; Rhea M. Ray","","2022-07-22","2022-07-22","http://cdm17173.contentdm.oclc.org/cdm/ref/collection/p17173coll38/id/18224",18224.0,"21300.cpd","/p17173coll38/image/21300.cpd","1947","",0,False,False,False,True,False,"['Empty Transcript']","[]"
"John Henry McCray Papers, Box 7, Folder 21, Legal Size, Topical, Lynchings, Walker, James, Jr. (Elko, S.C.), 1946-1947","","McCray, John Henry, 1910-1987;","","circa 1946-1947","Manuscripts; Accession 11294.","Lynching--Southern States;Walker, James, Jr.","","","John Henry McCray Papers, Box 7, Folder 21, Legal Size, Topical, Lynchings, Walker, James, Jr. (Elko, South Carolina), 1946-1947","1 folder","John Henry McCray Papers, 1929-1989","https://digital.library.sc.edu/collections/john-henry-mccray-papers-1929-1989/","University of South Carolina. South Caroliniana Library","Copyright Not Evaluated. For further information please contact The University of South Carolina, South Caroliniana Library, Columbia, SC 29208.","Post-War America (1946-1954)","United States","English","300ppi, 24-bit depth color, Epson Expression 10000 XL flatbed scanner with SilverFast scanning software, primary archival file is a TIFF","2018-02-23 00:00:00","Text","image/jpeg","Documents (object genre)","","","Sarah Moore; Rhea M. Ray","","2022-07-25","2022-07-25","http://cdm17173.contentdm.oclc.org/cdm/ref/collection/p17173coll38/id/18287",18287.0,"21363.cpd","/p17173coll38/image/21363.cpd","","",0,False,False,False,True,False,"['Empty Transcript']","[]"
"John Henry McCray Papers, Box 7, Folder 24, Legal Size, Miscellaneous","","McCray, John Henry, 1910-1987;","","","Manuscripts; Accession 11294.","Miscellanea","","","John Henry McCray Papers, Box 7, Folder 24","1 folder","John Henry McCray Papers, 1929-1989","https://digital.library.sc.edu/collections/john-henry-mccray-papers-1929-1989/","University of South Carolina. South Caroliniana Library","Copyright Not Evaluated. For further information please contact The University of South Carolina, South Caroliniana Library, Columbia, SC 29208.","","United States","English","300ppi, 24-bit depth color, Epson Expression 10000 XL flatbed scanner with SilverFast scanning software, primary archival file is a TIFF","2018-03-18 00:00:00","Text","image/jpeg","Documents (object genre)","","","Sarah Moore; Rhea M. Ray","","2022-08-01","2022-08-01","http://cdm17173.contentdm.oclc.org/cdm/ref/collection/p17173coll38/id/18386",18386.0,"21462.cpd","/p17173coll38/image/21462.cpd","","",0,False,False,False,True,False,"['Empty Transcript']","[]"
"John Henry McCray Papers, Box 7, Folder 25","","McCray, John Henry, 1910-1987;","","","Manuscripts; Accession 11294.","","","","John Henry McCray Papers, Box 7, Folder 25","1 folder","John Henry McCray Papers, 1929-1989","https://digital.library.sc.edu/collections/john-henry-mccray-papers-1929-1989/","University of South Carolina. South Caroliniana Library","Copyright Not Evaluated. For further information please contact The University of South Carolina, South Caroliniana Library, Columbia, SC 29208.","","United States","English","300ppi, 24-bit depth color, Epson Expression 10000 XL flatbed scanner with SilverFast scanning software, primary archival file is a TIFF","2018-02-26 00:00:00","Text","image/jpeg","Documents (object genre)","","","Sarah Moore; Rhea M. Ray","","2022-08-01","2022-08-01","http://cdm17173.contentdm.oclc.org/cdm/ref/collection/p17173coll38/id/18482",18482.0,"21558.cpd","/p17173coll38/image/21558.cpd","","",0,False,False,False,True,False,"['Empty Transcript']","[]"
"John Henry McCray Papers, Box 7, Folder 22, Legal Size, Topical, Lynchings, Woodward, Isaac (Batesburg, S.C.), 1946","","McCray, John Henry, 1910-1987;","","circa 1946","Manuscripts; Accession 11294.","Lynching--Southern States;Woodard, Isaac, 1919-1992;African American veterans;Racism against Black people;","","","John Henry McCray Papers, Box 7, Folder 22, Legal Size, Topical, Lynchings, Woodward, Isaac (Batesburg, S.C.), 1946","1 folder","John Henry McCray Papers, 1929-1989","https://digital.library.sc.edu/collections/john-henry-mccray-papers-1929-1989/","University of South Carolina. South Caroliniana Library","Copyright Not Evaluated. For further information please contact The University of South Carolina, South Caroliniana Library, Columbia, SC 29208.","Post-War America (1946-1954)","South Carolina, United States","English","300ppi, 24-bit depth color, Epson Expression 10000 XL flatbed scanner with SilverFast scanning software, primary archival file is a TIFF","2018-02-26 00:00:00","Text","image/jpeg","Documents (object genre)","","","Sarah Moore; Rhea M. Ray","","2022-08-01","2022-08-01","http://cdm17173.contentdm.oclc.org/cdm/ref/collection/p17173coll38/id/18507",18507.0,"21583.cpd","/p17173coll38/image/21583.cpd","","",0,False,False,False,True,False,"['Empty Transcript']","[]"
"John Henry McCray Papers, Box 7, Folder 23, Legal Size, Topical, """"Slave Sale, The Last""""","","McCray, John Henry, 1910-1987;","","","Manuscripts; Accession 11294.","Slaves","","","John Henry McCray Papers, Box 7, Folder 23, Legal Size, Topical, """"Slave Sale, The Last""""","1 folder","John Henry McCray Papers, 1929-1989","https://digital.library.sc.edu/collections/john-henry-mccray-papers-1929-1989/","University of South Carolina. South Caroliniana Library","Copyright Not Evaluated. For further information please contact The University of South Carolina, South Caroliniana Library, Columbia, SC 29208.","","United States","English","300ppi, 24-bit depth color, Epson Expression 10000 XL flatbed scanner with SilverFast scanning software, primary archival file is a TIFF","2018-02-26 00:00:00","Text","image/jpeg","Documents (object genre)","","","Sarah Moore; Rhea M. Ray","","2022-08-01","2022-08-01","http://cdm17173.contentdm.oclc.org/cdm/ref/collection/p17173coll38/id/18525",18525.0,"21601.cpd","/p17173coll38/image/21601.cpd","","",0,False,False,False,True,False,"['Empty Transcript']","[]"
"John Henry McCray Papers, Box 7, Folder 26","","McCray, John Henry, 1910-1987;","","","Manuscripts; Accession 11294.","","","","John Henry McCray Papers, Box 7, Folder 26","1 folder","John Henry McCray Papers, 1929-1989","https://digital.library.sc.edu/collections/john-henry-mccray-papers-1929-1989/","University of South Carolina. South Caroliniana Library","Copyright Not Evaluated. For further information please contact The University of South Carolina, South Caroliniana Library, Columbia, SC 29208.","","United States","English","300ppi, 24-bit depth color, Epson Expression 10000 XL flatbed scanner with SilverFast scanning software, primary archival file is a TIFF","2018-03-02 00:00:00","Text","image/jpeg","Documents (object genre)","","","Sarah Moore; Rhea M. Ray","","2022-08-03","2022-08-03","http://cdm17173.contentdm.oclc.org/cdm/ref/collection/p17173coll38/id/18564",18564.0,"21640.cpd","/p17173coll38/image/21640.cpd","","",0,False,False,False,True,False,"['Empty Transcript']","[]"
"John Henry McCray Papers, Box 4, Folder 30","","McCray, John Henry, 1910-1987","","","John Henry McCray Papers, 1929-1989, Box 4","","","","","1 Folder","John Henry McCray Papers, 1929-1989","https://digital.library.sc.edu/collections/john-henry-mccray-papers-1929-1989/","University of South Carolina. South Caroliniana Library","Copyright Not Evaluated.∩┐╜For further information please contact The University of South Carolina, South Caroliniana Library, Columbia, SC 29208.","","","English","300ppi, 24-bit depth color, Epson Expression 11000 XL flatbed scanner with SilverFast scanning software, primary archival file is a TIFF","2017-01","Text","image/jpeg","Folder","","","Joshua Schutzenhofer","","2022-08-04","2022-08-04","http://cdm17173.contentdm.oclc.org/cdm/ref/collection/p17173coll38/id/18636",18636.0,"21712.cpd","/p17173coll38/image/21712.cpd","","",0,False,False,False,True,False,"['Empty Transcript']","[]"
"John Henry McCray papers, Box 8, Folder 3, Photographs, Business","McCray, John Henry, 1910-1987","","","","Manuscripts Annex, Letter size papers, 1932 to 1960 (folders 1-44)","McCray, John Henry, 1910-1987;Pictoral works","","","Folder of photographs documenting business activities","1 folder","John Henry McCray papers, 1929-1989","","University of South Carolina. South Carolinian Library","Copyright Not Evaluated. For further information please contact The University of South Carolina, South Carolinian Library, Columbia, SC 29208.","","Columbia, Richland County, South Carolina, United States;Charleston, Charleston County, South Carolina, United States","English","600ppi, 24-bit depth color24-bit depth color, Epson Expression 10000 XL flatbed scanner with SilverFast scanning software, Archival Master file is a TIFF","2017-03-27 00:00:00","Still Image","image/jpeg","Images","","","Sarah Moore","","2022-08-08","2022-08-08","http://cdm17173.contentdm.oclc.org/cdm/ref/collection/p17173coll38/id/18652",18652.0,"21797.cpd","/p17173coll38/image/21797.cpd","","",0,False,False,False,True,False,"['Empty Transcript']","[]"
"John Henry McCray papers, Box 8, Folder 4, Photographs, Education, General 1","McCray, John Henry, 1910-1987","","","","Manuscripts Annex, Letter size papers, 1932 to 1960 (folders 1-44)","McCray, John Henry, 1910-1987;Pictoral works","","","Folder of photographs centered on education","1 folder of photographs","John Henry McCray papers, 1929-1989","","University of South Carolina. South Carolinian Library","Copyright Not Evaluated. For further information please contact The University of South Carolina, South Carolinian Library, Columbia, SC 29208.","","Columbia, Richland County, South Carolina, United States;Charleston, Charleston County, South Carolina, United States","English","600ppi, 24-bit depth color24-bit depth color, Epson Expression 10000 XL flatbed scanner with SilverFast scanning software, Archival Master file is a TIFF","2017-03-27 00:00:00","Still Image","image/jpeg","Images","mccrayjhphoto-education 2","","Sarah Moore","","2022-08-08","2022-08-08","http://cdm17173.contentdm.oclc.org/cdm/ref/collection/p17173coll38/id/18675",18675.0,"21889.cpd","/p17173coll38/image/21889.cpd","","",0,False,False,False,True,False,"['Empty Transcript']","[]"
"John Henry McCray Papers, Box 8, Folder 66, Photographs, Women's Club","","McCray, John Henry, 1910-1987;","","","Manuscripts; Accession 11294.","African American women","","","John Henry McCray Papers, Box 8, Folder 66, Photographs, Women's Club","1 folder","John Henry McCray Papers, 1929-1989","https://digital.library.sc.edu/collections/john-henry-mccray-papers-1929-1989/","University of South Carolina. South Caroliniana Library","Copyright Not Evaluated. For further information please contact The University of South Carolina, South Caroliniana Library, Columbia, SC 29208.","","","English","600ppi, 24-bit depth color, Epson Expression 10000 XL flatbed scanner with SilverFast scanning software, primary archival file is a TIFF","2017-06-05 00:00:00","Still Image","image/jpeg","Photographs;Images (object genre)","","","Sarah Moore; Rhea M. Ray","","2022-08-05","2022-08-05","http://cdm17173.contentdm.oclc.org/cdm/ref/collection/p17173coll38/id/18686",18686.0,"21969.cpd","/p17173coll38/image/21969.cpd","","",0,False,False,False,True,False,"['Empty Transcript']","[]"
"John Henry McCray Papers, Box 8, Folder 68, Photographs, Women's Club","","McCray, John Henry, 1910-1987;","","","Manuscripts; Accession 11294.","African American women","","","John Henry McCray Papers, Box 8, Folder 68, Photographs, Women's Club","1 folder","John Henry McCray Papers, 1929-1989","https://digital.library.sc.edu/collections/john-henry-mccray-papers-1929-1989/","University of South Carolina. South Caroliniana Library","Copyright Not Evaluated. For further information please contact The University of South Carolina, South Caroliniana Library, Columbia, SC 29208.","","United States","English","600ppi, 24-bit depth color, Epson Expression 11000 XL flatbed scanner with SilverFast scanning software, primary archival file is a TIFF","","Still Image","image/jpeg","Photographs;Images (object genre)","","","Sarah Moore; Rhea M. Ray","","2022-08-05","2022-08-05","http://cdm17173.contentdm.oclc.org/cdm/ref/collection/p17173coll38/id/18703",18703.0,"22055.cpd","/p17173coll38/image/22055.cpd","","",0,False,False,False,True,False,"['Empty Transcript']","[]"
"John Henry McCray Papers, Box 8, Folder 67, Photographs, Women's Club","","McCray, John Henry, 1910-1987;","","","Manuscripts; Accession 11294.","African American women","","","John Henry McCray Papers, Box 8, Folder 67, Photographs, Women's Club","1 folder","John Henry McCray Papers, 1929-1989","https://digital.library.sc.edu/collections/john-henry-mccray-papers-1929-1989/","University of South Carolina. South Caroliniana Library","Copyright Not Evaluated. For further information please contact The University of South Carolina, South Caroliniana Library, Columbia, SC 29208.","","","English","600ppi, 24-bit depth color, Epson Expression 11000 XL flatbed scanner with SilverFast scanning software, primary archival file is a TIFF","","Still Image","image/jpeg","Photographs;Images (object genre)","","","Sarah Moore; Rhea M. Ray","","2022-08-05","2022-08-05","http://cdm17173.contentdm.oclc.org/cdm/ref/collection/p17173coll38/id/18716",18716.0,"22068.cpd","/p17173coll38/image/22068.cpd","","",0,False,False,False,True,False,"['Empty Transcript']","[]"
"John Henry McCray Papers, Box 8, Folder 65, Photographs, Women's Club","","McCray, John Henry, 1910-1987;","","","Manuscripts; Accession 11294.","African American women","","","John Henry McCray Papers, Box 8, Folder 65, Photographs, Women's Club","1 folder","John Henry McCray Papers, 1929-1989","https://digital.library.sc.edu/collections/john-henry-mccray-papers-1929-1989/","University of South Carolina. South Caroliniana Library","Copyright Not Evaluated. For further information please contact The University of South Carolina, South Caroliniana Library, Columbia, SC 29208.","","","English","600ppi, 24-bit depth color, Epson Expression 11000 XL flatbed scanner with SilverFast scanning software, primary archival file is a TIFF","2017-07-13 00:00:00","Still Image","image/jpeg","Photographs;Images (object genre)","","","Sarah Moore; Rhea M. Ray","","2022-08-05","2022-08-05","http://cdm17173.contentdm.oclc.org/cdm/ref/collection/p17173coll38/id/18726",18726.0,"22078.cpd","/p17173coll38/image/22078.cpd","","",0,False,False,False,True,False,"['Empty Transcript']","[]"
"John Henry McCray Papers, Box 8, Folder 64, Photographs, Women's Club","","McCray, John Henry, 1910-1987;","","","Manuscripts; Accession 11294.","African American women","","","John Henry McCray Papers, Box 8, Folder 64, Photographs, Women's Club","1 folder","John Henry McCray Papers, 1929-1989","https://digital.library.sc.edu/collections/john-henry-mccray-papers-1929-1989/","University of South Carolina. South Caroliniana Library","Copyright Not Evaluated. For further information please contact The University of South Carolina, South Caroliniana Library, Columbia, SC 29208.","","","English","600ppi, 24-bit depth color, Epson Expression 11000 XL flatbed scanner with SilverFast scanning software, primary archival file is a TIFF","2017-05-12 00:00:00","Still Image","image/jpeg","Photographs;Images (object genre)","","","Sarah Moore; Rhea M. Ray","","2022-08-05","2022-08-05","http://cdm17173.contentdm.oclc.org/cdm/ref/collection/p17173coll38/id/18740",18740.0,"22230.cpd","/p17173coll38/image/22230.cpd","","",0,False,False,False,True,False,"['Empty Transcript']","[]"
"John Henry McCray Papers, Box 8, Folder 62, Photographs, Willie Earle Lynching","","McCray, John Henry, 1910-1987;","","","Manuscripts; Accession 11294.","Earle, Willie, 1922-1947;Lynching--Southern States;","","","John Henry McCray Papers, Box 8, Folder 62, Photographs, Willie Earle Lynching","1 folder","John Henry McCray Papers, 1929-1989","https://digital.library.sc.edu/collections/john-henry-mccray-papers-1929-1989/","University of South Carolina. South Caroliniana Library","Copyright Not Evaluated. For further information please contact The University of South Carolina, South Caroliniana Library, Columbia, SC 29208.","Post-War America (1946-1954)","South Carolina, United States","English","600ppi, 24-bit depth color, Epson Expression 11000 XL flatbed scanner with SilverFast scanning software, primary archival file is a TIFF","","Still Image","image/jpeg","Photographs;Images (object genre)","","Warning:  The photographs in this folder contain graphic and sensitive material.","Sarah Moore; Rhea M. Ray","","2022-08-07","2022-08-07","http://cdm17173.contentdm.oclc.org/cdm/ref/collection/p17173coll38/id/18743",18743.0,"22233.cpd","/p17173coll38/image/22233.cpd","","",0,False,False,False,True,False,"['Empty Transcript']","[]"
"John Henry McCray Papers, Box 8, Folder 59, Photographs, Voting","","McCray, John Henry, 1910-1987;","","","Manuscripts; Accession 11294.","Voting--United States","","","John Henry McCray Papers, Box 8, Folder 59, Photographs, Voting","1 folder","John Henry McCray Papers, 1929-1989","https://digital.library.sc.edu/collections/john-henry-mccray-papers-1929-1989/","University of South Carolina. South Caroliniana Library","Copyright Not Evaluated. For further information please contact The University of South Carolina, South Caroliniana Library, Columbia, SC 29208.","","United States","English","600ppi, 24-bit depth color, Epson Expression 10000 XL flatbed scanner with SilverFast scanning software, primary archival file is a TIFF","2017-06-05 00:00:00","Still Image","image/jpeg","Photographs;Images (object genre)","","","Sarah Moore; Rhea M. Ray","","2022-08-07","2022-08-07","http://cdm17173.contentdm.oclc.org/cdm/ref/collection/p17173coll38/id/18760",18760.0,"22250.cpd","/p17173coll38/image/22250.cpd","","",0,False,False,False,True,False,"['Empty Transcript']","[]"
"John Henry McCray Papers, Box 8, Folder 63, Photographs, Women's Club","","McCray, John Henry, 1910-1987;","","","Manuscripts; Accession 11294.","African American women","","","John Henry McCray Papers, Box 8, Folder 63, Photographs, Women's Club","1 folder","John Henry McCray Papers, 1929-1989","https://digital.library.sc.edu/collections/john-henry-mccray-papers-1929-1989/","University of South Carolina. South Caroliniana Library","Copyright Not Evaluated. For further information please contact The University of South Carolina, South Caroliniana Library, Columbia, SC 29208.","","","English","600ppi, 24-bit depth color, Epson Expression 10000 XL flatbed scanner with SilverFast scanning software, primary archival file is a TIFF","2017-05-10 00:00:00","Still Image","image/jpeg","Photographs;Images (object genre)","","","Sarah Moore; Rhea M. Ray","","2022-08-07","2022-08-07","http://cdm17173.contentdm.oclc.org/cdm/ref/collection/p17173coll38/id/18777",18777.0,"22267.cpd","/p17173coll38/image/22267.cpd","","",0,False,False,False,True,False,"['Empty Transcript']","[]"
"John Henry McCray Papers, Box 8, Folder 60, Photographs, Weddings","","McCray, John Henry, 1910-1987;","","","Manuscripts; Accession 11294.","Weddings","","","John Henry McCray Papers, Box 8, Folder 60, Photographs, Weddings","1 folder","John Henry McCray Papers, 1929-1989","https://digital.library.sc.edu/collections/john-henry-mccray-papers-1929-1989/","University of South Carolina. South Caroliniana Library","Copyright Not Evaluated. For further information please contact The University of South Carolina, South Caroliniana Library, Columbia, SC 29208.","","United States","English","600ppi, 24-bit depth color, Epson Expression 10000 XL flatbed scanner with SilverFast scanning software, primary archival file is a TIFF","2017-06-05 00:00:00","Still Image","image/jpeg","Photographs;Images (object genre)","","","Sarah Moore; Rhea M. Ray","","2022-08-07","2022-08-07","http://cdm17173.contentdm.oclc.org/cdm/ref/collection/p17173coll38/id/18797",18797.0,"22356.cpd","/p17173coll38/image/22356.cpd","","",0,False,False,False,True,False,"['Empty Transcript']","[]"
"John Henry McCray Papers, Box 8, Folder 61, Photographs, Weddings","","McCray, John Henry, 1910-1987;","","","Manuscripts; Accession 11294.","Weddings","","","John Henry McCray Papers, Box 8, Folder 61, Photographs, Weddings","1 folder","John Henry McCray Papers, 1929-1989","https://digital.library.sc.edu/collections/john-henry-mccray-papers-1929-1989/","University of South Carolina. South Caroliniana Library","Copyright Not Evaluated. For further information please contact The University of South Carolina, South Caroliniana Library, Columbia, SC 29208.","","United States","English","600ppi, 24-bit depth color, Epson Expression 10000 XL flatbed scanner with SilverFast scanning software, primary archival file is a TIFF","2017-07-10 00:00:00","Still Image","image/jpeg","Photographs;Images (object genre)","","","Sarah Moore; Rhea M. Ray","","2022-08-07","2022-08-07","http://cdm17173.contentdm.oclc.org/cdm/ref/collection/p17173coll38/id/18807",18807.0,"22366.cpd","/p17173coll38/image/22366.cpd","","",0,False,False,False,True,False,"['Empty Transcript']","[]"
"John Henry McCray Papers, Box 8, Folder 57, Photographs, Unidentified Women","","McCray, John Henry, 1910-1987;","","","Manuscripts; Accession 11294.","African American women","","","John Henry McCray Papers, Box 8, Folder 57, Photographs, Unidentified Women","1 folder","John Henry McCray Papers, 1929-1989","https://digital.library.sc.edu/collections/john-henry-mccray-papers-1929-1989/","University of South Carolina. South Caroliniana Library","Copyright Not Evaluated. For further information please contact The University of South Carolina, South Caroliniana Library, Columbia, SC 29208.","","United States","English","600ppi, 24-bit depth color, Epson Expression 10000 XL flatbed scanner with SilverFast scanning software, primary archival file is a TIFF","2017-05-22 00:00:00","Still Image","image/jpeg","Photographs;Images (object genre)","","","Sarah Moore; Rhea M. Ray","","2022-08-08","2022-08-08","http://cdm17173.contentdm.oclc.org/cdm/ref/collection/p17173coll38/id/18866",18866.0,"22494.cpd","/p17173coll38/image/22494.cpd","","",0,False,False,False,True,False,"['Empty Transcript']","[]"
"John Henry McCray Papers, Box 8, Folder 58, Photographs, Unidentified Women","","McCray, John Henry, 1910-1987;","","","Manuscripts; Accession 11294.","African American women;African American girls","","","John Henry McCray Papers, Box 8, Folder 58, Photographs, Unidentified Women","1 folder","John Henry McCray Papers, 1929-1989","https://digital.library.sc.edu/collections/john-henry-mccray-papers-1929-1989/","University of South Carolina. South Caroliniana Library","Copyright Not Evaluated. For further information please contact The University of South Carolina, South Caroliniana Library, Columbia, SC 29208.","","United States","English","600ppi, 24-bit depth color, Epson Expression 10000 XL flatbed scanner with SilverFast scanning software, primary archival file is a TIFF","2017-05-22 00:00:00","Still Image","image/jpeg","Photographs;Images (object genre)","","","Sarah Moore; Rhea M. Ray","","2022-08-08","2022-08-08","http://cdm17173.contentdm.oclc.org/cdm/ref/collection/p17173coll38/id/18904",18904.0,"22532.cpd","/p17173coll38/image/22532.cpd","","",0,False,False,False,True,False,"['Empty Transcript']","[]"
"John Henry McCray Papers, Box 8, Folder 55, Photographs, Unidentified Men","","McCray, John Henry, 1910-1987;","","","Manuscripts; Accession 11294.","African American men;African American boys","","","John Henry McCray Papers, Box 8, Folder 55, Photographs, Unidentified Men","1 folder","John Henry McCray Papers, 1929-1989","https://digital.library.sc.edu/collections/john-henry-mccray-papers-1929-1989/","University of South Carolina. South Caroliniana Library","Copyright Not Evaluated. For further information please contact The University of South Carolina, South Caroliniana Library, Columbia, SC 29208.","","United States","English","600ppi, 24-bit depth color, Epson Expression 10000 XL flatbed scanner with SilverFast scanning software, primary archival file is a TIFF","2017-05-15 00:00:00","Still Image","image/jpeg","Photographs;Images (object genre)","","","Sarah Moore; Rhea M. Ray","","2022-08-10","2022-08-10","http://cdm17173.contentdm.oclc.org/cdm/ref/collection/p17173coll38/id/18971",18971.0,"22668.cpd","/p17173coll38/image/22668.cpd","","",0,False,False,False,True,False,"['Empty Transcript']","[]"
"John Henry McCray Papers, Box 8, Folder 56, Photographs, Unidentified Women","","McCray, John Henry, 1910-1987;","","","Manuscripts; Accession 11294.","African American women;African American girls","","","John Henry McCray Papers, Box 8, Folder 56, Photographs, Unidentified Women","1 folder","John Henry McCray Papers, 1929-1989","https://digital.library.sc.edu/collections/john-henry-mccray-papers-1929-1989/","University of South Carolina. South Caroliniana Library","Copyright Not Evaluated. For further information please contact The University of South Carolina, South Caroliniana Library, Columbia, SC 29208.","","United States","English","600ppi, 24-bit depth color, Epson Expression 10000 XL flatbed scanner with SilverFast scanning software, primary archival file is a TIFF","2017-07-10 00:00:00","Still Image","image/jpeg","Photographs;Images (object genre)","","","Sarah Moore; Rhea M. Ray","","2022-08-10","2022-08-10","http://cdm17173.contentdm.oclc.org/cdm/ref/collection/p17173coll38/id/18997",18997.0,"22694.cpd","/p17173coll38/image/22694.cpd","","",0,False,False,False,True,False,"['Empty Transcript']","[]"
"John Henry McCray papers, Box 8, Folder 6, Photographs, Education, General 3","McCray, John Henry, 1910-1987","","","","Manuscripts Annex, Letter size papers, 1932 to 1960 (folders 1-44)","McCray, John Henry, 1910-1987;Pictoral works","","","Folder of photographs centered on education","1 folder of photographs","John Henry McCray papers, 1929-1989","","University of South Carolina. South Carolinian Library","Copyright Not Evaluated. For further information please contact The University of South Carolina, South Carolinian Library, Columbia, SC 29208.","","Columbia, Richland County, South Carolina, United States;Charleston, Charleston County, South Carolina, United States","English","600ppi, 24-bit depth color24-bit depth color, Epson Expression 10000 XL flatbed scanner with SilverFast scanning software, Archival Master file is a TIFF","2017-03-29 00:00:00","Still Image","image/jpeg","Images","mccrayjhphoto-education 3","","Sarah Moore","","2022-08-11","2022-08-11","http://cdm17173.contentdm.oclc.org/cdm/ref/collection/p17173coll38/id/19014",19014.0,"22711.cpd","/p17173coll38/image/22711.cpd","","",0,False,False,False,True,False,"['Empty Transcript']","[]"
"John Henry McCray Papers, Box 8, Folder 53, Photographs, Rev. Archie Ware","","McCray, John Henry, 1910-1987;","","circa 1948","Manuscripts; Accession 11294.","Ware, Archie, Rev.;African American men","","","John Henry McCray Papers, Box 8, Folder 53, Photographs, Rev. Archie Ware","1 folder","John Henry McCray Papers, 1929-1989","https://digital.library.sc.edu/collections/john-henry-mccray-papers-1929-1989/","University of South Carolina. South Caroliniana Library","Copyright Not Evaluated. For further information please contact The University of South Carolina, South Caroliniana Library, Columbia, SC 29208.","Post-War America (1946-1954)","South Carolina, United States","English","600ppi, 24-bit depth color, Epson Expression 10000 XL flatbed scanner with SilverFast scanning software, primary archival file is a TIFF","2017-05-15 00:00:00","Still Image","image/jpeg","Photographs;Images (object genre)","","Warning:  Some images in this folder contain graphic and sensitive material.","Sarah Moore; Rhea M. Ray","","2022-08-11","2022-08-11","http://cdm17173.contentdm.oclc.org/cdm/ref/collection/p17173coll38/id/19023",19023.0,"22789.cpd","/p17173coll38/image/22789.cpd","","",0,False,False,False,True,False,"['Empty Transcript']","[]"
"John Henry McCray Papers, Box 8, Folder 54, Photographs, Spartanburg","","McCray, John Henry, 1910-1987;","","","Manuscripts; Accession 11294.","","","","John Henry McCray Papers, Box 8, Folder 54, Photographs, Spartanburg","1 folder","John Henry McCray Papers, 1929-1989","https://digital.library.sc.edu/collections/john-henry-mccray-papers-1929-1989/","University of South Carolina. South Caroliniana Library","Copyright Not Evaluated. For further information please contact The University of South Carolina, South Caroliniana Library, Columbia, SC 29208.","","United States","English","600ppi, 24-bit depth color, Epson Expression 10000 XL flatbed scanner with SilverFast scanning software, primary archival file is a TIFF","2017-06-05 00:00:00","Still Image","image/jpeg","Photographs;Images (object genre)","","","Sarah Moore; Rhea M. Ray","","2022-08-11","2022-08-11","http://cdm17173.contentdm.oclc.org/cdm/ref/collection/p17173coll38/id/19027",19027.0,"22793.cpd","/p17173coll38/image/22793.cpd","","",0,False,False,False,True,False,"['Empty Transcript']","[]"
"John Henry McCray papers, Box 8, Folder 5, Photographs, Education, General 2","McCray, John Henry, 1910-1987","","","","Manuscripts Annex, Letter size papers, 1932 to 1960 (folders 1-44)","McCray, John Henry, 1910-1987;Pictoral works","","","Folder of photographs centered on education","1 folder of photographs","John Henry McCray papers, 1929-1989","","University of South Carolina. South Carolinian Library","Copyright Not Evaluated. For further information please contact The University of South Carolina, South Carolinian Library, Columbia, SC 29208.","","Columbia, Richland County, South Carolina, United States;Charleston, Charleston County, South Carolina, United States","English","600ppi, 24-bit depth color24-bit depth color, Epson Expression 10000 XL flatbed scanner with SilverFast scanning software, Archival Master file is a TIFF","2017-04-12 00:00:00","Still Image","image/jpeg","Images","mccrayjhphoto-education 2","","Sarah Moore","","2022-08-11","2022-08-11","http://cdm17173.contentdm.oclc.org/cdm/ref/collection/p17173coll38/id/19044",19044.0,"22810.cpd","/p17173coll38/image/22810.cpd","","",0,False,False,False,True,False,"['Empty Transcript']","[]"
"John Henry McCray Papers, Box 8, Folder 52, Photographs, Religion","","McCray, John Henry, 1910-1987;","","","Manuscripts; Accession 11294.","Religion","","","John Henry McCray Papers, Box 8, Folder 52, Photographs, Religion","1 folder","John Henry McCray Papers, 1929-1989","https://digital.library.sc.edu/collections/john-henry-mccray-papers-1929-1989/","University of South Carolina. South Caroliniana Library","Copyright Not Evaluated. For further information please contact The University of South Carolina, South Caroliniana Library, Columbia, SC 29208.","","United States","English","600ppi, 24-bit depth color, Epson Expression 10000 XL flatbed scanner with SilverFast scanning software, primary archival file is a TIFF","2017-06-05 00:00:00","Still Image","image/jpeg","Photographs;Images (object genre)","","","Sarah Moore; Rhea M. Ray","","2022-08-12","2022-08-12","http://cdm17173.contentdm.oclc.org/cdm/ref/collection/p17173coll38/id/19058",19058.0,"22893.cpd","/p17173coll38/image/22893.cpd","","",0,False,False,False,True,False,"['Empty Transcript']","[]"
"John Henry McCray Papers, Box 8, Folder 51, Photographs, Religion","","McCray, John Henry, 1910-1987;","","","Manuscripts; Accession 11294.","Religion;African Americans","","","John Henry McCray Papers, Box 8, Folder 51, Photographs, Religion","1 folder","John Henry McCray Papers, 1929-1989","https://digital.library.sc.edu/collections/john-henry-mccray-papers-1929-1989/","University of South Carolina. South Caroliniana Library","Copyright Not Evaluated. For further information please contact The University of South Carolina, South Caroliniana Library, Columbia, SC 29208.","","United States","English","600ppi, 24-bit depth color, Epson Expression 10000 XL flatbed scanner with SilverFast scanning software, primary archival file is a TIFF","2017-06-05 00:00:00","Still Image","image/jpeg","Photographs;Images (object genre)","","","Sarah Moore; Rhea M. Ray","","2022-08-12","2022-08-12","http://cdm17173.contentdm.oclc.org/cdm/ref/collection/p17173coll38/id/19073",19073.0,"22908.cpd","/p17173coll38/image/22908.cpd","","",0,False,False,False,True,False,"['Empty Transcript']","[]"
"John Henry McCray Papers, Box 8, Folder 50, Photographic Notes","","McCray, John Henry, 1910-1987;","","","Manuscripts; Accession 11294.","","","","John Henry McCray Papers, Box 8, Folder 50, Photographic Notes","1 folder","John Henry McCray Papers, 1929-1989","https://digital.library.sc.edu/collections/john-henry-mccray-papers-1929-1989/","University of South Carolina. South Caroliniana Library","Copyright Not Evaluated. For further information please contact The University of South Carolina, South Caroliniana Library, Columbia, SC 29208.","","United States","English","300ppi, 24-bit depth color, Epson Expression 11000 XL flatbed scanner with SilverFast scanning software, primary archival file is a TIFF","","Still Image","image/jpeg","Documents (object genre);Notes (documents)","","","Sarah Moore; Rhea M. Ray","","2022-08-12","2022-08-12","http://cdm17173.contentdm.oclc.org/cdm/ref/collection/p17173coll38/id/19119",19119.0,"22954.cpd","/p17173coll38/image/22954.cpd","","",0,False,False,False,True,False,"['Empty Transcript']","[]"
"John Henry McCray Papers, Box 8, Folder 48, Photographs, Persons","","McCray, John Henry, 1910-1987;","","","Manuscripts; Accession 11294.","","","","John Henry McCray Papers, Box 8, Folder 48, Photographs, Persons","1 folder","John Henry McCray Papers, 1929-1989","https://digital.library.sc.edu/collections/john-henry-mccray-papers-1929-1989/","University of South Carolina. South Caroliniana Library","Copyright Not Evaluated. For further information please contact The University of South Carolina, South Caroliniana Library, Columbia, SC 29208.","","United States","English","600ppi, 24-bit depth color, Epson Expression 10000 XL flatbed scanner with SilverFast scanning software, primary archival file is a TIFF","2017-07-03 00:00:00","Still Image","image/jpeg","Photographs;Images (object genre)","","","Sarah Moore; Rhea M. Ray","","2022-08-16","2022-08-16","http://cdm17173.contentdm.oclc.org/cdm/ref/collection/p17173coll38/id/19142",19142.0,"22977.cpd","/p17173coll38/image/22977.cpd","","",0,False,False,False,True,False,"['Empty Transcript']","[]"
"John Henry McCray Papers, Box 8, Folder 49, Photographs, Persons","","McCray, John Henry, 1910-1987;","","","Manuscripts; Accession 11294.","","","","John Henry McCray Papers, Box 8, Folder 49, Photographs, Persons","1 folder","John Henry McCray Papers, 1929-1989","https://digital.library.sc.edu/collections/john-henry-mccray-papers-1929-1989/","University of South Carolina. South Caroliniana Library","Copyright Not Evaluated. For further information please contact The University of South Carolina, South Caroliniana Library, Columbia, SC 29208.","","United States","English","600ppi, 24-bit depth color, Epson Expression 10000 XL flatbed scanner with SilverFast scanning software, primary archival file is a TIFF","","Still Image","image/jpeg","Photographs;Images (object genre)","","","Sarah Moore; Rhea M. Ray","","2022-08-16","2022-08-16","http://cdm17173.contentdm.oclc.org/cdm/ref/collection/p17173coll38/id/19154",19154.0,"22989.cpd","/p17173coll38/image/22989.cpd","","",0,False,False,False,True,False,"['Empty Transcript']","[]"
"John Henry McCray Papers, Box 8, Folder 47, Photographs, Persons","","McCray, John Henry, 1910-1987;","","","Manuscripts; Accession 11294.","","","","John Henry McCray Papers, Box 8, Folder 47, Photographs, Persons","1 folder","John Henry McCray Papers, 1929-1989","https://digital.library.sc.edu/collections/john-henry-mccray-papers-1929-1989/","University of South Carolina. South Caroliniana Library","Copyright Not Evaluated. For further information please contact The University of South Carolina, South Caroliniana Library, Columbia, SC 29208.","","United States","English","600ppi, 24-bit depth color, Epson Expression 10000 XL flatbed scanner with SilverFast scanning software, primary archival file is a TIFF","2017-05-10 00:00:00","Still Image","image/jpeg","Photographs;Images (object genre)","","","Sarah Moore; Rhea M. Ray","","2022-08-18","2022-08-18","http://cdm17173.contentdm.oclc.org/cdm/ref/collection/p17173coll38/id/19191",19191.0,"23026.cpd","/p17173coll38/image/23026.cpd","","",0,False,False,False,True,False,"['Empty Transcript']","[]"
"John Henry McCray Papers, Box 8, Folder 43, Photographs, Nursing, Red Cross","","McCray, John Henry, 1910-1987;","","","Manuscripts; Accession 11294.","","","","John Henry McCray Papers, Box 8, Folder 43, Photographs, Nursing, Red Cross","1 folder","John Henry McCray Papers, 1929-1989","https://digital.library.sc.edu/collections/john-henry-mccray-papers-1929-1989/","University of South Carolina. South Caroliniana Library","Copyright Not Evaluated. For further information please contact The University of South Carolina, South Caroliniana Library, Columbia, SC 29208.","","United States","English","600ppi, 24-bit depth color, Epson Expression 10000 XL flatbed scanner with SilverFast scanning software, primary archival file is a TIFF","2017-05-15 00:00:00","Still Image","image/jpeg","Photographs;Images (object genre)","","","Sarah Moore; Rhea M. Ray","","2022-08-18","2022-08-18","http://cdm17173.contentdm.oclc.org/cdm/ref/collection/p17173coll38/id/19211",19211.0,"23046.cpd","/p17173coll38/image/23046.cpd","","",0,False,False,False,True,False,"['Empty Transcript']","[]"
"John Henry McCray Papers, Box 8, Folder 46, Photographs, Persons","","McCray, John Henry, 1910-1987;","","","Manuscripts; Accession 11294.","","","","John Henry McCray Papers, Box 8, Folder 46, Photographs, Persons","1 folder","John Henry McCray Papers, 1929-1989","https://digital.library.sc.edu/collections/john-henry-mccray-papers-1929-1989/","University of South Carolina. South Caroliniana Library","Copyright Not Evaluated. For further information please contact The University of South Carolina, South Caroliniana Library, Columbia, SC 29208.","","United States","English","600ppi, 24-bit depth color, Epson Expression 10000 XL flatbed scanner with SilverFast scanning software, primary archival file is a TIFF","2017-05-05 00:00:00","Still Image","image/jpeg","Photographs;Images (object genre)","","","Sarah Moore; Rhea M. Ray","","2022-08-18","2022-08-18","http://cdm17173.contentdm.oclc.org/cdm/ref/collection/p17173coll38/id/19252",19252.0,"23087.cpd","/p17173coll38/image/23087.cpd","","",0,False,False,False,True,False,"['Empty Transcript']","[]"
"John Henry McCray Papers, Box 8, Folder 44, Photographs, Persons","","McCray, John Henry, 1910-1987;","","","Manuscripts; Accession 11294.","People","","","John Henry McCray Papers, Box 8, Folder 44, Photographs, Persons","1 folder","John Henry McCray Papers, 1929-1989","https://digital.library.sc.edu/collections/john-henry-mccray-papers-1929-1989/","University of South Carolina. South Caroliniana Library","Copyright Not Evaluated. For further information please contact The University of South Carolina, South Caroliniana Library, Columbia, SC 29208.","","United States","English","600ppi, 24-bit depth color, Epson Expression 10000 XL flatbed scanner with SilverFast scanning software, primary archival file is a TIFF","2017-05-10 00:00:00","Still Image","image/jpeg","Photographs;Images (object genre)","","","Sarah Moore; Rhea M. Ray","","2022-08-18","2022-08-18","http://cdm17173.contentdm.oclc.org/cdm/ref/collection/p17173coll38/id/19278",19278.0,"23113.cpd","/p17173coll38/image/23113.cpd","","",0,False,False,False,True,False,"['Empty Transcript']","[]"
"John Henry McCray Papers, Box 8, Folder 45, Photographs, Persons","","McCray, John Henry, 1910-1987;","","","Manuscripts; Accession 11294.","","","","John Henry McCray Papers, Box 8, Folder 45, Photographs, Persons","1 folder","John Henry McCray Papers, 1929-1989","https://digital.library.sc.edu/collections/john-henry-mccray-papers-1929-1989/","University of South Carolina. South Caroliniana Library","Copyright Not Evaluated. For further information please contact The University of South Carolina, South Caroliniana Library, Columbia, SC 29208.","","United States","English","600ppi, 24-bit depth color, Epson Expression 10000 XL flatbed scanner with SilverFast scanning software, primary archival file is a TIFF","2017-05-05 00:00:00","Still Image","image/jpeg","Photographs;Images (object genre)","","","Sarah Moore; Rhea M. Ray","","2022-08-18","2022-08-18","http://cdm17173.contentdm.oclc.org/cdm/ref/collection/p17173coll38/id/19296",19296.0,"23131.cpd","/p17173coll38/image/23131.cpd","","",0,False,False,False,True,False,"['Empty Transcript']","[]"
"John Henry McCray Papers, Box 8, Folder 40, Photographs, Morris College","","McCray, John Henry, 1910-1987;","","","Manuscripts; Accession 11294.","Morris College (Sumter, S.C.)","","","John Henry McCray Papers, Box 8, Folder 40, Photographs, Morris College","1 folder","John Henry McCray Papers, 1929-1989","https://digital.library.sc.edu/collections/john-henry-mccray-papers-1929-1989/","University of South Carolina. South Caroliniana Library","Copyright Not Evaluated. For further information please contact The University of South Carolina, South Caroliniana Library, Columbia, SC 29208.","","United States","English","600ppi, 24-bit depth color, Epson Expression 10000 XL flatbed scanner with SilverFast scanning software, primary archival file is a TIFF","2017-04-10 00:00:00","Still Image","image/jpeg","Photographs;Images (object genre)","","","Sarah Moore; Rhea M. Ray","","2022-08-19","2022-08-19","http://cdm17173.contentdm.oclc.org/cdm/ref/collection/p17173coll38/id/19306",19306.0,"23141.cpd","/p17173coll38/image/23141.cpd","","",0,False,False,False,True,False,"['Empty Transcript']","[]"
"John Henry McCray Papers, Box 8, Folder 41, Photographs, NAACP","","McCray, John Henry, 1910-1987;","","","Manuscripts; Accession 11294.","National Association for the Advancement of Colored People","","","John Henry McCray Papers, Box 8, Folder 41, Photographs, NAACP","1 folder","John Henry McCray Papers, 1929-1989","https://digital.library.sc.edu/collections/john-henry-mccray-papers-1929-1989/","University of South Carolina. South Caroliniana Library","Copyright Not Evaluated. For further information please contact The University of South Carolina, South Caroliniana Library, Columbia, SC 29208.","","United States","English","600ppi, 24-bit depth color, Epson Expression 10000 XL flatbed scanner with SilverFast scanning software, primary archival file is a TIFF","2017-05-15 00:00:00","Still Image","image/jpeg","Photographs;Images (object genre)","","","Sarah Moore; Rhea M. Ray","","2022-08-19","2022-08-19","http://cdm17173.contentdm.oclc.org/cdm/ref/collection/p17173coll38/id/19321",19321.0,"23225.cpd","/p17173coll38/image/23225.cpd","","",0,False,False,False,True,False,"['Empty Transcript']","[]"
"John Henry McCray Papers, Box 8, Folder 42, Photographs","","McCray, John Henry, 1910-1987;","","","Manuscripts; Accession 11294.","","","","John Henry McCray Papers, Box 8, Folder 42, Photographs, not taken in South Carolina.","1 folder","John Henry McCray Papers, 1929-1989","https://digital.library.sc.edu/collections/john-henry-mccray-papers-1929-1989/","University of South Carolina. South Caroliniana Library","Copyright Not Evaluated. For further information please contact The University of South Carolina, South Caroliniana Library, Columbia, SC 29208.","","United States","English","600ppi, 24-bit depth color, Epson Expression 11000 XL flatbed scanner with SilverFast scanning software, primary archival file is a TIFF","","Still Image","image/jpeg","Photographs;Images (object genre)","","","Sarah Moore; Rhea M. Ray","","2022-08-19","2022-08-19","http://cdm17173.contentdm.oclc.org/cdm/ref/collection/p17173coll38/id/19333",19333.0,"23237.cpd","/p17173coll38/image/23237.cpd","","",0,False,False,False,True,False,"['Empty Transcript']","[]"
"John Henry McCray papers, Box 8, Folder 8, Photographs, Allen University 2","McCray, John Henry, 1910-1987","","","","Manuscripts Annex, Letter size papers, 1932 to 1960 (folders 1-44)","McCray, John Henry, 1910-1987;Pictoral works","","","Folder of photographs centered on education; 1 folder of photographs","","John Henry McCray papers, 1929-1989","","University of South Carolina. South Carolinian Library","Copyright Not Evaluated. For further information please contact The University of South Carolina, South Carolinian Library, Columbia, SC 29208.","","Columbia, Richland County, South Carolina, United States;Charleston, Charleston County, South Carolina, United States","English","600ppi, 24-bit depth color24-bit depth color, Epson Expression 10000 XL flatbed scanner with SilverFast scanning software, Archival Master file is a TIFF","2017-03-29 00:00:00","Still Image","image/jpeg","Images","mccrayjhphoto-education 2","","Sarah Moore","","2022-09-21","2022-09-21","http://cdm17173.contentdm.oclc.org/cdm/ref/collection/p17173coll38/id/19350",19350.0,"23254.cpd","/p17173coll38/image/23254.cpd","","",0,False,False,False,True,False,"['Empty Transcript']","[]"
"John Henry McCray papers, Box 8, Folder 7, Photographs, Allen University 1","McCray, John Henry, 1910-1987","","","","Manuscripts Annex, Letter size papers, 1932 to 1960 (folders 1-44)","McCray, John Henry, 1910-1987;Pictoral works","","","Folder of photographs related to Allen University; 1 folder of photographs","","John Henry McCray papers, 1929-1989","","University of South Carolina. South Carolinian Library","Copyright Not Evaluated. For further information please contact The University of South Carolina, South Carolinian Library, Columbia, SC 29208.","","Columbia, Richland County, South Carolina, United States;Charleston, Charleston County, South Carolina, United States","English","600ppi, 24-bit depth color24-bit depth color, Epson Expression 10000 XL flatbed scanner with SilverFast scanning software, Archival Master file is a TIFF","2017-03-29 00:00:00","Still Image","image/jpeg","Images","mccrayjhphoto-Allen_University_1","","Sarah Moore","","2022-08-19","2022-08-19","http://cdm17173.contentdm.oclc.org/cdm/ref/collection/p17173coll38/id/19376",19376.0,"23280.cpd","/p17173coll38/image/23280.cpd","","",0,False,False,False,True,False,"['Empty Transcript']","[]"
"John Henry McCray papers, Box 8, Folder 9, Photographs, Allen University 3","McCray, John Henry, 1910-1987","","","","Manuscripts Annex, Letter size papers, 1932 to 1960 (folders 1-44)","McCray, John Henry, 1910-1987;Pictoral works","","","Folder of photographs centered on Allan University","1 folder of photographs","John Henry McCray papers, 1929-1989","","University of South Carolina. South Carolinian Library","Copyright Not Evaluated. For further information please contact The University of South Carolina, South Carolinian Library, Columbia, SC 29208.","","Columbia, Richland County, South Carolina, United States;Charleston, Charleston County, South Carolina, United States","English","600ppi, 24-bit depth color24-bit depth color, Epson Expression 10000 XL flatbed scanner with SilverFast scanning software, Archival Master file is a TIFF","2017-04-10 00:00:00","Still Image","image/jpeg","Images","","","Sarah Moore","","2022-08-19","2022-08-19","http://cdm17173.contentdm.oclc.org/cdm/ref/collection/p17173coll38/id/19391",19391.0,"23364.cpd","/p17173coll38/image/23364.cpd","","",0,False,False,False,True,False,"['Empty Transcript']","[]"
"John Henry McCray Papers, Box 8, Folder 39, Photographs, Miscellaneous","","McCray, John Henry, 1910-1987;","","","Manuscripts; Accession 11294.","","","","John Henry McCray Papers, Box 8, Folder 39, Photographs, Miscellaneous","1 folder","John Henry McCray Papers, 1929-1989","https://digital.library.sc.edu/collections/john-henry-mccray-papers-1929-1989/","University of South Carolina. South Caroliniana Library","Copyright Not Evaluated. For further information please contact The University of South Carolina, South Caroliniana Library, Columbia, SC 29208.","","United States","English","600ppi, 24-bit depth color, Epson Expression 11000 XL flatbed scanner with SilverFast scanning software, primary archival file is a TIFF","","Still Image","image/jpeg","Photographs;Images (object genre)","","","Sarah Moore; Alyn Carr; Rhea M. Ray","","2022-08-19","2022-08-19","http://cdm17173.contentdm.oclc.org/cdm/ref/collection/p17173coll38/id/19404",19404.0,"23446.cpd","/p17173coll38/image/23446.cpd","","",0,False,False,False,True,False,"['Empty Transcript']","[]"
"John Henry McCray papers, Box 8, Folder 10, Photographs, Allen University 4","McCray, John Henry, 1910-1987","","","","Manuscripts Annex, Letter size papers, 1932 to 1960 (folders 1-44)","McCray, John Henry, 1910-1987;Pictoral works","","","Folder of photographs centered on Allan University","1 folder of photographs","John Henry McCray papers, 1929-1989","","University of South Carolina. South Carolinian Library","Copyright Not Evaluated. For further information please contact The University of South Carolina, South Carolinian Library, Columbia, SC 29208.","","Columbia, Richland County, South Carolina, United States;Charleston, Charleston County, South Carolina, United States","English","600ppi, 24-bit depth color24-bit depth color, Epson Expression 10000 XL flatbed scanner with SilverFast scanning software, Archival Master file is a TIFF","2017-04-10 00:00:00","Still Image","image/jpeg","Images","","","Sarah Moore","","2022-08-19","2022-08-19","http://cdm17173.contentdm.oclc.org/cdm/ref/collection/p17173coll38/id/19417",19417.0,"23528.cpd","/p17173coll38/image/23528.cpd","","",0,False,False,False,True,False,"['Empty Transcript']","[]"
"John Henry McCray Papers, Box 8, Folder 38, Photographs, Miscellaneous","","McCray, John Henry, 1910-1987;","","","Manuscripts; Accession 11294.","","","","John Henry McCray Papers, Box 8, Folder 38, Photographs, Miscellaneous","1 folder","John Henry McCray Papers, 1929-1989","https://digital.library.sc.edu/collections/john-henry-mccray-papers-1929-1989/","University of South Carolina. South Caroliniana Library","Copyright Not Evaluated. For further information please contact The University of South Carolina, South Caroliniana Library, Columbia, SC 29208.","","United States","English","600ppi, 24-bit depth color, Epson Expression 11000 XL flatbed scanner with SilverFast scanning software, primary archival file is a TIFF","","Still Image","image/jpeg","Photographs;Images (object genre)","","","Sarah Moore; Alyn Carr; Rhea M. Ray","","2022-08-23","2022-08-23","http://cdm17173.contentdm.oclc.org/cdm/ref/collection/p17173coll38/id/19461",19461.0,"23572.cpd","/p17173coll38/image/23572.cpd","","",0,False,False,False,True,False,"['Empty Transcript']","[]"
"John Henry McCray Papers, Box 8, Folder 36, Photographs, Misc9","","McCray, John Henry, 1910-1987;","","","Manuscripts; Accession 11294.","Miscellaneous","","","John Henry McCray Papers, Box 8, Folder 36, Photographs, Misc9","1 folder","John Henry McCray Papers, 1929-1989","https://digital.library.sc.edu/collections/john-henry-mccray-papers-1929-1989/","University of South Carolina. South Caroliniana Library","Copyright Not Evaluated. For further information please contact The University of South Carolina, South Caroliniana Library, Columbia, SC 29208.","","United States","English","600ppi, 24-bit depth color, Epson Expression 11000 XL flatbed scanner with SilverFast scanning software, primary archival file is a TIFF","","Still Image","image/jpeg","Photographs;Images (object genre)","","","Sarah Moore; Alyn Carr; Rhea M. Ray","","2022-08-23","2022-08-23","http://cdm17173.contentdm.oclc.org/cdm/ref/collection/p17173coll38/id/19473",19473.0,"23584.cpd","/p17173coll38/image/23584.cpd","","",0,False,False,False,True,False,"['Empty Transcript']","[]"
"John Henry McCray Papers, Box 8, Folder 37, Photographs, Miscellaneous","","McCray, John Henry, 1910-1987;","","","Manuscripts; Accession 11294.","Miscellaneous","","","John Henry McCray Papers, Box 8, Folder 37, Photographs, Miscellaneous","1 folder","John Henry McCray Papers, 1929-1989","https://digital.library.sc.edu/collections/john-henry-mccray-papers-1929-1989/","University of South Carolina. South Caroliniana Library","Copyright Not Evaluated. For further information please contact The University of South Carolina, South Caroliniana Library, Columbia, SC 29208.","","United States","English","600ppi, 24-bit depth color, Epson Expression 11000 XL flatbed scanner with SilverFast scanning software, primary archival file is a TIFF","","Still Image","image/jpeg","Photographs;Images (object genre)","","","Sarah Moore; Alyn Carr; Rhea M. Ray","","2022-08-23","2022-08-23","http://cdm17173.contentdm.oclc.org/cdm/ref/collection/p17173coll38/id/19520",19520.0,"23700.cpd","/p17173coll38/image/23700.cpd","","",0,False,False,False,True,False,"['Empty Transcript']","[]"
"John Henry McCray Papers, Box 8, Folder 31, Photographs, Miscellaneous","","McCray, John Henry, 1910-1987;","","","Manuscripts; Accession 11294.","Miscellaneous","","","John Henry McCray Papers, Box 8, Folder 34, Photographs, Miscellaneous","1 folder","John Henry McCray Papers, 1929-1989","https://digital.library.sc.edu/collections/john-henry-mccray-papers-1929-1989/","University of South Carolina. South Caroliniana Library","Copyright Not Evaluated. For further information please contact The University of South Carolina, South Caroliniana Library, Columbia, SC 29208.","","United States","English","600ppi, 24-bit depth color, Epson Expression 11000 XL flatbed scanner with SilverFast scanning software, primary archival file is a TIFF","","Still Image","image/jpeg","Photographs;Images (object genre)","","","Sarah Moore; Rhea M. Ray","","2022-08-24","2022-08-24","http://cdm17173.contentdm.oclc.org/cdm/ref/collection/p17173coll38/id/19534",19534.0,"23714.cpd","/p17173coll38/image/23714.cpd","","",0,False,False,False,True,False,"['Empty Transcript']","[]"
"John Henry McCray Papers, Box 8, Folder 33, Photographs, Miscellaneous","","McCray, John Henry, 1910-1987;","","","Manuscripts; Accession 11294.","Miscellaneous","","","John Henry McCray Papers, Box 8, Folder 33, Photographs, Miscellaneous","1 folder","John Henry McCray Papers, 1929-1989","https://digital.library.sc.edu/collections/john-henry-mccray-papers-1929-1989/","University of South Carolina. South Caroliniana Library","Copyright Not Evaluated. For further information please contact The University of South Carolina, South Caroliniana Library, Columbia, SC 29208.","","United States","English","600ppi, 24-bit depth color, Epson Expression 11000 XL flatbed scanner with SilverFast scanning software, primary archival file is a TIFF","","Still Image","image/jpeg","Photographs;Images (object genre)","","","Sarah Moore; Rhea M. Ray","","2022-08-24","2022-08-24","http://cdm17173.contentdm.oclc.org/cdm/ref/collection/p17173coll38/id/19545",19545.0,"23725.cpd","/p17173coll38/image/23725.cpd","","",0,False,False,False,True,False,"['Empty Transcript']","[]"
"John Henry McCray papers, Box 8, Folder 11, Photographs, Allen University 4a","McCray, John Henry, 1910-1987","","","","Manuscripts Annex, Letter size papers, 1932 to 1960 (folders 1-44)","McCray, John Henry, 1910-1987;Pictoral works","","","Folder of photographs centered on Allan University","1 folder of photographs","John Henry McCray papers, 1929-1989","","University of South Carolina. South Carolinian Library","Copyright Not Evaluated. For further information please contact The University of South Carolina, South Carolinian Library, Columbia, SC 29208.","","Columbia, Richland County, South Carolina, United States;Charleston, Charleston County, South Carolina, United States","English","600ppi, 24-bit depth color24-bit depth color, Epson Expression 10000 XL flatbed scanner with SilverFast scanning software, Archival Master file is a TIFF","2017-04-10 00:00:00","Still Image","image/jpeg","Images","","","Sarah Moore","","2022-08-24","2022-08-24","http://cdm17173.contentdm.oclc.org/cdm/ref/collection/p17173coll38/id/19552",19552.0,"23801.cpd","/p17173coll38/image/23801.cpd","","",0,False,False,False,True,False,"['Empty Transcript']","[]"
"John Henry McCray Papers, Box 8, Folder 34, Photographs, Miscellaneous","","McCray, John Henry, 1910-1987;","","","Manuscripts; Accession 11294.","Miscellaneous","","","John Henry McCray Papers, Box 8, Folder 34, Photographs, Miscellaneous","1 folder","John Henry McCray Papers, 1929-1989","https://digital.library.sc.edu/collections/john-henry-mccray-papers-1929-1989/","University of South Carolina. South Caroliniana Library","Copyright Not Evaluated. For further information please contact The University of South Carolina, South Caroliniana Library, Columbia, SC 29208.","","United States","English","600ppi, 24-bit depth color, Epson Expression 11000 XL flatbed scanner with SilverFast scanning software, primary archival file is a TIFF","","Still Image","image/jpeg","Photographs;Images (object genre)","","","Sarah Moore; Alyn Carr; Rhea M. Ray","","2022-08-24","2022-08-24","http://cdm17173.contentdm.oclc.org/cdm/ref/collection/p17173coll38/id/19566",19566.0,"23815.cpd","/p17173coll38/image/23815.cpd","","",0,False,False,False,True,False,"['Empty Transcript']","[]"
"John Henry McCray Papers, Box 8, Folder 30, Photographs, Miscellaneous","","McCray, John Henry, 1910-1987;","","","Manuscripts; Accession 11294.","Miscellaneous","","","John Henry McCray Papers, Box 8, Folder 30, Photographs, Miscellaneous","1 folder","John Henry McCray Papers, 1929-1989","https://digital.library.sc.edu/collections/john-henry-mccray-papers-1929-1989/","University of South Carolina. South Caroliniana Library","Copyright Not Evaluated. For further information please contact The University of South Carolina, South Caroliniana Library, Columbia, SC 29208.","","United States","English","600ppi, 24-bit depth color, Epson Expression 11000 XL flatbed scanner with SilverFast scanning software, primary archival file is a TIFF","","Still Image","image/jpeg","Photographs;Images (object genre)","","","Sarah Moore; Rhea M. Ray","","2022-08-24","2022-08-24","http://cdm17173.contentdm.oclc.org/cdm/ref/collection/p17173coll38/id/19578",19578.0,"23827.cpd","/p17173coll38/image/23827.cpd","","",0,False,False,False,True,False,"['Empty Transcript']","[]"
"John Henry McCray Papers, Box 8, Folder 32, Photographs, Miscellaneous","","McCray, John Henry, 1910-1987;","","","Manuscripts; Accession 11294.","Miscellaneous","","","John Henry McCray Papers, Box 8, Folder 32, Photographs, Miscellaneous","1 folder","John Henry McCray Papers, 1929-1989","https://digital.library.sc.edu/collections/john-henry-mccray-papers-1929-1989/","University of South Carolina. South Caroliniana Library","Copyright Not Evaluated. For further information please contact The University of South Carolina, South Caroliniana Library, Columbia, SC 29208.","","United States","English","600ppi, 24-bit depth color, Epson Expression 11000 XL flatbed scanner with SilverFast scanning software, primary archival file is a TIFF","","Still Image","image/jpeg","Photographs;Images (object genre)","","","Sarah Moore; Rhea M. Ray","","2022-08-24","2022-08-24","http://cdm17173.contentdm.oclc.org/cdm/ref/collection/p17173coll38/id/19586",19586.0,"23835.cpd","/p17173coll38/image/23835.cpd","","",0,False,False,False,True,False,"['Empty Transcript']","[]"
"John Henry McCray Papers, Box 8, Folder 35, Photographs, Miscellaneous","","McCray, John Henry, 1910-1987;","","","Manuscripts; Accession 11294.","Miscellaneous","","","John Henry McCray Papers, Box 8, Folder 35, Photographs, Miscellaneous","1 folder","John Henry McCray Papers, 1929-1989","https://digital.library.sc.edu/collections/john-henry-mccray-papers-1929-1989/","University of South Carolina. South Caroliniana Library","Copyright Not Evaluated. For further information please contact The University of South Carolina, South Caroliniana Library, Columbia, SC 29208.","","United States","English","600ppi, 24-bit depth color, Epson Expression 11000 XL flatbed scanner with SilverFast scanning software, primary archival file is a TIFF","","Still Image","image/jpeg","Photographs;Images (object genre)","","","Sarah Moore; Alyn Carr; Rhea M. Ray","","2022-08-24","2022-08-24","http://cdm17173.contentdm.oclc.org/cdm/ref/collection/p17173coll38/id/19599",19599.0,"23848.cpd","/p17173coll38/image/23848.cpd","","",0,False,False,False,True,False,"['Empty Transcript']","[]"
"John Henry McCray Papers, Box 8, Folder 29, Photographs, Miscellaneous","","McCray, John Henry, 1910-1987;","","","Manuscripts; Accession 11294.","Miscellaneous","","","John Henry McCray Papers, Box 8, Folder 29, Photographs, Miscellaneous","1 folder","John Henry McCray Papers, 1929-1989","https://digital.library.sc.edu/collections/john-henry-mccray-papers-1929-1989/","University of South Carolina. South Caroliniana Library","Copyright Not Evaluated. For further information please contact The University of South Carolina, South Caroliniana Library, Columbia, SC 29208.","","United States","English","600ppi, 24-bit depth color, Epson Expression 11000 XL flatbed scanner with SilverFast scanning software, primary archival file is a TIFF","","Still Image","image/jpeg","Photographs;Images (object genre)","","","Sarah Moore; Rhea M. Ray","","2022-08-25","2022-08-25","http://cdm17173.contentdm.oclc.org/cdm/ref/collection/p17173coll38/id/19609",19609.0,"23927.cpd","/p17173coll38/image/23927.cpd","","",0,False,False,False,True,False,"['Empty Transcript']","[]"
"John Henry McCray Papers, Box 8, Folder 27, Photographs, Miscellaneous","","McCray, John Henry, 1910-1987;","","","Manuscripts; Accession 11294.","Miscellaneous","","","John Henry McCray Papers, Box 8, Folder 27, Photographs, Miscellaneous","1 folder","John Henry McCray Papers, 1929-1989","https://digital.library.sc.edu/collections/john-henry-mccray-papers-1929-1989/","University of South Carolina. South Caroliniana Library","Copyright Not Evaluated. For further information please contact The University of South Carolina, South Caroliniana Library, Columbia, SC 29208.","","United States","English","600ppi, 24-bit depth color, Epson Expression 11000 XL flatbed scanner with SilverFast scanning software, primary archival file is a TIFF","","Still Image","image/jpeg","Photographs;Images (object genre)","","","Sarah Moore; Rhea M. Ray","","2022-08-31","2022-08-31","http://cdm17173.contentdm.oclc.org/cdm/ref/collection/p17173coll38/id/19625",19625.0,"23943.cpd","/p17173coll38/image/23943.cpd","","",0,False,False,False,True,False,"['Empty Transcript']","[]"
"John Henry McCray Papers, Box 8, Folder 28, Photographs, Miscellaneous","","McCray, John Henry, 1910-1987;","","","Manuscripts; Accession 11294.","Miscellaneous","","","John Henry McCray Papers, Box 8, Folder 28, Photographs, Miscellaneous","1 folder","John Henry McCray Papers, 1929-1989","https://digital.library.sc.edu/collections/john-henry-mccray-papers-1929-1989/","University of South Carolina. South Caroliniana Library","Copyright Not Evaluated. For further information please contact The University of South Carolina, South Caroliniana Library, Columbia, SC 29208.","","United States","English","600ppi, 24-bit depth color, Epson Expression 11000 XL flatbed scanner with SilverFast scanning software, primary archival file is a TIFF","","Still Image","image/jpeg","Photographs;Images (object genre)","","","Sarah Moore; Rhea M. Ray","","2022-08-31","2022-08-31","http://cdm17173.contentdm.oclc.org/cdm/ref/collection/p17173coll38/id/19637",19637.0,"24024.cpd","/p17173coll38/image/24024.cpd","","",0,False,False,False,True,False,"['Empty Transcript']","[]"
"John Henry McCray Papers, Box 8, Folder 23, Photographs, McCray and Family","","McCray, John Henry, 1910-1987;","","","Manuscripts; Accession 11294.","People","","","John Henry McCray Papers, Box 8, Folder 23, Photographs, McCray and Family","1 folder","John Henry McCray Papers, 1929-1989","https://digital.library.sc.edu/collections/john-henry-mccray-papers-1929-1989/","University of South Carolina. South Caroliniana Library","Copyright Not Evaluated. For further information please contact The University of South Carolina, South Caroliniana Library, Columbia, SC 29208.","","United States","English","600ppi, 24-bit depth color, Epson Expression 10000 XL flatbed scanner with SilverFast scanning software, primary archival file is a TIFF","2017-04-24 00:00:00","Still Image","image/jpeg","Photographs;Images (object genre)","","","Sarah Moore; Rhea M. Ray","","2022-08-31","2022-08-31","http://cdm17173.contentdm.oclc.org/cdm/ref/collection/p17173coll38/id/19648",19648.0,"24035.cpd","/p17173coll38/image/24035.cpd","","",0,False,False,False,True,False,"['Empty Transcript']","[]"
"John Henry McCray Papers, Box 8, Folder 26, Photographs, Miscellaneous","","McCray, John Henry, 1910-1987;","","","Manuscripts; Accession 11294.","Miscellaneous","","","John Henry McCray Papers, Box 8, Folder 26, Photographs, Miscellaneous","1 folder","John Henry McCray Papers, 1929-1989","https://digital.library.sc.edu/collections/john-henry-mccray-papers-1929-1989/","University of South Carolina. South Caroliniana Library","Copyright Not Evaluated. For further information please contact The University of South Carolina, South Caroliniana Library, Columbia, SC 29208.","","United States","English","600ppi, 24-bit depth color, Epson Expression 11000 XL flatbed scanner with SilverFast scanning software, primary archival file is a TIFF","","Still Image","image/jpeg","Photographs;Images (object genre)","","","Sarah Moore; Rhea M. Ray","","2022-08-31","2022-08-31","http://cdm17173.contentdm.oclc.org/cdm/ref/collection/p17173coll38/id/19669",19669.0,"24056.cpd","/p17173coll38/image/24056.cpd","","",0,False,False,False,True,False,"['Empty Transcript']","[]"
"John Henry McCray Papers, Box 8, Folder 25, Photographs, Military","","McCray, John Henry, 1910-1987;","","","Manuscripts; Accession 11294.","Military","","","John Henry McCray Papers, Box 8, Folder 25, Photographs, Military","1 folder","John Henry McCray Papers, 1929-1989","https://digital.library.sc.edu/collections/john-henry-mccray-papers-1929-1989/","University of South Carolina. South Caroliniana Library","Copyright Not Evaluated. For further information please contact The University of South Carolina, South Caroliniana Library, Columbia, SC 29208.","","United States","English","600ppi, 24-bit depth color, Epson Expression 10000 XL flatbed scanner with SilverFast scanning software, primary archival file is a TIFF","","Still Image","image/jpeg","Photographs;Images (object genre)","","","Sarah Moore; Rhea M. Ray","","2022-08-31","2022-08-31","http://cdm17173.contentdm.oclc.org/cdm/ref/collection/p17173coll38/id/19686",19686.0,"24073.cpd","/p17173coll38/image/24073.cpd","","",0,False,False,False,True,False,"['Empty Transcript']","[]"
"John Henry McCray Papers, Box 8, Folder 24, Photographs, Military","","McCray, John Henry, 1910-1987;","","","Manuscripts; Accession 11294.","Military","","","John Henry McCray Papers, Box 8, Folder 24, Photographs, Military","1 folder","John Henry McCray Papers, 1929-1989","https://digital.library.sc.edu/collections/john-henry-mccray-papers-1929-1989/","University of South Carolina. South Caroliniana Library","Copyright Not Evaluated. For further information please contact The University of South Carolina, South Caroliniana Library, Columbia, SC 29208.","","United States","English","600ppi, 24-bit depth color, Epson Expression 10000 XL flatbed scanner with SilverFast scanning software, primary archival file is a TIFF","2017-04-24 00:00:00","Still Image","image/jpeg","Photographs;Images (object genre)","","","Sarah Moore; Rhea M. Ray","","2022-08-31","2022-08-31","http://cdm17173.contentdm.oclc.org/cdm/ref/collection/p17173coll38/id/19712",19712.0,"24099.cpd","/p17173coll38/image/24099.cpd","","",0,False,False,False,True,False,"['Empty Transcript']","[]"
"John Henry McCray Papers, Box 8, Folder 22, Photographs, McCray and Family","","McCray, John Henry, 1910-1987;","","","Manuscripts; Accession 11294.","People","","","John Henry McCray Papers, Box 8, Folder 22, Photographs, McCray and Family","1 folder","John Henry McCray Papers, 1929-1989","https://digital.library.sc.edu/collections/john-henry-mccray-papers-1929-1989/","University of South Carolina. South Caroliniana Library","Copyright Not Evaluated. For further information please contact The University of South Carolina, South Caroliniana Library, Columbia, SC 29208.","","United States","English","600ppi, 24-bit depth color, Epson Expression 10000 XL flatbed scanner with SilverFast scanning software, primary archival file is a TIFF","2017-04-24 00:00:00","Still Image","image/jpeg","Photographs;Images (object genre)","","","Sarah Moore; Rhea M. Ray","","2022-08-31","2022-08-31","http://cdm17173.contentdm.oclc.org/cdm/ref/collection/p17173coll38/id/19730",19730.0,"24117.cpd","/p17173coll38/image/24117.cpd","","",0,False,False,False,True,False,"['Empty Transcript']","[]"
"John Henry McCray Papers, Box 8, Folder 20, Photographs, Fraternal Orders","","McCray, John Henry, 1910-1987;","","","Manuscripts; Accession 11294.","Fraternal organizations","","","John Henry McCray Papers, Box 8, Folder 20, Photographs, Fraternal Orders","1 folder","John Henry McCray Papers, 1929-1989","https://digital.library.sc.edu/collections/john-henry-mccray-papers-1929-1989/","University of South Carolina. South Caroliniana Library","Copyright Not Evaluated. For further information please contact The University of South Carolina, South Caroliniana Library, Columbia, SC 29208.","","United States","English","600ppi, 24-bit depth color, Epson Expression 10000 XL flatbed scanner with SilverFast scanning software, primary archival file is a TIFF","2017-04-10 00:00:00","Still Image","image/jpeg","Photographs;Images (object genre)","","","Sarah Moore; Rhea M. Ray","","2022-09-01","2022-09-01","http://cdm17173.contentdm.oclc.org/cdm/ref/collection/p17173coll38/id/19740",19740.0,"24127.cpd","/p17173coll38/image/24127.cpd","","",0,False,False,False,True,False,"['Empty Transcript']","[]"
"John Henry McCray Papers, Box 8, Folder 21, Photographs, McCray and Family","","McCray, John Henry, 1910-1987;","","","Manuscripts; Accession 11294.","People","","","John Henry McCray Papers, Box 8, Folder 21, Photographs, McCray and Family","1 folder","John Henry McCray Papers, 1929-1989","https://digital.library.sc.edu/collections/john-henry-mccray-papers-1929-1989/","University of South Carolina. South Caroliniana Library","Copyright Not Evaluated. For further information please contact The University of South Carolina, South Caroliniana Library, Columbia, SC 29208.","","United States","English","600ppi, 24-bit depth color, Epson Expression 10000 XL flatbed scanner with SilverFast scanning software, primary archival file is a TIFF","2017-04-19 00:00:00","Still Image","image/jpeg","Photographs;Images (object genre)","","","Sarah Moore; Rhea M. Ray","","2022-09-01","2022-09-01","http://cdm17173.contentdm.oclc.org/cdm/ref/collection/p17173coll38/id/19785",19785.0,"24241.cpd","/p17173coll38/image/24241.cpd","","",0,False,False,False,True,False,"['Empty Transcript']","[]"
"John Henry McCray Papers, Box 8, Folder 19, Photographs, Florence","","McCray, John Henry, 1910-1987;","","","Manuscripts; Accession 11294.","African American police;African American men","","","John Henry McCray Papers, Box 8, Folder 19, Photographs, Florence","1 folder","John Henry McCray Papers, 1929-1989","https://digital.library.sc.edu/collections/john-henry-mccray-papers-1929-1989/","University of South Carolina. South Caroliniana Library","Copyright Not Evaluated. For further information please contact The University of South Carolina, South Caroliniana Library, Columbia, SC 29208.","","United States","English","600ppi, 24-bit depth color, Epson Expression 10000 XL flatbed scanner with SilverFast scanning software, primary archival file is a TIFF","","Still Image","image/jpeg","Photographs;Images (object genre)","","","Sarah Moore; Rhea M. Ray","","2022-09-01","2022-09-01","http://cdm17173.contentdm.oclc.org/cdm/ref/collection/p17173coll38/id/19787",19787.0,"24312.cpd","/p17173coll38/image/24312.cpd","","",0,False,False,False,True,False,"['Empty Transcript']","[]"
"John Henry McCray Papers, Box 8, Folder 17, Photographs, Education, General","","McCray, John Henry, 1910-1987;","","","Manuscripts; Accession 11294.","Education","","","John Henry McCray Papers, Box 8, Folder 17, Photographs, Education, General","1 folder","John Henry McCray Papers, 1929-1989","https://digital.library.sc.edu/collections/john-henry-mccray-papers-1929-1989/","University of South Carolina. South Caroliniana Library","Copyright Not Evaluated. For further information please contact The University of South Carolina, South Caroliniana Library, Columbia, SC 29208.","","United States","English","600ppi, 24-bit depth color, Epson Expression 11000 XL flatbed scanner with SilverFast scanning software, primary archival file is a TIFF","","Still Image","image/jpeg","Photographs;Images (object genre)","","","Sarah Moore; Rhea M. Ray","","2022-09-02","2022-09-02","http://cdm17173.contentdm.oclc.org/cdm/ref/collection/p17173coll38/id/19804",19804.0,"24398.cpd","/p17173coll38/image/24398.cpd","","",0,False,False,False,True,False,"['Empty Transcript']","[]"
"John Henry McCray Papers, Box 8, Folder 18, Photographs, Entertainers","","McCray, John Henry, 1910-1987;","","","Manuscripts; Accession 11294.","African American entertainers","","","John Henry McCray Papers, Box 8, Folder 18, Photographs, Entertainers","1 folder","John Henry McCray Papers, 1929-1989","https://digital.library.sc.edu/collections/john-henry-mccray-papers-1929-1989/","University of South Carolina. South Caroliniana Library","Copyright Not Evaluated. For further information please contact The University of South Carolina, South Caroliniana Library, Columbia, SC 29208.","","United States","English","600ppi, 24-bit depth color, Epson Expression 10000 XL flatbed scanner with SilverFast scanning software, primary archival file is a TIFF","2017-04-10 00:00:00","Still Image","image/jpeg","Photographs;Images (object genre)","","","Sarah Moore; Rhea M. Ray","","2022-09-02","2022-09-02","http://cdm17173.contentdm.oclc.org/cdm/ref/collection/p17173coll38/id/19818",19818.0,"24412.cpd","/p17173coll38/image/24412.cpd","","",0,False,False,False,True,False,"['Empty Transcript']","[]"
"John Henry McCray Papers, Box 8, Folder 15, Photographs, Education, General","","McCray, John Henry, 1910-1987;","","","Manuscripts; Accession 11294.","Education","","","John Henry McCray Papers, Box 8, Folder 15, Photographs, Education, General","1 folder","John Henry McCray Papers, 1929-1989","https://digital.library.sc.edu/collections/john-henry-mccray-papers-1929-1989/","University of South Carolina. South Caroliniana Library","Copyright Not Evaluated. For further information please contact The University of South Carolina, South Caroliniana Library, Columbia, SC 29208.","","United States","English","600ppi, 24-bit depth color, Epson Expression 10000 XL flatbed scanner with SilverFast scanning software, primary archival file is a TIFF","2017-03-27 00:00:00","Still Image","image/jpeg","Photographs;Images (object genre)","","","Sarah Moore; Rhea M. Ray","","2022-09-13","2022-09-13","http://cdm17173.contentdm.oclc.org/cdm/ref/collection/p17173coll38/id/19841",19841.0,"24435.cpd","/p17173coll38/image/24435.cpd","","",0,False,False,False,True,False,"['Empty Transcript']","[]"
"John Henry McCray Papers, Box 8, Folder 14, Photographs, Allen University","","McCray, John Henry, 1910-1987;","","","Manuscripts; Accession 11294.","Allen University","","","John Henry McCray Papers, Box 8, Folder 14, Photographs, Allen University","1 folder","John Henry McCray Papers, 1929-1989","https://digital.library.sc.edu/collections/john-henry-mccray-papers-1929-1989/","University of South Carolina. South Caroliniana Library","Copyright Not Evaluated. For further information please contact The University of South Carolina, South Caroliniana Library, Columbia, SC 29208.","","United States","English","600ppi, 24-bit depth color, Epson Expression 10000 XL flatbed scanner with SilverFast scanning software, primary archival file is a TIFF","2017-04-10 00:00:00","Still Image","image/jpeg","Photographs;Images (object genre)","","","Sarah Moore; Rhea M. Ray","","2022-09-13","2022-09-13","http://cdm17173.contentdm.oclc.org/cdm/ref/collection/p17173coll38/id/19854",19854.0,"24517.cpd","/p17173coll38/image/24517.cpd","","",0,False,False,False,True,False,"['Empty Transcript']","[]"
"John Henry McCray Papers, Box 8, Folder 16, Photographs, Education, General","","McCray, John Henry, 1910-1987;","","","Manuscripts; Accession 11294.","Education","","","John Henry McCray Papers, Box 8, Folder 16, Photographs, Education, General","1 folder","John Henry McCray Papers, 1929-1989","https://digital.library.sc.edu/collections/john-henry-mccray-papers-1929-1989/","University of South Carolina. South Caroliniana Library","Copyright Not Evaluated. For further information please contact The University of South Carolina, South Caroliniana Library, Columbia, SC 29208.","","United States","English","600ppi, 24-bit depth color, Epson Expression 10000 XL flatbed scanner with SilverFast scanning software, primary archival file is a TIFF","","Still Image","image/jpeg","Photographs;Images (object genre)","","","Sarah Moore; Rhea M. Ray","","2022-09-13","2022-09-13","http://cdm17173.contentdm.oclc.org/cdm/ref/collection/p17173coll38/id/19871",19871.0,"24534.cpd","/p17173coll38/image/24534.cpd","","",0,False,False,False,True,False,"['Empty Transcript']","[]"
"John Henry McCray Papers, Box 8, Folder 13, Photographs, Allen University","","McCray, John Henry, 1910-1987;","","","Manuscripts; Accession 11294.","Allen University","","","John Henry McCray Papers, Box 8, Folder 13, Photographs, Allen University","1 folder","John Henry McCray Papers, 1929-1989","https://digital.library.sc.edu/collections/john-henry-mccray-papers-1929-1989/","University of South Carolina. South Caroliniana Library","Copyright Not Evaluated. For further information please contact The University of South Carolina, South Caroliniana Library, Columbia, SC 29208.","","United States","English","600ppi, 24-bit depth color, Epson Expression 10000 XL flatbed scanner with SilverFast scanning software, primary archival file is a TIFF","2017-04-10 00:00:00","Still Image","image/jpeg","Photographs;Images (object genre)","","","Sarah Moore; Rhea M. Ray","","2022-09-13","2022-09-13","http://cdm17173.contentdm.oclc.org/cdm/ref/collection/p17173coll38/id/19886",19886.0,"24549.cpd","/p17173coll38/image/24549.cpd","","",0,False,False,False,True,False,"['Empty Transcript']","[]"
"John Henry McCray Papers, Box 8, Folder 11a, Photographs, Allen University","","McCray, John Henry, 1910-1987;","","","Manuscripts; Accession 11294.","Allen University","","","John Henry McCray Papers, Box 8, Folder 11a, Photographs, Allen University","1 folder","John Henry McCray Papers, 1929-1989","https://digital.library.sc.edu/collections/john-henry-mccray-papers-1929-1989/","University of South Carolina. South Caroliniana Library","Copyright Not Evaluated. For further information please contact The University of South Carolina, South Caroliniana Library, Columbia, SC 29208.","","United States","English","600ppi, 24-bit depth color, Epson Expression 10000 XL flatbed scanner with SilverFast scanning software, primary archival file is a TIFF","2017-04-03 00:00:00","Still Image","image/jpeg","Photographs;Images (object genre)","","","Sarah Moore; Rhea M. Ray","","2022-09-13","2022-09-13","http://cdm17173.contentdm.oclc.org/cdm/ref/collection/p17173coll38/id/19898",19898.0,"24561.cpd","/p17173coll38/image/24561.cpd","","",0,False,False,False,True,False,"['Empty Transcript']","[]"
"John Henry McCray Papers, Box 8, Folder 12, Photographs, Allen University","","McCray, John Henry, 1910-1987;","","","Manuscripts; Accession 11294.","Allen University","","","John Henry McCray Papers, Box 8, Folder 12, Photographs, Allen University","1 folder","John Henry McCray Papers, 1929-1989","https://digital.library.sc.edu/collections/john-henry-mccray-papers-1929-1989/","University of South Carolina. South Caroliniana Library","Copyright Not Evaluated. For further information please contact The University of South Carolina, South Caroliniana Library, Columbia, SC 29208.","","United States","English","600ppi, 24-bit depth color, Epson Expression 10000 XL flatbed scanner with SilverFast scanning software, primary archival file is a TIFF","2017-04-03 00:00:00","Still Image","image/jpeg","Photographs;Images (object genre)","","","Sarah Moore; Rhea M. Ray","","2022-09-13","2022-09-13","http://cdm17173.contentdm.oclc.org/cdm/ref/collection/p17173coll38/id/19938",19938.0,"24601.cpd","/p17173coll38/image/24601.cpd","","",0,False,False,False,True,False,"['Empty Transcript']","[]"
"John Henry McCray Papers, Box 1, Folder 07, Journalism","","McCray, John Henry, 1910-1987","","","Manuscripts; Accession 11294.","","","","John Henry McCray Papers, 1929-1989, Box 1 Folder 07, Journalism, July- Sept, 1946","1 folder","John Henry McCray Papers, 1929-1989","https://digital.library.sc.edu/collections/john-henry-mccray-papers-1929-1989/","University of South Carolina. South Caroliniana Library","Copyright Not Evaluated. For further information please contact The University of South Carolina, South Caroliniana Library, Columbia, SC 29208.","Post-War America (1946-1954)","United States","English","400ppi, 24-bit depth color, Epson Expression 10000 XL flatbed scanner with SilverFast scanning software, primary archival file is a TIFF","2016-06-15 00:00:00","Text","image/jpeg","Documents (object genre)","","","Chauna Carr","","2022-09-16","2022-09-16","http://cdm17173.contentdm.oclc.org/cdm/ref/collection/p17173coll38/id/20006",20006.0,"24807.cpd","/p17173coll38/image/24807.cpd","","",0,False,False,False,True,False,"['Empty Transcript']","[]"
"John Henry McCray Papers, Box 8, Folder 18, Photographs, Clement Family","","John Henry McCray, 1910-1987","","","John Henry McCray Papers, 1982-1989","McCray, John Henry, 1910-1987;Pictoral works","","","","1 Folder","John Henry McCray Papers, 1982-1989","https://digital.library.sc.edu/collections/john-henry-mccray-papers-1929-1989/","University of South Carolina. South Caroliniana Library.","Copyright Not Evaluated. For further information please contact The University of South Carolina, South Caroliniana Library, Columbia, SC 29208.","","Columbia, Richland County, South Carolina, United States","English","300ppi, 24-bit depth color, Epson Expression 11000 XL flatbed scanner with SilverFast scanning software, Archival Master file is a TIFF","2017-05-15 00:00:00","Still Image; Text","image/jpeg","Folder","","","Joshua Schutzenhofer","","2023-08-01","2023-08-01","http://cdm17173.contentdm.oclc.org/cdm/ref/collection/p17173coll38/id/20012",20012.0,"25158.cpd","/p17173coll38/image/25158.cpd","","",0,False,False,False,True,False,"['Empty Transcript']","[]"
