Reference URL,Year,text
http://cdm17173.contentdm.oclc.org/cdm/ref/collection/adamsea/id/0,,"[Title]: ""Letter, 1954 January 17, W.L. Foxworth Sr. to Adams requesting donations to the Ebenezer AME Church County Rally"""
http://cdm17173.contentdm.oclc.org/cdm/ref/collection/adamsea/id/1,,"[Title]: ""Postcard, 1954 January 20, President M. Citron to members of the Board of Trustees of Good Samaritan Waverly Hospital announcing a special meeting"""
http://cdm17173.contentdm.oclc.org/cdm/ref/collection/adamsea/id/2,,"[Title]: ""Flyer, no date, announcing the hiring of a geriatric nurse at Pine Whispers Rest Home for Convalescents and Elderly People"""
http://cdm17173.contentdm.oclc.org/cdm/ref/collection/adamsea/id/3,,"[Title]: ""Letter, 1954 January 28, Rev. H.R. Hughes to Adams thanking him for participating in Hughes' father's funeral"""
http://cdm17173.contentdm.oclc.org/cdm/ref/collection/adamsea/id/4,,"[Title]: ""Letter, 1954 February 10, Rembert Stokes of Payne Theological Seminary to Adams confirming the naming of a memorial pew"""
http://cdm17173.contentdm.oclc.org/cdm/ref/collection/adamsea/id/13,,"[Title]: ""Booklet, no date, Youth Congress Songs of the Episcopal District, front cover"""
http://cdm17173.contentdm.oclc.org/cdm/ref/collection/adamsea/id/14,,"[Title]: ""Booklet, no date, Youth Congress Songs of the Episcopal District, page 2-3"""
http://cdm17173.contentdm.oclc.org/cdm/ref/collection/adamsea/id/15,,"[Title]: ""Booklet, no date, Youth Congress Songs of the Episcopal District, page 4-5"""
http://cdm17173.contentdm.oclc.org/cdm/ref/collection/adamsea/id/16,,"[Title]: ""Booklet, no date, Youth Congress Songs of the Episcopal District, page 6-7"""
http://cdm17173.contentdm.oclc.org/cdm/ref/collection/adamsea/id/17,,"[Title]: ""Booklet, no date, Youth Congress Songs of the Episcopal District, back cover"""
http://cdm17173.contentdm.oclc.org/cdm/ref/collection/adamsea/id/18,,"[Title]: ""Program, 1950 August 24, Welcome Program of Bethel A.M.E. Church"""
http://cdm17173.contentdm.oclc.org/cdm/ref/collection/adamsea/id/19,,"[Title]: ""Receipt, 1950 November 13, Department of Education of A.M.E. Church to Payne Seminary for repayment of $2000 loan"""
http://cdm17173.contentdm.oclc.org/cdm/ref/collection/adamsea/id/20,,"[Title]: ""Letter, no date, Good Samaritan Waverly Hospital to Department of Education of A.M.E. Church, request for loan, page 1"""
http://cdm17173.contentdm.oclc.org/cdm/ref/collection/adamsea/id/21,,"[Title]: ""Letter, no date, Good Samaritan Waverly Hospital to Department of Education of A.M.E. Church, request for loan, page 2"""
http://cdm17173.contentdm.oclc.org/cdm/ref/collection/adamsea/id/22,,"[Title]: ""Booklet, no date, Youth Congress Songs for the 7th Episcopal District, front cover"""
http://cdm17173.contentdm.oclc.org/cdm/ref/collection/adamsea/id/23,,"[Title]: ""Booklet, no date, Youth Congress Songs for the 7th Episcopal District, page 2-3"""
http://cdm17173.contentdm.oclc.org/cdm/ref/collection/adamsea/id/24,,"[Title]: ""Booklet, no date, Youth Congress Songs for the 7th Episcopal District, page 4-5"""
http://cdm17173.contentdm.oclc.org/cdm/ref/collection/adamsea/id/25,,"[Title]: ""Booklet, no date, Youth Congress Songs for the 7th Episcopal District, page 6-7"""
http://cdm17173.contentdm.oclc.org/cdm/ref/collection/adamsea/id/26,,"[Title]: ""Booklet, no date, Youth Congress Songs for the 7th Episcopal District, page 8-9"""
http://cdm17173.contentdm.oclc.org/cdm/ref/collection/adamsea/id/27,,"[Title]: ""Booklet, no date, Youth Congress Songs for the 7th Episcopal District, back cover"""
http://cdm17173.contentdm.oclc.org/cdm/ref/collection/adamsea/id/28,,"[Title]: ""Letter, 1951 February 9, C. A. Gibbs of the Fourteenth Episcopal District of the A.M.E. Church to Adams, detailing the enclosure of a check"""
http://cdm17173.contentdm.oclc.org/cdm/ref/collection/adamsea/id/29,,"[Title]: ""Letter, 1951 February 14, Presiding Bishop in Georgia R.R. Wright Jr. to Adams, notice of leadership change on Education Board of A.M.E. Church"""
http://cdm17173.contentdm.oclc.org/cdm/ref/collection/adamsea/id/30,,"[Title]: ""Program, 1951 February 28-March 2, Founders Day Celebration of the Seventh Episcopal District of the A.M.E. Church, front cover"""
http://cdm17173.contentdm.oclc.org/cdm/ref/collection/adamsea/id/31,,"[Title]: ""Program, 1951 February 28-March 2, Founders Day Celebration of the Seventh Episcopal District of the A.M.E. Church, page 2-3"""
http://cdm17173.contentdm.oclc.org/cdm/ref/collection/adamsea/id/32,,"[Title]: ""Letter, 1951 March 14, Mrs. A.B. Lynem to Mrs. Adams describing enclosure of committee assignment lists"""
http://cdm17173.contentdm.oclc.org/cdm/ref/collection/adamsea/id/33,,"[Title]: ""List, 1951 March 14, committee membership in the Thirteenth Episcopal District of A.M.E. Church Women's Missionary Society; enclosed with letter of same date"""
http://cdm17173.contentdm.oclc.org/cdm/ref/collection/adamsea/id/35,,"[Title]: ""Roster, 1951 July 7-12, list of officers and committee members, presumably of the Women's Missionary Society of the A.M.E. Church"""
http://cdm17173.contentdm.oclc.org/cdm/ref/collection/adamsea/id/36,,"[Title]: ""Roster, 1951 July 7-12, list of officers and committee members, presumably of the Women's Missionary Society of the A.M.E. Church"""
http://cdm17173.contentdm.oclc.org/cdm/ref/collection/adamsea/id/37,,"[Title]: ""Speech, 1951 July 7-12, introduction by Carrie C. Sims of the Third Episcopal District discussing signs of hope"""
http://cdm17173.contentdm.oclc.org/cdm/ref/collection/adamsea/id/38,,"[Title]: ""Speech, 1951 July 7-12, memoriam for departed missionaries"""
http://cdm17173.contentdm.oclc.org/cdm/ref/collection/adamsea/id/39,,"[Title]: ""Speech, 1951 July 7-12, memoriam for departed missionaries"""
http://cdm17173.contentdm.oclc.org/cdm/ref/collection/adamsea/id/40,,"[Title]: ""Handout, 1951 July 7-12, scriptural prayers and introduction of the Prayer Room"""
http://cdm17173.contentdm.oclc.org/cdm/ref/collection/adamsea/id/41,,"[Title]: ""Handout, 1951 July 7-12, scriptural prayers and introduction of the Prayer Room"""
http://cdm17173.contentdm.oclc.org/cdm/ref/collection/adamsea/id/42,,"[Title]: ""Handout, 1951 July 7-12, scriptural prayers and introduction of the Prayer Room"""
http://cdm17173.contentdm.oclc.org/cdm/ref/collection/adamsea/id/43,,"[Title]: ""Notes, 1951 July 7-12, draft of admission prices list"""
http://cdm17173.contentdm.oclc.org/cdm/ref/collection/adamsea/id/44,,"[Title]: ""Roster, 1951 July 7-12, list of 13th District Delegates to W.M.S. Quadrennial Convention, page 1"""
http://cdm17173.contentdm.oclc.org/cdm/ref/collection/adamsea/id/45,,"[Title]: ""Roster, 1951 July 7-12, list of 13th District Delegates to W.M.S. Quadrennial Convention, page 2"""
http://cdm17173.contentdm.oclc.org/cdm/ref/collection/adamsea/id/46,,"[Title]: ""List, 1951 July 7-12, handwritten list of officials to attend meeting"""
http://cdm17173.contentdm.oclc.org/cdm/ref/collection/adamsea/id/47,,"[Title]: ""List, 1951 July 7-12, handwritten list of committee members, page 1"""
http://cdm17173.contentdm.oclc.org/cdm/ref/collection/adamsea/id/48,,"[Title]: ""Speech, 1951 July 7-12, introduction by Carrie C. Sims of the Third Episcopal District discussing signs of hope, page 1"""
http://cdm17173.contentdm.oclc.org/cdm/ref/collection/adamsea/id/49,,"[Title]: ""Speech, 1951 July 7-12, introduction by Carrie C. Sims of the Third Episcopal District discussing signs of hope, page 2"""
http://cdm17173.contentdm.oclc.org/cdm/ref/collection/adamsea/id/50,,"[Title]: ""List, 1951 July 7-12, handwritten list of committee members, page 2"""
http://cdm17173.contentdm.oclc.org/cdm/ref/collection/adamsea/id/51,,"[Title]: ""List, 1951 July 7-12, handwritten list of committee members, page 3"""
http://cdm17173.contentdm.oclc.org/cdm/ref/collection/adamsea/id/52,,"[Title]: ""Roster, 1951 July 7-12, list of bishops and supervisors"""
http://cdm17173.contentdm.oclc.org/cdm/ref/collection/adamsea/id/53,,"[Title]: ""Roster, 1951 July 7-12, list of bishops and supervisors"""
http://cdm17173.contentdm.oclc.org/cdm/ref/collection/adamsea/id/54,,"[Title]: ""Roster, 1951 July 7-12, list of workshops and participants, page 1"""
http://cdm17173.contentdm.oclc.org/cdm/ref/collection/adamsea/id/55,,"[Title]: ""Roster, 1951 July 7-12, list of workshops and participants, page 1"""
http://cdm17173.contentdm.oclc.org/cdm/ref/collection/adamsea/id/56,,"[Title]: ""Roster, 1951 July 7-12, list of workshops and participants, page 2"""
http://cdm17173.contentdm.oclc.org/cdm/ref/collection/adamsea/id/57,,"[Title]: ""Roster, 1951 July 7-12, list of workshops and participants, page 2"""
http://cdm17173.contentdm.oclc.org/cdm/ref/collection/adamsea/id/58,,"[Title]: ""Roster, 1951 July 7-12, list of committee members and their districts, page 1"""
http://cdm17173.contentdm.oclc.org/cdm/ref/collection/adamsea/id/59,,"[Title]: ""Roster, 1951 July 7-12, list of committee members and their districts, page 2"""
http://cdm17173.contentdm.oclc.org/cdm/ref/collection/adamsea/id/60,,"[Title]: ""Roster, 1951 July 7-12, list of committee members and their districts, page 3"""
http://cdm17173.contentdm.oclc.org/cdm/ref/collection/adamsea/id/61,,"[Title]: ""Roster, 1951 July 7-12, list of committee members and their districts, page 4"""
http://cdm17173.contentdm.oclc.org/cdm/ref/collection/adamsea/id/62,,"[Title]: ""Roster, 1951 July 7-12, list of committee members and their districts, page 5"""
http://cdm17173.contentdm.oclc.org/cdm/ref/collection/adamsea/id/63,,"[Title]: ""Roster, 1951 July 7-12, list of committee members and their districts, page 6"""
http://cdm17173.contentdm.oclc.org/cdm/ref/collection/adamsea/id/64,,"[Title]: ""Roster, 1951 July 7-12, list of committee members and their districts, page 7"""
http://cdm17173.contentdm.oclc.org/cdm/ref/collection/adamsea/id/65,,"[Title]: ""Roster, 1951 July 7-12, list of committee members and their districts, page 8"""
http://cdm17173.contentdm.oclc.org/cdm/ref/collection/adamsea/id/66,,"[Title]: ""Roster, 1951 July 7-12, list of committee members and their districts, page 9"""
http://cdm17173.contentdm.oclc.org/cdm/ref/collection/adamsea/id/81,,"[Title]: ""Invitation, 1953 December 6, to C.A. Johnson High School's third annual presentation of Handel's ""Messiah"""""
http://cdm17173.contentdm.oclc.org/cdm/ref/collection/adamsea/id/82,,"[Title]: ""Financial record, 1953 December 6, financial records of Wilberforce University"""
http://cdm17173.contentdm.oclc.org/cdm/ref/collection/adamsea/id/86,,"[Title]: ""Letter, 1953 December 31, Executive Vice President C. Mays Earle of Five Points Building & Loan Association to investors announcing credit of semi-annual dividend"""
http://cdm17173.contentdm.oclc.org/cdm/ref/collection/adamsea/id/89,,"[Title]: ""Handout, 1953 December 16, Bishop & Mrs. Gibbs to church members offering holiday greetings and blessings"""
http://cdm17173.contentdm.oclc.org/cdm/ref/collection/adamsea/id/94,,"[Title]: ""Letter, 1958 February 4, Benson Y. Landis to Statisticians of Religious Bodies in the National Council of Churches about receiving information about the total number of baptized children"""
http://cdm17173.contentdm.oclc.org/cdm/ref/collection/adamsea/id/95,,"[Title]: ""Program, 1958 February 6, Memorial Program for the late Reverend Alfred Lee Peterson held at Ebenezer Baptist Church, front cover"""
http://cdm17173.contentdm.oclc.org/cdm/ref/collection/adamsea/id/96,,"[Title]: ""Program, 1958 February 6, Memorial Program for the late Reverend Alfred Lee Peterson held at Ebenezer Baptist Church, page 2"""
http://cdm17173.contentdm.oclc.org/cdm/ref/collection/adamsea/id/97,,"[Title]: ""Program, 1958 February 6, Memorial Program for the late Reverend Alfred Lee Peterson held at Ebenezer Baptist Church, page 3"""
http://cdm17173.contentdm.oclc.org/cdm/ref/collection/adamsea/id/98,,"[Title]: ""Program, 1958  February 9, Meeting Program from the First Annual Meeting of the Women's' Auxiliary of Good Samaritan-Waverly Hospital, page 2"""
http://cdm17173.contentdm.oclc.org/cdm/ref/collection/adamsea/id/99,,"[Title]: ""Program, 1958  February 9, Meeting Program from the First Annual Meeting of the Women's' Auxiliary of Good Samaritan-Waverly Hospital, front cover"""
http://cdm17173.contentdm.oclc.org/cdm/ref/collection/adamsea/id/100,,"[Title]: ""Program, 1958 February 9, Church Program from the St. James  A.M.E. Church, front cover"""
http://cdm17173.contentdm.oclc.org/cdm/ref/collection/adamsea/id/101,,"[Title]: ""Program, 1958 February 9, Church Program from the St. James  A.M.E. Church, page 2"""
http://cdm17173.contentdm.oclc.org/cdm/ref/collection/adamsea/id/102,,"[Title]: ""Program, 1958 February 9, Church Program from the St. James  A.M.E. Church, page 3"""
http://cdm17173.contentdm.oclc.org/cdm/ref/collection/adamsea/id/103,,"[Title]: ""Program, 1958 February 9, Church Program from the St. James  A.M.E. Church, page 4"""
http://cdm17173.contentdm.oclc.org/cdm/ref/collection/adamsea/id/104,,"[Title]: ""Letter, 1958 February 11,  S. S. Norris to colleague about the General Officer's Council meeting in New Orleans"""
http://cdm17173.contentdm.oclc.org/cdm/ref/collection/adamsea/id/105,,"[Title]: ""Program, 1958 February 13, Allen University Annual Founders' Day Celebration, front cover"""
http://cdm17173.contentdm.oclc.org/cdm/ref/collection/adamsea/id/106,,"[Title]: ""Program, 1958 February 13, Allen University Annual Founders' Day Celebration, page 2"""
http://cdm17173.contentdm.oclc.org/cdm/ref/collection/adamsea/id/107,,"[Title]: ""Program, 1958 February 13, Allen University Annual Founders' Day Celebration, page 3"""
http://cdm17173.contentdm.oclc.org/cdm/ref/collection/adamsea/id/108,,"[Title]: ""Program, 1958 February 13, Allen University Annual Founders' Day Celebration, page 4"""
http://cdm17173.contentdm.oclc.org/cdm/ref/collection/adamsea/id/109,,"[Title]: ""Program, 1958 February 13, Allen University Annual Founders' Day Celebration, page 5"""
http://cdm17173.contentdm.oclc.org/cdm/ref/collection/adamsea/id/110,,"[Title]: ""Program, 1958 February 13, Allen University Annual Founders' Day Celebration, page 6"""
http://cdm17173.contentdm.oclc.org/cdm/ref/collection/adamsea/id/111,,"[Title]: ""Program, 1958 February 13, Allen University Annual Founders' Day Celebration, page 7"""
http://cdm17173.contentdm.oclc.org/cdm/ref/collection/adamsea/id/112,,"[Title]: ""Program, 1958 February 13, Allen University Choir in Extravaganza Classique, front cover"""
http://cdm17173.contentdm.oclc.org/cdm/ref/collection/adamsea/id/113,,"[Title]: ""Program, 1958 February 13, Allen University Choir in Extravaganza Classique, page 2"""
http://cdm17173.contentdm.oclc.org/cdm/ref/collection/adamsea/id/114,,"[Title]: ""Program, 1958 February 13, Allen University Choir in Extravaganza Classique, page 3"""
http://cdm17173.contentdm.oclc.org/cdm/ref/collection/adamsea/id/115,,"[Title]: ""Program, 1958 February 13, Allen University Choir in Extravaganza Classique, page 4"""
http://cdm17173.contentdm.oclc.org/cdm/ref/collection/adamsea/id/116,,"[Title]: ""Program, 1958 February 13, Allen University Choir in Extravaganza Classique, page 5"""
http://cdm17173.contentdm.oclc.org/cdm/ref/collection/adamsea/id/117,,"[Title]: ""Program, 1958 February 13, Allen University Choir in Extravaganza Classique, page 6"""
http://cdm17173.contentdm.oclc.org/cdm/ref/collection/adamsea/id/118,,"[Title]: ""Letter, 1958 February 13, John D. Bowman of the greater Columbia A. U. Club  to Alumnus about collecting Founders' Day contributions."""
http://cdm17173.contentdm.oclc.org/cdm/ref/collection/adamsea/id/119,,"[Title]: ""Letter, 1958 February 14, Bishop I. H. Bonner to the members of the General Trustee Board of Allen University  reminding about an upcoming meeting of the General Trustee Board"""
http://cdm17173.contentdm.oclc.org/cdm/ref/collection/adamsea/id/122,,"[Title]: ""Letter, 1954 September 29, D. Ward Nichols to ""Friends"" responding to personal attacks by Dr. Hill, message"""
http://cdm17173.contentdm.oclc.org/cdm/ref/collection/adamsea/id/123,,"[Title]: ""Letter, 1954 September 29, D. Ward Nichols to ""Friends"" responding to personal attacks by Dr. Hill, enclosure page 1"""
http://cdm17173.contentdm.oclc.org/cdm/ref/collection/adamsea/id/124,,"[Title]: ""Letter, 1954 September 29, D. Ward Nichols to ""Friends"" responding to personal attacks by Dr. Hill, enclosure page 2"""
http://cdm17173.contentdm.oclc.org/cdm/ref/collection/adamsea/id/125,,"[Title]: ""Financial record, 1954 September 30, The Middlebrooks Agency summary of Adams' rent collection"""
http://cdm17173.contentdm.oclc.org/cdm/ref/collection/adamsea/id/126,,"[Title]: ""Postcard, 1954 October 12, C.A. [last name illegible] to Mrs. Adams announcing the monthly meeting of the Ministers' Wives Alliance"""
http://cdm17173.contentdm.oclc.org/cdm/ref/collection/adamsea/id/127,,"[Title]: ""Letter, 1954 October 19, Rev. & Mrs. C.S. Butcher to Adams thanking him for attending the Pittsburgh Annual Conference"""
http://cdm17173.contentdm.oclc.org/cdm/ref/collection/adamsea/id/128,,"[Title]: ""Letter, 1954 October 29, Bishop William R. Wilkes to Adams responding to a request for contact information"""
http://cdm17173.contentdm.oclc.org/cdm/ref/collection/adamsea/id/129,,"[Title]: ""Postcard, 1954 November 2, Middlebrooks Agency to Adams reporting maintenance requests for a tenant"""
http://cdm17173.contentdm.oclc.org/cdm/ref/collection/adamsea/id/130,,"[Title]: ""Letter, 1954 November 3, President Charles L. Hill of Wilberforce University to Adams requesting donations"""
http://cdm17173.contentdm.oclc.org/cdm/ref/collection/adamsea/id/131,,"[Title]: ""Agenda, 1954 November 17, Presiding Elders' Council Get-Together Meeting of Bethel A.M.E. Church"""
http://cdm17173.contentdm.oclc.org/cdm/ref/collection/adamsea/id/132,,"[Title]: ""Postcard, 1954 November 17, Mrs. Annie Belle Weston to Rev. & Mrs. Adams inviting them to a Book Week Tea"""
http://cdm17173.contentdm.oclc.org/cdm/ref/collection/adamsea/id/134,,"[Title]: ""Letter, 1954 April 1, Jamie B. Walker to Adams enclosing a check"""
http://cdm17173.contentdm.oclc.org/cdm/ref/collection/adamsea/id/135,,"[Title]: ""Letter, 1954 April 2, Bishop R.R. Wright to co-workers requesting statistics for the Connectional Budget meeting"""
http://cdm17173.contentdm.oclc.org/cdm/ref/collection/adamsea/id/136,,"[Title]: ""Letter, 1954 April 4, Secretary Henry W. Webber to brothers announcing the monthly meeting of the Alpha Psi Lambda chapter"""
http://cdm17173.contentdm.oclc.org/cdm/ref/collection/adamsea/id/137,,"[Title]: ""Letter, 1954 April 10, James G. Holmes Jr. of the American Red Cross Richland County Chapter to Mrs. Adams following up on a blood donation"""
http://cdm17173.contentdm.oclc.org/cdm/ref/collection/adamsea/id/138,,"[Title]: ""Church bulletin, 1954 April 25, Emmanuel AME Church worship service, page 1"""
http://cdm17173.contentdm.oclc.org/cdm/ref/collection/adamsea/id/139,,"[Title]: ""Church bulletin, 1954 April 25, Emmanuel AME Church worship service, page 2"""
http://cdm17173.contentdm.oclc.org/cdm/ref/collection/adamsea/id/140,,"[Title]: ""Church bulletin, 1954 April 25, Emmanuel AME Church worship service, page 3"""
http://cdm17173.contentdm.oclc.org/cdm/ref/collection/adamsea/id/141,,"[Title]: ""Church bulletin, 1954 April 25, Emmanuel AME Church worship service, page 4"""
http://cdm17173.contentdm.oclc.org/cdm/ref/collection/adamsea/id/142,,"[Title]: ""Letter, 1954 April 27, unsigned draft of a letter requesting release from responsibility as directors of the Victory Savings Bank, page 1"""
http://cdm17173.contentdm.oclc.org/cdm/ref/collection/adamsea/id/143,,"[Title]: ""Letter, 1954 April 27, unsigned draft of a letter requesting release from responsibility as directors of the Victory Savings Bank, page 2"""
http://cdm17173.contentdm.oclc.org/cdm/ref/collection/adamsea/id/144,,"[Title]: ""Financial record, 1954 April 30, Middlebrooks Agency Real estate Rentals & Fire Insurance record of Adams' rent collection"""
http://cdm17173.contentdm.oclc.org/cdm/ref/collection/adamsea/id/145,,"[Title]: ""Letter, 1954 April 30, Mae Williamson to Adams requesting him to write a letter recommending her husband for parole"""
http://cdm17173.contentdm.oclc.org/cdm/ref/collection/adamsea/id/146,,"[Title]: ""Financial record, 1954 April 30, Reid House of Christian Service financial report for January - April 1954"""
http://cdm17173.contentdm.oclc.org/cdm/ref/collection/adamsea/id/148,,"[Title]: ""Letter, 1954 April 30, S.S. Morris to Adams offering a note of hope for the AME Church"""
http://cdm17173.contentdm.oclc.org/cdm/ref/collection/adamsea/id/149,,"[Title]: ""Letter, 1954 May 3, Pettis Perry (?) of the Communist Party to ""Friend"" enclosing the draft program of the Communist Party"""
http://cdm17173.contentdm.oclc.org/cdm/ref/collection/adamsea/id/150,,"[Title]: ""Booklet, no date, ""The American Way to Jobs, Peace, Democracy"" outlining the proposals of the Communist Party; enclosed with letter of May 3, front cover"""
http://cdm17173.contentdm.oclc.org/cdm/ref/collection/adamsea/id/151,,"[Title]: ""Booklet, no date, ""The American Way to Jobs, Peace, Democracy"" outlining the proposals of the Communist Party; enclosed with letter of May 3, page 2-3"""
http://cdm17173.contentdm.oclc.org/cdm/ref/collection/adamsea/id/152,,"[Title]: ""Booklet, no date, ""The American Way to Jobs, Peace, Democracy"" outlining the proposals of the Communist Party; enclosed with letter of May 3, page 4, 13"""
http://cdm17173.contentdm.oclc.org/cdm/ref/collection/adamsea/id/153,,"[Title]: ""Booklet, no date, ""The American Way to Jobs, Peace, Democracy"" outlining the proposals of the Communist Party; enclosed with letter of May 3, page 14-15"""
http://cdm17173.contentdm.oclc.org/cdm/ref/collection/adamsea/id/154,,"[Title]: ""Booklet, no date, ""The American Way to Jobs, Peace, Democracy"" outlining the proposals of the Communist Party; enclosed with letter of May 3, page 16-17"""
http://cdm17173.contentdm.oclc.org/cdm/ref/collection/adamsea/id/155,,"[Title]: ""Booklet, no date, ""The American Way to Jobs, Peace, Democracy"" outlining the proposals of the Communist Party; enclosed with letter of May 3, page 18-19"""
http://cdm17173.contentdm.oclc.org/cdm/ref/collection/adamsea/id/156,,"[Title]: ""Booklet, no date, ""The American Way to Jobs, Peace, Democracy"" outlining the proposals of the Communist Party; enclosed with letter of May 3, page 20, 5"""
http://cdm17173.contentdm.oclc.org/cdm/ref/collection/adamsea/id/157,,"[Title]: ""Booklet, no date, ""The American Way to Jobs, Peace, Democracy"" outlining the proposals of the Communist Party; enclosed with letter of May 3, page 6-7"""
http://cdm17173.contentdm.oclc.org/cdm/ref/collection/adamsea/id/158,,"[Title]: ""Booklet, no date, ""The American Way to Jobs, Peace, Democracy"" outlining the proposals of the Communist Party; enclosed with letter of May 3, page 8-9"""
http://cdm17173.contentdm.oclc.org/cdm/ref/collection/adamsea/id/159,,"[Title]: ""Booklet, no date, ""The American Way to Jobs, Peace, Democracy"" outlining the proposals of the Communist Party; enclosed with letter of May 3, page 10-11"""
http://cdm17173.contentdm.oclc.org/cdm/ref/collection/adamsea/id/160,,"[Title]: ""Booklet, no date, ""The American Way to Jobs, Peace, Democracy"" outlining the proposals of the Communist Party; enclosed with letter of May 3, page 12, 21"""
http://cdm17173.contentdm.oclc.org/cdm/ref/collection/adamsea/id/161,,"[Title]: ""Booklet, no date, ""The American Way to Jobs, Peace, Democracy"" outlining the proposals of the Communist Party; enclosed with letter of May 3, page 22-23"""
http://cdm17173.contentdm.oclc.org/cdm/ref/collection/adamsea/id/162,,"[Title]: ""Booklet, no date, ""The American Way to Jobs, Peace, Democracy"" outlining the proposals of the Communist Party; enclosed with letter of May 3, back cover"""
http://cdm17173.contentdm.oclc.org/cdm/ref/collection/adamsea/id/163,,"[Title]: ""Brochure, no date, advertising The Gordon Enterprises Hotel-Motel Resort Center, front cover"""
http://cdm17173.contentdm.oclc.org/cdm/ref/collection/adamsea/id/164,,"[Title]: ""Brochure, no date, advertising The Gordon Enterprises Hotel-Motel Resort Center, interior"""
http://cdm17173.contentdm.oclc.org/cdm/ref/collection/adamsea/id/165,,"[Title]: ""Brochure, no date, advertising The Gordon Enterprises Hotel-Motel Resort Center, back exterior"""
http://cdm17173.contentdm.oclc.org/cdm/ref/collection/adamsea/id/166,,"[Title]: ""Letter, 1954 May 1, (presumably from Jamie B. Walker) to Adams enclosing a check"""
http://cdm17173.contentdm.oclc.org/cdm/ref/collection/adamsea/id/167,,"[Title]: ""Letter, 1954 May 1, Chapter Secretary H.W. Webber to Brothers announcing a meeting of the Alpha Psi Lambda chapter"""
http://cdm17173.contentdm.oclc.org/cdm/ref/collection/adamsea/id/168,,"[Title]: ""Invitation, 1954 May 3, to attend C.A. Johnson High School commencement events"""
http://cdm17173.contentdm.oclc.org/cdm/ref/collection/adamsea/id/169,,"[Title]: ""Letter, 1954 May 8, Rembert Stokes of Payne Theological Seminary thanking him for a loan"""
http://cdm17173.contentdm.oclc.org/cdm/ref/collection/adamsea/id/170,,"[Title]: ""Postcard, 1954 May 14, President M. Citron to members announcing the monthly meeting of the Board of Trustees of Good Samaritan Waverly Hospital"""
http://cdm17173.contentdm.oclc.org/cdm/ref/collection/adamsea/id/171,,"[Title]: ""Invitation, 1954 May 15, to attend a barbeque for the Alpha Psi Lambda chapter of the Alpha Phi Alpha fraternity"""
http://cdm17173.contentdm.oclc.org/cdm/ref/collection/adamsea/id/173,,"[Title]: ""Program, 1955 August 11, Second Joint Summer Convocation of Benedict College and Allen University, front cover"""
http://cdm17173.contentdm.oclc.org/cdm/ref/collection/adamsea/id/174,,"[Title]: ""Program, 1955 August 11, Second Joint Summer Convocation of Benedict College and Allen University, page 2"""
http://cdm17173.contentdm.oclc.org/cdm/ref/collection/adamsea/id/175,,"[Title]: ""Program, 1955 August 11, Second Joint Summer Convocation of Benedict College and Allen University, page 3"""
http://cdm17173.contentdm.oclc.org/cdm/ref/collection/adamsea/id/176,,"[Title]: ""Program, 1955 August 11, Second Joint Summer Convocation of Benedict College and Allen University, page 4"""
http://cdm17173.contentdm.oclc.org/cdm/ref/collection/adamsea/id/177,,"[Title]: ""Letter, 1955 August 25, L. Daniel King of King Funeral Home to Adams enclosing a check"""
http://cdm17173.contentdm.oclc.org/cdm/ref/collection/adamsea/id/178,,"[Title]: ""Church bulletin, 1955 August 28, Bethel African Methodist Episcopal Church worship service, front cover"""
http://cdm17173.contentdm.oclc.org/cdm/ref/collection/adamsea/id/179,,"[Title]: ""Church bulletin, 1955 August 28, Bethel African Methodist Episcopal Church worship service, page 2"""
http://cdm17173.contentdm.oclc.org/cdm/ref/collection/adamsea/id/180,,"[Title]: ""Church bulletin, 1955 August 28, Bethel African Methodist Episcopal Church worship service, page 3"""
http://cdm17173.contentdm.oclc.org/cdm/ref/collection/adamsea/id/181,,"[Title]: ""Church bulletin, 1955 August 28, Bethel African Methodist Episcopal Church worship service, back cover"""
http://cdm17173.contentdm.oclc.org/cdm/ref/collection/adamsea/id/182,,"[Title]: ""Letter, 1955 August 29, J.R. Larkins of the Department of Public Welfare to Adams following up on a previous letter requesting information"""
http://cdm17173.contentdm.oclc.org/cdm/ref/collection/adamsea/id/183,,"[Title]: ""Invoice, 1956 March 9, United Brotherhood of Carpenters and Joiners of America for work on 2113 Lady St."""
http://cdm17173.contentdm.oclc.org/cdm/ref/collection/adamsea/id/184,,"[Title]: ""Letter, 1956 March 9, [name illegible to presumably Adams] explaining calculation of the bill of the same date"""
http://cdm17173.contentdm.oclc.org/cdm/ref/collection/adamsea/id/185,,"[Title]: ""Letter, 1956 April 1, Chapter Secretary H.W. Webber to Brothers announcing a change in meeting times of the Alpha Psi Lambda chapter"""
http://cdm17173.contentdm.oclc.org/cdm/ref/collection/adamsea/id/186,,"[Title]: ""Letter, 1956 April 5, W.H. Hall to members of the 35th quadrennial session of the General Conference of the AME Church asking for votes"""
http://cdm17173.contentdm.oclc.org/cdm/ref/collection/adamsea/id/191,,"[Title]: ""Card, 1952 December 31, Lower Main Street Bank to customers thanking them for membership and detailing the bank's condition, back"""
http://cdm17173.contentdm.oclc.org/cdm/ref/collection/adamsea/id/192,,"[Title]: ""Card, 1952 December 31, Lower Main Street Bank to customers thanking them for membership and detailing the bank's condition, front"""
http://cdm17173.contentdm.oclc.org/cdm/ref/collection/adamsea/id/193,,"[Title]: ""Letter, 1953 January 3, Chapter Secretary H.W. Webber to Brothers, reminder of January Alpha Phi Alpha Fraternity meeting"""
http://cdm17173.contentdm.oclc.org/cdm/ref/collection/adamsea/id/194,,"[Title]: ""Letter, 1952 October 2, President Samuel R. Higgins of Allen University to Dr. and Mrs. Adams enclosing a season pass to Hurst Field games"""
http://cdm17173.contentdm.oclc.org/cdm/ref/collection/adamsea/id/195,,"[Title]: ""Letter, 1952 October 29, Winfred Mundle of North Carolina Mutual Life Insurance Company to Adams, invitation to dinner with company president"""
http://cdm17173.contentdm.oclc.org/cdm/ref/collection/adamsea/id/196,,"[Title]: ""Financial record, 1952 October 31, Middlebrook Agency Real Estate Rentals & Fire Insurance record of Adams' rent collection"""
http://cdm17173.contentdm.oclc.org/cdm/ref/collection/adamsea/id/198,,"[Title]: ""Letter, 1952 December 15, tax collector Harry P. Thames to Adams regarding tax redemption on mortgaged property"""
http://cdm17173.contentdm.oclc.org/cdm/ref/collection/adamsea/id/199,,"[Title]: ""Financial record, 1952, record of gross income and expenses for 1952"""
http://cdm17173.contentdm.oclc.org/cdm/ref/collection/adamsea/id/200,,"[Title]: ""Article, no date, ""Religious Belief in America"" discussing church membership, page 1"""
http://cdm17173.contentdm.oclc.org/cdm/ref/collection/adamsea/id/201,,"[Title]: ""Article, no date, ""Religious Belief in America"" discussing church membership, page 2"""
http://cdm17173.contentdm.oclc.org/cdm/ref/collection/adamsea/id/202,,"[Title]: ""Article, no date, ""Religious Belief in America"" discussing church membership, page 3"""
http://cdm17173.contentdm.oclc.org/cdm/ref/collection/adamsea/id/203,,"[Title]: ""Article, no date, ""Religious Belief in America"" discussing church membership, page 4"""
http://cdm17173.contentdm.oclc.org/cdm/ref/collection/adamsea/id/204,,"[Title]: ""Article, no date, ""Religious Belief in America"" discussing church membership, page 5"""
http://cdm17173.contentdm.oclc.org/cdm/ref/collection/adamsea/id/205,,"[Title]: ""Article, no date, ""Religious Belief in America"" discussing church membership, page 6"""
http://cdm17173.contentdm.oclc.org/cdm/ref/collection/adamsea/id/208,,"[Title]: ""Postcard, 1957 May 13, Adams to Board of Trustees of Good Samaritan Waverly Hospital announcing monthly meeting"""
http://cdm17173.contentdm.oclc.org/cdm/ref/collection/adamsea/id/210,,"[Title]: ""Program, 1957 May 17, Spartanburg District Conference of the Columbia, S.C. Conference, front cover"""
http://cdm17173.contentdm.oclc.org/cdm/ref/collection/adamsea/id/211,,"[Title]: ""Program, 1957 May 17, Spartanburg District Conference of the Columbia, S.C. Conference, page 2-3"""
http://cdm17173.contentdm.oclc.org/cdm/ref/collection/adamsea/id/212,,"[Title]: ""Program, 1957 May 17, Spartanburg District Conference of the Columbia, S.C. Conference, back cover"""
http://cdm17173.contentdm.oclc.org/cdm/ref/collection/adamsea/id/213,,"[Title]: ""Letter, 1957 May 20, Secretary E.M. Johnson of the Budget Committee of the AME Church to Adams requesting the previous year's annual report"""
http://cdm17173.contentdm.oclc.org/cdm/ref/collection/adamsea/id/214,,"[Title]: ""Letter, 1957 May 21, Geoffrey Christian of Northwestern Mutual Insurance Company to policyholders honoring David G. Ellison"""
http://cdm17173.contentdm.oclc.org/cdm/ref/collection/adamsea/id/215,,"[Title]: ""Letter, 1957 May 21, President Rembert Stokes to Wilberforce University Board Members announcing a board meeting"""
http://cdm17173.contentdm.oclc.org/cdm/ref/collection/adamsea/id/217,,"[Title]: ""Letter, 1957 May 23, R.B. Herbert to Dr. William S. Hall requesting aid transferring a patient from Good Samaritan Waverly Hospital to Pineland"""
http://cdm17173.contentdm.oclc.org/cdm/ref/collection/adamsea/id/218,,"[Title]: ""Letter, 1957 May 23, S.L. Greene of the General Board of the AME Church to general officers discussing General Treasury funds"""
http://cdm17173.contentdm.oclc.org/cdm/ref/collection/adamsea/id/234,,"[Title]: ""Letter, 1953 March 5, Chapter Secretary H.W. Webber to Adams requesting his guest list for an event"""
http://cdm17173.contentdm.oclc.org/cdm/ref/collection/adamsea/id/235,,"[Title]: ""Agenda, 1953 March 6-7, Allen University Executive Board and Board of Control Meeting, page 1"""
http://cdm17173.contentdm.oclc.org/cdm/ref/collection/adamsea/id/236,,"[Title]: ""Agenda, 1953 March 6-7, Allen University Executive Board and Board of Control Meeting, page 2"""
http://cdm17173.contentdm.oclc.org/cdm/ref/collection/adamsea/id/237,,"[Title]: ""Letter, 1953 March 14, Secretary Milton E. Cox to Brothers, invitation to luncheon for the Interdenominational Ministerial Alliance of Greater Columbia"""
http://cdm17173.contentdm.oclc.org/cdm/ref/collection/adamsea/id/239,,"[Title]: ""Program, 1953 March 30, Bishops' Memorial A.M.E. Church Holy Week Services, page 1"""
http://cdm17173.contentdm.oclc.org/cdm/ref/collection/adamsea/id/240,,"[Title]: ""Program, 1953 March 30, Bishops' Memorial A.M.E. Church Holy Week Services, page 2"""
http://cdm17173.contentdm.oclc.org/cdm/ref/collection/adamsea/id/241,,"[Title]: ""Letter, 1953 April 9, Chapter Secretary Henry W. Webber to Brothers requesting donations for the NAACP Human Relations Project"""
http://cdm17173.contentdm.oclc.org/cdm/ref/collection/adamsea/id/242,,"[Title]: ""Letter, 1953 May 3, J.E. Thomas to Adams requesting donations to the Masons and O.E.S. Chapters"""
http://cdm17173.contentdm.oclc.org/cdm/ref/collection/adamsea/id/243,,"[Title]: ""Form, no date, donations sheet for the United Masonic Temple Committee"""
http://cdm17173.contentdm.oclc.org/cdm/ref/collection/adamsea/id/244,,"[Title]: ""Letter, 1953 May 15, President S.L. Greene of the Council of Bishops to Adams offering updates on the World Evangelistic Observance"""
http://cdm17173.contentdm.oclc.org/cdm/ref/collection/adamsea/id/245,,"[Title]: ""Receipt, 1953 June 10, Payne Theological Seminary Building Fund to Adams for memorial pew donation"""
http://cdm17173.contentdm.oclc.org/cdm/ref/collection/adamsea/id/246,,"[Title]: ""Letter, 1953 July 30, Clarence Perkins to Adams requesting year books of the A.M.E. Church"""
http://cdm17173.contentdm.oclc.org/cdm/ref/collection/adamsea/id/247,,"[Title]: ""Program, 1953 August 13-14, Sumter District Sunday School and Allen Christian Endeavor League Convention, front cover"""
http://cdm17173.contentdm.oclc.org/cdm/ref/collection/adamsea/id/248,,"[Title]: ""Program, 1953 August 13-14, Sumter District Sunday School and Allen Christian Endeavor League Convention, page 2-3"""
http://cdm17173.contentdm.oclc.org/cdm/ref/collection/adamsea/id/250,,"[Title]: ""Program, 1956 July 19-20, Spartanburg District Sunday School and Allen Christian Endeavor League Institute, front cover"""
http://cdm17173.contentdm.oclc.org/cdm/ref/collection/adamsea/id/251,,"[Title]: ""Program, 1956 July 19-20, Spartanburg District Sunday School and Allen Christian Endeavor League Institute, page 2-3"""
http://cdm17173.contentdm.oclc.org/cdm/ref/collection/adamsea/id/252,,"[Title]: ""Letter, 1956 July 23, Albert L. Gray, Jr., of Elizabethtown College to Adams requesting information on membership and finances of the A.M.E. Church"""
http://cdm17173.contentdm.oclc.org/cdm/ref/collection/adamsea/id/253,,"[Title]: ""Letter, 1956 July 23, John Steigner of the Colonial Life & Accident Insurance Company to Adams requesting signed and returned policy riders"""
http://cdm17173.contentdm.oclc.org/cdm/ref/collection/adamsea/id/254,,"[Title]: ""Program, 1956 July 26-27, Columbia District Sunday School and A.C.E. League Institute of the Columbia Annal Conference, front cover"""
http://cdm17173.contentdm.oclc.org/cdm/ref/collection/adamsea/id/255,,"[Title]: ""Program, 1956 July 26-27, Columbia District Sunday School and A.C.E. League Institute of the Columbia Annal Conference, page 2-3"""
http://cdm17173.contentdm.oclc.org/cdm/ref/collection/adamsea/id/256,,"[Title]: ""Program, 1956 August 2-3, Sunday School and A.C.E. League Convention of the Orangeburg District, front cover"""
http://cdm17173.contentdm.oclc.org/cdm/ref/collection/adamsea/id/257,,"[Title]: ""Program, 1956 August 2-3, Sunday School and A.C.E. League Convention of the Orangeburg District, page 2-3"""
http://cdm17173.contentdm.oclc.org/cdm/ref/collection/adamsea/id/258,,"[Title]: ""Program, 1956 August 2-3, Sunday School and A.C.E. League Convention of the Orangeburg District, back cover"""
http://cdm17173.contentdm.oclc.org/cdm/ref/collection/adamsea/id/259,,"[Title]: ""Postcard, 1956 August 4, Victory Savings Bank to Adams informing him of principal due date"""
http://cdm17173.contentdm.oclc.org/cdm/ref/collection/adamsea/id/260,,"[Title]: ""Postcard, 1956 August 7, Carrie Henri to Rev. & Mrs. Adams celebrating the appointment of their ""Baby"" as president of Paul Quinn College, message"""
http://cdm17173.contentdm.oclc.org/cdm/ref/collection/adamsea/id/261,,"[Title]: ""Postcard, 1956 August 7, Carrie Henri to Rev. & Mrs. Adams celebrating the appointment of their ""Baby"" as president of Paul Quinn College, image"""
http://cdm17173.contentdm.oclc.org/cdm/ref/collection/adamsea/id/262,,"[Title]: ""Letter, 1956 August 9, W.R. Bowman of the Palmetto Leader to subscribers requesting aid in purchasing paper materials"""
http://cdm17173.contentdm.oclc.org/cdm/ref/collection/adamsea/id/263,,"[Title]: ""Letter, 1956 August 13, A.G. Gaston of the Church Extension Department to Adams enclosing a report for publication"""
http://cdm17173.contentdm.oclc.org/cdm/ref/collection/adamsea/id/264,,"[Title]: ""Letter, 1956 August 15, President Frank R. Veal to the Executive Board of Allen University making policy recommendations"""
http://cdm17173.contentdm.oclc.org/cdm/ref/collection/adamsea/id/266,,"[Title]: ""Letter, 1956 August 24, Calvin L. McKissack of McKissack & McKissack to Adams enclosing a brochure and expressing hope for future partnerships"""
http://cdm17173.contentdm.oclc.org/cdm/ref/collection/adamsea/id/268,,"[Title]: ""Letter, 1590 August 23, Campaign Director Mrs. Andrew W. Simkins of the Good Samaritan Waverly Hospital Building Fund Campaign to campaign workers requesting a meeting"""
http://cdm17173.contentdm.oclc.org/cdm/ref/collection/adamsea/id/269,,"[Title]: ""Program, 1950 May 24, General Alumni Association of Allen University"""
http://cdm17173.contentdm.oclc.org/cdm/ref/collection/adamsea/id/270,,"[Title]: ""Invitation, 1950 May 25-29, Commencement Exercises of Harbison Junior College"""
http://cdm17173.contentdm.oclc.org/cdm/ref/collection/adamsea/id/271,,"[Title]: ""Program, 1950 August 10-11, Twenty-seventh Annual Session of the Central South Carolina Conference Branch Woman's Missionary Society, front cover"""
http://cdm17173.contentdm.oclc.org/cdm/ref/collection/adamsea/id/272,,"[Title]: ""Program, 1950 August 10-11, Twenty-seventh Annual Session of the Central South Carolina Conference Branch Woman's Missionary Society, page 2-3"""
http://cdm17173.contentdm.oclc.org/cdm/ref/collection/adamsea/id/273,,"[Title]: ""Program, 1950 August 10-11, Twenty-seventh Annual Session of the Central South Carolina Conference Branch Woman's Missionary Society, back cover"""
http://cdm17173.contentdm.oclc.org/cdm/ref/collection/adamsea/id/274,,"[Title]: ""Church bulletin, 1950 August 13, Bethel African Methodist Episcopal Church worship service, front cover"""
http://cdm17173.contentdm.oclc.org/cdm/ref/collection/adamsea/id/275,,"[Title]: ""Church bulletin, 1950 August 13, Bethel African Methodist Episcopal Church worship service, page 2"""
http://cdm17173.contentdm.oclc.org/cdm/ref/collection/adamsea/id/276,,"[Title]: ""Church bulletin, 1950 August 13, Bethel African Methodist Episcopal Church worship service, page 3"""
http://cdm17173.contentdm.oclc.org/cdm/ref/collection/adamsea/id/277,,"[Title]: ""Church bulletin, 1950 August 13, Bethel African Methodist Episcopal Church worship service, back cover"""
http://cdm17173.contentdm.oclc.org/cdm/ref/collection/adamsea/id/278,,"[Title]: ""Church bulletin, 1950 August 20, Bethel African Methodist Episcopal Church worship service, front cover"""
http://cdm17173.contentdm.oclc.org/cdm/ref/collection/adamsea/id/279,,"[Title]: ""Church bulletin, 1950 August 20, Bethel African Methodist Episcopal Church worship service, page 2-3"""
http://cdm17173.contentdm.oclc.org/cdm/ref/collection/adamsea/id/280,,"[Title]: ""Church bulletin, 1950 August 20, Bethel African Methodist Episcopal Church worship service, back cover"""
http://cdm17173.contentdm.oclc.org/cdm/ref/collection/adamsea/id/281,,"[Title]: ""Invitation, 1950 May 22, semi-formal Annual Banquet of the Dickerson Theological Seminary"""
http://cdm17173.contentdm.oclc.org/cdm/ref/collection/adamsea/id/282,,"[Title]: ""Program, 1950 May 24, General Alumni Association of Allen University"""
http://cdm17173.contentdm.oclc.org/cdm/ref/collection/adamsea/id/284,,"[Title]: ""Program, 1950 May 7, Education for Citizenship Program at the Alpha Phi Alpha Alpha Psi Lambda Chapter, front cover"""
http://cdm17173.contentdm.oclc.org/cdm/ref/collection/adamsea/id/285,,"[Title]: ""Program, 1950 May 7, Education for Citizenship Program at the Alpha Phi Alpha Alpha Psi Lambda Chapter, page 2-3"""
http://cdm17173.contentdm.oclc.org/cdm/ref/collection/adamsea/id/286,,"[Title]: ""Program, 1950 May 7, Education for Citizenship Program at the Alpha Phi Alpha Alpha Psi Lambda Chapter, back cover"""
http://cdm17173.contentdm.oclc.org/cdm/ref/collection/adamsea/id/287,,"[Title]: ""Program, 1950 May 19, District Conference of the Orangeburg District of the A.M.E. Church, front cover"""
http://cdm17173.contentdm.oclc.org/cdm/ref/collection/adamsea/id/288,,"[Title]: ""Program, 1950 May 19, District Conference of the Orangeburg District of the A.M.E. Church, page 2-3"""
http://cdm17173.contentdm.oclc.org/cdm/ref/collection/adamsea/id/290,,"[Title]: ""Invitation, 1957 March, to attend two open meetings hosted by the South Carolina Council on Human Relations"""
http://cdm17173.contentdm.oclc.org/cdm/ref/collection/adamsea/id/291,,"[Title]: ""Letter, 1957 August 27, Rev. J.A. DeLaine to Adams requesting a loan of $2500"""
http://cdm17173.contentdm.oclc.org/cdm/ref/collection/adamsea/id/292,,"[Title]: ""Letter, no date, J.M. Dabbs of the SC Council on Human Relations to members requesting donations"""
http://cdm17173.contentdm.oclc.org/cdm/ref/collection/adamsea/id/293,,"[Title]: ""Letter, no date, Mrs. E.H. Spearman of the South Carolina Council on Human Relations to Adams requesting his attendance at the annual meeting"""
http://cdm17173.contentdm.oclc.org/cdm/ref/collection/adamsea/id/294,,"[Title]: ""Letter, 1957 March 27, S.H. Lewis to Adams discussing the passing of a friend and inquiring after a mutual contact"""
http://cdm17173.contentdm.oclc.org/cdm/ref/collection/adamsea/id/295,,"[Title]: ""Postcard, 1957 March 25, invitation to the public program of the Alpha Psi Lambda Chapter of the Alpha Phi Alpha Fraternity"""
http://cdm17173.contentdm.oclc.org/cdm/ref/collection/adamsea/id/296,,"[Title]: ""Letter, 1957 March 25, E.E. Taylor to Alpha Psi Lambda Chapter with updates on chapter programming"""
http://cdm17173.contentdm.oclc.org/cdm/ref/collection/adamsea/id/297,,"[Title]: ""Letter, 1957 March 26, Chaplain Douglas L.T. Robinson to Adams discussing preparations for the Connectional Council"""
http://cdm17173.contentdm.oclc.org/cdm/ref/collection/adamsea/id/299,,"[Title]: ""Financial record, 1957 March 31, income and expenses of the A.M.E. Church Financial Department from April 1, 1956 - March 31, 1957, page 1"""
http://cdm17173.contentdm.oclc.org/cdm/ref/collection/adamsea/id/300,,"[Title]: ""Financial record, 1957 March 31, income and expenses of the A.M.E. Church Financial Department from April 1, 1956 - March 31, 1957, page 2"""
http://cdm17173.contentdm.oclc.org/cdm/ref/collection/adamsea/id/302,,"[Title]: ""Letter, 1957 May 2, Benson Y. Landis of the Yearbook of American Churches to Adams requesting bishops' contact information"""
http://cdm17173.contentdm.oclc.org/cdm/ref/collection/adamsea/id/303,,"[Title]: ""Letter, 1957 April 13, Principal T.E. Greene of Fairfield County Training School to Adams inviting him to speak at graduation"""
http://cdm17173.contentdm.oclc.org/cdm/ref/collection/adamsea/id/304,,"[Title]: ""Invitation, 1957 April 19, to the Delta Sigma Theta and Omega Psi Phi spring formal"""
http://cdm17173.contentdm.oclc.org/cdm/ref/collection/adamsea/id/305,,"[Title]: ""Program, 1957 April 23, Presiding Elders' Council of the Seventh Episcopal District of the A.M.E. Church"""
http://cdm17173.contentdm.oclc.org/cdm/ref/collection/adamsea/id/306,,"[Title]: ""Letter, 1957 April 24, President L.F. Wade of Lion Craft, Inc., to Adams requesting a directory of A.M.E. churches"""
http://cdm17173.contentdm.oclc.org/cdm/ref/collection/adamsea/id/307,,"[Title]: ""Postcard, 1957 April 24, Circulation manager R.S. Turner of the Palmetto Leader to Adams requesting payment owed"""
http://cdm17173.contentdm.oclc.org/cdm/ref/collection/adamsea/id/308,,"[Title]: ""Postcard, 1957 May 3, invitation to the public meeting of the Third Annual Regional Conference of Alpha Kappa Alpha sorority"""
http://cdm17173.contentdm.oclc.org/cdm/ref/collection/adamsea/id/309,,"[Title]: ""Program, 1957 April 26, Orangeburg District Conference, front cover"""
http://cdm17173.contentdm.oclc.org/cdm/ref/collection/adamsea/id/310,,"[Title]: ""Program, 1957 April 26, Orangeburg District Conference, page 2-3"""
http://cdm17173.contentdm.oclc.org/cdm/ref/collection/adamsea/id/311,,"[Title]: ""Program, 1957 April 26, Orangeburg District Conference, back cover"""
http://cdm17173.contentdm.oclc.org/cdm/ref/collection/adamsea/id/312,,"[Title]: ""Letter, 1957 April 28, Rev. Julius Holman to Adams requesting donations for a newly built church"""
http://cdm17173.contentdm.oclc.org/cdm/ref/collection/adamsea/id/313,,"[Title]: ""Letter, 1957 April 30, Reuben S. Turner to Allen University President Frank R. Veal requesting a meeting to discuss Dickerson Seminary"""
http://cdm17173.contentdm.oclc.org/cdm/ref/collection/adamsea/id/314,,"[Title]: ""Article, 1957 May 1, ""Hospital construction Needs Resurveyed for Federal Funds"""""
http://cdm17173.contentdm.oclc.org/cdm/ref/collection/adamsea/id/316,,"[Title]: ""Letter, 1957 December 19, I. H. Bonner to members of the Executive Board and Board of Control of Allen University about a meeting on January 10, 1958"""
http://cdm17173.contentdm.oclc.org/cdm/ref/collection/adamsea/id/317,,"[Title]: ""Bill Statement, 1957 December 26, Capitol Printing Company to Rev. Adams"""
http://cdm17173.contentdm.oclc.org/cdm/ref/collection/adamsea/id/318,,"[Title]: ""Letter, 1957 December 30, Committee of the Taylor-Chestnut Nursery to Rev. Adams inviting him to an open house of the Nursery in Cayce, South Carolina"""
http://cdm17173.contentdm.oclc.org/cdm/ref/collection/adamsea/id/319,,"[Title]: ""Report, 1957 December 31, Statement of Condition of the Five Points Building and Loans Association, page 1"""
http://cdm17173.contentdm.oclc.org/cdm/ref/collection/adamsea/id/320,,"[Title]: ""Report, 1957 December 31, Statement of Condition of the Five Points Building and Loans Association, page 2"""
http://cdm17173.contentdm.oclc.org/cdm/ref/collection/adamsea/id/321,,"[Title]: ""Bill Statement, 1957 December 31, the Middlebrooks Agency to Rev. E. A. Adams"""
http://cdm17173.contentdm.oclc.org/cdm/ref/collection/adamsea/id/322,,"[Title]: ""Report, 1957 December31, Statement of Condition of the First National Bank of South Carolina, page 1"""
http://cdm17173.contentdm.oclc.org/cdm/ref/collection/adamsea/id/323,,"[Title]: ""Report, 1957 December31, Statement of Condition of the First National Bank of South Carolina, page 2."""
http://cdm17173.contentdm.oclc.org/cdm/ref/collection/adamsea/id/324,,"[Title]: ""Report, 1957 December31, Statement of Condition of the First National Bank of South Carolina, page 3"""
http://cdm17173.contentdm.oclc.org/cdm/ref/collection/adamsea/id/325,,"[Title]: ""Report, 1957 December31, Statement of Condition of the First National Bank of South Carolina, page 4"""
http://cdm17173.contentdm.oclc.org/cdm/ref/collection/adamsea/id/326,,"[Title]: ""Report, 1957 December 31, Financial Report of the A. M. E. Church, Balance Sheet as of December 31, 1957, page 1"""
http://cdm17173.contentdm.oclc.org/cdm/ref/collection/adamsea/id/327,,"[Title]: ""Report, 1957 December 31, Financial Report of the A. M. E. Church, Balance Sheet as of December 31, 1957, page 2"""
http://cdm17173.contentdm.oclc.org/cdm/ref/collection/adamsea/id/328,,"[Title]: ""Report, 1957 December 31, Financial Report of the A. M. E. Church, Balance Sheet as of December 31, 1957, page 3"""
http://cdm17173.contentdm.oclc.org/cdm/ref/collection/adamsea/id/329,,"[Title]: ""Letter, 1957 December 31, C. Mays Earle Executive President of The Five Points Building and Loan Association to Investors-Dividend notice"""
http://cdm17173.contentdm.oclc.org/cdm/ref/collection/adamsea/id/330,,"[Title]: ""Certificate, 1957, Certificate of Deposit for the Victory Savings Bank-page 1. Note that this is a blank form"""
http://cdm17173.contentdm.oclc.org/cdm/ref/collection/adamsea/id/331,,"[Title]: ""Certificate, 1957, Certificate of Deposit for the Victory Savings Bank-page 2. Note that this is a blank form"""
http://cdm17173.contentdm.oclc.org/cdm/ref/collection/adamsea/id/332,,"[Title]: ""Certificate, 1957, Certificate of Deposit for the Victory Savings Bank-page 3. Note that this is a blank form"""
http://cdm17173.contentdm.oclc.org/cdm/ref/collection/adamsea/id/333,,"[Title]: ""Advertisement, 1957, Subscription form for the Journal of Negro Education-blank form"""
http://cdm17173.contentdm.oclc.org/cdm/ref/collection/adamsea/id/335,,"[Title]: ""Report, 1957 November, Financial Report about income, expenses, and loans, page 1"""
http://cdm17173.contentdm.oclc.org/cdm/ref/collection/adamsea/id/336,,"[Title]: ""Report, 1957 November, Financial Report about income, expenses, and loans, page 2"""
http://cdm17173.contentdm.oclc.org/cdm/ref/collection/adamsea/id/338,,"[Title]: ""Report, 1957 November, Statistical and Financial Report of Good Samaritan-Waverly Hospital for November 1957, page 1"""
http://cdm17173.contentdm.oclc.org/cdm/ref/collection/adamsea/id/339,,"[Title]: ""Report, 1957 November, Statistical and Financial Report of Good Samaritan-Waverly Hospital for November 1958, page 2"""
http://cdm17173.contentdm.oclc.org/cdm/ref/collection/adamsea/id/340,,"[Title]: ""Program, 1957 December 3, Graduation Program for the American Red Cross Volunteer Nurse's Aids held at Saint John Baptist Church, Columbia, South Carolina, page 1"""
http://cdm17173.contentdm.oclc.org/cdm/ref/collection/adamsea/id/341,,"[Title]: ""Program, 1957 December 3, Graduation Program for the American Red Cross Volunteer Nurse's Aids held at Saint John Baptist Church, Columbia, South Carolina, page 2"""
http://cdm17173.contentdm.oclc.org/cdm/ref/collection/adamsea/id/342,,"[Title]: ""Program, 1957 December 3, Graduation Program for the American Red Cross Volunteer Nurse's Aids held at Saint John Baptist Church, Columbia, South Carolina, page 3"""
http://cdm17173.contentdm.oclc.org/cdm/ref/collection/adamsea/id/343,,"[Title]: ""Postcard, 1957 December 11, Raymond R. Davis sending a cover for a stamp that commemorates the 300th Anniversary of Religious Freedom in America"""
http://cdm17173.contentdm.oclc.org/cdm/ref/collection/adamsea/id/344,,"[Title]: ""Postcard, 1957 December 11, Raymond R. Davis sending a cover for a stamp that commemorates the 300th Anniversary of Religious Freedom in America"""
http://cdm17173.contentdm.oclc.org/cdm/ref/collection/adamsea/id/345,,"[Title]: ""Program, 1957 December 15, Chappelle Memorial A. M. E. Church  service program for Sunday December 15, 1957, page 1"""
http://cdm17173.contentdm.oclc.org/cdm/ref/collection/adamsea/id/346,,"[Title]: ""Program, 1957 December 15, Chappelle Memorial A. M. E. Church  service program for Sunday December 15, 1957, page 2"""
http://cdm17173.contentdm.oclc.org/cdm/ref/collection/adamsea/id/347,,"[Title]: ""Program, 1957 December 15, Chappelle Memorial A. M. E. Church  service program for Sunday December 15, 1957, page 3"""
http://cdm17173.contentdm.oclc.org/cdm/ref/collection/adamsea/id/348,,"[Title]: ""Program, 1957 December 15, Chappelle Memorial A. M. E. Church  service program for Sunday December 15, 1957, page 4"""
http://cdm17173.contentdm.oclc.org/cdm/ref/collection/adamsea/id/349,,"[Title]: ""Advertisement, 1957 December, Advertisement entitled """"When Christmas Comes"""" about Joining a Christmas Club at the Victory Savings Bank Columbia, South Carolina, page 1"""
http://cdm17173.contentdm.oclc.org/cdm/ref/collection/adamsea/id/350,,"[Title]: ""Advertisement, 1957 December, Advertisement entitled """"When Christmas Comes"""" about Joining a Christmas Club at the Victory Savings Bank Columbia, South Carolina, page 2"""
http://cdm17173.contentdm.oclc.org/cdm/ref/collection/adamsea/id/351,,"[Title]: ""Advertisement, 1957 December, Advertisement entitled """"When Christmas Comes"""" about Joining a Christmas Club at the Victory Savings Bank Columbia, South Carolina, page 3."""
http://cdm17173.contentdm.oclc.org/cdm/ref/collection/adamsea/id/352,,"[Title]: ""Letter, 1957 December 17, H D Monteech of Victory Savings Bank to Stockholder"""
http://cdm17173.contentdm.oclc.org/cdm/ref/collection/adamsea/id/353,,"[Title]: ""Letter, 1957 December 18, Professor E. M. Lander, Jr. of Clemson College to Dr. E. A. Adams asking for a history of the church domination"""
http://cdm17173.contentdm.oclc.org/cdm/ref/collection/adamsea/id/355,,"[Title]: ""Report, 1952 September, statistical reports of patient care"""
http://cdm17173.contentdm.oclc.org/cdm/ref/collection/adamsea/id/356,,"[Title]: ""Letter, 1952 July 30, Darrell Debo to Bishop Reverdy C. Ransom requesting A.M.E. Church membership statistics"""
http://cdm17173.contentdm.oclc.org/cdm/ref/collection/adamsea/id/357,,"[Title]: ""Letter, 1952 August 2, J.W. Witherspoon to Adams requesting a $20 loan"""
http://cdm17173.contentdm.oclc.org/cdm/ref/collection/adamsea/id/358,,"[Title]: ""Letter, 1952 August 5, John M. and Mildrede H. Cox to Dr. and Mrs. Adams thanking them for their hospitality"""
http://cdm17173.contentdm.oclc.org/cdm/ref/collection/adamsea/id/359,,"[Title]: ""Letter, 1952 August 5, Reverdy C. Ransom to Adams passing on a research request"""
http://cdm17173.contentdm.oclc.org/cdm/ref/collection/adamsea/id/360,,"[Title]: ""Bill, 1952 August 6, Elliott D. Robinson Interior Decorating, Painting and Paper Hanging to Adams for painting services"""
http://cdm17173.contentdm.oclc.org/cdm/ref/collection/adamsea/id/361,,"[Title]: ""Bill, 1952 August 27, Victory Savings Bank to Adams for payment of note for Howard D. Gregg Jr."""
http://cdm17173.contentdm.oclc.org/cdm/ref/collection/adamsea/id/362,,"[Title]: ""Church bulletin, 1952 August 28, Sidney Park C.M.E. Church, Funeral Services of Mrs. Carrie A. Brunson, front cover"""
http://cdm17173.contentdm.oclc.org/cdm/ref/collection/adamsea/id/363,,"[Title]: ""Church bulletin, 1952 August 28, Sidney Park C.M.E. Church, Funeral Services of Mrs. Carrie A. Brunson, page 2-3"""
http://cdm17173.contentdm.oclc.org/cdm/ref/collection/adamsea/id/364,,"[Title]: ""Postcard, 1952 September 11, Rev. S.J. Henry to members of Columbia Branch NAACP, reminder of meeting"""
http://cdm17173.contentdm.oclc.org/cdm/ref/collection/adamsea/id/365,,"[Title]: ""Agenda, 1952 September 25, meeting of the Executive Board and Board of Control"""
http://cdm17173.contentdm.oclc.org/cdm/ref/collection/adamsea/id/366,,"[Title]: ""Letter, 1952 September 29, C.A. Gibbs to Adams confirming receipt of an information request"""
http://cdm17173.contentdm.oclc.org/cdm/ref/collection/adamsea/id/368,,"[Title]: ""Program, 1957 July 18-19, Columbia District Sunday School and A.C.E. League Convention of the Columbia Annual Conference, front cover"""
http://cdm17173.contentdm.oclc.org/cdm/ref/collection/adamsea/id/369,,"[Title]: ""Program, 1957 July 18-19, Columbia District Sunday School and A.C.E. League Convention of the Columbia Annual Conference, page 2-3"""
http://cdm17173.contentdm.oclc.org/cdm/ref/collection/adamsea/id/370,,"[Title]: ""Program, 1957 July 18-19, Sunday School and A.C.E. League Convention of the Orangeburg District, front cover"""
http://cdm17173.contentdm.oclc.org/cdm/ref/collection/adamsea/id/371,,"[Title]: ""Program, 1957 July 18-19, Sunday School and A.C.E. League Convention of the Orangeburg District, page 2-3"""
http://cdm17173.contentdm.oclc.org/cdm/ref/collection/adamsea/id/372,,"[Title]: ""Program, 1957 July 18-19, Sunday School and A.C.E. League Convention of the Orangeburg District, back cover"""
http://cdm17173.contentdm.oclc.org/cdm/ref/collection/adamsea/id/373,,"[Title]: ""Program, 1957 July 18-19, Spartanburg District Sunday School and A.C.E. League Institute of the Columbia, S.C. Conference, front cover"""
http://cdm17173.contentdm.oclc.org/cdm/ref/collection/adamsea/id/374,,"[Title]: ""Program, 1957 July 18-19, Spartanburg District Sunday School and A.C.E. League Institute of the Columbia, S.C. Conference, page 2-3"""
http://cdm17173.contentdm.oclc.org/cdm/ref/collection/adamsea/id/375,,"[Title]: ""Program, 1957 July 18-19, Spartanburg District Sunday School and A.C.E. League Institute of the Columbia, S.C. Conference, back cover"""
http://cdm17173.contentdm.oclc.org/cdm/ref/collection/adamsea/id/376,,"[Title]: ""Postcard, 1957 July 19, Palmetto Leader to subscriber requesting payment owed"""
http://cdm17173.contentdm.oclc.org/cdm/ref/collection/adamsea/id/377,,"[Title]: ""Church bulletin, 1957 July 19, Bethel A.M.E. Church, Funeral services of Rev. J.C. Murray, front cover"""
http://cdm17173.contentdm.oclc.org/cdm/ref/collection/adamsea/id/378,,"[Title]: ""Church bulletin, 1957 July 19, Bethel A.M.E. Church, Funeral services of Rev. J.C. Murray, page 2-3"""
http://cdm17173.contentdm.oclc.org/cdm/ref/collection/adamsea/id/379,,"[Title]: ""Letter, 1957 July 22, Vice President Andrew Hobart of The Ministers Life and Casualty Union to Adams requesting historical information on the AME church, page 1"""
http://cdm17173.contentdm.oclc.org/cdm/ref/collection/adamsea/id/380,,"[Title]: ""Letter, 1957 July 22, Vice President Andrew Hobart of The Ministers Life and Casualty Union to Adams requesting historical information on the AME church, page 2"""
http://cdm17173.contentdm.oclc.org/cdm/ref/collection/adamsea/id/381,,"[Title]: ""Letter, 1957 July 22, Vice President Andrew Hobart of The Ministers Life and Casualty Union to Adams requesting historical information on the AME church (carbon copy), page 1"""
http://cdm17173.contentdm.oclc.org/cdm/ref/collection/adamsea/id/382,,"[Title]: ""Letter, 1957 July 22, Vice President Andrew Hobart of The Ministers Life and Casualty Union to Adams requesting historical information on the AME church (carbon copy), page 2"""
http://cdm17173.contentdm.oclc.org/cdm/ref/collection/adamsea/id/388,,"[Title]: ""Postcard, 1953 October 17, President M. Citron to Adams announcing the monthly meeting of the Board of Trustees of Good Samaritan Waverly Hospital"""
http://cdm17173.contentdm.oclc.org/cdm/ref/collection/adamsea/id/389,,"[Title]: ""Postcard, 1953 October 18, J.E. Thomas to Adams declining to attend a budget committee meeting"""
http://cdm17173.contentdm.oclc.org/cdm/ref/collection/adamsea/id/390,,"[Title]: ""Letter, 1953, Vice President Daisy E. Lampkin of the Courier requesting donations to the NAACP Legal Defense Fund"""
http://cdm17173.contentdm.oclc.org/cdm/ref/collection/adamsea/id/397,,"[Title]: ""Letter, 1953 December 1, Manger of Auto Finance Company of S.C. to customers offering holiday greetings and advertising auto loans"""
http://cdm17173.contentdm.oclc.org/cdm/ref/collection/adamsea/id/399,,"[Title]: ""Letter, 1957 May 11, President J.M. Hinton of the South Carolina State Conference of NAACP Branches to church pastors requesting donations"""
http://cdm17173.contentdm.oclc.org/cdm/ref/collection/adamsea/id/400,,"[Title]: ""Letter, 1957 May 3, Secretary E.E. Taylor to Alpha Psi Lambda chapter announcing the agenda and date of the monthly meeting"""
http://cdm17173.contentdm.oclc.org/cdm/ref/collection/adamsea/id/401,,"[Title]: ""Postcard, 1957 May 7, Victory Savings Bank to Board of Directors announcing a meeting"""
http://cdm17173.contentdm.oclc.org/cdm/ref/collection/adamsea/id/402,,"[Title]: ""Invitation, 1957 May 4, to the Alpha Kappa Alpha Sorority Dawn Dance"""
http://cdm17173.contentdm.oclc.org/cdm/ref/collection/adamsea/id/403,,"[Title]: ""Card, 1957 May 4, admission card for the Adamses to the Alpha Kappa Alpha Dawn Dance"""
http://cdm17173.contentdm.oclc.org/cdm/ref/collection/adamsea/id/404,,"[Title]: ""Card, 1957 May 5, invitation to a South Carolina State Hospital program honoring the Psychiatric Aide of the Year"""
http://cdm17173.contentdm.oclc.org/cdm/ref/collection/adamsea/id/406,,"[Title]: ""Letter, 1957 May 7, Gwendolyn W. Henderson of Delta Sigma Theta to fellow Greeks inviting them to a talent show"""
http://cdm17173.contentdm.oclc.org/cdm/ref/collection/adamsea/id/407,,"[Title]: ""Letter, 1957 May 8, A.T. Butler of Allen University to national and local officers and trustees discussing the commencement program"""
http://cdm17173.contentdm.oclc.org/cdm/ref/collection/adamsea/id/408,,"[Title]: ""Letter, 1957 May 11, Russell S. Brown to the General Board of the A.M.E. Church announcing a meeting"""
http://cdm17173.contentdm.oclc.org/cdm/ref/collection/adamsea/id/410,,"[Title]: ""Financial record, no date, record of gross and net income and expenses"""
http://cdm17173.contentdm.oclc.org/cdm/ref/collection/adamsea/id/411,,"[Title]: ""Financial record, 1955 February, list of loans made during the month of February by amount and time"""
http://cdm17173.contentdm.oclc.org/cdm/ref/collection/adamsea/id/412,,"[Title]: ""Letter, 1955 February 24, Secretary H.W. Webber to Brothers announcing the monthly meeting of the Alpha Psi Lambda chapter"""
http://cdm17173.contentdm.oclc.org/cdm/ref/collection/adamsea/id/413,,"[Title]: ""Program, 1955 March 1, Eighty-fifth Anniversary Celebration Founder's Day Convocation of Allen University, front cover"""
http://cdm17173.contentdm.oclc.org/cdm/ref/collection/adamsea/id/414,,"[Title]: ""Program, 1955 March 1, Eighty-fifth Anniversary Celebration Founder's Day Convocation of Allen University, page 2-3"""
http://cdm17173.contentdm.oclc.org/cdm/ref/collection/adamsea/id/415,,"[Title]: ""Program, 1955 May 2-8, Weekly Program for the Interdenominational Ministerial Alliance of Greater Columbia"""
http://cdm17173.contentdm.oclc.org/cdm/ref/collection/adamsea/id/416,,"[Title]: ""Letter, 1955 March 28, President Samuel R. Higgins of Allen University to Adams enclosing requested information"""
http://cdm17173.contentdm.oclc.org/cdm/ref/collection/adamsea/id/417,,"[Title]: ""Letter, 1955 April 9, Julma B. Crawford of the Richard Allen Youth Council to Adams requesting assistance on a connectional project"""
http://cdm17173.contentdm.oclc.org/cdm/ref/collection/adamsea/id/418,,"[Title]: ""Letter, 1955 May 10, W.H. Morris to Adams announcing an anniversary celebration"""
http://cdm17173.contentdm.oclc.org/cdm/ref/collection/adamsea/id/419,,"[Title]: ""Program, 1955 May 14, St. Paul A.M.E. Church - Funeral Services of the Late Morman Alfred Counts"""
http://cdm17173.contentdm.oclc.org/cdm/ref/collection/adamsea/id/420,,"[Title]: ""Program, 1955 May 25, General Alumni Association of Allen University"""
http://cdm17173.contentdm.oclc.org/cdm/ref/collection/adamsea/id/421,,"[Title]: ""Notice, 1955 May 27, Citizens Committee announcing upcoming event and meeting dates"""
http://cdm17173.contentdm.oclc.org/cdm/ref/collection/adamsea/id/423,,"[Title]: ""Postcard, 1953 October 3, President H.D. Moneith of Victory Savings Bank to Adams, reminder of directors meeting, text"""
http://cdm17173.contentdm.oclc.org/cdm/ref/collection/adamsea/id/424,,"[Title]: ""Postcard, 1953 October 3, President H.D. Moneith of Victory Savings Bank to Adams, reminder of directors meeting, address"""
http://cdm17173.contentdm.oclc.org/cdm/ref/collection/adamsea/id/425,,"[Title]: ""Letter, no date, Day Finance Company to citizens advertising a new loan office"""
http://cdm17173.contentdm.oclc.org/cdm/ref/collection/adamsea/id/426,,"[Title]: ""Postcard, 1953 August 17, [illegible] to Adams requesting donation to parsonage dedication, text"""
http://cdm17173.contentdm.oclc.org/cdm/ref/collection/adamsea/id/427,,"[Title]: ""Postcard, 1953 August 17, [illegible] to Adams requesting donation to parsonage dedication, address"""
http://cdm17173.contentdm.oclc.org/cdm/ref/collection/adamsea/id/428,,"[Title]: ""Letter, 1953 August 22, E.G. Hodge to Mrs. Adams requesting a visit"""
http://cdm17173.contentdm.oclc.org/cdm/ref/collection/adamsea/id/429,,"[Title]: ""Letter, 1953 September 22, William M. Ragin to Adams enclosing a check"""
http://cdm17173.contentdm.oclc.org/cdm/ref/collection/adamsea/id/430,,"[Title]: ""Letter, 1953 September 23, Chairman Bishop Frank Madison Reid to members, reminder of meeting of Executive Board, Board of Control, and Auditing Committee of Allen University"""
http://cdm17173.contentdm.oclc.org/cdm/ref/collection/adamsea/id/431,,"[Title]: ""Court document, no date, Wilson, Smith, Lewis, Lawson, Bolden, Porter, and Pritchett vs. Nichols, Harper, Bright, Stokes, and Hardeman, page 1"""
http://cdm17173.contentdm.oclc.org/cdm/ref/collection/adamsea/id/432,,"[Title]: ""Court document, no date, Wilson, Smith, Lewis, Lawson, Bolden, Porter, and Pritchett vs. Nichols, Harper, Bright, Stokes, and Hardeman, page 2"""
http://cdm17173.contentdm.oclc.org/cdm/ref/collection/adamsea/id/433,,"[Title]: ""Court document, no date, Wilson, Smith, Lewis, Lawson, Bolden, Porter, and Pritchett vs. Nichols, Harper, Bright, Stokes, and Hardeman, page 3"""
http://cdm17173.contentdm.oclc.org/cdm/ref/collection/adamsea/id/434,,"[Title]: ""Court document, no date, Wilson, Smith, Lewis, Lawson, Bolden, Porter, and Pritchett vs. Nichols, Harper, Bright, Stokes, and Hardeman, page 4"""
http://cdm17173.contentdm.oclc.org/cdm/ref/collection/adamsea/id/435,,"[Title]: ""Court document, no date, Wilson, Smith, Lewis, Lawson, Bolden, Porter, and Pritchett vs. Nichols, Harper, Bright, Stokes, and Hardeman, page 5"""
http://cdm17173.contentdm.oclc.org/cdm/ref/collection/adamsea/id/436,,"[Title]: ""Court document, no date, Wilson, Smith, Lewis, Lawson, Bolden, Porter, and Pritchett vs. Nichols, Harper, Bright, Stokes, and Hardeman, page 6"""
http://cdm17173.contentdm.oclc.org/cdm/ref/collection/adamsea/id/437,,"[Title]: ""Court document, no date, Wilson, Smith, Lewis, Lawson, Bolden, Porter, and Pritchett vs. Nichols, Harper, Bright, Stokes, and Hardeman, page 7"""
http://cdm17173.contentdm.oclc.org/cdm/ref/collection/adamsea/id/438,,"[Title]: ""Court document, no date, Wilson, Smith, Lewis, Lawson, Bolden, Porter, and Pritchett vs. Nichols, Harper, Bright, Stokes, and Hardeman, page 8"""
http://cdm17173.contentdm.oclc.org/cdm/ref/collection/adamsea/id/439,,"[Title]: ""Letter, 1953 October 2, Chapter Secretary H.W. Webber to Brothers announcing monthly meeting of the Alpha Psi Lambda Chapter of Alpha Phi Alpha Fraternity"""
http://cdm17173.contentdm.oclc.org/cdm/ref/collection/adamsea/id/440,,"[Title]: ""Form, 1953 October 14, confidential reference form for Eliza Zenobia Johnson's teaching grant application, page 1"""
http://cdm17173.contentdm.oclc.org/cdm/ref/collection/adamsea/id/441,,"[Title]: ""Form, 1953 October 14, confidential reference form for Eliza Zenobia Johnson's teaching grant application, page 2"""
http://cdm17173.contentdm.oclc.org/cdm/ref/collection/adamsea/id/442,,"[Title]: ""Letter, 1953 October 16, Director H.E. Quarles, Jr., of the SC Motor Vehicle Divison to Adams requesting a filled-out accident report form"""
http://cdm17173.contentdm.oclc.org/cdm/ref/collection/adamsea/id/444,,"[Title]: ""Article, 1957 August 17, ""Allen University Board Over-rides President; Retains Three Professors"""""
http://cdm17173.contentdm.oclc.org/cdm/ref/collection/adamsea/id/445,,"[Title]: ""Letter, 1957 July 22, Director Ruth E. Dinkins of the Allen University Scholarship and Endowment Foundation to co-workers requesting attendance at a meeting"""
http://cdm17173.contentdm.oclc.org/cdm/ref/collection/adamsea/id/446,,"[Title]: ""Letter, 1957 August 13, Director Ruth E. Dinkins of the Allen University Scholarship and Endowment Foundation to members requesting reports"""
http://cdm17173.contentdm.oclc.org/cdm/ref/collection/adamsea/id/447,,"[Title]: ""Letter, 1957 August 1, United Life and Accident Insurance Company to Adams describing policy options"""
http://cdm17173.contentdm.oclc.org/cdm/ref/collection/adamsea/id/448,,"[Title]: ""Program, 1957 August 1-2, The Thirty-Fourth Session of the Charleston District Sunday School and A.C.E. League Institute, front cover"""
http://cdm17173.contentdm.oclc.org/cdm/ref/collection/adamsea/id/449,,"[Title]: ""Program, 1957 August 1-2, The Thirty-Fourth Session of the Charleston District Sunday School and A.C.E. League Institute, page 2-3"""
http://cdm17173.contentdm.oclc.org/cdm/ref/collection/adamsea/id/451,,"[Title]: ""Program, 1957 August 1-2, Greenville District Sunday School A.C.E. League and Missionary Convention of the Piedmont Annual Conference, front cover"""
http://cdm17173.contentdm.oclc.org/cdm/ref/collection/adamsea/id/452,,"[Title]: ""Program, 1957 August 1-2, Greenville District Sunday School A.C.E. League and Missionary Convention of the Piedmont Annual Conference, page 2-3"""
http://cdm17173.contentdm.oclc.org/cdm/ref/collection/adamsea/id/453,,"[Title]: ""Program, 1957 August 1-2, Greenville District Sunday School A.C.E. League and Missionary Convention of the Piedmont Annual Conference, back cover"""
http://cdm17173.contentdm.oclc.org/cdm/ref/collection/adamsea/id/454,,"[Title]: ""Program, 1957 August 6, Fifty-Sixth Annual Session of the South Carolina Conference Branch Woman's Missionary Society, front cover"""
http://cdm17173.contentdm.oclc.org/cdm/ref/collection/adamsea/id/455,,"[Title]: ""Program, 1957 August 6, Fifty-Sixth Annual Session of the South Carolina Conference Branch Woman's Missionary Society, page 2-3"""
http://cdm17173.contentdm.oclc.org/cdm/ref/collection/adamsea/id/456,,"[Title]: ""Program, 1957 August 6, Fifty-Sixth Annual Session of the South Carolina Conference Branch Woman's Missionary Society, back cover"""
http://cdm17173.contentdm.oclc.org/cdm/ref/collection/adamsea/id/457,,"[Title]: ""Program, 1957 August 8-9, Sumter District Sunday School and Allen Christian Endeavor League Convention of the Northeast Annual Conference, front cover"""
http://cdm17173.contentdm.oclc.org/cdm/ref/collection/adamsea/id/458,,"[Title]: ""Program, 1957 August 8-9, Sumter District Sunday School and Allen Christian Endeavor League Convention of the Northeast Annual Conference, page 2-3"""
http://cdm17173.contentdm.oclc.org/cdm/ref/collection/adamsea/id/459,,"[Title]: ""Brochure, no date, information on the South Carolina Council on Human Relations, exterior"""
http://cdm17173.contentdm.oclc.org/cdm/ref/collection/adamsea/id/460,,"[Title]: ""Brochure, no date, information on the South Carolina Council on Human Relations, interior"""
http://cdm17173.contentdm.oclc.org/cdm/ref/collection/adamsea/id/461,,"[Title]: ""Letter, 1957 August 13, Director Ruth E. Dinkins of the Allen University Scholarship and Endowment Foundation to members requesting reports"""
http://cdm17173.contentdm.oclc.org/cdm/ref/collection/adamsea/id/463,,"[Title]: ""Program, 1957 August 15-16, Florence District Sunday School and A.C.E.L. Bi-Convention of the North East South Carolina Conference, front cover"""
http://cdm17173.contentdm.oclc.org/cdm/ref/collection/adamsea/id/464,,"[Title]: ""Program, 1957 August 15-16, Florence District Sunday School and A.C.E.L. Bi-Convention of the North East South Carolina Conference, page 2-3"""
http://cdm17173.contentdm.oclc.org/cdm/ref/collection/adamsea/id/465,,"[Title]: ""Program, 1957 August 15-16, Florence District Sunday School and A.C.E.L. Bi-Convention of the North East South Carolina Conference, back cover"""
http://cdm17173.contentdm.oclc.org/cdm/ref/collection/adamsea/id/467,,"[Title]: ""Letter, 1957 February 5, Professor Edwin D. Hoffman of Allen University to ""Friend"" describing the university's Negro History Week program, message"""
http://cdm17173.contentdm.oclc.org/cdm/ref/collection/adamsea/id/468,,"[Title]: ""Letter, 1957 February 5, Professor Edwin D. Hoffman of Allen University to ""Friend"" describing the university's Negro History Week program, enclosure"""
http://cdm17173.contentdm.oclc.org/cdm/ref/collection/adamsea/id/469,,"[Title]: ""Letter, 1957 January 27, Frederick H. Talbot to Adams providing graduation information and requesting a yearbook"""
http://cdm17173.contentdm.oclc.org/cdm/ref/collection/adamsea/id/470,,"[Title]: ""Letter, 1957 February 4, Bishop S.L. Greene to Adams providing updates on a General Conference Commission meeting"""
http://cdm17173.contentdm.oclc.org/cdm/ref/collection/adamsea/id/471,,"[Title]: ""Card, 1956, Southern Clergy Permit Agent's Coupons"""
http://cdm17173.contentdm.oclc.org/cdm/ref/collection/adamsea/id/472,,"[Title]: ""Letter, no date, Dean A.D. Greene of Allen University to ""members of the Trustee Board, ministers, laymen, alumni, and friends"" discussing an upcoming election, page 1"""
http://cdm17173.contentdm.oclc.org/cdm/ref/collection/adamsea/id/473,,"[Title]: ""Letter, no date, Dean A.D. Greene of Allen University to ""members of the Trustee Board, ministers, laymen, alumni, and friends"" discussing an upcoming election, page 2"""
http://cdm17173.contentdm.oclc.org/cdm/ref/collection/adamsea/id/474,,"[Title]: ""Notes, no date, handwritten draft of what seems to be a yearbook entry for Adams"""
http://cdm17173.contentdm.oclc.org/cdm/ref/collection/adamsea/id/475,,"[Title]: ""Letter, 1957 January 2, General Board of Education of the A.M.E. Church to board members announcing a meeting"""
http://cdm17173.contentdm.oclc.org/cdm/ref/collection/adamsea/id/476,,"[Title]: ""Letter, 1957 January 21, Rev. S.S. Burroughs to Adams announcing the date of pew dedication for Ebenezer A.M.E. Church"""
http://cdm17173.contentdm.oclc.org/cdm/ref/collection/adamsea/id/477,,"[Title]: ""Letter, 1957 February 6, Director Marshall I. Pickens of the Duke Endowmen to chairmen of governing boards requesting responses to a proposal"""
http://cdm17173.contentdm.oclc.org/cdm/ref/collection/adamsea/id/480,,"[Title]: ""Letter, 1958 February 20, Ester M. Wright of the Circulation Department of the Call to Rev Adams requesting information about A. M. E. Church roster of 1957-1958 and the number of schools and hospitals operated by the church."""
http://cdm17173.contentdm.oclc.org/cdm/ref/collection/adamsea/id/481,,"[Title]: ""Letter, 1958 February 20, David E. Simmons Resident Administrator of the  Freedmen's Hospital to Rev Adams inquiring about any job openings."""
http://cdm17173.contentdm.oclc.org/cdm/ref/collection/adamsea/id/482,,"[Title]: ""Letter, 1958 February 25, a forward letter from Rev. Delaine from the Sumter National Farm Loan Association to Rev. Adams"""
http://cdm17173.contentdm.oclc.org/cdm/ref/collection/adamsea/id/483,,"[Title]: ""Letter, 1958 February 28, Daniel Zeigler requesting Rev. Adams to be the guest speaker for a Mother's Day event, page 1"""
http://cdm17173.contentdm.oclc.org/cdm/ref/collection/adamsea/id/484,,"[Title]: ""Letter, 1958 February 28, Daniel Zeigler requesting Rev. Adams to be the guest speaker for a Mother's Day event, page 2"""
http://cdm17173.contentdm.oclc.org/cdm/ref/collection/adamsea/id/485,,"[Title]: ""Bill Statement, 1958 February 28 from Dr. A. Izard Josey to Rev. Adams"""
http://cdm17173.contentdm.oclc.org/cdm/ref/collection/adamsea/id/486,,"[Title]: ""Report, 1958 February, Loans made during the month of February 1958, page 1"""
http://cdm17173.contentdm.oclc.org/cdm/ref/collection/adamsea/id/487,,"[Title]: ""Report, 1958 February, Loans made during the month of February 1959, page 2"""
http://cdm17173.contentdm.oclc.org/cdm/ref/collection/adamsea/id/488,,"[Title]: ""Letter, 1958 March 1, Alpha Psi Lambda Chapter to members about a meeting"""
http://cdm17173.contentdm.oclc.org/cdm/ref/collection/adamsea/id/489,,"[Title]: ""Program, 1958 March 3, Alpha Psi Lambda Chapter Sons of Tomorrow featuring outstanding Collegiate Musicians, held at Allen University, front cover"""
http://cdm17173.contentdm.oclc.org/cdm/ref/collection/adamsea/id/490,,"[Title]: ""Program, 1958 March 3, Alpha Psi Lambda Chapter Sons of Tomorrow featuring outstanding Collegiate Musicians, held at Allen University, page 2"""
http://cdm17173.contentdm.oclc.org/cdm/ref/collection/adamsea/id/491,,"[Title]: ""Program, 1958 March 3, Alpha Psi Lambda Chapter Sons of Tomorrow featuring outstanding Collegiate Musicians, held at Allen University, page 3"""
http://cdm17173.contentdm.oclc.org/cdm/ref/collection/adamsea/id/492,,"[Title]: ""Program, 1958 March 3, Alpha Psi Lambda Chapter Sons of Tomorrow featuring outstanding Collegiate Musicians, held at Allen University, page 4"""
http://cdm17173.contentdm.oclc.org/cdm/ref/collection/adamsea/id/493,,"[Title]: ""Program, 1958 March 3, Alpha Psi Lambda Chapter Sons of Tomorrow featuring outstanding Collegiate Musicians, held at Allen University, page 5"""
http://cdm17173.contentdm.oclc.org/cdm/ref/collection/adamsea/id/494,,"[Title]: ""Program, 1958 March 3, Alpha Psi Lambda Chapter Sons of Tomorrow featuring outstanding Collegiate Musicians, held at Allen University, page 6"""
http://cdm17173.contentdm.oclc.org/cdm/ref/collection/adamsea/id/495,,"[Title]: ""Program, 1958 March 3, Alpha Psi Lambda Chapter Sons of Tomorrow featuring outstanding Collegiate Musicians, held at Allen University, page 7"""
http://cdm17173.contentdm.oclc.org/cdm/ref/collection/adamsea/id/496,,"[Title]: ""Program, 1958 March 3, Alpha Psi Lambda Chapter Sons of Tomorrow featuring outstanding Collegiate Musicians, held at Allen University, page 8"""
http://cdm17173.contentdm.oclc.org/cdm/ref/collection/adamsea/id/497,,"[Title]: ""Postcard, 1958 March 8, Reminder to the Board of Trustees of the Good Samaritan-Waverly Hospital about an upcoming meeting, message side"""
http://cdm17173.contentdm.oclc.org/cdm/ref/collection/adamsea/id/498,,"[Title]: ""Postcard, 1958 March 8, Reminder to the Board of Trustees of the Good Samaritan-Waverly Hospital about an upcoming meeting, address side"""
http://cdm17173.contentdm.oclc.org/cdm/ref/collection/adamsea/id/500,,"[Title]: ""Letter, 1953 December 29, National Farm Loan Association to Adams discussing his fire insurance policy, page 1"""
http://cdm17173.contentdm.oclc.org/cdm/ref/collection/adamsea/id/501,,"[Title]: ""Letter, 1953 December 29, National Farm Loan Association to Adams discussing his fire insurance policy, page 2"""
http://cdm17173.contentdm.oclc.org/cdm/ref/collection/adamsea/id/502,,"[Title]: ""Letter, 1953 December 30, President I.P. Stanback of the Alpha Psi Lambda chapter of Alpha Phi Alpha to Adams announcing monthly meeting and dues"""
http://cdm17173.contentdm.oclc.org/cdm/ref/collection/adamsea/id/503,,"[Title]: ""Brochure, no date, Five Points Building and Loan Association advertisement and description, front cover"""
http://cdm17173.contentdm.oclc.org/cdm/ref/collection/adamsea/id/504,,"[Title]: ""Brochure, no date, Five Points Building and Loan Association advertisement and description, interior"""
http://cdm17173.contentdm.oclc.org/cdm/ref/collection/adamsea/id/505,,"[Title]: ""Brochure, no date, Five Points Building and Loan Association advertisement and description, back cover"""
http://cdm17173.contentdm.oclc.org/cdm/ref/collection/adamsea/id/506,,"[Title]: ""Form, no date, Pastor's Report Blank for Allen University, front cover"""
http://cdm17173.contentdm.oclc.org/cdm/ref/collection/adamsea/id/507,,"[Title]: ""Form, no date, Pastor's Report Blank for Allen University, interior"""
http://cdm17173.contentdm.oclc.org/cdm/ref/collection/adamsea/id/508,,"[Title]: ""Form, no date, Pastor's Report Blank for Allen University, back cover"""
http://cdm17173.contentdm.oclc.org/cdm/ref/collection/adamsea/id/509,,"[Title]: ""Brochure, 1953, Sumter National Farm Loan Association 1953 Annual Report to Shareholders, front cover"""
http://cdm17173.contentdm.oclc.org/cdm/ref/collection/adamsea/id/510,,"[Title]: ""Brochure, 1953, Sumter National Farm Loan Association 1953 Annual Report to Shareholders, page 2-3"""
http://cdm17173.contentdm.oclc.org/cdm/ref/collection/adamsea/id/511,,"[Title]: ""Brochure, 1953, Sumter National Farm Loan Association 1953 Annual Report to Shareholders, back cover"""
http://cdm17173.contentdm.oclc.org/cdm/ref/collection/adamsea/id/518,,"[Title]: ""Postcard, 1954 January 15, President M. Citron of the Board of Trustees of Good Samaritan Waverly Hospital to members announcing a meeting"""
http://cdm17173.contentdm.oclc.org/cdm/ref/collection/adamsea/id/520,,"[Title]: ""Letter, 1958 March 19, Cleveland Public Library to Rev. Adams requesting a  copy of the 1956 edition of the Yearbook and Historical Guide to the A.M. E. Church"""
http://cdm17173.contentdm.oclc.org/cdm/ref/collection/adamsea/id/521,,"[Title]: ""Letter, 1958 March 25, Rev. V. M. Townsend to Rev. Adams about deadline for work"""
http://cdm17173.contentdm.oclc.org/cdm/ref/collection/adamsea/id/522,,"[Title]: ""Letter, 1958 March 13, S.S. Morris of the General Board of Education of the A.M.E. Church to Rev. Adams requesting that take part on the Publicity Committee for the Connectional Christian Education Congress At Allan University for July 29-August 1, 1958"""
http://cdm17173.contentdm.oclc.org/cdm/ref/collection/adamsea/id/523,,"[Title]: ""Bulletin, 1958 March 9, St. James A.M.E. Church Bulletin entitled """"Rome was not Built in a Day"""", front cover"""
http://cdm17173.contentdm.oclc.org/cdm/ref/collection/adamsea/id/524,,"[Title]: ""Bulletin, 1958 March 9, St. James A.M.E. Church Bulletin entitled """"Rome was not Built in a Day"""", page 2"""
http://cdm17173.contentdm.oclc.org/cdm/ref/collection/adamsea/id/525,,"[Title]: ""Bulletin, 1958 March 9, St. James A.M.E. Church Bulletin entitled """"Rome was not Built in a Day"""", page 3"""
http://cdm17173.contentdm.oclc.org/cdm/ref/collection/adamsea/id/526,,"[Title]: ""Bulletin, 1958 March 9, St. James A.M.E. Church Bulletin entitled """"Rome was not Built in a Day"""", page 4"""
http://cdm17173.contentdm.oclc.org/cdm/ref/collection/adamsea/id/527,,"[Title]: ""Letter, 1958 March 28, S.S. Morris of the General Board of Education of the A.M.E. Church to Rev. Adams inviting him to participate in the General Officer's hour on July 30, 1958"""
http://cdm17173.contentdm.oclc.org/cdm/ref/collection/adamsea/id/528,,"[Title]: ""Program, 1958 March 28, The Marion District Conference of the North East South Carolina Annual Conference of the African Methodist Episcopal Church, front cover"""
http://cdm17173.contentdm.oclc.org/cdm/ref/collection/adamsea/id/529,,"[Title]: ""Program, 1958 March 28, The Marion District Conference of the North East South Carolina Annual Conference of the African Methodist Episcopal Church, page 2"""
http://cdm17173.contentdm.oclc.org/cdm/ref/collection/adamsea/id/530,,"[Title]: ""Program, 1958 March 28, The Marion District Conference of the North East South Carolina Annual Conference of the African Methodist Episcopal Church, page 3"""
http://cdm17173.contentdm.oclc.org/cdm/ref/collection/adamsea/id/531,,"[Title]: ""Program, 1958 March 28, The Marion District Conference of the North East South Carolina Annual Conference of the African Methodist Episcopal Church, page 4"""
http://cdm17173.contentdm.oclc.org/cdm/ref/collection/adamsea/id/532,,"[Title]: ""Report, 1958 March, Statistical and Financial Report of the Good Samaritan-Waverly Hospital for March 1958 and predictions for February -March 1959, page 1"""
http://cdm17173.contentdm.oclc.org/cdm/ref/collection/adamsea/id/533,,"[Title]: ""Report, 1958 March, Statistical and Financial Report of the Good Samaritan-Waverly Hospital for March 1958 and predictions for February -March 1960, page 2"""
http://cdm17173.contentdm.oclc.org/cdm/ref/collection/adamsea/id/534,,"[Title]: ""Letter, 1958 April 1, Jamie B. Walker of the Walker & Letman Funeral Home to Rev. Adams about loan"""
http://cdm17173.contentdm.oclc.org/cdm/ref/collection/adamsea/id/535,,"[Title]: ""Letter, 1958 April 3, Max Citron of M. Citron & Co., Inc. to Rev. Adams requesting help for clothing for school children"""
http://cdm17173.contentdm.oclc.org/cdm/ref/collection/adamsea/id/536,,"[Title]: ""Letter, 1958 April 7, Clarence E. Taylor to Rev. Adams requesting support for Taylor's run for Auditor of Richland County"""
http://cdm17173.contentdm.oclc.org/cdm/ref/collection/adamsea/id/537,,"[Title]: ""Advertisement, 1958 April 7, Campaign advertisement for Clarence E. Taylor summarizing his education and experience, page 1"""
http://cdm17173.contentdm.oclc.org/cdm/ref/collection/adamsea/id/538,,"[Title]: ""Advertisement, 1958 April 7, Campaign advertisement for Clarence E. Taylor summarizing his education and experience, page 2"""
http://cdm17173.contentdm.oclc.org/cdm/ref/collection/adamsea/id/540,,"[Title]: ""Letter, 1952 June 10, Anne E. Heath to Adams congratulating him on his election as church historiographer"""
http://cdm17173.contentdm.oclc.org/cdm/ref/collection/adamsea/id/541,,"[Title]: ""Letter, 1952 July 1, C. Mays Earle of the Five Points Building & Loan Association to Adams announcing earned interest"""
http://cdm17173.contentdm.oclc.org/cdm/ref/collection/adamsea/id/542,,"[Title]: ""Letter, no date, Pastor A.O. Wilson to 1952 General Conference delegates introducing himself and requesting a vote"""
http://cdm17173.contentdm.oclc.org/cdm/ref/collection/adamsea/id/543,,"[Title]: ""Letter, 1952 May 26, H.W. Webber of the Alpha Psi Lambda Chapter of Alpha Phi Alpha to Brothers, announcing a meeting"""
http://cdm17173.contentdm.oclc.org/cdm/ref/collection/adamsea/id/544,,"[Title]: ""Postcard, 1952 May 29, Rudine Johnson and J.S. Henry to Members announcing delegate selection meeting"""
http://cdm17173.contentdm.oclc.org/cdm/ref/collection/adamsea/id/545,,"[Title]: ""Letter, 1952 July 19, Frank Madison Reid to pastor at Allen University discussing a scholarship for the coming year"""
http://cdm17173.contentdm.oclc.org/cdm/ref/collection/adamsea/id/546,,"[Title]: ""Letter, 1952 July 26, John M. Hendrix to Bishop Reverdy C. Ransom requestion permission to publish an article"""
http://cdm17173.contentdm.oclc.org/cdm/ref/collection/adamsea/id/547,,"[Title]: ""Letter, 1952 July 5, J.W. Witherspoon to Adams requesting a monetary favor and describing his personal life"""
http://cdm17173.contentdm.oclc.org/cdm/ref/collection/adamsea/id/548,,"[Title]: ""Program, 1952 July 17-18, Sunday School and A.C.E. League Convention of the Manning District, front cover"""
http://cdm17173.contentdm.oclc.org/cdm/ref/collection/adamsea/id/549,,"[Title]: ""Program, 1952 July 17-18, Sunday School and A.C.E. League Convention of the Manning District, page 2-3"""
http://cdm17173.contentdm.oclc.org/cdm/ref/collection/adamsea/id/550,,"[Title]: ""Program, 1952 July 17-18, Sunday School and A.C.E. League Convention of the Manning District, back cover"""
http://cdm17173.contentdm.oclc.org/cdm/ref/collection/adamsea/id/551,,"[Title]: ""Letter, 1952 July 29, J.W. Witherspoon to Adams thanking him for previous aid and requesting a loan"""
http://cdm17173.contentdm.oclc.org/cdm/ref/collection/adamsea/id/553,,"[Title]: ""Program, 1951 July 7-12, draft of program for Second Quadrennial Convention of the Women's Missionary Society of the A.M.E. Church, page 1"""
http://cdm17173.contentdm.oclc.org/cdm/ref/collection/adamsea/id/554,,"[Title]: ""Program, 1951 July 7-12, draft of program for Second Quadrennial Convention of the Women's Missionary Society of the A.M.E. Church, page 2"""
http://cdm17173.contentdm.oclc.org/cdm/ref/collection/adamsea/id/555,,"[Title]: ""Program, 1951 July 7-12, draft of program for Second Quadrennial Convention of the Women's Missionary Society of the A.M.E. Church, page 3"""
http://cdm17173.contentdm.oclc.org/cdm/ref/collection/adamsea/id/556,,"[Title]: ""Program, 1951 July 7-12, draft of program for Second Quadrennial Convention of the Women's Missionary Society of the A.M.E. Church, page 4"""
http://cdm17173.contentdm.oclc.org/cdm/ref/collection/adamsea/id/557,,"[Title]: ""Program, 1951 July 7-12, draft of program for Second Quadrennial Convention of the Women's Missionary Society of the A.M.E. Church, page 5"""
http://cdm17173.contentdm.oclc.org/cdm/ref/collection/adamsea/id/558,,"[Title]: ""Program, 1951 July 7-12, draft of program for Second Quadrennial Convention of the Women's Missionary Society of the A.M.E. Church, page 6"""
http://cdm17173.contentdm.oclc.org/cdm/ref/collection/adamsea/id/559,,"[Title]: ""Program, 1951 July 7-12, draft of program for Second Quadrennial Convention of the Women's Missionary Society of the A.M.E. Church, page 7"""
http://cdm17173.contentdm.oclc.org/cdm/ref/collection/adamsea/id/560,,"[Title]: ""Program, 1951 July 7-12, draft of program for Second Quadrennial Convention of the Women's Missionary Society of the A.M.E. Church, page 1"""
http://cdm17173.contentdm.oclc.org/cdm/ref/collection/adamsea/id/561,,"[Title]: ""Program, 1951 July 7-12, draft of program for Second Quadrennial Convention of the Women's Missionary Society of the A.M.E. Church, page 2"""
http://cdm17173.contentdm.oclc.org/cdm/ref/collection/adamsea/id/562,,"[Title]: ""Program, 1951 July 7-12, draft of program for Second Quadrennial Convention of the Women's Missionary Society of the A.M.E. Church, page 3"""
http://cdm17173.contentdm.oclc.org/cdm/ref/collection/adamsea/id/563,,"[Title]: ""Program, 1951 July 7-12, draft of program for Second Quadrennial Convention of the Women's Missionary Society of the A.M.E. Church, page 2"""
http://cdm17173.contentdm.oclc.org/cdm/ref/collection/adamsea/id/564,,"[Title]: ""Program, 1951 July 7-12, draft of program for Second Quadrennial Convention of the Women's Missionary Society of the A.M.E. Church, page 2"""
http://cdm17173.contentdm.oclc.org/cdm/ref/collection/adamsea/id/565,,"[Title]: ""Program, 1951 July 7-12, draft of program for Second Quadrennial Convention of the Women's Missionary Society of the A.M.E. Church, page 3"""
http://cdm17173.contentdm.oclc.org/cdm/ref/collection/adamsea/id/566,,"[Title]: ""Program, 1951 July 7-12, draft of program for Second Quadrennial Convention of the Women's Missionary Society of the A.M.E. Church, page 4"""
http://cdm17173.contentdm.oclc.org/cdm/ref/collection/adamsea/id/567,,"[Title]: ""Program, 1951 July 7-12, draft of program for Second Quadrennial Convention of the Women's Missionary Society of the A.M.E. Church, page 5"""
http://cdm17173.contentdm.oclc.org/cdm/ref/collection/adamsea/id/568,,"[Title]: ""Program, 1951 July 7-12, draft of program outline for Second Quadrennial Convention of the Women's Missionary Society of the A.M.E. Church, page 1"""
http://cdm17173.contentdm.oclc.org/cdm/ref/collection/adamsea/id/569,,"[Title]: ""Program, 1951 July 7-12, draft of program outline for Second Quadrennial Convention of the Women's Missionary Society of the A.M.E. Church, page 2"""
http://cdm17173.contentdm.oclc.org/cdm/ref/collection/adamsea/id/570,,"[Title]: ""Program, 1951 July 7-12, draft of program outline for Second Quadrennial Convention of the Women's Missionary Society of the A.M.E. Church, page 2"""
http://cdm17173.contentdm.oclc.org/cdm/ref/collection/adamsea/id/571,,"[Title]: ""Program, 1951 July 7-12, draft of program outline for Second Quadrennial Convention of the Women's Missionary Society of the A.M.E. Church, page 3"""
http://cdm17173.contentdm.oclc.org/cdm/ref/collection/adamsea/id/572,,"[Title]: ""Program, 1951 July 7-12, draft of program outline for Second Quadrennial Convention of the Women's Missionary Society of the A.M.E. Church, page 4"""
http://cdm17173.contentdm.oclc.org/cdm/ref/collection/adamsea/id/573,,"[Title]: ""Program, 1951 July 7-12, draft of program outline for Second Quadrennial Convention of the Women's Missionary Society of the A.M.E. Church, page 4"""
http://cdm17173.contentdm.oclc.org/cdm/ref/collection/adamsea/id/574,,"[Title]: ""Program, 1951 July 7-12, draft of workshop schedule for the Second Quadrennial Convention of the Women's Missionary Society of the A.M.E. Church, page 1"""
http://cdm17173.contentdm.oclc.org/cdm/ref/collection/adamsea/id/575,,"[Title]: ""Program, 1951 July 7-12, draft of workshop schedule for the Second Quadrennial Convention of the Women's Missionary Society of the A.M.E. Church, page 2"""
http://cdm17173.contentdm.oclc.org/cdm/ref/collection/adamsea/id/576,,"[Title]: ""Program, 1951 July 7-12, draft of workshop schedule for the Second Quadrennial Convention of the Women's Missionary Society of the A.M.E. Church, page 1"""
http://cdm17173.contentdm.oclc.org/cdm/ref/collection/adamsea/id/577,,"[Title]: ""Program, 1951 July 7-12, draft of workshop schedule for the Second Quadrennial Convention of the Women's Missionary Society of the A.M.E. Church, page 2"""
http://cdm17173.contentdm.oclc.org/cdm/ref/collection/adamsea/id/578,,"[Title]: ""Program, 1951 July 7-12, draft of workshop schedule for the Second Quadrennial Convention of the Women's Missionary Society of the A.M.E. Church, page 1"""
http://cdm17173.contentdm.oclc.org/cdm/ref/collection/adamsea/id/579,,"[Title]: ""Program, 1951 July 7-12, draft of workshop schedule for the Second Quadrennial Convention of the Women's Missionary Society of the A.M.E. Church, page 2"""
http://cdm17173.contentdm.oclc.org/cdm/ref/collection/adamsea/id/580,,"[Title]: ""Program, 1951 July 7-12, draft of workshop schedule for the Second Quadrennial Convention of the Women's Missionary Society of the A.M.E. Church, page 1"""
http://cdm17173.contentdm.oclc.org/cdm/ref/collection/adamsea/id/581,,"[Title]: ""Program, 1951 July 7-12, draft of workshop schedule for the Second Quadrennial Convention of the Women's Missionary Society of the A.M.E. Church, page 2"""
http://cdm17173.contentdm.oclc.org/cdm/ref/collection/adamsea/id/582,,"[Title]: ""Program, 1951 July 7-12, draft of workshop schedule for the Second Quadrennial Convention of the Women's Missionary Society of the A.M.E. Church, page 3"""
http://cdm17173.contentdm.oclc.org/cdm/ref/collection/adamsea/id/583,,"[Title]: ""Program, 1951 July 7-12, draft of workshop schedule for the Second Quadrennial Convention of the Women's Missionary Society of the A.M.E. Church, page 3"""
http://cdm17173.contentdm.oclc.org/cdm/ref/collection/adamsea/id/584,,"[Title]: ""Program, 1951 July 7-12, draft of workshop schedule for the Second Quadrennial Convention of the Women's Missionary Society of the A.M.E. Church, page 4"""
http://cdm17173.contentdm.oclc.org/cdm/ref/collection/adamsea/id/585,,"[Title]: ""List, 1951 July 7-12, list of committee members of the Women's Missionary Society of the A.M.E. Church, page 1"""
http://cdm17173.contentdm.oclc.org/cdm/ref/collection/adamsea/id/586,,"[Title]: ""List, 1951 July 7-12, list of committee members of the Women's Missionary Society of the A.M.E. Church, page 2"""
http://cdm17173.contentdm.oclc.org/cdm/ref/collection/adamsea/id/587,,"[Title]: ""List, 1951 July 7-12, list of committee members of the Women's Missionary Society of the A.M.E. Church, page 3"""
http://cdm17173.contentdm.oclc.org/cdm/ref/collection/adamsea/id/588,,"[Title]: ""List, 1951 July 7-12, list of committee members of the Women's Missionary Society of the A.M.E. Church, page 4"""
http://cdm17173.contentdm.oclc.org/cdm/ref/collection/adamsea/id/589,,"[Title]: ""List, 1951 July 7-12, list of committee members of the Women's Missionary Society of the A.M.E. Church, page 5"""
http://cdm17173.contentdm.oclc.org/cdm/ref/collection/adamsea/id/590,,"[Title]: ""List, 1951 July 7-12, list of committee members of the Women's Missionary Society of the A.M.E. Church, page 6"""
http://cdm17173.contentdm.oclc.org/cdm/ref/collection/adamsea/id/591,,"[Title]: ""List, 1951 July 7-12, list of committee members of the Women's Missionary Society of the A.M.E. Church, page 7"""
http://cdm17173.contentdm.oclc.org/cdm/ref/collection/adamsea/id/593,,"[Title]: ""List, 1951 July 7-12, list of committee members of the Women's Missionary Society of the A.M.E. Church, page 8"""
http://cdm17173.contentdm.oclc.org/cdm/ref/collection/adamsea/id/594,,"[Title]: ""List, 1951 July 7-12, list of committee members of the Women's Missionary Society of the A.M.E. Church, page 1"""
http://cdm17173.contentdm.oclc.org/cdm/ref/collection/adamsea/id/595,,"[Title]: ""List, 1951 July 7-12, list of committee members of the Women's Missionary Society of the A.M.E. Church, page 2"""
http://cdm17173.contentdm.oclc.org/cdm/ref/collection/adamsea/id/596,,"[Title]: ""List, 1951 July 7-12, list of committee members of the Women's Missionary Society of the A.M.E. Church, page 3"""
http://cdm17173.contentdm.oclc.org/cdm/ref/collection/adamsea/id/597,,"[Title]: ""List, 1951 July 7-12, list of committee members of the Women's Missionary Society of the A.M.E. Church, page 5"""
http://cdm17173.contentdm.oclc.org/cdm/ref/collection/adamsea/id/598,,"[Title]: ""List, 1951 July 7-12, list of committee members of the Women's Missionary Society of the A.M.E. Church, page 6"""
http://cdm17173.contentdm.oclc.org/cdm/ref/collection/adamsea/id/599,,"[Title]: ""List, 1951 July 7-12, list of district representatives of the Women's Missionary Society of the A.M.E. Church"""
http://cdm17173.contentdm.oclc.org/cdm/ref/collection/adamsea/id/600,,"[Title]: ""List, 1951 July 7-12, list of committee members of the Women's Missionary Society of the A.M.E. Church, page 9"""
http://cdm17173.contentdm.oclc.org/cdm/ref/collection/adamsea/id/601,,"[Title]: ""List, 1951 July 7-12, list of committee members of the Women's Missionary Society of the A.M.E. Church, page 10"""
http://cdm17173.contentdm.oclc.org/cdm/ref/collection/adamsea/id/602,,"[Title]: ""List, 1951, July 7-12, list of committees of the Women's Missionary Society of the A.M.E. Church"""
http://cdm17173.contentdm.oclc.org/cdm/ref/collection/adamsea/id/612,,"[Title]: ""Letter, 1954 November 30, Manager Wm. H. Brown of Hotel Theresa to Adams requesting a directory of church membership"""
http://cdm17173.contentdm.oclc.org/cdm/ref/collection/adamsea/id/613,,"[Title]: ""Letter, 1954 December 3, Superintendent William S. Hall of South Carolina State Hospital to ""Friends"" requesting Christmas gifts for patients"""
http://cdm17173.contentdm.oclc.org/cdm/ref/collection/adamsea/id/614,,"[Title]: ""Letter, 1954 December 9, Bishop E.C. Hatcher to Adams confirming receipt of contact information request"""
http://cdm17173.contentdm.oclc.org/cdm/ref/collection/adamsea/id/615,,"[Title]: ""Church bulletin, 1954 December 5, Bethel A.M.E. Church worship service and membership updates, page 1"""
http://cdm17173.contentdm.oclc.org/cdm/ref/collection/adamsea/id/616,,"[Title]: ""Church bulletin, 1954 December 5, Bethel A.M.E. Church worship service and membership updates, page 2"""
http://cdm17173.contentdm.oclc.org/cdm/ref/collection/adamsea/id/617,,"[Title]: ""Church bulletin, 1954 December 5, Bethel A.M.E. Church worship service and membership updates, page 3"""
http://cdm17173.contentdm.oclc.org/cdm/ref/collection/adamsea/id/618,,"[Title]: ""Church bulletin, 1954 December 5, Bethel A.M.E. Church worship service and membership updates, page 4"""
http://cdm17173.contentdm.oclc.org/cdm/ref/collection/adamsea/id/619,,"[Title]: ""Church bulletin, 1954 December 5, Bethel A.M.E. Church worship service and membership updates, page 5"""
http://cdm17173.contentdm.oclc.org/cdm/ref/collection/adamsea/id/620,,"[Title]: ""Invitation, 1954 December 30, to the Yuletide Formal of Delta Sigma Theta sorority and Omega Psi Phi fraternity"""
http://cdm17173.contentdm.oclc.org/cdm/ref/collection/adamsea/id/621,,"[Title]: ""Brochure, 1954, financial statement of assets and liabilities of the Home Federal Savings and Loan Association, interior"""
http://cdm17173.contentdm.oclc.org/cdm/ref/collection/adamsea/id/622,,"[Title]: ""Brochure, 1954, financial statement of assets and liabilities of the Home Federal Savings and Loan Association, exterior"""
http://cdm17173.contentdm.oclc.org/cdm/ref/collection/adamsea/id/623,,"[Title]: ""List, 1954, suggestions for Christmas gifts for patients in the S.C. State Hospital"""
http://cdm17173.contentdm.oclc.org/cdm/ref/collection/adamsea/id/624,,"[Title]: ""Form, 1954, South Carolina Tax Commission Annual Report of Domestic Corporation, page 1"""
http://cdm17173.contentdm.oclc.org/cdm/ref/collection/adamsea/id/625,,"[Title]: ""Form, 1954, South Carolina Tax Commission Annual Report of Domestic Corporation, page 2"""
http://cdm17173.contentdm.oclc.org/cdm/ref/collection/adamsea/id/626,,"[Title]: ""Letter, no date, President J.P. Reeder of Columbia Citizens to fellow citizens announcing the board's choices for local elections"""
http://cdm17173.contentdm.oclc.org/cdm/ref/collection/adamsea/id/630,,"[Title]: ""Letter, 1957 July 10, President Frank R. Veal of Allen University to ""Friends"" requesting donations to a scholarship fund"""
http://cdm17173.contentdm.oclc.org/cdm/ref/collection/adamsea/id/631,,"[Title]: ""Letter, 1957 July 11, Norma H. Buff of the State Board of Health to Mrs. Ada Felder responding to an inquiry about a death certificate"""
http://cdm17173.contentdm.oclc.org/cdm/ref/collection/adamsea/id/632,,"[Title]: ""Letter, 1957 July 11, Andrew White of the General Board of Education of the AME Church to Adams enclosing an editorial"""
http://cdm17173.contentdm.oclc.org/cdm/ref/collection/adamsea/id/633,,"[Title]: ""Letter, 1957 July 15, I.A. Miller to the Adamses enclosing host family information for the Souvenir Program of the Bishops' and Connectional Council"""
http://cdm17173.contentdm.oclc.org/cdm/ref/collection/adamsea/id/634,,"[Title]: ""Essay, 1957 July 16, ""Bishop Nichols Is First AME Target for Liquidation"" by Robert Leslie Morgan, page 1"""
http://cdm17173.contentdm.oclc.org/cdm/ref/collection/adamsea/id/635,,"[Title]: ""Essay, 1957 July 16, ""Bishop Nichols Is First AME Target for Liquidation"" by Robert Leslie Morgan, page 2"""
http://cdm17173.contentdm.oclc.org/cdm/ref/collection/adamsea/id/636,,"[Title]: ""Essay, 1957 July 16, ""Bishop Nichols Is First AME Target for Liquidation"" by Robert Leslie Morgan, page 3"""
http://cdm17173.contentdm.oclc.org/cdm/ref/collection/adamsea/id/637,,"[Title]: ""Essay, 1957 July 16, ""Bishop Nichols Is First AME Target for Liquidation"" by Robert Leslie Morgan, page 4"""
http://cdm17173.contentdm.oclc.org/cdm/ref/collection/adamsea/id/638,,"[Title]: ""Essay, 1957 July 16, ""Bishop Nichols Is First AME Target for Liquidation"" by Robert Leslie Morgan, page 5"""
http://cdm17173.contentdm.oclc.org/cdm/ref/collection/adamsea/id/639,,"[Title]: ""Church bulletin, 1957 July 14, Bishops Memorial A.M.E. Church worship service, page 1"""
http://cdm17173.contentdm.oclc.org/cdm/ref/collection/adamsea/id/640,,"[Title]: ""Church bulletin, 1957 July 14, Bishops Memorial A.M.E. Church worship service, page 2"""
http://cdm17173.contentdm.oclc.org/cdm/ref/collection/adamsea/id/641,,"[Title]: ""Letter, 1957 July 16, Dr. John G. Rideout of Allen University to Adams enclosing copies of letters to President Veal"""
http://cdm17173.contentdm.oclc.org/cdm/ref/collection/adamsea/id/642,,"[Title]: ""Letter, 1957 July 16, Forrest Oran Wiggins to President Frank R. Veal of Allen University correcting a miscommunication about job termination"""
http://cdm17173.contentdm.oclc.org/cdm/ref/collection/adamsea/id/643,,"[Title]: ""Letter, 1957 July 16, Edwin D. Hoffman to President Frank R. Veal of Allen University correcting a miscommunication about job termination"""
http://cdm17173.contentdm.oclc.org/cdm/ref/collection/adamsea/id/644,,"[Title]: ""Letter, 1957 July 16, John G. Rideout to President Frank R. Veal of Allen University correcting a miscommunication about job termination"""
http://cdm17173.contentdm.oclc.org/cdm/ref/collection/adamsea/id/647,,"[Title]: ""Letter, 1950 February 14, Adams to the members of the Board of Education of the A.M.E. Church presenting a quadrennial report"""
http://cdm17173.contentdm.oclc.org/cdm/ref/collection/adamsea/id/648,,"[Title]: ""Audit report, 1950 February 14, audit report of the Department of Education of the A.M.E. Church, page 1"""
http://cdm17173.contentdm.oclc.org/cdm/ref/collection/adamsea/id/649,,"[Title]: ""Audit report, 1950 February 14, audit report of the Department of Education of the A.M.E. Church, page 2"""
http://cdm17173.contentdm.oclc.org/cdm/ref/collection/adamsea/id/650,,"[Title]: ""Audit report, 1950 February 14, audit report of the Department of Education of the A.M.E. Church, page 3"""
http://cdm17173.contentdm.oclc.org/cdm/ref/collection/adamsea/id/651,,"[Title]: ""Church bulletin, 1949 October 23, Bethel African Methodist Episcopal Church worship service, front cover"""
http://cdm17173.contentdm.oclc.org/cdm/ref/collection/adamsea/id/652,,"[Title]: ""Church bulletin, 1949 October 23, Bethel African Methodist Episcopal Church worship service, page 2"""
http://cdm17173.contentdm.oclc.org/cdm/ref/collection/adamsea/id/653,,"[Title]: ""Letter, 1949 October 23, Pastor Marlin J. Hendrieth to congregation recalling the past year; enclosed in church bulletin of same date"""
http://cdm17173.contentdm.oclc.org/cdm/ref/collection/adamsea/id/654,,"[Title]: ""Letter, 1949 October 23, Pastor Marlin J. Hendrieth to congregation recalling the past year; enclosed in church bulletin of same date"""
http://cdm17173.contentdm.oclc.org/cdm/ref/collection/adamsea/id/655,,"[Title]: ""Financial record, 1949 October 9, financial statement of the members of Bethel A.M.E. Church; enclosed in church bulletin of October 23, page 1"""
http://cdm17173.contentdm.oclc.org/cdm/ref/collection/adamsea/id/656,,"[Title]: ""Financial record, 1949 October 9, financial statement of the members of Bethel A.M.E. Church; enclosed in church bulletin of October 23, page 2"""
http://cdm17173.contentdm.oclc.org/cdm/ref/collection/adamsea/id/657,,"[Title]: ""Financial record, 1949 October 9, financial statement of the members of Bethel A.M.E. Church; enclosed in church bulletin of October 23, page 3"""
http://cdm17173.contentdm.oclc.org/cdm/ref/collection/adamsea/id/658,,"[Title]: ""Financial record, 1949 October 9, financial statement of the members of Bethel A.M.E. Church; enclosed in church bulletin of October 23, page 4"""
http://cdm17173.contentdm.oclc.org/cdm/ref/collection/adamsea/id/659,,"[Title]: ""Financial record, 1949 October 9, financial statement of the members of Bethel A.M.E. Church; enclosed in church bulletin of October 23, page 5"""
http://cdm17173.contentdm.oclc.org/cdm/ref/collection/adamsea/id/660,,"[Title]: ""Financial record, 1949 October 9, financial statement of the members of Bethel A.M.E. Church; enclosed in church bulletin of October 23, page 6"""
http://cdm17173.contentdm.oclc.org/cdm/ref/collection/adamsea/id/661,,"[Title]: ""Financial record, 1949 March 27, Bethel A.M.E. Church record of payment for Men's Group rally; enclosed in church bulletin of October 23"""
http://cdm17173.contentdm.oclc.org/cdm/ref/collection/adamsea/id/662,,"[Title]: ""Financial record, 1949 March 27, Bethel A.M.E. Church record of payment for parsonage rally; enclosed in church bulletin of October 23, page 1"""
http://cdm17173.contentdm.oclc.org/cdm/ref/collection/adamsea/id/663,,"[Title]: ""Financial record, 1949 March 27, Bethel A.M.E. Church record of payment for parsonage rally; enclosed in church bulletin of October 23, page 2"""
http://cdm17173.contentdm.oclc.org/cdm/ref/collection/adamsea/id/664,,"[Title]: ""Church bulletin, 1949 October 23, Bethel African Methodist Episcopal Church worship service, page 3"""
http://cdm17173.contentdm.oclc.org/cdm/ref/collection/adamsea/id/665,,"[Title]: ""Church bulletin, 1949 October 23, Bethel African Methodist Episcopal Church worship service, back cover"""
http://cdm17173.contentdm.oclc.org/cdm/ref/collection/adamsea/id/669,,"[Title]: ""Church bulletin, 1950 March 15, Bethel African Methodist Episcopal Church worship service, front cover"""
http://cdm17173.contentdm.oclc.org/cdm/ref/collection/adamsea/id/670,,"[Title]: ""Church bulletin, 1950 March 15, Bethel African Methodist Episcopal Church worship service, page 2"""
http://cdm17173.contentdm.oclc.org/cdm/ref/collection/adamsea/id/671,,"[Title]: ""Church bulletin, 1950 March 15, Bethel African Methodist Episcopal Church worship service, page 3"""
http://cdm17173.contentdm.oclc.org/cdm/ref/collection/adamsea/id/672,,"[Title]: ""Church bulletin, 1950 March 15, Bethel African Methodist Episcopal Church worship service, back cover"""
http://cdm17173.contentdm.oclc.org/cdm/ref/collection/adamsea/id/673,,"[Title]: ""Financial record, 1950 January 31, Department of Education of the A.M.E. Church statement of cash receipts and disbursements"""
http://cdm17173.contentdm.oclc.org/cdm/ref/collection/adamsea/id/674,,"[Title]: ""Letter, 1950 March 11, President T.B. Jones of Harbison Junior College to """"Friends"""" thanking them for contributions to the Founder's Day Program"""
http://cdm17173.contentdm.oclc.org/cdm/ref/collection/adamsea/id/675,,"[Title]: ""Program, 1950 March 26, Foreign Missionary Night at Emanuel A.M.E. Church, front cover"""
http://cdm17173.contentdm.oclc.org/cdm/ref/collection/adamsea/id/676,,"[Title]: ""Program, 1950 March 26, Foreign Missionary Night at Emanuel A.M.E. Church, page 2-3"""
http://cdm17173.contentdm.oclc.org/cdm/ref/collection/adamsea/id/677,,"[Title]: ""Program, 1950 March 26, Foreign Missionary Night at Emanuel A.M.E. Church, back cover"""
http://cdm17173.contentdm.oclc.org/cdm/ref/collection/adamsea/id/678,,"[Title]: ""Financial record, 1949 October 9, financial statement of the members of Bethel A.M.E. Church, page 1"""
http://cdm17173.contentdm.oclc.org/cdm/ref/collection/adamsea/id/679,,"[Title]: ""Financial record, 1949 October 9, financial statement of the members of Bethel A.M.E. Church, page 2"""
http://cdm17173.contentdm.oclc.org/cdm/ref/collection/adamsea/id/680,,"[Title]: ""Financial record, 1949 October 9, financial statement of the members of Bethel A.M.E. Church, page 3"""
http://cdm17173.contentdm.oclc.org/cdm/ref/collection/adamsea/id/681,,"[Title]: ""Financial record, 1949 October 9, financial statement of the members of Bethel A.M.E. Church, page 4"""
http://cdm17173.contentdm.oclc.org/cdm/ref/collection/adamsea/id/682,,"[Title]: ""Financial record, 1949 October 9, financial statement of the members of Bethel A.M.E. Church, page 5"""
http://cdm17173.contentdm.oclc.org/cdm/ref/collection/adamsea/id/683,,"[Title]: ""Financial record, 1949 October 9, financial statement of the members of Bethel A.M.E. Church, page 6"""
http://cdm17173.contentdm.oclc.org/cdm/ref/collection/adamsea/id/684,,"[Title]: ""Letter, 1949 October 10, Adams to his wife discussing the conference he is attending, page 1"""
http://cdm17173.contentdm.oclc.org/cdm/ref/collection/adamsea/id/685,,"[Title]: ""Letter, 1949 October 10, Adams to his wife discussing the conference he is attending, page 2"""
http://cdm17173.contentdm.oclc.org/cdm/ref/collection/adamsea/id/687,,"[Title]: ""Letter, 1957 October 3, Helen Mumm of the Cleveland Public Library to Rev. E Adams about an order"""
http://cdm17173.contentdm.oclc.org/cdm/ref/collection/adamsea/id/688,,"[Title]: ""Letter, 1957 October 3, Helen Mumm of the Cleveland Public Library to Rev. E Adams about an order, backside showing the stamp approval from the clerk and treasurer"""
http://cdm17173.contentdm.oclc.org/cdm/ref/collection/adamsea/id/689,,"[Title]: ""List, n.d., List of meetings for the 1957-1958 for the Alpha PSI Lambda Chapter"""
http://cdm17173.contentdm.oclc.org/cdm/ref/collection/adamsea/id/690,,"[Title]: ""Program, 1957 September 29, St. James A.M.E Church program for the Men's Club Meeting-page 1"""
http://cdm17173.contentdm.oclc.org/cdm/ref/collection/adamsea/id/691,,"[Title]: ""Program, 1957 September 29, St. James A.M.E Church program for the Men's Club Meeting-page 2"""
http://cdm17173.contentdm.oclc.org/cdm/ref/collection/adamsea/id/692,,"[Title]: ""Program, 1957 September 29, St. James A.M.E Church program for the Men's Club Meeting-page 3"""
http://cdm17173.contentdm.oclc.org/cdm/ref/collection/adamsea/id/693,,"[Title]: ""Program, 1957 September 29, St. James A.M.E Church program for the Men's Club Meeting"""
http://cdm17173.contentdm.oclc.org/cdm/ref/collection/adamsea/id/694,,"[Title]: ""Letter, 1957 September 27, J. C. Tingman and J. O. Jackson of the Alpha Men Group announcing the October 1, 1957 meeting at Benedict College to members"""
http://cdm17173.contentdm.oclc.org/cdm/ref/collection/adamsea/id/695,,"[Title]: ""Letter, 1957 September 25 Ruth Dinkins of Allan University announcing that a grant for Allan University has been approved and asking for more contributions to the scholarship fund"""
http://cdm17173.contentdm.oclc.org/cdm/ref/collection/adamsea/id/696,,"[Title]: ""Letter, 1957 October 31,  Nelson R. Burr of the Firestone Library of Princeton University to Rev. E. A, Adams asking for a copy of the yearbook for the church and any published history of the church to be include in the Special Program in American Civilization at Princeton University"""
http://cdm17173.contentdm.oclc.org/cdm/ref/collection/adamsea/id/697,,"[Title]: ""Program, 1957 October 13,  Joint Vespers Service between Allen University and Benedict University, held at Allen University Auditorium-page 1"""
http://cdm17173.contentdm.oclc.org/cdm/ref/collection/adamsea/id/698,,"[Title]: ""Program, 1957 October 13,  Joint Vespers Service between Allen University and Benedict University, held at Allen University Auditorium-page 2"""
http://cdm17173.contentdm.oclc.org/cdm/ref/collection/adamsea/id/699,,"[Title]: ""Program, 1957 October 13,  Joint Vespers Service between Allen University and Benedict University, held at Allen University Auditorium-page 3"""
http://cdm17173.contentdm.oclc.org/cdm/ref/collection/adamsea/id/700,,"[Title]: ""Program, 1957 October 13,  Joint Vespers Service between Allen University and Benedict University, held at Allen University Auditorium-page 4"""
http://cdm17173.contentdm.oclc.org/cdm/ref/collection/adamsea/id/701,,"[Title]: ""Letter, 1957 October 15, E. Coolidge Burton to Rev. E. Adams about the 129th Anniversary Celebration of the Israel A. M. E. Church"""
http://cdm17173.contentdm.oclc.org/cdm/ref/collection/adamsea/id/702,,"[Title]: ""Letter, 1957 October 22, Rev. W. S. Mims to Rev. E. A. Adams asking for Adams to attend the D. J. Zeigler hearing on October 29, 1957"""
http://cdm17173.contentdm.oclc.org/cdm/ref/collection/adamsea/id/703,,"[Title]: ""Program, 1957 October 24-25, Columbia Annual Conference Institute held at the Emmanuel A. M. E. Church, Columbia, South Carolina, Page 1"""
http://cdm17173.contentdm.oclc.org/cdm/ref/collection/adamsea/id/704,,"[Title]: ""Program, 1957 October 24-25, Columbia Annual Conference Institute held at the Emmanuel A. M. E. Church, Columbia, South Carolina, Page 2"""
http://cdm17173.contentdm.oclc.org/cdm/ref/collection/adamsea/id/705,,"[Title]: ""Program, 1957 October 24-25, Columbia Annual Conference Institute held at the Emmanuel A. M. E. Church, Columbia, South Carolina, Page 3"""
http://cdm17173.contentdm.oclc.org/cdm/ref/collection/adamsea/id/706,,"[Title]: ""Program, 1957 October 24-25, Columbia Annual Conference Institute held at the Emmanuel A. M. E. Church, Columbia, South Carolina,  Page 4"""
http://cdm17173.contentdm.oclc.org/cdm/ref/collection/adamsea/id/707,,"[Title]: ""Program, 1957 October 24-25, Columbia Annual Conference Institute held at the Emmanuel A. M. E. Church, Columbia, South Carolina, Page 5"""
http://cdm17173.contentdm.oclc.org/cdm/ref/collection/adamsea/id/709,,"[Title]: ""Postcard, 1954 June 1, President M. Citron to members announcing the monthly meeting of the Board of Trustees of Good Samaritan Waverly Hospital"""
http://cdm17173.contentdm.oclc.org/cdm/ref/collection/adamsea/id/710,,"[Title]: ""Letter, 1954 June 25, Secretary-Treasurer C. Randolph Jameson of the Sumter National Farm Loan Association to Adams providing a general association update"""
http://cdm17173.contentdm.oclc.org/cdm/ref/collection/adamsea/id/711,,"[Title]: ""Report, 1954 June 9, Annual Report of Dean Rembert Stokes to the Board of Directors of Payne Theological Seminary, front cover"""
http://cdm17173.contentdm.oclc.org/cdm/ref/collection/adamsea/id/712,,"[Title]: ""Report, 1954 June 9, Annual Report of Dean Rembert Stokes to the Board of Directors of Payne Theological Seminary, page 2-3"""
http://cdm17173.contentdm.oclc.org/cdm/ref/collection/adamsea/id/713,,"[Title]: ""Report, 1954 June 9, Annual Report of Dean Rembert Stokes to the Board of Directors of Payne Theological Seminary, page 4-5"""
http://cdm17173.contentdm.oclc.org/cdm/ref/collection/adamsea/id/714,,"[Title]: ""Report, 1954 June 9, Annual Report of Dean Rembert Stokes to the Board of Directors of Payne Theological Seminary, page 6-7"""
http://cdm17173.contentdm.oclc.org/cdm/ref/collection/adamsea/id/715,,"[Title]: ""Report, 1954 June 9, Annual Report of Dean Rembert Stokes to the Board of Directors of Payne Theological Seminary, page 8-9"""
http://cdm17173.contentdm.oclc.org/cdm/ref/collection/adamsea/id/716,,"[Title]: ""Report, 1954 June 9, Annual Report of Dean Rembert Stokes to the Board of Directors of Payne Theological Seminary, page 10-11"""
http://cdm17173.contentdm.oclc.org/cdm/ref/collection/adamsea/id/717,,"[Title]: ""Report, 1954 June 9, Annual Report of Dean Rembert Stokes to the Board of Directors of Payne Theological Seminary, page 12-13"""
http://cdm17173.contentdm.oclc.org/cdm/ref/collection/adamsea/id/718,,"[Title]: ""Report, 1954 June 9, Annual Report of Dean Rembert Stokes to the Board of Directors of Payne Theological Seminary, page 14-15"""
http://cdm17173.contentdm.oclc.org/cdm/ref/collection/adamsea/id/719,,"[Title]: ""Report, 1954 June 9, Annual Report of Dean Rembert Stokes to the Board of Directors of Payne Theological Seminary, page 16-17"""
http://cdm17173.contentdm.oclc.org/cdm/ref/collection/adamsea/id/720,,"[Title]: ""Report, 1954 June 9, Annual Report of Dean Rembert Stokes to the Board of Directors of Payne Theological Seminary, page 18-19"""
http://cdm17173.contentdm.oclc.org/cdm/ref/collection/adamsea/id/721,,"[Title]: ""Handout, no date, schedule of payable accounts, contracts, and notes; insert in 1954 Annual Report"""
http://cdm17173.contentdm.oclc.org/cdm/ref/collection/adamsea/id/722,,"[Title]: ""Report, 1954 June 9, Annual Report of Dean Rembert Stokes to the Board of Directors of Payne Theological Seminary, page 20-21"""
http://cdm17173.contentdm.oclc.org/cdm/ref/collection/adamsea/id/723,,"[Title]: ""Report, 1954 June 9, Annual Report of Dean Rembert Stokes to the Board of Directors of Payne Theological Seminary, page 22-23"""
http://cdm17173.contentdm.oclc.org/cdm/ref/collection/adamsea/id/724,,"[Title]: ""Report, 1954 June 9, Annual Report of Dean Rembert Stokes to the Board of Directors of Payne Theological Seminary, page 24-25"""
http://cdm17173.contentdm.oclc.org/cdm/ref/collection/adamsea/id/725,,"[Title]: ""Report, 1954 June 9, Annual Report of Dean Rembert Stokes to the Board of Directors of Payne Theological Seminary, page 26-27"""
http://cdm17173.contentdm.oclc.org/cdm/ref/collection/adamsea/id/726,,"[Title]: ""Program, 1954 May 20-21, Sumter District Conference of the Northeast South Carolina Conference, front cover"""
http://cdm17173.contentdm.oclc.org/cdm/ref/collection/adamsea/id/727,,"[Title]: ""Program, 1954 May 20-21, Sumter District Conference of the Northeast South Carolina Conference, page 2-3"""
http://cdm17173.contentdm.oclc.org/cdm/ref/collection/adamsea/id/728,,"[Title]: ""Program, 1954 May 20-21, Sumter District Conference of the Northeast South Carolina Conference, back cover"""
http://cdm17173.contentdm.oclc.org/cdm/ref/collection/adamsea/id/729,,"[Title]: ""Letter, 1954 May 18, Frank Madison Reid to district pastors declaring May 23 a special day of prayer"""
http://cdm17173.contentdm.oclc.org/cdm/ref/collection/adamsea/id/730,,"[Title]: ""Program, 1954 May 17, The Spartanburg District Conference of the Columbia Conference AME Church, front cover"""
http://cdm17173.contentdm.oclc.org/cdm/ref/collection/adamsea/id/731,,"[Title]: ""Program, 1954 May 17, The Spartanburg District Conference of the Columbia Conference AME Church, page 2-3"""
http://cdm17173.contentdm.oclc.org/cdm/ref/collection/adamsea/id/732,,"[Title]: ""Program, 1954 May 17, The Spartanburg District Conference of the Columbia Conference AME Church, back cover"""
http://cdm17173.contentdm.oclc.org/cdm/ref/collection/adamsea/id/733,,"[Title]: ""Letter, 1954 May 17, Frank Madison Reid to ""dear Christian Friends"" announcing a meeting of the Building Committee of the Seventh Episcopal District"""
http://cdm17173.contentdm.oclc.org/cdm/ref/collection/adamsea/id/734,,"[Title]: ""Card, 1954 July, request for donations to the Mrs. Julia Baum-Shaw Testimonial Contribution"""
http://cdm17173.contentdm.oclc.org/cdm/ref/collection/adamsea/id/735,,"[Title]: ""Postcard, 1954 August 11, Elizabeth [no last name listed] to Dr. and Mrs. Adams announcing her safe arrival in Boston and describing the sights"""
http://cdm17173.contentdm.oclc.org/cdm/ref/collection/adamsea/id/736,,"[Title]: ""Postcard, no date, President Citron to members announcing the monthly meeting of the Board of Trustees of Good Samaritan Waverly Hospital"""
http://cdm17173.contentdm.oclc.org/cdm/ref/collection/adamsea/id/737,,"[Title]: ""Receipt, 1954 September 29, J. Reed[e?] to Two Notch Land Co. for a twenty-five dollar loan"""
http://cdm17173.contentdm.oclc.org/cdm/ref/collection/adamsea/id/739,,"[Title]: ""Letter, 1953 January 12, District Examiner A.C. Powell to Adams requesting confirmation of account balance"""
http://cdm17173.contentdm.oclc.org/cdm/ref/collection/adamsea/id/740,,"[Title]: ""Letter, 1953 January 12, Frank Madison Reid to Presiding Elder of A.M.E. Church describing Allen University Founders Day celebration, page 1"""
http://cdm17173.contentdm.oclc.org/cdm/ref/collection/adamsea/id/741,,"[Title]: ""Letter, 1953 January 12, Frank Madison Reid to Presiding Elder of A.M.E. Church describing Allen University Founders Day celebration, page 2"""
http://cdm17173.contentdm.oclc.org/cdm/ref/collection/adamsea/id/742,,"[Title]: ""Letter, 1953 January 31, H.I. Bearden to Adams confirming request for information"""
http://cdm17173.contentdm.oclc.org/cdm/ref/collection/adamsea/id/743,,"[Title]: ""Report, no date, record of patient care and payments for January - March 1953"""
http://cdm17173.contentdm.oclc.org/cdm/ref/collection/adamsea/id/745,,"[Title]: ""Card, 1953 February 3, birth announcement for Edith Arthuretta Holmes"""
http://cdm17173.contentdm.oclc.org/cdm/ref/collection/adamsea/id/746,,"[Title]: ""Letter, 1953 February 6, National President John F. Morning of the Wilberforce National Alumni Association to members requesting donations, page 1"""
http://cdm17173.contentdm.oclc.org/cdm/ref/collection/adamsea/id/747,,"[Title]: ""Letter, 1953 February 6, National President John F. Morning of the Wilberforce National Alumni Association to members requesting donations, page 2"""
http://cdm17173.contentdm.oclc.org/cdm/ref/collection/adamsea/id/748,,"[Title]: ""Letter, 1953 February 14, Rev. I.O. Simmons, P.E., to Pastor encouraging progressive preaching and fundraising"""
http://cdm17173.contentdm.oclc.org/cdm/ref/collection/adamsea/id/749,,"[Title]: ""Letter, 1953 February 15, Vivian Young Jones to ""dear Friends"" requesting attendance and funds for Harbison Junior College Founder's Day"""
http://cdm17173.contentdm.oclc.org/cdm/ref/collection/adamsea/id/750,,"[Title]: ""Invoice, 1953 February 16, Adams' account with the First National Bank of South Carolina"""
http://cdm17173.contentdm.oclc.org/cdm/ref/collection/adamsea/id/751,,"[Title]: ""Card, no date, advertising Series H. Savings Bonds, front"""
http://cdm17173.contentdm.oclc.org/cdm/ref/collection/adamsea/id/752,,"[Title]: ""Card, no date, advertising Series H. Savings Bonds, back"""
http://cdm17173.contentdm.oclc.org/cdm/ref/collection/adamsea/id/753,,"[Title]: ""Letter, 1953 February 17, J.S. Coe to Adams requesting confirmation of receipt of letter"""
http://cdm17173.contentdm.oclc.org/cdm/ref/collection/adamsea/id/754,,"[Title]: ""Letter, 1953 February 19, H.I. Bearden to Adams enclosing information he had requested previously"""
http://cdm17173.contentdm.oclc.org/cdm/ref/collection/adamsea/id/758,,"[Title]: ""Letter, 1956 August 29, I. DeQuincey Newman to Adams and others advocating participation in the Republican Party of South Carolina, page 1"""
http://cdm17173.contentdm.oclc.org/cdm/ref/collection/adamsea/id/759,,"[Title]: ""Letter, 1956 August 29, I. DeQuincey Newman to Adams and others advocating participation in the Republican Party of South Carolina, page 2"""
http://cdm17173.contentdm.oclc.org/cdm/ref/collection/adamsea/id/760,,"[Title]: ""Program, 1956 August 24-26, Marion District Sunday School and Allen Christian Endeavor League Institute of the Northeast South Carolina Conference, front cover"""
http://cdm17173.contentdm.oclc.org/cdm/ref/collection/adamsea/id/761,,"[Title]: ""Program, 1956 August 24-26, Marion District Sunday School and Allen Christian Endeavor League Institute of the Northeast South Carolina Conference, page 2-3"""
http://cdm17173.contentdm.oclc.org/cdm/ref/collection/adamsea/id/762,,"[Title]: ""Program, 1956 August 24-26, Marion District Sunday School and Allen Christian Endeavor League Institute of the Northeast South Carolina Conference, back cover"""
http://cdm17173.contentdm.oclc.org/cdm/ref/collection/adamsea/id/763,,"[Title]: ""Letter, 1956 September 14, Olivia E. Johnson to Adams providing information about a rally at Bethel Anderson"""
http://cdm17173.contentdm.oclc.org/cdm/ref/collection/adamsea/id/764,,"[Title]: ""Letter, 1956 September 18, Clara Haberman of the Association of the Statisticians of American Religious Bodies to members announcing a meeting"""
http://cdm17173.contentdm.oclc.org/cdm/ref/collection/adamsea/id/765,,"[Title]: ""Bid proposal, 1956 October 15, James D. Langley of Langley Construction Company offering renovations to Good Samaritan Waverly Hospital"""
http://cdm17173.contentdm.oclc.org/cdm/ref/collection/adamsea/id/766,,"[Title]: ""Certificate, 1956 October 28, declaring [no name] as an evangelist under the Columbia Annual Conference of the A.M.E. Chuch"""
http://cdm17173.contentdm.oclc.org/cdm/ref/collection/adamsea/id/767,,"[Title]: ""Letter, 1956 October 30, Chairman Forrest Oran Wiggins of the Allen University Inaugural Committee to Adams asking him to serve on the Committee"""
http://cdm17173.contentdm.oclc.org/cdm/ref/collection/adamsea/id/768,,"[Title]: ""Letter, 1956 October 31, Chapter Secretary H.W. Webber to Brothers announcing the monthly meeting of the Alpha Psi Lambda chapter"""
http://cdm17173.contentdm.oclc.org/cdm/ref/collection/adamsea/id/769,,"[Title]: ""Letter, 1956 November 30, J.A. DeLaine to Adams requesting a loan to rent a church building, page 1"""
http://cdm17173.contentdm.oclc.org/cdm/ref/collection/adamsea/id/770,,"[Title]: ""Letter, 1956 November 30, J.A. DeLaine to Adams requesting a loan to rent a church building, page 2"""
http://cdm17173.contentdm.oclc.org/cdm/ref/collection/adamsea/id/771,,"[Title]: ""Letter, 1956 November 30, J.A. DeLaine to Adams inviting him to church"""
http://cdm17173.contentdm.oclc.org/cdm/ref/collection/adamsea/id/773,,"[Title]: ""Enclosure, no date, requesting donations for the South Carolina Council on Human Relations"""
http://cdm17173.contentdm.oclc.org/cdm/ref/collection/adamsea/id/774,,"[Title]: ""Financial record, 1957 March, list of loans made during March 1957 by name, amount, and time"""
http://cdm17173.contentdm.oclc.org/cdm/ref/collection/adamsea/id/775,,"[Title]: ""Financial record, no date, list of gross and adjusted income and disbursements"""
http://cdm17173.contentdm.oclc.org/cdm/ref/collection/adamsea/id/777,,"[Title]: ""Postcard, 1957 April 6, Adams to members of the Board of Trustees of Good Samaritan Waverly Hospital announcing monthly meeting"""
http://cdm17173.contentdm.oclc.org/cdm/ref/collection/adamsea/id/778,,"[Title]: ""Postcard, 1957 April 10, invitation to the Allen University Choir presentation of The Seven Last Words of Christ"""
http://cdm17173.contentdm.oclc.org/cdm/ref/collection/adamsea/id/779,,"[Title]: ""Postcard, 1957 April 10, invitation to the Allen University Choir presentation of The Seven Last Words of Christ"""
http://cdm17173.contentdm.oclc.org/cdm/ref/collection/adamsea/id/780,,"[Title]: ""Letter, 1957 April 8, President J.D. Bowman to Allen University alumni announcing a meeting of the Greater Columbia A.U. Club"""
http://cdm17173.contentdm.oclc.org/cdm/ref/collection/adamsea/id/781,,"[Title]: ""Postcard, 1957 April 12, invitation to the Allen University Band Concert"""
http://cdm17173.contentdm.oclc.org/cdm/ref/collection/adamsea/id/782,,"[Title]: ""Letter, 1957 April 10, President Frank R. Veal of Allen University to Adams recommending Mrs. Geraldine Butler for a position at Waverly Hospital"""
http://cdm17173.contentdm.oclc.org/cdm/ref/collection/adamsea/id/784,,"[Title]: ""Letter, 1952 March 2, Sgt. Alvin O. Jackson to Adams requesting a loan through the Victory Savings Bank"""
http://cdm17173.contentdm.oclc.org/cdm/ref/collection/adamsea/id/785,,"[Title]: ""Program, 1952 March 7, Queen Esther Chapter No. 1, O.E.S. Prince Hall Affiliation presents Esther: A Sacred Cantata, front cover"""
http://cdm17173.contentdm.oclc.org/cdm/ref/collection/adamsea/id/786,,"[Title]: ""Program, 1952 March 7, Queen Esther Chapter No. 1, O.E.S. Prince Hall Affiliation presents Esther: A Sacred Cantata, page 2-3"""
http://cdm17173.contentdm.oclc.org/cdm/ref/collection/adamsea/id/787,,"[Title]: ""Program, 1952 March 7, Queen Esther Chapter No. 1, O.E.S. Prince Hall Affiliation presents Esther: A Sacred Cantata, page 4-5"""
http://cdm17173.contentdm.oclc.org/cdm/ref/collection/adamsea/id/788,,"[Title]: ""Program, 1952 March 7, Queen Esther Chapter No. 1, O.E.S. Prince Hall Affiliation presents Esther: A Sacred Cantata, page 6-7"""
http://cdm17173.contentdm.oclc.org/cdm/ref/collection/adamsea/id/789,,"[Title]: ""Program, 1952 March 7, Queen Esther Chapter No. 1, O.E.S. Prince Hall Affiliation presents Esther: A Sacred Cantata, back cover"""
http://cdm17173.contentdm.oclc.org/cdm/ref/collection/adamsea/id/790,,"[Title]: ""Letter, 1952 March 24, Bishop Joseph Gomez to Adams requesting money for a new college administrative building"""
http://cdm17173.contentdm.oclc.org/cdm/ref/collection/adamsea/id/791,,"[Title]: ""Letter, 1952 March 27, William A. Fountain, Sr., to Adams requesting attendance at a committee meeting"""
http://cdm17173.contentdm.oclc.org/cdm/ref/collection/adamsea/id/792,,"[Title]: ""Letter, 1952 April 1, W.M. Ragin to Adams announcing enclosure of a check"""
http://cdm17173.contentdm.oclc.org/cdm/ref/collection/adamsea/id/793,,"[Title]: ""Telegram, 1952 April 2, Ethel L. Payne to Adams requesting photographs and biographical sketch"""
http://cdm17173.contentdm.oclc.org/cdm/ref/collection/adamsea/id/794,,"[Title]: ""Letter, 1952 April 24, J.S. Coe to Adams requesting deposit of two checks"""
http://cdm17173.contentdm.oclc.org/cdm/ref/collection/adamsea/id/795,,"[Title]: ""Letter, 1952 April 30, C. Baker Pearle to Adams announcing housing change"""
http://cdm17173.contentdm.oclc.org/cdm/ref/collection/adamsea/id/797,,"[Title]: ""Program, 1947 February 20, Public Worship Council of Bishops at Bethel A.M.E. Church, front cover"""
http://cdm17173.contentdm.oclc.org/cdm/ref/collection/adamsea/id/798,,"[Title]: ""Program, 1947 February 20, Public Worship Council of Bishops at Bethel A.M.E. Church, pages 2-3"""
http://cdm17173.contentdm.oclc.org/cdm/ref/collection/adamsea/id/799,,"[Title]: ""Program, 1947 February 20, Public Worship Council of Bishops at Bethel A.M.E. Church, page 4"""
http://cdm17173.contentdm.oclc.org/cdm/ref/collection/adamsea/id/800,,"[Title]: ""Letter, 1947 January 16, President W.A. Fountain, Jr., of Morris Brown College to Adams, response to annual report data questions"""
http://cdm17173.contentdm.oclc.org/cdm/ref/collection/adamsea/id/801,,"[Title]: ""Letter, 1947 January 23, President T.E. Harper of Daniel Payne College to Adams, response to annual report data questions"""
http://cdm17173.contentdm.oclc.org/cdm/ref/collection/adamsea/id/802,,"[Title]: ""Letter, 1947 January 28, Charles H. Wesley of Wilberforce University to Adams, response to annual report data questions"""
http://cdm17173.contentdm.oclc.org/cdm/ref/collection/adamsea/id/803,,"[Title]: ""Telegram, 1947 January 28, R.R. Wright Jr. to Adams, request for data on seminaries for directory of Negro churches"""
http://cdm17173.contentdm.oclc.org/cdm/ref/collection/adamsea/id/804,,"[Title]: ""Letter, 1947 January 30, S.L. Greene Jr. of Campbell College to Adams, response to annual report data questions"""
http://cdm17173.contentdm.oclc.org/cdm/ref/collection/adamsea/id/805,,"[Title]: ""Application, 1947 April 28, John Hurst Adams to University of Michigan Law School undergraduate curriculum, page 1"""
http://cdm17173.contentdm.oclc.org/cdm/ref/collection/adamsea/id/806,,"[Title]: ""Application, 1947 April 28, John Hurst Adams to University of Michigan Law School undergraduate curriculum, page 2"""
http://cdm17173.contentdm.oclc.org/cdm/ref/collection/adamsea/id/807,,"[Title]: ""Letter, 1947 May 8, Clarence H. Thomas of Alpha Omicron Chapter of Alpha Phi Alpha Fraternity to Brothers, reminder of event dates and fees"""
http://cdm17173.contentdm.oclc.org/cdm/ref/collection/adamsea/id/808,,"[Title]: ""Program, 1947 ca. August 6-8, carbon copy of program outline for religious gathering, page 1"""
http://cdm17173.contentdm.oclc.org/cdm/ref/collection/adamsea/id/809,,"[Title]: ""Program, 1947 ca. August 6-8, carbon copy of program outline for religious gathering, page 2"""
http://cdm17173.contentdm.oclc.org/cdm/ref/collection/adamsea/id/810,,"[Title]: ""Program, 1947 ca. August 6-8, carbon copy of program outline for religious gathering, page 3"""
http://cdm17173.contentdm.oclc.org/cdm/ref/collection/adamsea/id/811,,"[Title]: ""Program, 1947 ca. August 6-8, carbon copy of program outline for religious gathering, page 4"""
http://cdm17173.contentdm.oclc.org/cdm/ref/collection/adamsea/id/812,,"[Title]: ""Program, 1947 ca. August 6-8, carbon copy of program outline for religious gathering, page 5"""
http://cdm17173.contentdm.oclc.org/cdm/ref/collection/adamsea/id/813,,"[Title]: ""Program, 1947 ca. August 6-8, carbon copy of program outline for religious gathering, page 6"""
http://cdm17173.contentdm.oclc.org/cdm/ref/collection/adamsea/id/814,,"[Title]: ""Envelope, no date, Woman's Missionary Society to Mrs. E.A. Adams"""
http://cdm17173.contentdm.oclc.org/cdm/ref/collection/adamsea/id/815,,"[Title]: ""Letter, 1947 November 15, National Fraternal Council of Negro Churches in America to Adams, content illegible, page 1"""
http://cdm17173.contentdm.oclc.org/cdm/ref/collection/adamsea/id/816,,"[Title]: ""Letter, 1947 November 15, National Fraternal Council of Negro Churches in America to Adams, content illegible, page 2"""
http://cdm17173.contentdm.oclc.org/cdm/ref/collection/adamsea/id/817,,"[Title]: ""Letter, 1947 November 15, National Fraternal Council of Negro Churches in America to Adams, content illegible, page 3"""
http://cdm17173.contentdm.oclc.org/cdm/ref/collection/adamsea/id/818,,"[Title]: ""Letter, 1947 November 15, National Fraternal Council of Negro Churches in America to Adams, content illegible, page 4"""
http://cdm17173.contentdm.oclc.org/cdm/ref/collection/adamsea/id/819,,"[Title]: ""List, no date, Western North Carolina conference A.M.E. Church record of membership from 1948-1954"""
http://cdm17173.contentdm.oclc.org/cdm/ref/collection/adamsea/id/820,,"[Title]: ""Financial record, 1944 March 31, Department of Education of the A.M.E. Church, statement of cash receipts and disbursements February 1, 1943-March 31, 1944"""
http://cdm17173.contentdm.oclc.org/cdm/ref/collection/adamsea/id/821,,"[Title]: ""Expense record, no date, annual expense report for Wilberforce University"""
http://cdm17173.contentdm.oclc.org/cdm/ref/collection/adamsea/id/822,,"[Title]: ""Letter, no date, discussing annual reports"""
http://cdm17173.contentdm.oclc.org/cdm/ref/collection/adamsea/id/823,,"[Title]: ""List, 1941 February 11, Department of Education of the A.M.E. Church board members by district"""
http://cdm17173.contentdm.oclc.org/cdm/ref/collection/adamsea/id/824,,"[Title]: ""Letter, 1941 February 11, to the members of the Board of Education of the A.M.E. Church introducing a quadrennial report; back of list of same date"""
http://cdm17173.contentdm.oclc.org/cdm/ref/collection/adamsea/id/825,,"[Title]: ""List, no date, handwritten draft of list of Board of Education of the A.M.E. Church members by district, page 1"""
http://cdm17173.contentdm.oclc.org/cdm/ref/collection/adamsea/id/826,,"[Title]: ""List, no date, handwritten draft of list of Board of Education of the A.M.E. Church members by district, page 2"""
http://cdm17173.contentdm.oclc.org/cdm/ref/collection/adamsea/id/827,,"[Title]: ""Expense record, no date, annual expense report for Shorter College"""
http://cdm17173.contentdm.oclc.org/cdm/ref/collection/adamsea/id/828,,"[Title]: ""Expense record, no date, annual expense report for Paul Quinn College"""
http://cdm17173.contentdm.oclc.org/cdm/ref/collection/adamsea/id/829,,"[Title]: ""Expense record, no date, annual expense report for Edward Waters College"""
http://cdm17173.contentdm.oclc.org/cdm/ref/collection/adamsea/id/830,,"[Title]: ""Expense record, no date, annual expense report for Allen University"""
http://cdm17173.contentdm.oclc.org/cdm/ref/collection/adamsea/id/831,,"[Title]: ""Expense record, no date, annual expense report for Morris Brown College"""
http://cdm17173.contentdm.oclc.org/cdm/ref/collection/adamsea/id/833,,"[Title]: ""Letter, 1951 March 16, President Charles L. Hill of Wilberforce University to Adams thanking him for a check"""
http://cdm17173.contentdm.oclc.org/cdm/ref/collection/adamsea/id/834,,"[Title]: ""Voucher, 1951 March, acknowledging payment from Department of Education of A.M.E. Church to Wilberforce University"""
http://cdm17173.contentdm.oclc.org/cdm/ref/collection/adamsea/id/835,,"[Title]: ""Program, 1951 March 18, Bethel A.M.E. Church presents ""The Seven Last Words of Christ"" cantata, front cover"""
http://cdm17173.contentdm.oclc.org/cdm/ref/collection/adamsea/id/836,,"[Title]: ""Program, 1951 March 18, Bethel A.M.E. Church presents ""The Seven Last Words of Christ"" cantata, page 2-3"""
http://cdm17173.contentdm.oclc.org/cdm/ref/collection/adamsea/id/837,,"[Title]: ""Program, 1951 March 18, Bethel A.M.E. Church presents ""The Seven Last Words of Christ"" cantata, page 4-5"""
http://cdm17173.contentdm.oclc.org/cdm/ref/collection/adamsea/id/838,,"[Title]: ""Program, 1951 March 18, Bethel A.M.E. Church presents ""The Seven Last Words of Christ"" cantata, page 6-7"""
http://cdm17173.contentdm.oclc.org/cdm/ref/collection/adamsea/id/839,,"[Title]: ""Program, 1951 March 18, Bethel A.M.E. Church presents ""The Seven Last Words of Christ"" cantata, back cover"""
http://cdm17173.contentdm.oclc.org/cdm/ref/collection/adamsea/id/840,,"[Title]: ""Letter, 1951 April 11, C.A. Adams to Dr. L.L. Berry discussing order for quadrennial program"""
http://cdm17173.contentdm.oclc.org/cdm/ref/collection/adamsea/id/841,,"[Title]: ""Letter, 1951 May 4, Mrs. A.B. Lynem to Mrs. Adams describing enclosure of list of delegates"""
http://cdm17173.contentdm.oclc.org/cdm/ref/collection/adamsea/id/842,,"[Title]: ""Letter, 1951 May 28, L.L. Berry to Mrs. Adams discussing order for quadrennial program"""
http://cdm17173.contentdm.oclc.org/cdm/ref/collection/adamsea/id/843,,"[Title]: ""Letter, 1951 May 28, Mrs. Lula E. Alexander to Mrs. Adams discussing elements of quadrennial program"""
http://cdm17173.contentdm.oclc.org/cdm/ref/collection/adamsea/id/844,,"[Title]: ""Letter, 1951 June 3, Mrs. O.T. Gardner to Mrs. Adams agreeing to participate in a program"""
http://cdm17173.contentdm.oclc.org/cdm/ref/collection/adamsea/id/845,,"[Title]: ""Letter, 1951 June 6, Ida Mae Forte to Mrs. C.A. Adams agreeing to particpate in a workshop at the quadrennial meeting"""
http://cdm17173.contentdm.oclc.org/cdm/ref/collection/adamsea/id/846,,"[Title]: ""Letter, 1951 June 11, Chairman Esther B. Isaacs of the Committee on Budget and Financial Estimates to Mrs. Adams discussing workshop assignments"""
http://cdm17173.contentdm.oclc.org/cdm/ref/collection/adamsea/id/862,,"[Title]: ""Postcard, 1957 March 4, A. Chester Clark to Adams offering greetings, message"""
http://cdm17173.contentdm.oclc.org/cdm/ref/collection/adamsea/id/863,,"[Title]: ""Postcard, 1957 March 9, S.L. Greene to Adams inviting him to the National Fraternal Council of Churches annual meeting, message"""
http://cdm17173.contentdm.oclc.org/cdm/ref/collection/adamsea/id/864,,"[Title]: ""Postcard, 1957 March 13, Middlebrooks Agency Rentals and Real Estate to Adams announcing a tenant's maintenance request, message"""
http://cdm17173.contentdm.oclc.org/cdm/ref/collection/adamsea/id/865,,"[Title]: ""Postcard, 1957 March 4, A. Chester Clark to Adams offering greetings, picture"""
http://cdm17173.contentdm.oclc.org/cdm/ref/collection/adamsea/id/866,,"[Title]: ""Postcard, 1957 March 9, S.L. Greene to Adams inviting him to the National Fraternal Council of Churches annual meeting, address"""
http://cdm17173.contentdm.oclc.org/cdm/ref/collection/adamsea/id/867,,"[Title]: ""Postcard, 1957 March 13, Middlebrooks Agency Rentals and Real Estate to Adams announcing a tenant's maintenance request, address"""
http://cdm17173.contentdm.oclc.org/cdm/ref/collection/adamsea/id/868,,"[Title]: ""Invitation, 1957 March 30, to the inauguration of Frank Richard Veal as President of Allen University"""
http://cdm17173.contentdm.oclc.org/cdm/ref/collection/adamsea/id/869,,"[Title]: ""Card, 1957 March 30, admission voucher for the Veal inauguration; enclosed in invitation of same date"""
http://cdm17173.contentdm.oclc.org/cdm/ref/collection/adamsea/id/870,,"[Title]: ""Card, 1957 March 30, RSVP card for the Veal inauguration; enclosed in invitation of same date"""
http://cdm17173.contentdm.oclc.org/cdm/ref/collection/adamsea/id/871,,"[Title]: ""Card, 1957 March 13, announcing the inauguration of Veal and requesting recipients save the date"""
http://cdm17173.contentdm.oclc.org/cdm/ref/collection/adamsea/id/872,,"[Title]: ""Letter, 1957 March 17, President Jeff Steinert of the S.C. Chapter of the American Association of Hospital Accountants to potential members enclosing membership applications, page 1"""
http://cdm17173.contentdm.oclc.org/cdm/ref/collection/adamsea/id/873,,"[Title]: ""Letter, 1957 March 17, President Jeff Steinert of the S.C. Chapter of the American Association of Hospital Accountants to potential members enclosing membership applications, page 2"""
http://cdm17173.contentdm.oclc.org/cdm/ref/collection/adamsea/id/874,,"[Title]: ""Letter, 1957 March 19, Elmer J. Whiting Jr. to Adams following up on a request for an audit report"""
http://cdm17173.contentdm.oclc.org/cdm/ref/collection/adamsea/id/875,,"[Title]: ""Letter, 1957 March 20, B.J. Nolen of the Southwest Christian Recorder to colleagues requesting confirmation of receipt of paper"""
http://cdm17173.contentdm.oclc.org/cdm/ref/collection/adamsea/id/877,,"[Title]: ""Telegram, 1951 June 18, Anne E. Heath to Mrs. Adams addressing the appointment of chairmen"""
http://cdm17173.contentdm.oclc.org/cdm/ref/collection/adamsea/id/878,,"[Title]: ""Letter, 1951 June 22, Mrs. C.A. Adams to Rev. J.R. Coan, notice of panel discussion at quadrennial convention"""
http://cdm17173.contentdm.oclc.org/cdm/ref/collection/adamsea/id/879,,"[Title]: ""Letter, 1951 June 28, Mrs. A.B. Lynem to Mrs. Adams about convention attendance and program]"""
http://cdm17173.contentdm.oclc.org/cdm/ref/collection/adamsea/id/880,,"[Title]: ""Handout, 1951 July 7, special announcements to attendees of quadrennial convention; enclosed with program of same start date"""
http://cdm17173.contentdm.oclc.org/cdm/ref/collection/adamsea/id/881,,"[Title]: ""Program, 1951 July 7-12, Quadrennial Meeting presumably of the Women's Missionary Society of the A.M.E. Church, page 1"""
http://cdm17173.contentdm.oclc.org/cdm/ref/collection/adamsea/id/882,,"[Title]: ""Program, 1951 July 7-12, Quadrennial Meeting presumably of the Women's Missionary Society of the A.M.E. Church, page 2"""
http://cdm17173.contentdm.oclc.org/cdm/ref/collection/adamsea/id/883,,"[Title]: ""Program, 1951 July 7-12, Quadrennial Meeting presumably of the Women's Missionary Society of the A.M.E. Church, page 3"""
http://cdm17173.contentdm.oclc.org/cdm/ref/collection/adamsea/id/884,,"[Title]: ""Program, 1951 July 7-12, Quadrennial Meeting presumably of the Women's Missionary Society of the A.M.E. Church, page 4"""
http://cdm17173.contentdm.oclc.org/cdm/ref/collection/adamsea/id/885,,"[Title]: ""Program, 1951 July 7-12, Quadrennial Meeting presumably of the Women's Missionary Society of the A.M.E. Church, page 5"""
http://cdm17173.contentdm.oclc.org/cdm/ref/collection/adamsea/id/886,,"[Title]: ""Program, 1951 July 7-12, Quadrennial Meeting presumably of the Women's Missionary Society of the A.M.E. Church, page 1"""
http://cdm17173.contentdm.oclc.org/cdm/ref/collection/adamsea/id/887,,"[Title]: ""Program, 1951 July 7-12, Quadrennial Meeting presumably of the Women's Missionary Society of the A.M.E. Church, page 2"""
http://cdm17173.contentdm.oclc.org/cdm/ref/collection/adamsea/id/888,,"[Title]: ""Program, 1951 July 7-12, Quadrennial Meeting presumably of the Women's Missionary Society of the A.M.E. Church, page 3"""
http://cdm17173.contentdm.oclc.org/cdm/ref/collection/adamsea/id/889,,"[Title]: ""Program, 1951 July 7-12, draft of program for Quadrennial Meeting presumably of the Women's Missionary Society of the A.M.E. Church, page 1"""
http://cdm17173.contentdm.oclc.org/cdm/ref/collection/adamsea/id/890,,"[Title]: ""Program, 1951 July 7-12, draft of program for Quadrennial Meeting presumably of the Women's Missionary Society of the A.M.E. Church, page 2"""
http://cdm17173.contentdm.oclc.org/cdm/ref/collection/adamsea/id/891,,"[Title]: ""Program, 1951 July 7-12, draft of program for Quadrennial Meeting presumably of the Women's Missionary Society of the A.M.E. Church, page 3"""
http://cdm17173.contentdm.oclc.org/cdm/ref/collection/adamsea/id/892,,"[Title]: ""Program, 1951 July 7-12, draft of program for Quadrennial Meeting presumably of the Women's Missionary Society of the A.M.E. Church, page 4"""
http://cdm17173.contentdm.oclc.org/cdm/ref/collection/adamsea/id/893,,"[Title]: ""Program, 1951 July 7-12, draft of program for Quadrennial Meeting presumably of the Women's Missionary Society of the A.M.E. Church, page 5"""
http://cdm17173.contentdm.oclc.org/cdm/ref/collection/adamsea/id/894,,"[Title]: ""Letter, 1951 July 7, Mrs. Ann Heath & Mrs. B.L. Farmer to attendees of the Second Quadrennial Session calling them to missionary work"""
http://cdm17173.contentdm.oclc.org/cdm/ref/collection/adamsea/id/895,,"[Title]: ""Handout, no date, introducing the hope of salvation through Christ"""
http://cdm17173.contentdm.oclc.org/cdm/ref/collection/adamsea/id/896,,"[Title]: ""List, no date, list of names under heading Constitution and By-Laws: 10th District"""
http://cdm17173.contentdm.oclc.org/cdm/ref/collection/adamsea/id/898,,"[Title]: ""Letter, 1956 April 23, Harold R. Boulware to Adams offering to sell him stock in an estate"""
http://cdm17173.contentdm.oclc.org/cdm/ref/collection/adamsea/id/899,,"[Title]: ""Letter, 1956 April 30, Preisdent J.H. Whiteman of the Smith Club to members announcing final meeting of the year"""
http://cdm17173.contentdm.oclc.org/cdm/ref/collection/adamsea/id/900,,"[Title]: ""Handout, no date, ""Why Every Negro in the World Should See the Beautiful Technicolor Motion Picture PILLARS OF THE KINGDOM"""""
http://cdm17173.contentdm.oclc.org/cdm/ref/collection/adamsea/id/901,,"[Title]: ""Handout, no date, ""Why You Will Treasure and Will Wish to Participate in The World-Wide A.M.E. Movie"""""
http://cdm17173.contentdm.oclc.org/cdm/ref/collection/adamsea/id/903,,"[Title]: ""Letter, 1956 June 30, C. Mays Earle of Five Points Building & Loan Association to customers announcing credit of six-month dividend"""
http://cdm17173.contentdm.oclc.org/cdm/ref/collection/adamsea/id/904,,"[Title]: ""Brochure, no date, statement of condition of Five Points Building & Loan Association, exterior"""
http://cdm17173.contentdm.oclc.org/cdm/ref/collection/adamsea/id/905,,"[Title]: ""Brochure, no date, statement of condition of Five Points Building & Loan Association, interior"""
http://cdm17173.contentdm.oclc.org/cdm/ref/collection/adamsea/id/906,,"[Title]: ""Letter, 1956 July 1, I.J.K. Wells of Tri-Continental Films Corporation to Adams and others requesting funding for a film on the AME Church"""
http://cdm17173.contentdm.oclc.org/cdm/ref/collection/adamsea/id/907,,"[Title]: ""Letter, 1956 July 17, W.S. Hornsby Jr. of The Pilgrim Health and Life Insurance Co. to Adams encouraging him to increase his policy"""
http://cdm17173.contentdm.oclc.org/cdm/ref/collection/adamsea/id/908,,"[Title]: ""Letter, 1956 July 18, H.R. Leckman of M.W. Fore Real Estate & Development Co. to Adams inviting him to purchase a lot"""
http://cdm17173.contentdm.oclc.org/cdm/ref/collection/adamsea/id/910,,"[Title]: ""Program, 1957 May 26-30, Fairfield County Training School Commencement Exercises, front cover"""
http://cdm17173.contentdm.oclc.org/cdm/ref/collection/adamsea/id/911,,"[Title]: ""Program, 1957 May 26-30, Fairfield County Training School Commencement Exercises, page 2-3"""
http://cdm17173.contentdm.oclc.org/cdm/ref/collection/adamsea/id/912,,"[Title]: ""Program, 1957 May 26-30, Fairfield County Training School Commencement Exercises, back cover"""
http://cdm17173.contentdm.oclc.org/cdm/ref/collection/adamsea/id/913,,"[Title]: ""Program, 1957 May 29, National Alumni Association of Allen University Annual Commencement Programme, front cover"""
http://cdm17173.contentdm.oclc.org/cdm/ref/collection/adamsea/id/914,,"[Title]: ""Program, 1957 May 29, National Alumni Association of Allen University Annual Commencement Programme, page 2-3"""
http://cdm17173.contentdm.oclc.org/cdm/ref/collection/adamsea/id/915,,"[Title]: ""Program, 1957 May 29, National Alumni Association of Allen University Annual Commencement Programme, back cover"""
http://cdm17173.contentdm.oclc.org/cdm/ref/collection/adamsea/id/916,,"[Title]: ""Program, 1957 May 29, Allen University Meeting of Board of Trustees"""
http://cdm17173.contentdm.oclc.org/cdm/ref/collection/adamsea/id/917,,"[Title]: ""Program, 1957 May 30, Allen University Eighty-Seventh Commencement Exercises, front cover"""
http://cdm17173.contentdm.oclc.org/cdm/ref/collection/adamsea/id/918,,"[Title]: ""Program, 1957 May 30, Allen University Eighty-Seventh Commencement Exercises, page 2-3"""
http://cdm17173.contentdm.oclc.org/cdm/ref/collection/adamsea/id/919,,"[Title]: ""Program, 1957 May 30, Allen University Eighty-Seventh Commencement Exercises, back cover"""
http://cdm17173.contentdm.oclc.org/cdm/ref/collection/adamsea/id/920,,"[Title]: ""Letter, 1957 May 30, President Paul H. Sanders of Paul H. Sanders & Associates, Inc. Real Estate to Adams requesting a land purchase"""
http://cdm17173.contentdm.oclc.org/cdm/ref/collection/adamsea/id/921,,"[Title]: ""Postcard, 1957 June 6, McNary family to the Adamses announcing the death of Mr. L.H. McNary"""
http://cdm17173.contentdm.oclc.org/cdm/ref/collection/adamsea/id/922,,"[Title]: ""Letter, 1957 June 6, Director Marshall I. Pickens of the Duke Endowment to relevant committee members enclosing a tabulation of hospital records"""
http://cdm17173.contentdm.oclc.org/cdm/ref/collection/adamsea/id/923,,"[Title]: ""Flyer, 1957 June 13, Palmetto State Voters Association Inc. announcing semi-annual statewide meeting"""
http://cdm17173.contentdm.oclc.org/cdm/ref/collection/adamsea/id/924,,"[Title]: ""Letter, 1957 June 15, J.C. Williams of the South Carolina State Conference of NAACP Branches to pastors requesting donations"""
http://cdm17173.contentdm.oclc.org/cdm/ref/collection/adamsea/id/925,,"[Title]: ""Letter, 1957 June 20, Mrs. Alice S. Brown to Adams requesting information about a hospital position"""
http://cdm17173.contentdm.oclc.org/cdm/ref/collection/adamsea/id/927,,"[Title]: ""Letter, 1952 March 1, Secretary H.W. Webber of the Alpha Psi Lambda Chapter of the Alpha Phi Alpha Fraternity to Brothers, notice of March meeting"""
http://cdm17173.contentdm.oclc.org/cdm/ref/collection/adamsea/id/928,,"[Title]: ""Letter, 1951 November 9, Mrs. Andrew W. Simkins to the Columbia Women's Council members requestin participation in a pageant contest"""
http://cdm17173.contentdm.oclc.org/cdm/ref/collection/adamsea/id/929,,"[Title]: ""Church bulletin, 1951 December 30, Bethel A.M.E. Church worship service, front cover"""
http://cdm17173.contentdm.oclc.org/cdm/ref/collection/adamsea/id/930,,"[Title]: ""Church bulletin, 1951 December 30, Bethel A.M.E. Church worship service, page 2-3"""
http://cdm17173.contentdm.oclc.org/cdm/ref/collection/adamsea/id/931,,"[Title]: ""Roster, 1951, list of fifth district quadrennial delegates by conference, page 1"""
http://cdm17173.contentdm.oclc.org/cdm/ref/collection/adamsea/id/932,,"[Title]: ""Roster, 1951, list of fifth district quadrennial delegates by conference, page 2"""
http://cdm17173.contentdm.oclc.org/cdm/ref/collection/adamsea/id/933,,"[Title]: ""Roster, 1951, list of fifth district quadrennial delegates by conference, page 3"""
http://cdm17173.contentdm.oclc.org/cdm/ref/collection/adamsea/id/934,,"[Title]: ""Note, no date, apology for quality of roster; written on back of roster page 3"""
http://cdm17173.contentdm.oclc.org/cdm/ref/collection/adamsea/id/943,,"[Title]: ""Letter, 1958 January 31, the Women's Auxiliary of Good Sumaritian Waverly Hospital to Rev. Adams requesting an announcement to be made during his sermon about the first annual membership meeting"""
http://cdm17173.contentdm.oclc.org/cdm/ref/collection/adamsea/id/944,,"[Title]: ""Postcard, 1958 January 11, Reminder of the Board of Trustees for the Good Sumaritian Hospital, message side"""
http://cdm17173.contentdm.oclc.org/cdm/ref/collection/adamsea/id/945,,"[Title]: ""Postcard, 1958 January 11, Reminder of the Board of Trustees for the Good Sumaritian Hospital, address side"""
http://cdm17173.contentdm.oclc.org/cdm/ref/collection/adamsea/id/946,,"[Title]: ""Letter, 1958 January 15, Letter to Rev. Adams about a payment delay on a loan and requesting more time"""
http://cdm17173.contentdm.oclc.org/cdm/ref/collection/adamsea/id/947,,"[Title]: ""Letter, 1958 January 21, A. Mason Gibbs to Rev. Adams about looking into taking the Good Sumaritian Waverly Hospital out of the county ownership"""
http://cdm17173.contentdm.oclc.org/cdm/ref/collection/adamsea/id/948,,"[Title]: ""Letter, 1958 January 21, H. D. Monteith president of the Victory Savings Bank to stockholders of the Victory Savings Bank about minutes from the January 14th meeting."""
http://cdm17173.contentdm.oclc.org/cdm/ref/collection/adamsea/id/949,,"[Title]: ""Letter, 1958 January 24, Bishop H. Thomas Prim to Rev Adams requesting information and thoughts on nine areas that have been set up for special study and discussion intended to be in an upcoming report for February 20 1958."""
http://cdm17173.contentdm.oclc.org/cdm/ref/collection/adamsea/id/950,,"[Title]: ""Letter, 1958 January 27, H. P. Wilburn President of Campbell College to Rev. Adams inviting him to be the guest at the Campbell College's Founders Day Celebration"""
http://cdm17173.contentdm.oclc.org/cdm/ref/collection/adamsea/id/951,,"[Title]: ""Letter, 1958 January 28, A. Fletcher Spigner Senator of the Richland County Delegation to Rev. Adams giving him the opportunity to speaking in support of a budget request for 1958-1959"""
http://cdm17173.contentdm.oclc.org/cdm/ref/collection/adamsea/id/952,,"[Title]: ""Postcard, 1958 January 28, Reminder of meeting for January 28th 1958 and space to name of proxy if voting member cannot attend meeting, message side"""
http://cdm17173.contentdm.oclc.org/cdm/ref/collection/adamsea/id/953,,"[Title]: ""Postcard, 1958 January 28, Reminder of meeting for January 28th 1958 and space to ame of proxy if voting member cannot attend meeting, address side"""
http://cdm17173.contentdm.oclc.org/cdm/ref/collection/adamsea/id/954,,"[Title]: ""Report, 1958 January, Statistical and Financial Report of Good Samaritian-Waverly Hospital for January 1958"""
http://cdm17173.contentdm.oclc.org/cdm/ref/collection/adamsea/id/956,,"[Title]: ""Program, 1949 April 4, Marian Anderson Contralto performance at Township Auditorium, front cover"""
http://cdm17173.contentdm.oclc.org/cdm/ref/collection/adamsea/id/957,,"[Title]: ""Program, 1949 April 4, Marian Anderson Contralto performance at Township Auditorium, page 2"""
http://cdm17173.contentdm.oclc.org/cdm/ref/collection/adamsea/id/958,,"[Title]: ""Program, 1949 April 4, Marian Anderson Contralto performance at Township Auditorium, page 3"""
http://cdm17173.contentdm.oclc.org/cdm/ref/collection/adamsea/id/959,,"[Title]: ""Program, 1949 April 4, Marian Anderson Contralto performance at Township Auditorium, page 4"""
http://cdm17173.contentdm.oclc.org/cdm/ref/collection/adamsea/id/960,,"[Title]: ""Program, 1949 April 4, Marian Anderson Contralto performance at Township Auditorium, page 5"""
http://cdm17173.contentdm.oclc.org/cdm/ref/collection/adamsea/id/961,,"[Title]: ""Program, 1949 April 4, Marian Anderson Contralto performance at Township Auditorium, page 6"""
http://cdm17173.contentdm.oclc.org/cdm/ref/collection/adamsea/id/962,,"[Title]: ""Program, 1949 April 4, Marian Anderson Contralto performance at Township Auditorium, page 7"""
http://cdm17173.contentdm.oclc.org/cdm/ref/collection/adamsea/id/963,,"[Title]: ""Program, 1949 April 4, Marian Anderson Contralto performance at Township Auditorium, page 8"""
http://cdm17173.contentdm.oclc.org/cdm/ref/collection/adamsea/id/964,,"[Title]: ""Program, 1949 April 4, Marian Anderson Contralto performance at Township Auditorium, page 9"""
http://cdm17173.contentdm.oclc.org/cdm/ref/collection/adamsea/id/965,,"[Title]: ""Book review, no date, detailed summary and review of Committed Unto Us by Willis Lamott, page 1"""
http://cdm17173.contentdm.oclc.org/cdm/ref/collection/adamsea/id/966,,"[Title]: ""Book review, no date, detailed summary and review of Committed Unto Us by Willis Lamott, page 2"""
http://cdm17173.contentdm.oclc.org/cdm/ref/collection/adamsea/id/967,,"[Title]: ""Book review, no date, detailed summary and review of Committed Unto Us by Willis Lamott, page 3"""
http://cdm17173.contentdm.oclc.org/cdm/ref/collection/adamsea/id/968,,"[Title]: ""Book review, no date, detailed summary and review of Committed Unto Us by Willis Lamott, page 4"""
http://cdm17173.contentdm.oclc.org/cdm/ref/collection/adamsea/id/969,,"[Title]: ""Book review, no date, detailed summary and review of Committed Unto Us by Willis Lamott, page 5"""
http://cdm17173.contentdm.oclc.org/cdm/ref/collection/adamsea/id/970,,"[Title]: ""Book review, no date, detailed summary and review of Committed Unto Us by Willis Lamott, page 6"""
http://cdm17173.contentdm.oclc.org/cdm/ref/collection/adamsea/id/971,,"[Title]: ""Book review, no date, detailed summary and review of Committed Unto Us by Willis Lamott, page 7"""
http://cdm17173.contentdm.oclc.org/cdm/ref/collection/adamsea/id/972,,"[Title]: ""Church bulletin, 1948 February 29, Bethel African Methodist Episcopal Church worship service, front cover"""
http://cdm17173.contentdm.oclc.org/cdm/ref/collection/adamsea/id/973,,"[Title]: ""Church bulletin, 1948 February 29, Bethel African Methodist Episcopal Church worship service, page 2"""
http://cdm17173.contentdm.oclc.org/cdm/ref/collection/adamsea/id/974,,"[Title]: ""Church bulletin, 1948 February 29, Bethel African Methodist Episcopal Church worship service, page 3"""
http://cdm17173.contentdm.oclc.org/cdm/ref/collection/adamsea/id/978,,"[Title]: ""Card, 1949 February, certificate of membership of Rev. R. Butler in the NAACP, front"""
http://cdm17173.contentdm.oclc.org/cdm/ref/collection/adamsea/id/979,,"[Title]: ""Card, 1949 February, certificate of membership of Rev. R. Butler in the NAACP, back"""
http://cdm17173.contentdm.oclc.org/cdm/ref/collection/adamsea/id/980,,"[Title]: ""Church bulletin, 1949 March 27, Bethel African Methodist Episcopal Church worship service, front cover"""
http://cdm17173.contentdm.oclc.org/cdm/ref/collection/adamsea/id/981,,"[Title]: ""Church bulletin, 1949 March 27, Bethel African Methodist Episcopal Church worship service, page 2"""
http://cdm17173.contentdm.oclc.org/cdm/ref/collection/adamsea/id/982,,"[Title]: ""Church bulletin, 1949 March 27, Bethel African Methodist Episcopal Church worship service, page 3"""
http://cdm17173.contentdm.oclc.org/cdm/ref/collection/adamsea/id/983,,"[Title]: ""Church bulletin, 1949 March 27, Bethel African Methodist Episcopal Church worship service, back cover"""
http://cdm17173.contentdm.oclc.org/cdm/ref/collection/adamsea/id/984,,"[Title]: ""Financial record, no date, list of past due loans"""
http://cdm17173.contentdm.oclc.org/cdm/ref/collection/adamsea/id/985,,"[Title]: ""Financial record, 1949 March, list of loans made month of March"""
http://cdm17173.contentdm.oclc.org/cdm/ref/collection/adamsea/id/999,,"[Title]: ""Program, 1949 July 27-31, The Greenville District Conference of Missionary Societies, Church Schools, Epworth Leagues, and Fragment Gatherers' Convention, front cover"""
http://cdm17173.contentdm.oclc.org/cdm/ref/collection/adamsea/id/1000,,"[Title]: ""Program, 1949 July 27-31, The Greenville District Conference of Missionary Societies, Church Schools, Epworth Leagues, and Fragment Gatherers' Convention, page 2-3"""
http://cdm17173.contentdm.oclc.org/cdm/ref/collection/adamsea/id/1001,,"[Title]: ""Program, 1949 July 27-31, The Greenville District Conference of Missionary Societies, Church Schools, Epworth Leagues, and Fragment Gatherers' Convention, back cover"""
http://cdm17173.contentdm.oclc.org/cdm/ref/collection/adamsea/id/1002,,"[Title]: ""Program, 1949 August 4-5, Columbia Annual Conference Branch Woman's Missionary Society of the A.M.E. Church, front cover"""
http://cdm17173.contentdm.oclc.org/cdm/ref/collection/adamsea/id/1003,,"[Title]: ""Program, 1949 August 4-5, Columbia Annual Conference Branch Woman's Missionary Society of the A.M.E. Church, page 2-3"""
http://cdm17173.contentdm.oclc.org/cdm/ref/collection/adamsea/id/1004,,"[Title]: ""Program, 1949 August 4-5, Columbia Annual Conference Branch Woman's Missionary Society of the A.M.E. Church, back cover"""
http://cdm17173.contentdm.oclc.org/cdm/ref/collection/adamsea/id/1005,,"[Title]: ""Program, 1949 August 28, morning and evening worship, page 1"""
http://cdm17173.contentdm.oclc.org/cdm/ref/collection/adamsea/id/1006,,"[Title]: ""Program, 1949 August 28, morning and evening worship, page 2"""
http://cdm17173.contentdm.oclc.org/cdm/ref/collection/adamsea/id/1008,,"[Title]: ""Letter, 1957 June 21, Minister E.F.G. Dent of Bethel A.M.E. Church to congregation requesting donations"""
http://cdm17173.contentdm.oclc.org/cdm/ref/collection/adamsea/id/1009,,"[Title]: ""Letter, 1957 June 24, William Lee Freeman to Adams requesting donations for construction at Mt. Zion AME Church"""
http://cdm17173.contentdm.oclc.org/cdm/ref/collection/adamsea/id/1010,,"[Title]: ""Letter, 1957 June 26, A.B. King to Adams enclosing check"""
http://cdm17173.contentdm.oclc.org/cdm/ref/collection/adamsea/id/1011,,"[Title]: ""Letter, 1957 June 28, Frank R. Veal & Chappelle Davis to members of the General Board of the A.M.E. Church announcing a meeting"""
http://cdm17173.contentdm.oclc.org/cdm/ref/collection/adamsea/id/1012,,"[Title]: ""Letter, 1957 June 29, C. Mays Earle of the Five Points Building and Loan Association to investors announcing dividend credit"""
http://cdm17173.contentdm.oclc.org/cdm/ref/collection/adamsea/id/1013,,"[Title]: ""Brochure, 1957 June 30, Statement of Condition of Five Points Building and Loan Association, interior"""
http://cdm17173.contentdm.oclc.org/cdm/ref/collection/adamsea/id/1015,,"[Title]: ""Brochure, 1957 June 30, Statement of Condition of Five Points Building and Loan Association, exterior"""
http://cdm17173.contentdm.oclc.org/cdm/ref/collection/adamsea/id/1016,,"[Title]: ""Letter, 1957 July 8, Bishop I.H. Bonner to the Planning Committee of Allen University calling a meeting"""
http://cdm17173.contentdm.oclc.org/cdm/ref/collection/adamsea/id/1017,,"[Title]: ""Letter, 1957 July 9, Atty. Herbert L. Dudley & Henry H. Glass of the Connectional Laymen's Organization to Adams inviting him to a meeting"""
http://cdm17173.contentdm.oclc.org/cdm/ref/collection/adamsea/id/1018,,"[Title]: ""Church bulletin, 1957 July 10, Emmanuel AME Church, funeral services of Brother Arthur Reese, Pastor's Steward, front cover"""
http://cdm17173.contentdm.oclc.org/cdm/ref/collection/adamsea/id/1019,,"[Title]: ""Church bulletin, 1957 July 10, Emmanuel AME Church, funeral services of Brother Arthur Reese, Pastor's Steward, page 2-3"""
http://cdm17173.contentdm.oclc.org/cdm/ref/collection/adamsea/id/1020,,"[Title]: ""Church bulletin, 1957 July 10, Emmanuel AME Church, funeral services of Brother Arthur Reese, Pastor's Steward, back cover"""
http://cdm17173.contentdm.oclc.org/cdm/ref/collection/adamsea/id/1036,,"[Title]: ""Letter, 1958 January 8, Copy of Letter to Bishop Bonner from Allen University to members of the Board of Trustees"""
http://cdm17173.contentdm.oclc.org/cdm/ref/collection/adamsea/id/1037,,"[Title]: ""Letter, 1958 January 6, Letter to the Editor from Allen University"""
http://cdm17173.contentdm.oclc.org/cdm/ref/collection/adamsea/id/1038,,"[Title]: ""Letter, 1958 January 3, Letter about an article that was featured in the New York Times that  the American Association of University Professors wrote that accused South Carolina's Governor of having used state authority to interfere with a private Negro Teachers College"""
http://cdm17173.contentdm.oclc.org/cdm/ref/collection/adamsea/id/1039,,"[Title]: ""Printed Article, 1957, Printed article from the Yearbook of American Churches.  about the history and organization of the African Methodist Episcopal Church. Note that this just a clipping of the printed article and it has been pasted on a form for the Yearbook of American Churches, page 1"""
http://cdm17173.contentdm.oclc.org/cdm/ref/collection/adamsea/id/1040,,"[Title]: ""Printed Article, 1957, Printed article from the Yearbook of American Churches.  about the history and organization of the African Methodist Episcopal Church. Note that this just a clipping of the printed article and it has been pasted on a form for the Yearbook of American Churches, page 2"""
http://cdm17173.contentdm.oclc.org/cdm/ref/collection/adamsea/id/1041,,"[Title]: ""Report, 1957, Comparative Summary of Financial Condition, 1956-1957, page 1"""
http://cdm17173.contentdm.oclc.org/cdm/ref/collection/adamsea/id/1042,,"[Title]: ""Report, 1957, Comparative Summary of Financial Condition, 1956-1957, page 2"""
http://cdm17173.contentdm.oclc.org/cdm/ref/collection/adamsea/id/1043,,"[Title]: ""Report, 1957, Summary of Expenses for Operating Physical Plant for the year 1957-1958. Possible for a University or School"""
http://cdm17173.contentdm.oclc.org/cdm/ref/collection/adamsea/id/1044,,"[Title]: ""Letter, 1958 January 1, Jamie B. Walker of the Walker and Letman Funeral Home to Rev. Adams about a payment"""
http://cdm17173.contentdm.oclc.org/cdm/ref/collection/adamsea/id/1045,,"[Title]: ""Letter, 1958 January 4, J.C. Jackson of the Alpha Psi Lambda Chapter reminding members of a January 7, 1958 meeting"""
http://cdm17173.contentdm.oclc.org/cdm/ref/collection/adamsea/id/1048,,"[Title]: ""Bill Statement, 1957 October 31, Payment to the Middlebrooks Agency from Rev. E. A. Adams"""
http://cdm17173.contentdm.oclc.org/cdm/ref/collection/adamsea/id/1049,,"[Title]: ""Financial Report, 1957 October,  Report listing income, expenses and  loans made during the month of October, page 1"""
http://cdm17173.contentdm.oclc.org/cdm/ref/collection/adamsea/id/1050,,"[Title]: ""Financial Report, 1957 October,  Report listing income, expenses and  loans made during the month of October, page 2"""
http://cdm17173.contentdm.oclc.org/cdm/ref/collection/adamsea/id/1051,,"[Title]: ""Financial Report, 1957 October,  Alpha PSI LAMDA Chapter of the ALPHA PHI ALPHA Fraternity, Inc. Financial Report of past and projected income and expenses to May 1958. Submitted by S. A. Heyward"""
http://cdm17173.contentdm.oclc.org/cdm/ref/collection/adamsea/id/1052,,"[Title]: ""Letter, 1957 November 2, J. C. Jackson and J. C. Tingman of the ALPHA PHI ALPHA chapter to members about the November 5, 1957 meeting at Benedict College"""
http://cdm17173.contentdm.oclc.org/cdm/ref/collection/adamsea/id/1053,,"[Title]: ""Postcard, 1957 November 2, Victory Savings Bank to Rev. E. Adams about a board of directors meeting for November 5, 1957"""
http://cdm17173.contentdm.oclc.org/cdm/ref/collection/adamsea/id/1054,,"[Title]: ""Postcard, 1957 November 2, Victory Savings Bank to Rev. E. Adams about a board of directors meeting for November 5, 1957, address side"""
http://cdm17173.contentdm.oclc.org/cdm/ref/collection/adamsea/id/1057,,"[Title]: ""Letter, 1957 November 14, Hortense C. Moon Assistant Editor of the Journal of Negro Education to Dr. E. A. Adams about the Summer 1957 Yearbook of the Journal of Negro Education"""
http://cdm17173.contentdm.oclc.org/cdm/ref/collection/adamsea/id/1058,,"[Title]: ""Letter, 1957 November 16, MID-Carolina Electric Cooperative, Inc. to members about the annual meeting of members to be held November 16, 1957"""
http://cdm17173.contentdm.oclc.org/cdm/ref/collection/adamsea/id/1059,,"[Title]: ""Minutes, 1957 November 16,  Mid-Carolina Electric Cooperative, Inc. meeting minutes for October 9, 1957-possible included with the November 16, 1957 letter"""
http://cdm17173.contentdm.oclc.org/cdm/ref/collection/adamsea/id/1060,,"[Title]: ""Card, 1957November 16, Mid-Carolina Electric Cooperative, Inc. to Rev. E. A. Adams notice about meeting and states that Rev. E. A. Adams can vote at the meeting. Possible membership card mentioned at the bottom of the November 16, 1957 letter"""
http://cdm17173.contentdm.oclc.org/cdm/ref/collection/adamsea/id/1061,,"[Title]: ""Letter, 1957 November 29, J. C. Jackson and J. C. Tingman of the Alpha PSI Lambda Chapter to members about monthly meeting to be held on December 3, 1957"""
http://cdm17173.contentdm.oclc.org/cdm/ref/collection/adamsea/id/1081,,"[Title]: ""Letter, 1958 May 15, Frank R. Veal to members of the Executive Board of Control's Committee on faculty"""
http://cdm17173.contentdm.oclc.org/cdm/ref/collection/adamsea/id/1082,,"[Title]: ""Letter, 1958 May 9, General Board of Education of the A. M. E. Church to Dr. Adams about how to best represent the A.M.E. Church in a news article for the Pittsburgh Courier"""
http://cdm17173.contentdm.oclc.org/cdm/ref/collection/adamsea/id/1083,,"[Title]: ""Postcard, 1958 May 11, Christian Education Congress Committee to members about an upcoming meeting for May 28, 1958, message side"""
http://cdm17173.contentdm.oclc.org/cdm/ref/collection/adamsea/id/1084,,"[Title]: ""Postcard, 1958 May 11, Christian Education Congress Committee to members about an upcoming meeting for May 28, 1959, address side"""
http://cdm17173.contentdm.oclc.org/cdm/ref/collection/adamsea/id/1087,,"[Title]: ""Program, 1958 May 13, Columbia District Conference of the Columbia Annual Conference held at Mt. Pisgah A. M. E. Church in Dixiana, South Carolina, front cover"""
http://cdm17173.contentdm.oclc.org/cdm/ref/collection/adamsea/id/1088,,"[Title]: ""Program, 1958 May 13, Columbia District Conference of the Columbia Annual Conference held at Mt. Pisgah A. M. E. Church in Dixiana, South Carolina, page 2"""
http://cdm17173.contentdm.oclc.org/cdm/ref/collection/adamsea/id/1089,,"[Title]: ""Program, 1958 May 13, Columbia District Conference of the Columbia Annual Conference held at Mt. Pisgah A. M. E. Church in Dixiana, South Carolina, page 3"""
http://cdm17173.contentdm.oclc.org/cdm/ref/collection/adamsea/id/1090,,"[Title]: ""Program, 1958 May 13, Columbia District Conference of the Columbia Annual Conference held at Mt. Pisgah A. M. E. Church in Dixiana, South Carolina, second copy in folder,  front cover"""
http://cdm17173.contentdm.oclc.org/cdm/ref/collection/adamsea/id/1091,,"[Title]: ""Program, 1958 May 13, Columbia District Conference of the Columbia Annual Conference held at Mt. Pisgah A. M. E. Church in Dixiana, South Carolina, second copy in folder, page 2"""
http://cdm17173.contentdm.oclc.org/cdm/ref/collection/adamsea/id/1092,,"[Title]: ""Program, 1958 May 13, Columbia District Conference of the Columbia Annual Conference held at Mt. Pisgah A. M. E. Church in Dixiana, South Carolina, second copy in folder page 3"""
http://cdm17173.contentdm.oclc.org/cdm/ref/collection/adamsea/id/1093,,"[Title]: ""Letter, 1958 May 16, letter to Rev. Adams about money"""
http://cdm17173.contentdm.oclc.org/cdm/ref/collection/adamsea/id/1094,,"[Title]: ""Letter, 1958 May 20, William Lafayette to Rev. Adams stating interest in the position of Administrator of Good Samaritan-Waverly Hospital. Includes resume"""
http://cdm17173.contentdm.oclc.org/cdm/ref/collection/adamsea/id/1095,,"[Title]: ""Letter, 1958 May 20, William Lafayette to Rev. Adams stating interest in the position of Administrator of Good Samaritan-Waverly Hospital, resume, page 1"""
http://cdm17173.contentdm.oclc.org/cdm/ref/collection/adamsea/id/1096,,"[Title]: ""Letter, 1958 May 20, William Lafayette to Rev. Adams stating interest in the position of Administrator of Good Samaritan-Waverly Hospital, resume, page 2"""
http://cdm17173.contentdm.oclc.org/cdm/ref/collection/adamsea/id/1097,,"[Title]: ""Letter, 1958 May 20, William Lafayette to Rev. Adams stating interest in the position of Administrator of Good Samaritan-Waverly Hospital, resume, page 3"""
http://cdm17173.contentdm.oclc.org/cdm/ref/collection/adamsea/id/1098,,"[Title]: ""Letter, 1958 May 20, William Lafayette to Rev. Adams stating interest in the position of Administrator of Good Samaritan-Waverly Hospital, resume, page 4"""
http://cdm17173.contentdm.oclc.org/cdm/ref/collection/adamsea/id/1099,,"[Title]: ""Letter, 1958 May 20, William Lafayette to Rev. Adams stating interest in the position of Administrator of Good Samaritan-Waverly Hospital, resume, page 5"""
http://cdm17173.contentdm.oclc.org/cdm/ref/collection/adamsea/id/1100,,"[Title]: ""Letter, 1958 May 20, William Lafayette to Rev. Adams stating interest in the position of Administrator of Good Samaritan-Waverly Hospital, resume, page 6"""
http://cdm17173.contentdm.oclc.org/cdm/ref/collection/adamsea/id/1101,,"[Title]: ""Program, 1958 May 25, Baccalaureate for Mims High School, front cover"""
http://cdm17173.contentdm.oclc.org/cdm/ref/collection/adamsea/id/1102,,"[Title]: ""Program, 1958 May 25, Baccalaureate for Mims High School, page 2"""
http://cdm17173.contentdm.oclc.org/cdm/ref/collection/adamsea/id/1103,,"[Title]: ""Program, 1958 May 25, Baccalaureate for Mims High School, page 3"""
http://cdm17173.contentdm.oclc.org/cdm/ref/collection/adamsea/id/1105,,"[Title]: ""Letter, 1955 January 3, Secretary-Treasurer E.A. Selby of the A.M.E. Sunday School Union to Adams recommending an educational article"""
http://cdm17173.contentdm.oclc.org/cdm/ref/collection/adamsea/id/1106,,"[Title]: ""Letter, 1955 January 5, President Theophilus D. Alexander of Shorter College to Adams responding to a request for information"""
http://cdm17173.contentdm.oclc.org/cdm/ref/collection/adamsea/id/1107,,"[Title]: ""Letter, 1955 January 10, Dean Edward J. Odom, Jr., of Turner Theological Seminary to Adams enclosing a requested historical statement"""
http://cdm17173.contentdm.oclc.org/cdm/ref/collection/adamsea/id/1108,,"[Title]: ""Letter, 1955 January 13, Secretary-Treasurer J.E. Beard of the Pension Department of the A.M.E. Church to Adams enclosing requested information"""
http://cdm17173.contentdm.oclc.org/cdm/ref/collection/adamsea/id/1109,,"[Title]: ""Letter, 1955 January 14, P.W. Rogers of the Board of Church Extension to Adams enclosing requested information"""
http://cdm17173.contentdm.oclc.org/cdm/ref/collection/adamsea/id/1110,,"[Title]: ""Letter, 1955 January 14, Anne E. Heath to Mrs. Adams enclosing requested information"""
http://cdm17173.contentdm.oclc.org/cdm/ref/collection/adamsea/id/1111,,"[Title]: ""Letter, 1955 January 17, President Rev. R.W. Wisner of Kittrell College to Adams enclosing requested information"""
http://cdm17173.contentdm.oclc.org/cdm/ref/collection/adamsea/id/1112,,"[Title]: ""Letter, 1955 January 20, [name illegible] to Adams enclosing requested information"""
http://cdm17173.contentdm.oclc.org/cdm/ref/collection/adamsea/id/1113,,"[Title]: ""Letter, 1955 January 31, Rembert Stokes of Payne Theological Seminary to Adams requesting an advance on expected income"""
http://cdm17173.contentdm.oclc.org/cdm/ref/collection/adamsea/id/1114,,"[Title]: ""Letter, 1955 February 6, Bishop H. Thomas Primm to Adams requesting donations for missions in Africa"""
http://cdm17173.contentdm.oclc.org/cdm/ref/collection/adamsea/id/1116,,"[Title]: ""Letter, 1957 February 14, A. McKay Brabham Jr. of the South Carolina Council of Churches to ""Friends"" requesting donations, page 1"""
http://cdm17173.contentdm.oclc.org/cdm/ref/collection/adamsea/id/1117,,"[Title]: ""Letter, 1957 February 14, A. McKay Brabham Jr. of the South Carolina Council of Churches to ""Friends"" requesting donations, page 2"""
http://cdm17173.contentdm.oclc.org/cdm/ref/collection/adamsea/id/1118,,"[Title]: ""Letter, 1957 February 15, Mrs. M.P. Pride of capical City Real Estate & Insurance Company to Adams requesting aid in acquiring fire insurance"""
http://cdm17173.contentdm.oclc.org/cdm/ref/collection/adamsea/id/1119,,"[Title]: ""Letter, 1957 February 15, G.T. Sims Sr. and H.L. Smith of the Bishops' Council Committee to Adams announcing hotel reservations"""
http://cdm17173.contentdm.oclc.org/cdm/ref/collection/adamsea/id/1120,,"[Title]: ""Letter, 1957 February 19, I.H. Bonner and J.E. Thomas of the Seventh Episcopal District to Adams summoning him to a board meeting"""
http://cdm17173.contentdm.oclc.org/cdm/ref/collection/adamsea/id/1121,,"[Title]: ""Church bulletin, 1957 February 24, Bethel A.M.E. Church worship service"""
http://cdm17173.contentdm.oclc.org/cdm/ref/collection/adamsea/id/1122,,"[Title]: ""Letter, 1957 February 25, Rev. O.T. Carl of Blessed Martin de Porres Mission to Adams requesting an update on land for a playground, page 1"""
http://cdm17173.contentdm.oclc.org/cdm/ref/collection/adamsea/id/1123,,"[Title]: ""Letter, 1957 February 25, Rev. O.T. Carl of Blessed Martin de Porres Mission to Adams requesting an update on land for a playground, page 2"""
http://cdm17173.contentdm.oclc.org/cdm/ref/collection/adamsea/id/1124,,"[Title]: ""Letter, 1957 March 6, Elmer J. Whiting Jr. to Adams scheduling an audit for the Department of History fund"""
http://cdm17173.contentdm.oclc.org/cdm/ref/collection/adamsea/id/1125,,"[Title]: ""Letter, 1957 March 7, Rev. O.T. Carl of Blessed Martin de Porres Mission to Adams following up on the playground decision"""
http://cdm17173.contentdm.oclc.org/cdm/ref/collection/adamsea/id/1140,,"[Title]: ""Letter, 1957 February 8, B. Morris of the Southern Bell Telephone and Telegraph Company to customer requesting updates on desired services"""
http://cdm17173.contentdm.oclc.org/cdm/ref/collection/adamsea/id/1141,,"[Title]: ""Letter, 1957 February 11, Presidents Frank R. Veal and John D. Bowman of Allen University to alumni, reminder of meeting"""
http://cdm17173.contentdm.oclc.org/cdm/ref/collection/adamsea/id/1142,,"[Title]: ""Postcard, 1957 February 11, Program Committee of the Connectional Council of the A.M.E. Church to Adams with program placement assignments"""
http://cdm17173.contentdm.oclc.org/cdm/ref/collection/adamsea/id/1143,,"[Title]: ""Letter, 1957 February 11, J.M.H. Fitzgerald to Adams requesting donations to the Boys' Club of America"""
http://cdm17173.contentdm.oclc.org/cdm/ref/collection/adamsea/id/1144,,"[Title]: ""Letter, 1957 February 12, Vivian Young Jones to Harbison Alumni requesting donations for Founders Day"""
http://cdm17173.contentdm.oclc.org/cdm/ref/collection/adamsea/id/1145,,"[Title]: ""Letter, 1956 June 15, Bishop J.H. Bonner to Rev. O.P. Carl expressing thanks for a warm welcome"""
http://cdm17173.contentdm.oclc.org/cdm/ref/collection/adamsea/id/1146,,"[Title]: ""Letter, 1957 February 8, Alumni President J.T.W. Mims to Allen University alumni requesting donations for Founders Day"""
http://cdm17173.contentdm.oclc.org/cdm/ref/collection/adamsea/id/1147,,"[Title]: ""Letter, 1957 February 14, Rev. O.T. Carl of Blessed Martin de Porres Mission to Adams requesting approval to build a playground"""
http://cdm17173.contentdm.oclc.org/cdm/ref/collection/adamsea/id/1148,,"[Title]: ""Letter, 1957 February 13, President R. Monteith of the Blessed Martin School P.T.O. to Adams reiterating the request for a playground"""
http://cdm17173.contentdm.oclc.org/cdm/ref/collection/adamsea/id/1149,,"[Title]: ""Diagram, no date, hand-drawn map proposing a location for a playground for the Blessed Martin School; enclosed in letter of 1957 February 13"""
http://cdm17173.contentdm.oclc.org/cdm/ref/collection/adamsea/id/1150,,"[Title]: ""Statement, no date, list of proposals for a playground for the Blessed Martin de Porres Mission"""
http://cdm17173.contentdm.oclc.org/cdm/ref/collection/adamsea/id/1151,,"[Title]: ""Letter, 1957 March 20, Finance Committee Chairman J.M. Dabbs of the S.C. Council on Human Relations to ""Friend"" requesting donations"""
http://cdm17173.contentdm.oclc.org/cdm/ref/collection/adamsea/id/1152,,"[Title]: ""Brochure, no date, describing the South Carolina Council on Human Relations, interior"""
http://cdm17173.contentdm.oclc.org/cdm/ref/collection/adamsea/id/1153,,"[Title]: ""Brochure, no date, describing the South Carolina Council on Human Relations, exterior"""
http://cdm17173.contentdm.oclc.org/cdm/ref/collection/adamsea/id/1155,,"[Title]: ""Letter, 1955 June 13, G. dewey Robinson to coworkers requesting housing data for the Quadrennial Missionary Meeting"""
http://cdm17173.contentdm.oclc.org/cdm/ref/collection/adamsea/id/1156,,"[Title]: ""Financial record, 1955 June, list of loans made during the month of June 1955"""
http://cdm17173.contentdm.oclc.org/cdm/ref/collection/adamsea/id/1157,,"[Title]: ""Financial record, no date, record of gross and net income and expenses"""
http://cdm17173.contentdm.oclc.org/cdm/ref/collection/adamsea/id/1158,,"[Title]: ""Church bulletin, 1955 July 16, Chappelle Memorial African Methodist Episcopal Church morning worship, front cover"""
http://cdm17173.contentdm.oclc.org/cdm/ref/collection/adamsea/id/1159,,"[Title]: ""Church bulletin, 1955 July 16, Chappelle Memorial African Methodist Episcopal Church morning worship, page 2-3"""
http://cdm17173.contentdm.oclc.org/cdm/ref/collection/adamsea/id/1160,,"[Title]: ""Church bulletin, 1955 July 16, Chappelle Memorial African Methodist Episcopal Church morning worship, back cover"""
http://cdm17173.contentdm.oclc.org/cdm/ref/collection/adamsea/id/1161,,"[Title]: ""Article, 1955 August 10, ""Racial Amity and Good Will Is S.C. Council's Mission"" by W.D. Workman, Jr."""
http://cdm17173.contentdm.oclc.org/cdm/ref/collection/adamsea/id/1162,,"[Title]: ""Program, 1955 July 20-21, Sunday School and A.C.E. League of the Columbia District Conference of the A.M.E. Church, front cover"""
http://cdm17173.contentdm.oclc.org/cdm/ref/collection/adamsea/id/1163,,"[Title]: ""Program, 1955 July 20-21, Sunday School and A.C.E. League of the Columbia District Conference of the A.M.E. Church, page 2-3"""
http://cdm17173.contentdm.oclc.org/cdm/ref/collection/adamsea/id/1164,,"[Title]: ""Financial record, 1955 July, financial statement of the membership of Bethel Church for the month of July 1955, page 1"""
http://cdm17173.contentdm.oclc.org/cdm/ref/collection/adamsea/id/1165,,"[Title]: ""Financial record, 1955 July, financial statement of the membership of Bethel Church for the month of July 1955, page 2"""
http://cdm17173.contentdm.oclc.org/cdm/ref/collection/adamsea/id/1166,,"[Title]: ""Financial record, 1955 July, financial statement of the membership of Bethel Church for the month of July 1955, page 3"""
http://cdm17173.contentdm.oclc.org/cdm/ref/collection/adamsea/id/1167,,"[Title]: ""Financial record, 1955 July, financial statement of the membership of Bethel Church for the month of July 1955, page 4"""
http://cdm17173.contentdm.oclc.org/cdm/ref/collection/adamsea/id/1168,,"[Title]: ""Letter, 1955 August 1, President W.B. Stewart of Edwart Waters College to Adams enclosing requested information"""
http://cdm17173.contentdm.oclc.org/cdm/ref/collection/adamsea/id/1169,,"[Title]: ""List, no date, record of presidents of the trustee board; enclosed with letter of 1955 August 1"""
http://cdm17173.contentdm.oclc.org/cdm/ref/collection/adamsea/id/1170,,"[Title]: ""Church bulletin, 1955 August 7, Bethel African Methodist Episcopal Church worship service, front cover"""
http://cdm17173.contentdm.oclc.org/cdm/ref/collection/adamsea/id/1171,,"[Title]: ""Church bulletin, 1955 August 7, Bethel African Methodist Episcopal Church worship service, page 2"""
http://cdm17173.contentdm.oclc.org/cdm/ref/collection/adamsea/id/1172,,"[Title]: ""Church bulletin, 1955 August 7, Bethel African Methodist Episcopal Church worship service, page 3"""
http://cdm17173.contentdm.oclc.org/cdm/ref/collection/adamsea/id/1173,,"[Title]: ""Church bulletin, 1955 August 7, Bethel African Methodist Episcopal Church worship service, back cover"""
http://cdm17173.contentdm.oclc.org/cdm/ref/collection/adamsea/id/1174,,"[Title]: ""Letter, 1955 August 10, Frank Madison Reid to district pastors announcing a get-together"""
http://cdm17173.contentdm.oclc.org/cdm/ref/collection/adamsea/id/1175,,"[Title]: ""Article, 1955 August 10, ""Racial Amity and Good Will Is S.C. Council's Mission"" by W.D. Workman, Jr."""
http://cdm17173.contentdm.oclc.org/cdm/ref/collection/adamsea/id/1176,,"[Title]: ""Letter, 1955 August 11, J.R. Larkins of the Department of Public Welfare to Adams requesting church membership statistics"""
http://cdm17173.contentdm.oclc.org/cdm/ref/collection/adamsea/id/1241,,"[Title]: ""Letter, 1962 August 27, John S. Hunter to President Howard Wright of Allen University about salary"""
http://cdm17173.contentdm.oclc.org/cdm/ref/collection/adamsea/id/1243,,"[Title]: ""Letter, 1962 September 6, Mrs. Alice Brown to Rev. Adams to asking for rise to a salary, page 1"""
http://cdm17173.contentdm.oclc.org/cdm/ref/collection/adamsea/id/1244,,"[Title]: ""Letter, 1962 September 6, Mrs. Alice Brown to Rev. Adams to asking for rise to a salary, page 2"""
http://cdm17173.contentdm.oclc.org/cdm/ref/collection/adamsea/id/1247,,"[Title]: ""Letter, 1962 September 13, Doris Gate to Dr. Adams about attending an Anniversary Ceremony for Rev. W. J. Robinson"""
http://cdm17173.contentdm.oclc.org/cdm/ref/collection/adamsea/id/1248,,"[Title]: ""Report, 1962 September 30, Financial Statement"""
http://cdm17173.contentdm.oclc.org/cdm/ref/collection/adamsea/id/1249,,"[Title]: ""Program, 1962 October 30, Church Program for St. Luke's Episcopal Church, front cover"""
http://cdm17173.contentdm.oclc.org/cdm/ref/collection/adamsea/id/1250,,"[Title]: ""Program, 1962 October 30, Church Program for St. Luke's Episcopal Church, page 2"""
http://cdm17173.contentdm.oclc.org/cdm/ref/collection/adamsea/id/1251,,"[Title]: ""Program, 1962 October 30, Church Program for St. Luke's Episcopal Church, page 3"""
http://cdm17173.contentdm.oclc.org/cdm/ref/collection/adamsea/id/1252,,"[Title]: ""Letter, 1962 November 12, August C, Sumpter to Dr. Adams asking him to intercede for him at Allen University"""
http://cdm17173.contentdm.oclc.org/cdm/ref/collection/adamsea/id/1253,,"[Title]: ""Report, 1962, Statistical Financial Report of Good Samaritan-Waverly Hospital for 1962"""
http://cdm17173.contentdm.oclc.org/cdm/ref/collection/adamsea/id/1254,,"[Title]: ""Advertisement, 1963, Louise Jones Dubose of the University of South Carolina Press seeking biological information for the Palmetto Who's Who"""
http://cdm17173.contentdm.oclc.org/cdm/ref/collection/adamsea/id/1255,,"[Title]: ""Advertisement, 1963, Historical Record Association Proudly Announces the Publication of South Carolina Lives the Palmetto Who's Who, front cover"""
http://cdm17173.contentdm.oclc.org/cdm/ref/collection/adamsea/id/1256,,"[Title]: ""Advertisement, 1963, Historical Record Association Proudly Announces the Publication of South Carolina Lives the Palmetto Who's Who, page 2"""
http://cdm17173.contentdm.oclc.org/cdm/ref/collection/adamsea/id/1257,,"[Title]: ""Advertisement, 1963, Historical Record Association Proudly Announces the Publication of South Carolina Lives the Palmetto Who's Who, page 3"""
http://cdm17173.contentdm.oclc.org/cdm/ref/collection/adamsea/id/1258,,"[Title]: ""Advertisement, 1963, Historical Record Association Proudly Announces the Publication of South Carolina Lives the Palmetto Who's Who, page 4"""
http://cdm17173.contentdm.oclc.org/cdm/ref/collection/adamsea/id/1259,,"[Title]: ""Advertisement, 1963, Summary about the Editor the Palmetto Who's Who, first page"""
http://cdm17173.contentdm.oclc.org/cdm/ref/collection/adamsea/id/1260,,"[Title]: ""Advertisement, 1963, Summary about the Editor the Palmetto Who's Who, page 2"""
http://cdm17173.contentdm.oclc.org/cdm/ref/collection/adamsea/id/1398,,"[Title]: ""Letter, 1958 June 13, Charles S. Spivey to Rev. Adams thanking him for contribution."""
http://cdm17173.contentdm.oclc.org/cdm/ref/collection/adamsea/id/1399,,"[Title]: ""Program,  1958 June 14, The Annual Convention of the Seventh Episcopal District Laymen's Organization, front cover"""
http://cdm17173.contentdm.oclc.org/cdm/ref/collection/adamsea/id/1400,,"[Title]: ""Program,  1958 June 14, The Annual Convention of the Seventh Episcopal District Laymen's Organization, page 2"""
http://cdm17173.contentdm.oclc.org/cdm/ref/collection/adamsea/id/1401,,"[Title]: ""Program,  1958 June 14, The Annual Convention of the Seventh Episcopal District Laymen's Organization, page 3"""
http://cdm17173.contentdm.oclc.org/cdm/ref/collection/adamsea/id/1402,,"[Title]: ""Program,  1958 June 14, The Annual Convention of the Seventh Episcopal District Laymen's Organization, page 4"""
http://cdm17173.contentdm.oclc.org/cdm/ref/collection/adamsea/id/1403,,"[Title]: ""Postcard, 1958 June 16, The Executive Board of the National Association of Ministers' Wives to members about a meeting on July 1, 1958"""
http://cdm17173.contentdm.oclc.org/cdm/ref/collection/adamsea/id/1404,,"[Title]: ""Letter, 1958 June 20, John H. McCray Chairman of the Richland Progressive Democrats to Democratic Voters about upcoming election day and voting."""
http://cdm17173.contentdm.oclc.org/cdm/ref/collection/adamsea/id/1406,,"[Title]: ""Program, 1958 July 3, Program of the Women's Missionary Society of the Palmetto Annual Conference Branch Convention, front cover"""
http://cdm17173.contentdm.oclc.org/cdm/ref/collection/adamsea/id/1407,,"[Title]: ""Program, 1958 July 3, Program of the Women's Missionary Society of the Palmetto Annual Conference Branch Convention, page 2"""
http://cdm17173.contentdm.oclc.org/cdm/ref/collection/adamsea/id/1408,,"[Title]: ""Program, 1958 July 3, Program of the Women's Missionary Society of the Palmetto Annual Conference Branch Convention, page 3"""
http://cdm17173.contentdm.oclc.org/cdm/ref/collection/adamsea/id/1409,,"[Title]: ""Program, 1958 July 3, Program of the Women's Missionary Society of the Palmetto Annual Conference Branch Convention, page 4"""
http://cdm17173.contentdm.oclc.org/cdm/ref/collection/adamsea/id/1410,,"[Title]: ""Program, 1958 July 3, Program of the Women's Missionary Society of the Palmetto Annual Conference Branch Convention, page 5"""
http://cdm17173.contentdm.oclc.org/cdm/ref/collection/adamsea/id/1411,,"[Title]: ""Bill Statement, 1958 July 17 , Capitol City Real Estate and Ins. Co. to Rev. Adams about two fire insurance policies"""
http://cdm17173.contentdm.oclc.org/cdm/ref/collection/adamsea/id/1412,,"[Title]: ""Letter, 1958 July 23, L.C. Butler to Rev. Adams about arrangements to settle an account."""
http://cdm17173.contentdm.oclc.org/cdm/ref/collection/adamsea/id/1413,,"[Title]: ""List, 1958 August 1, A list of the Connectional Congress Committees"""
http://cdm17173.contentdm.oclc.org/cdm/ref/collection/adamsea/id/1414,,"[Title]: ""Program, 1958 August 7, Program of the Sumter District Sunday School Allen Christian Endeavor League Convention of the Northeast Annual Conference, front cover"""
http://cdm17173.contentdm.oclc.org/cdm/ref/collection/adamsea/id/1415,,"[Title]: ""Program, 1958 August 7, Program of the Sumter District Sunday School Allen Christian Endeavor League Convention of the Northeast Annual Conference, page 2"""
http://cdm17173.contentdm.oclc.org/cdm/ref/collection/adamsea/id/1416,,"[Title]: ""Program, 1958 August 7, Program of the Sumter District Sunday School Allen Christian Endeavor League Convention of the Northeast Annual Conference, page 3"""
http://cdm17173.contentdm.oclc.org/cdm/ref/collection/adamsea/id/1432,,"[Title]: ""Advertisement, no date, advertisement from the Victory Savings Bank for the Christmas Club Fund, front cover"""
http://cdm17173.contentdm.oclc.org/cdm/ref/collection/adamsea/id/1433,,"[Title]: ""Advertisement, no date, advertisement from the Victory Savings Bank for the Christmas Club Fund, page 2"""
http://cdm17173.contentdm.oclc.org/cdm/ref/collection/adamsea/id/1434,,"[Title]: ""Advertisement, no date, advertisement from the Victory Savings Bank for the Christmas Club Fund, page 3"""
http://cdm17173.contentdm.oclc.org/cdm/ref/collection/adamsea/id/1435,,"[Title]: ""Checks, no date, blank checks from the Department of Education of the A.M.E. Church"""
http://cdm17173.contentdm.oclc.org/cdm/ref/collection/adamsea/id/1436,,"[Title]: ""Card, no date, card outlining the qualifications of the  candidate for City Council, Robert T. Clarke"""
http://cdm17173.contentdm.oclc.org/cdm/ref/collection/adamsea/id/1437,,"[Title]: ""Card, no date, card outlining the qualifications of the  candidate for City Council, Tom Craig"""
http://cdm17173.contentdm.oclc.org/cdm/ref/collection/adamsea/id/1438,,"[Title]: ""Card, no date, card outlining the qualifications of the  candidate for Lieutenant Governor Robert E. McNair, page 1"""
http://cdm17173.contentdm.oclc.org/cdm/ref/collection/adamsea/id/1439,,"[Title]: ""Card, no date, card outlining the qualifications of the  candidate for Lieutenant Governor Robert E. McNair, page 2"""
http://cdm17173.contentdm.oclc.org/cdm/ref/collection/adamsea/id/1440,,"[Title]: ""Card, no date, card outlying the qualification for the Second District Candidate for Congress, John Bolt Culbertson"""
http://cdm17173.contentdm.oclc.org/cdm/ref/collection/adamsea/id/1441,,"[Title]: ""Card, no date, card outlying the qualification for Candidate  Olin D. Johnson, page 1"""
http://cdm17173.contentdm.oclc.org/cdm/ref/collection/adamsea/id/1442,,"[Title]: ""Card, no date, card outlying the qualification for Candidate  Olin D. Johnson, page 2"""
http://cdm17173.contentdm.oclc.org/cdm/ref/collection/adamsea/id/1443,,"[Title]: ""Letter, no date, Anne E. Heath to Mrs. Adams asking for a meeting."""
http://cdm17173.contentdm.oclc.org/cdm/ref/collection/adamsea/id/1444,,"[Title]: ""Report, no date, Property Statement of J. Julian Jenkins"""
http://cdm17173.contentdm.oclc.org/cdm/ref/collection/adamsea/id/1445,,"[Title]: ""List, no date, List of churches and names of pastors"""
http://cdm17173.contentdm.oclc.org/cdm/ref/collection/adamsea/id/1446,,"[Title]: ""Report, no date, A Study of Endowment for Allen University Endowment Fund Principal"""
http://cdm17173.contentdm.oclc.org/cdm/ref/collection/adamsea/id/1448,,"[Title]: ""Program, 1958 May 26, Commencement Exercise for Harbison Junior College, front cover"""
http://cdm17173.contentdm.oclc.org/cdm/ref/collection/adamsea/id/1449,,"[Title]: ""Program, 1958 May 26, Commencement Exercise for Harbison Junior College, page 2"""
http://cdm17173.contentdm.oclc.org/cdm/ref/collection/adamsea/id/1450,,"[Title]: ""Program, 1958 May 26, Commencement Exercise for Harbison Junior College, page 3"""
http://cdm17173.contentdm.oclc.org/cdm/ref/collection/adamsea/id/1451,,"[Title]: ""Program, 1958 May 26, Commencement Exercise for Harbison Junior College, page 4"""
http://cdm17173.contentdm.oclc.org/cdm/ref/collection/adamsea/id/1452,,"[Title]: ""Letter, 1958 May 26, G. H. J. Thibodeaux to Rev. Adams about the progress of work on the history of the Eighth Episcopal District"""
http://cdm17173.contentdm.oclc.org/cdm/ref/collection/adamsea/id/1453,,"[Title]: ""Letter, 1958 May 27, Charles S. Spivey of Payne Theological Seminary to Alumni about the annual Commencement and Alumni Association Meeting"""
http://cdm17173.contentdm.oclc.org/cdm/ref/collection/adamsea/id/1454,,"[Title]: ""Program, 1958 May 28, Allen University Annual Commencement Program, front cover"""
http://cdm17173.contentdm.oclc.org/cdm/ref/collection/adamsea/id/1455,,"[Title]: ""Program, 1958 May 28, Allen University Annual Commencement Program, page 2"""
http://cdm17173.contentdm.oclc.org/cdm/ref/collection/adamsea/id/1456,,"[Title]: ""Program, 1958 May 28, Allen University Annual Commencement Program, page 3"""
http://cdm17173.contentdm.oclc.org/cdm/ref/collection/adamsea/id/1457,,"[Title]: ""Letter, 1958 May, Mims High School to Rev. Adams reminding him of his promise to deliver the baccalaureate  sermon on May 25, 1958"""
http://cdm17173.contentdm.oclc.org/cdm/ref/collection/adamsea/id/1458,,"[Title]: ""Letter, 1958 June 4, Spartanburg District-African Methodist Episcopal Church to Rev. Adams about support to build a church on the 700 block of Dartmouth Street, Ridgewood, Columbia, South Carolina."""
http://cdm17173.contentdm.oclc.org/cdm/ref/collection/adamsea/id/1459,,"[Title]: ""Postcard, 1958 June 6, Good Samaritan-Waverly Hospital to Board of Trustee members reminder about a June 10, 1958 meeting, message side"""
http://cdm17173.contentdm.oclc.org/cdm/ref/collection/adamsea/id/1460,,"[Title]: ""Postcard, 1958 June 6, Good Samaritan-Waverly Hospital to Board of Trustee members reminder about a June 10, 1958 meeting, address side"""
http://cdm17173.contentdm.oclc.org/cdm/ref/collection/adamsea/id/1462,,"[Title]: ""Letter, 1958 June 11, Laurs Sheet research assistant of the Church Federation of Greater Indianapolis to Rev. Adams requesting a copy of a publication."""
http://cdm17173.contentdm.oclc.org/cdm/ref/collection/adamsea/id/1602,,"[Title]: ""Program, 1958 August 29, Program of the Marion District Sunday School and Allen Christian Endeavor League Institute of the African Methodist Episcopal Church, front cover"""
http://cdm17173.contentdm.oclc.org/cdm/ref/collection/adamsea/id/1603,,"[Title]: ""Program, 1958 August 29, Program of the Marion District Sunday School and Allen Christian Endeavor League Institute of the African Methodist Episcopal Church, page 2"""
http://cdm17173.contentdm.oclc.org/cdm/ref/collection/adamsea/id/1604,,"[Title]: ""Program, 1958 August 29, Program of the Marion District Sunday School and Allen Christian Endeavor League Institute of the African Methodist Episcopal Church, page 3"""
http://cdm17173.contentdm.oclc.org/cdm/ref/collection/adamsea/id/1605,,"[Title]: ""Program, 1958 August 29, Program of the Marion District Sunday School and Allen Christian Endeavor League Institute of the African Methodist Episcopal Church, page 4"""
http://cdm17173.contentdm.oclc.org/cdm/ref/collection/adamsea/id/1606,,"[Title]: ""Report, 1958 August-September, Statistical and Financial Report of Good Samaritan-Waverly Hospital"""
http://cdm17173.contentdm.oclc.org/cdm/ref/collection/adamsea/id/1607,,"[Title]: ""Letter, 1958 September 22, Rev. M.C. Pollock to Rev. Adams about a return of deed and sale."""
http://cdm17173.contentdm.oclc.org/cdm/ref/collection/adamsea/id/1608,,"[Title]: ""Letter, 1958 September 26, J. H. Bonner  Presiding Bishop of the African Methodist Episcopal Church  to the members of the Executive Committee about a meeting for October 3, 1958"""
http://cdm17173.contentdm.oclc.org/cdm/ref/collection/adamsea/id/1609,,"[Title]: ""Letter, 1958 September 26, H. B. Rutherford Chairman of the Alpha Psi Lambda Chapter to members about a meeting on October 7, 1958"""
http://cdm17173.contentdm.oclc.org/cdm/ref/collection/adamsea/id/1610,,"[Title]: ""Report, 1958 September, Loans made during the month of September 1958, page 1"""
http://cdm17173.contentdm.oclc.org/cdm/ref/collection/adamsea/id/1611,,"[Title]: ""Report, 1958 September, Loans made during the month of September 1958, page 2"""
http://cdm17173.contentdm.oclc.org/cdm/ref/collection/adamsea/id/1612,,"[Title]: ""List, 1958 October 7, List of the Alpha PSI Lambda Chapter Meetings for 1958-1959"""
http://cdm17173.contentdm.oclc.org/cdm/ref/collection/adamsea/id/1613,,"[Title]: ""Postcard, 1958 October 10, Board of Directors of the Victory Savings Bank to members, message side"""
http://cdm17173.contentdm.oclc.org/cdm/ref/collection/adamsea/id/1615,,"[Title]: ""Report, 1958 October 15, Temperance Report of the Northeast South Carolina Annual Conference , page 1"""
http://cdm17173.contentdm.oclc.org/cdm/ref/collection/adamsea/id/1616,,"[Title]: ""Report, 1958 October 15, Temperance Report of the Northeast South Carolina Annual Conference , page 2"""
http://cdm17173.contentdm.oclc.org/cdm/ref/collection/adamsea/id/1617,,"[Title]: ""Report, 1958 October 15, Temperance Report of the Northeast South Carolina Annual Conference , page 3"""
http://cdm17173.contentdm.oclc.org/cdm/ref/collection/adamsea/id/1618,,"[Title]: ""Report, 1958 October 15, Temperance Report of the Northeast South Carolina Annual Conference , page 4"""
http://cdm17173.contentdm.oclc.org/cdm/ref/collection/adamsea/id/1841,,"[Title]: ""Letter, 1958 May 3, Bishop I. H. Bonner to All those concerned about the dates of  One-Day-Inspirational Meetings of the Seventh Episcopal District Of South Carolina"""
http://cdm17173.contentdm.oclc.org/cdm/ref/collection/adamsea/id/1842,,"[Title]: ""Letter, 1958 May 3, Alpha Psi Lambda Chapter to members about monthly meeting for May 6, 1958"""
http://cdm17173.contentdm.oclc.org/cdm/ref/collection/adamsea/id/1843,,"[Title]: ""Bulletin, 1958 May 4, Church Service Bulletin from the Morris Brown A.M.E. Church in Charleston, South Carolina, front cover"""
http://cdm17173.contentdm.oclc.org/cdm/ref/collection/adamsea/id/1844,,"[Title]: ""Bulletin, 1958 May 4, Church Service Bulletin from the Morris Brown A.M.E. Church in Charleston, South Carolina, page 2"""
http://cdm17173.contentdm.oclc.org/cdm/ref/collection/adamsea/id/1845,,"[Title]: ""Bulletin, 1958 May 4, Church Service Bulletin from the Morris Brown A.M.E. Church in Charleston, South Carolina, page 3"""
http://cdm17173.contentdm.oclc.org/cdm/ref/collection/adamsea/id/1846,,"[Title]: ""Bulletin, 1958 May 4, Church Service Bulletin from the Morris Brown A.M.E. Church in Charleston, South Carolina, page 4"""
http://cdm17173.contentdm.oclc.org/cdm/ref/collection/adamsea/id/1847,,"[Title]: ""Postcard, 1958 May 5, Victory Savings Bank to members of the Board of Directors reminding of a board meeting for May 6, 1958, message side"""
http://cdm17173.contentdm.oclc.org/cdm/ref/collection/adamsea/id/1850,,"[Title]: ""Letter, 1958 May 5, J. Cephas Jarrett to Rev. Adams about progress of work that Jarret is working on for Adams."""
http://cdm17173.contentdm.oclc.org/cdm/ref/collection/adamsea/id/1851,,"[Title]: ""Report, 1958 May 6, Financial Report of the Dance Committee by Robert M. Simmons"""
http://cdm17173.contentdm.oclc.org/cdm/ref/collection/adamsea/id/1852,,"[Title]: ""Report, 1958 May 6, Financial Report of the Alpha's Annual Barbecue for May 6, 1958"""
http://cdm17173.contentdm.oclc.org/cdm/ref/collection/adamsea/id/1853,,"[Title]: ""Letter, 1958 May 7,  State Board of Health of South Carolina to H. G. Reese, Superintendent of the Good Samaritan-Waverly Hospital about Class I License for the Good Samaritan-Waverly Hospital, page 1"""
http://cdm17173.contentdm.oclc.org/cdm/ref/collection/adamsea/id/1854,,"[Title]: ""Letter, 1958 May 7,  State Board of Health of South Carolina to H. G. Reese, Superintendent of the Good Samaritan-Waverly Hospital about Class I License for the Good Samaritan-Waverly Hospital, page 2"""
http://cdm17173.contentdm.oclc.org/cdm/ref/collection/adamsea/id/1869,,"[Title]: ""Letter,  1957 September 1 John G. Rideout to Adams about an article in the Norfolk Journal and Guide"""
http://cdm17173.contentdm.oclc.org/cdm/ref/collection/adamsea/id/1870,,"[Title]: ""Letter,  1957 August 13, J.B. Jennings to Adams about  health of pastor and support for Adams services at Mt. Zion church"""
http://cdm17173.contentdm.oclc.org/cdm/ref/collection/adamsea/id/1871,,"[Title]: ""Church bulletin, 1957 August 17, Mount Hebron A.M.E. Church Eulogistic Services for Neal Bedenbausk, front cover"""
http://cdm17173.contentdm.oclc.org/cdm/ref/collection/adamsea/id/1872,,"[Title]: ""Church bulletin, 1957 August 17, Mount Hebron A.M.E. Church Eulogistic Services for Neal Bedenbausk, page 2"""
http://cdm17173.contentdm.oclc.org/cdm/ref/collection/adamsea/id/1873,,"[Title]: ""Church bulletin, 1957 August 17, Mount Hebron A.M.E. Church Eulogistic Services for Neal Bedenbausk, page 3"""
http://cdm17173.contentdm.oclc.org/cdm/ref/collection/adamsea/id/1875,,"[Title]: ""Letter, 1957 August 25, Bishop H. Thomas Primm to Adams about the meeting of the council of Bishops at Trinity African Methodist Episcopal Church in Baltimore Maryland"""
http://cdm17173.contentdm.oclc.org/cdm/ref/collection/adamsea/id/1876,,"[Title]: ""Letter, 1957 August 30, Monrovia College Alumni Association to Alumni about school fund raising"""
http://cdm17173.contentdm.oclc.org/cdm/ref/collection/adamsea/id/1877,,"[Title]: ""Letter, 1957 August 28, Wallace E. Crumlin Chairman of Allen Univeristy to Adams about his acceptance as speaker for the joint Benedict-Allen Service"""
http://cdm17173.contentdm.oclc.org/cdm/ref/collection/adamsea/id/1878,,"[Title]: ""Excerpt, 1957 August, Editoral from the issue of the Journal of Religious Education"""
http://cdm17173.contentdm.oclc.org/cdm/ref/collection/adamsea/id/1880,,"[Title]: ""Program, 1961 July 20, Program of the Greenville District Sunday School and A.C.E. League Convention, front cover"""
http://cdm17173.contentdm.oclc.org/cdm/ref/collection/adamsea/id/1881,,"[Title]: ""Program, 1961 July 20, Program of the Greenville District Sunday School and A.C.E. League Convention, page 2"""
http://cdm17173.contentdm.oclc.org/cdm/ref/collection/adamsea/id/1882,,"[Title]: ""Program, 1961 July 20, Program of the Greenville District Sunday School and A.C.E. League Convention, page 3"""
http://cdm17173.contentdm.oclc.org/cdm/ref/collection/adamsea/id/1883,,"[Title]: ""Program, 1961 July 20, Program of the Greenville District Sunday School and A.C.E. League Convention, page 4"""
http://cdm17173.contentdm.oclc.org/cdm/ref/collection/adamsea/id/1884,,"[Title]: ""Letter, 1961 July 25, John A. Chase of the Housing Authority of the City of Columbia, S.C. to the Members of the Citizens Advisory Committee requesting more information on the selection of the Advisory Committee"""
http://cdm17173.contentdm.oclc.org/cdm/ref/collection/adamsea/id/1885,,"[Title]: ""Letter, 1961 July 25, Bishop Samuel R. Higgins to the Members of the Interim Committee about a meeting for July 27, 1961"""
http://cdm17173.contentdm.oclc.org/cdm/ref/collection/adamsea/id/1886,,"[Title]: ""Letter, 1961 July 26, Modjeska Monteith Simkins to friends and fellow-citizens about the importance of the August 8th election"""
http://cdm17173.contentdm.oclc.org/cdm/ref/collection/adamsea/id/1887,,"[Title]: ""Letter, 1961 July 31, John A. Chase of the Housing Authority of the City of Columbia, S.C. to the Residents of the University of South Carolina Extension Urban Renewal Project Area about the status of the project"""
http://cdm17173.contentdm.oclc.org/cdm/ref/collection/adamsea/id/1888,,"[Title]: ""Card, 1961, Richland County Election  1961 political card about candidate Joe E. Berry"""
http://cdm17173.contentdm.oclc.org/cdm/ref/collection/adamsea/id/1889,,"[Title]: ""Letter, 1961 August 18, John A. Chase of the Housing Authority of the City of Columbia, S. C., to the Members of Citizen Advisory Committee about an upcoming meeting for August 16, 1961"""
http://cdm17173.contentdm.oclc.org/cdm/ref/collection/adamsea/id/1890,,"[Title]: ""Minutes, 1961 August 16, Minutes of the Fourth Regular Meeting of the University of South Carolina Extension Urban Renewal Project, page 1"""
http://cdm17173.contentdm.oclc.org/cdm/ref/collection/adamsea/id/1891,,"[Title]: ""Minutes, 1961 August 16, Minutes of the Fourth Regular Meeting of the University of South Carolina Extension Urban Renewal Project, page 2"""
http://cdm17173.contentdm.oclc.org/cdm/ref/collection/adamsea/id/1892,,"[Title]: ""Minutes, 1961 August 16, Minutes of the Fourth Regular Meeting of the University of South Carolina Extension Urban Renewal Project, page 3"""
http://cdm17173.contentdm.oclc.org/cdm/ref/collection/adamsea/id/1893,,"[Title]: ""Letter, 1961 August 31, John A. Chase of the  Housing Authority of the City of Columbia, S. C. to the Members of the Citizens Advisory Committee about a meeting for September 6, 1961"""
http://cdm17173.contentdm.oclc.org/cdm/ref/collection/adamsea/id/1894,,"[Title]: ""Postcard, 1961 September 29, R. Samuelson to Rev. Adams regarding the loan of a list of books, message side"""
http://cdm17173.contentdm.oclc.org/cdm/ref/collection/adamsea/id/1895,,"[Title]: ""Postcard, 1961 September 29, R. Samuelson to Rev. Adams regarding the loan of a list of books, address side"""
