"Title","Creator","Contributors","Date","Approximate Date","Source","Subject","Local Subject","S.C. County","Description","Extent","Digital Collection","Website","Contributing Institution","Rights","Time Period","Geographic Location","Language","Digitization Specifications","Date Digital","Type","Format","Media Type","Identifier","Note","Digital Assistant","OCLC number","Date created","Date modified","Reference URL","CONTENTdm number","CONTENTdm file name","CONTENTdm file path","Year","Original Transcript","Original Len","Special Pattern","General Pattern","Repeat Chars","Short/No Transcript","Quality","Issue Types","Detected Artifacts"
"The Lighthouse, Business Card","","McCray, John Henry, 1910-1987","","","Manuscripts; Accession 11294.","Lighthouse and Informer","","","A business card for the Lighthouse.","1 item","John Henry McCray Papers, 1929-1989","https://digital.library.sc.edu/collections/john-henry-mccray-papers-1929-1989/","University of South Carolina. South Caroliniana Library","Copyright Not Evaluated. For further information please contact The University of South Carolina, South Caroliniana Library, Columbia, SC 29208.","","Columbia, Richland County, South Carolina, United States","English","300ppi, 24-bit depth color, Epson Expression 10000 XL flatbed scanner with SilverFast scanning software, primary archival file is a TIFF","2018-08","text","image/jpeg","Documents (object genre)","mccrayjh02-01-030","","Joshua Schutzenhofer","","2020-10-22","2020-10-22","http://cdm17173.contentdm.oclc.org/cdm/ref/collection/p17173coll38/id/29",29.0,"30.jp2","/p17173coll38/image/30.jp2","","The Lighthouse  ""Shedding Light for a Growing Race""  P. O. BOX 4011  COLUMBIA. S. C. 29204",72,False,False,False,False,True,"[]","[]"
"The Lighthouse, Envelope","","McCray, John Henry, 1910-1987","","","Manuscripts; Accession 11294.","Lighthouse and Informer","","","An envelope from the Lighthouse.","1 item","John Henry McCray Papers, 1929-1989","https://digital.library.sc.edu/collections/john-henry-mccray-papers-1929-1989/","University of South Carolina. South Caroliniana Library","Copyright Not Evaluated. For further information please contact The University of South Carolina, South Caroliniana Library, Columbia, SC 29208.","","Columbia, Richland County, South Carolina, United States","English","300ppi, 24-bit depth color, Epson Expression 10000 XL flatbed scanner with SilverFast scanning software, primary archival file is a TIFF","2018-08","text","image/jpeg","Documents (object genre)","mccrayjh02-01-034","","Joshua Schutzenhofer","","2020-10-22","2020-10-22","http://cdm17173.contentdm.oclc.org/cdm/ref/collection/p17173coll38/id/33",33.0,"34.jp2","/p17173coll38/image/34.jp2","","The Lighthouse  ""Shedding Light for a Growing Race""  P. O. BOX 4011  COLUMBIA. S. C. 29204",72,False,False,False,False,True,"[]","[]"
"Pittsburg Courier Distributor's Weekly Report Sheet, November 11, 1961","","McCray, John Henry, 1910-1987","1961-11-11 00:00:00","","Manuscripts; Accession 11294.","Pittsburg Courier","","","The Pittsburg Courier Distributor's Weekly Report Sheet for November 11, 1961.","1 item","John Henry McCray Papers, 1929-1989","https://digital.library.sc.edu/collections/john-henry-mccray-papers-1929-1989/","University of South Carolina. South Caroliniana Library","Copyright Not Evaluated. For further information please contact The University of South Carolina, South Caroliniana Library, Columbia, SC 29208.","Civil Rights Era (1955-1969)","Columbia, Richland County, South Carolina, United States","English","300ppi, 24-bit depth color, Epson Expression 10000 XL flatbed scanner with SilverFast scanning software, primary archival file is a TIFF","2016-08","text","image/jpeg","Documents (object genre)","mccrayjh02-03-051","","Joshua Schutzenhofer","","2020-05-07","2020-05-07","http://cdm17173.contentdm.oclc.org/cdm/ref/collection/p17173coll38/id/184",184.0,"185.jp2","/p17173coll38/image/185.jp2","1961","Pittsburgh Courier Distributor's  Weekly   Report   Sheet  Herewith find.  Dollars and.  Distributor's name  .Cents for issue dated   Address   City  State  Newsboy's report on last week's sales is as  follows  NAME AND ADDRESS OF NEWSBOYS  COPIES  RECEIVED  RETURNS  COPIES  SOLD  AMOUNT  DUE  AMOUNT  PAID  BALANCE  DUE",250,False,False,False,False,True,"[]","[]"
"Pittsburgh Courier Distributor's Weekly Report Sheet, January 20, 1962","","McCray, John Henry, 1910-1987","1962-01-20 00:00:00","","Manuscripts; Accession 11294.","The Pittsburgh Courier","","","The Pittsburgh Courier Distributor's Weekly Report Sheet for the week of January 20, 1962.","1 item","John Henry McCray Papers, 1929-1989","https://digital.library.sc.edu/collections/john-henry-mccray-papers-1929-1989/","University of South Carolina. South Caroliniana Library","Copyright Not Evaluated. For further information please contact The University of South Carolina, South Caroliniana Library, Columbia, SC 29208.","Civil Rights Era (1955-1969)","Columbia, Richland County, South Carolina, United States","English","300ppi, 24-bit depth color, Epson Expression 10000 XL flatbed scanner with SilverFast scanning software, primary archival file is a TIFF","2016-08","text","image/jpeg","Documents (object genre)","mccrayjh02-04-029","","Joshua Schutzenhofer","","2020-05-14","2020-05-14","http://cdm17173.contentdm.oclc.org/cdm/ref/collection/p17173coll38/id/592",592.0,"593.jp2","/p17173coll38/image/593.jp2","1962","Pittsburgh Courier Distributor's  Weekly   Report   Sheet  Herewith find.  Dollars and.  Distributor's name  .Cents for issue dated   Address   City  State  Newsboy's report on last week's sales is as  follows  NAME AND ADDRESS OF NEWSBOYS  COPIES  RECEIVED  RETURNS  COPIES  SOLD  AMOUNT  DUE  AMOUNT  PAID  BALANCE  DUE",250,False,False,False,False,True,"[]","[]"
"The Afro-American City Weekly Report, Page 1","","McCray, John Henry, 1910-1987","","","Manuscripts; Accession 11294.","The Afro-American Company","","","A blank weekly report for the Afro-American.","1 item ; Page 1 of 2","John Henry McCray Papers, 1929-1989","https://digital.library.sc.edu/collections/john-henry-mccray-papers-1929-1989/","University of South Carolina. South Caroliniana Library","Copyright Not Evaluated. For further information please contact The University of South Carolina, South Caroliniana Library, Columbia, SC 29208.","","Baltimore, Maryland, United States","English","300ppi, 24-bit depth color, Epson Expression 10000 XL flatbed scanner with SilverFast scanning software, primary archival file is a TIFF","2016-08","text","image/jpeg","Documents (object genre)","mccrayjh02-10-065","","Josh Schutzenhofer","","2020-10-22","2020-10-22","http://cdm17173.contentdm.oclc.org/cdm/ref/collection/p17173coll38/id/769",769.0,"770.jp2","/p17173coll38/image/770.jp2","","THE AFRO-AMERICAN COMPANY  CITY WEEKLY REPORT  Name  Address",50,False,False,False,False,True,"[]","[]"
"The Afro-American City Weekly Report, Page 1","","McCray, John Henry, 1910-1987","","","Manuscripts; Accession 11294.","The Afro-American Company","","","A blank weekly report for the Afro-American.","1 item ; Page 1 of 2","John Henry McCray Papers, 1929-1989","https://digital.library.sc.edu/collections/john-henry-mccray-papers-1929-1989/","University of South Carolina. South Caroliniana Library","Copyright Not Evaluated. For further information please contact The University of South Carolina, South Caroliniana Library, Columbia, SC 29208.","","Baltimore, Maryland, United States","English","300ppi, 24-bit depth color, Epson Expression 10000 XL flatbed scanner with SilverFast scanning software, primary archival file is a TIFF","2016-08","text","image/jpeg","Documents (object genre)","mccrayjh02-10-068","","Josh Schutzenhofer","","2020-10-22","2020-10-22","http://cdm17173.contentdm.oclc.org/cdm/ref/collection/p17173coll38/id/772",772.0,"773.jp2","/p17173coll38/image/773.jp2","","THE AFRO-AMERICAN COMPANY  CITY WEEKLY REPORT  Name  Address",50,False,False,False,False,True,"[]","[]"
"Newspaper Boys of America, Inc., name, address, and payment book, Page 23","","McCray, John Henry, 1910-1987","","","Manuscripts; Accession 11294.","Newspaper Boys of America, Inc.","","","Name, address, and payment book of the Newspaper Boys of America, Inc.","1 item ; Page 23 of 36","John Henry McCray Papers, 1929-1989","https://digital.library.sc.edu/collections/john-henry-mccray-papers-1929-1989/","University of South Carolina. South Caroliniana Library","Copyright Not Evaluated. For further information please contact The University of South Carolina, South Caroliniana Library, Columbia, SC 29208.","","Columbia, Richland County, South Carolina, United States","English","300ppi, 24-bit depth color, Epson Expression 10000 XL flatbed scanner with SilverFast scanning software, primary archival file is a TIFF","2016-08","text","image/jpeg","Documents (object genre)","mccrayjh02-11-023","","Josh Schutzenhofer","","2020-10-22","2020-10-22","http://cdm17173.contentdm.oclc.org/cdm/ref/collection/p17173coll38/id/815",815.0,"816.jp2","/p17173coll38/image/816.jp2","","JUNE  SAT.   3  SAT. 10  SAT. 17  SAT. 24  Owe  Pd.  Owe  Pd.  Owe  Pd.  Owe  Pd.  JULY  SAT.   1  SAT. 8  SAT. 15  SAT. 22  SAT. 29  Owe  Pd.  Owe  Pd.  Owe  Pd.  Owe  Pd.  Owe  Pd.  AUGUST  SAT.   5  SAT. 12  SAT. 19  SAT. 26  Owe  Pd.  Owe  Pd.  Owe  Pd.  Owe  Pd.  SEPTEMBER  SAT.   2  SAT. 9  SAT. 16  SAT. 23  SAT. 30  Owe  Pd.  Owe  Pd.  Owe  Pd.  Owe  Pd.  Owe  Pd.  OCTOBER  SAT.   7  SAT. 14  SAT. 21  SAT. 28  Owe  Pd.  Owe  Pd.  Owe  Pd.  Owe  Pd.  NAME  ADDRESS  DATE OF PAYMENT:",312,False,False,False,False,True,"[]","[]"
"Newspaper Boys of America, Inc., name, address, and payment book, Page 33","","McCray, John Henry, 1910-1987","","","Manuscripts; Accession 11294.","Newspaper Boys of America, Inc.","","","Name, address, and payment book of the Newspaper Boys of America, Inc.","1 item ; Page 33 of 36","John Henry McCray Papers, 1929-1989","https://digital.library.sc.edu/collections/john-henry-mccray-papers-1929-1989/","University of South Carolina. South Caroliniana Library","Copyright Not Evaluated. For further information please contact The University of South Carolina, South Caroliniana Library, Columbia, SC 29208.","","Columbia, Richland County, South Carolina, United States","English","300ppi, 24-bit depth color, Epson Expression 10000 XL flatbed scanner with SilverFast scanning software, primary archival file is a TIFF","2016-08","text","image/jpeg","Documents (object genre)","mccrayjh02-11-033","","Josh Schutzenhofer","","2020-10-22","2020-10-22","http://cdm17173.contentdm.oclc.org/cdm/ref/collection/p17173coll38/id/825",825.0,"826.jp2","/p17173coll38/image/826.jp2","","JUNE  SAT.   3  SAT. 10  SAT. 17  SAT. 24  Owe  Pd.  Owe  Pd.  Owe  Pd.  Owe  Pd.  JULY  SAT.   1  SAT. 8  SAT. 15  SAT. 22  SAT. 29  Owe  Pd.  Owe  Pd.  Owe  Pd.  Owe  Pd.  Owe  Pd.  AUGUST  SAT.   5  SAT. 12  SAT. 19  SAT. 26  Owe  Pd.  Owe  Pd.  Owe  Pd.  Owe  Pd.  SEPTEMBER  SAT.   2  SAT. 9  SAT. 16  SAT. 23  SAT. 30  Owe  Pd.  Owe  Pd.  Owe  Pd.  Owe  Pd.  Owe  Pd.  OCTOBER  SAT.   7  SAT. 14  SAT. 21  SAT. 28  Owe  Pd.  Owe  Pd.  Owe  Pd.  Owe  Pd.  NAME  ADDRESS  DATE OF PAYMENT:",312,False,False,False,False,True,"[]","[]"
"Names and addresses, Page 1","","McCray, John Henry, 1910-1987","1946","","Manuscripts; Accession 11294.","The Lighthouse and Informer","","","Pages out of a small notebook with names and addresses on it.","1 item ; Page 1 of 2","John Henry McCray Papers, 1929-1989","https://digital.library.sc.edu/collections/john-henry-mccray-papers-1929-1989/","University of South Carolina. South Caroliniana Library","Copyright Not Evaluated. For further information please contact The University of South Carolina, South Caroliniana Library, Columbia, SC 29208.","Post-War America (1946-1954)","Columbia, Richland County, South Carolina, United States","English","300ppi, 24-bit depth color, Epson Expression 10000 XL flatbed scanner with SilverFast scanning software, primary archival file is a TIFF","2016-08","text","image/jpeg","Documents (object genre)","mccrayjh02-12-058","","Josh Schutzenhofer","","2020-10-22","2020-10-22","http://cdm17173.contentdm.oclc.org/cdm/ref/collection/p17173coll38/id/1067",1067.0,"1068.jp2","/p17173coll38/image/1068.jp2","1946","4",1,False,False,False,True,False,"['Low Char Count']","[]"
"Letter to Mr. McCray, May 23, 1945, Page 3","","McCray, John Henry, 1910-1987","1945-05-23 00:00:00","","Manuscripts; Accession 11294.","","","","A letter to Mr. McCray sent on May 23, 1945.","1 item ; Page 3 of 4","John Henry McCray Papers, 1929-1989","https://digital.library.sc.edu/collections/john-henry-mccray-papers-1929-1989/","University of South Carolina. South Caroliniana Library","Copyright Not Evaluated. For further information please contact The University of South Carolina, South Caroliniana Library, Columbia, SC 29208.","World War II (1939-1945)","Charleston, Charleston County, South Carolina, United States","English","300ppi, 24-bit depth color, Epson Expression 10000 XL flatbed scanner with SilverFast scanning software, primary archival file is a TIFF","2016-09","Text","image/jpeg","Documents (object genre)","mccrayjh02-24-050","","Joshua Schutzenhofer","","2021-09-17","2021-09-17","http://cdm17173.contentdm.oclc.org/cdm/ref/collection/p17173coll38/id/1925",1925.0,"1926.jp2","/p17173coll38/image/1926.jp2","1945","3",1,False,False,False,True,False,"['Low Char Count']","[]"
"The R. L. Bryan Company cash receipt, July 7, 1945","","McCray, John Henry, 1910-1987","1945-07-07 00:00:00","","Manuscripts; Accession 11294.","The R. L. Bryan Company","","","A cash receipt from the R. L. Bryan Company on July 7, 1945.","1 item","John Henry McCray Papers, 1929-1989","https://digital.library.sc.edu/collections/john-henry-mccray-papers-1929-1989/","University of South Carolina. South Caroliniana Library","Copyright Not Evaluated. For further information please contact The University of South Carolina, South Caroliniana Library, Columbia, SC 29208.","World War II (1939-1945)","Columbia, Richland County, South Carolina, United States","English","300ppi, 24-bit depth color, Epson Expression 10000 XL flatbed scanner with SilverFast scanning software, primary archival file is a TIFF","2016-09","Text","image/jpeg","Documents (object genre)","mccrayjh02-24-111","","Joshua Schutzenhofer","","2021-09-17","2021-09-17","http://cdm17173.contentdm.oclc.org/cdm/ref/collection/p17173coll38/id/1986",1986.0,"1987.jp2","/p17173coll38/image/1987.jp2","1945","The R. L. BRYAN COMPANY",19,False,False,False,True,False,"['Low Char Count']","[]"
"Document about the Democratic and Republican leadership, Page 2","","McCray, John Henry, 1910-1987","","","Manuscripts; Accession 11294.","Presidential Election","","","A document about the Democratic and Republican Party leadership.","1 item ; Page 2 of 2","John Henry McCray Papers, 1929-1989","https://digital.library.sc.edu/collections/john-henry-mccray-papers-1929-1989/","University of South Carolina. South Caroliniana Library","Copyright Not Evaluated. For further information please contact The University of South Carolina, South Caroliniana Library, Columbia, SC 29208.","Civil Rights Era (1955-1969)","","English","300ppi, 24-bit depth color, Epson Expression 10000 XL flatbed scanner with SilverFast scanning software, primary archival file is a TIFF","2016-08","text","image/jpeg","Documents (object genre)","mccrayjh03-01-082","","Joshua Schutzenhofer","","2021-09-17","2021-09-17","http://cdm17173.contentdm.oclc.org/cdm/ref/collection/p17173coll38/id/2071",2071.0,"2072.jp2","/p17173coll38/image/2072.jp2","","I",1,False,False,False,True,False,"['Low Char Count']","[]"
"Letter to John Henry McCray from Paulina Kackezon, May 19, 1944, Page 1","","McCray, John Henry, 1910-1987","1944-05-19 00:00:00","","Manuscripts; Accession 11294.","","","","A letter to John H. McCray from Paulina Kackezon sent on May 19, 1944.","1 item ; Page 1 of 2","John Henry McCray Papers, 1929-1989","https://digital.library.sc.edu/collections/john-henry-mccray-papers-1929-1989/","University of South Carolina. South Caroliniana Library","Copyright Not Evaluated. For further information please contact The University of South Carolina, South Caroliniana Library, Columbia, SC 29208.","World War II (1939-1945)","Augusta, Richmond County, Georgia, United States","English","300ppi, 24-bit depth color, Epson Expression 10000 XL flatbed scanner with SilverFast scanning software, primary archival file is a TIFF","2016-08","text","image/jpeg","Documents (object genre)","mccrayjh02-21-016","","Joshua Schutzenhofer","","2021-09-17","2021-09-17","http://cdm17173.contentdm.oclc.org/cdm/ref/collection/p17173coll38/id/2088",2088.0,"2089.jp2","/p17173coll38/image/2089.jp2","1944","Γûá",3,True,False,False,True,False,"['Special Char Artifacts', 'Low Char Count']","['Γûá']"
"The R. L. Bryan Company cash sale receipt, The Lighthouse and Informer, May 28, 1946","","McCray, John Henry, 1910-1987","1946-05-28 00:00:00","","Manuscripts; Accession 11294.","The R. L. Bryan Company","","","A cash sale receipt from the R. L. Bryan Company to the Lighthouse and Informer from May 28, 1946.","1 item","John Henry McCray Papers, 1929-1989","https://digital.library.sc.edu/collections/john-henry-mccray-papers-1929-1989/","University of South Carolina. South Caroliniana Library","Copyright Not Evaluated. For further information please contact The University of South Carolina, South Caroliniana Library, Columbia, SC 29208.","Post-War America (1946-1954)","Columbia, Richland County, South Carolina, United States","English","300ppi, 24-bit depth color, Epson Expression 10000 XL flatbed scanner with SilverFast scanning software, primary archival file is a TIFF","2016-09","Text","image/jpeg","Documents (object genre)","mccrayjh02-25-127","","Joshua Schutzenhofer","","2022-02-25","2022-02-25","http://cdm17173.contentdm.oclc.org/cdm/ref/collection/p17173coll38/id/2278",2278.0,"2279.jp2","/p17173coll38/image/2279.jp2","1946","The R. L. BRYAN COMPANY",19,False,False,False,True,False,"['Low Char Count']","[]"
"Change Sheet","","McCray, John Henry, 1910-1987","","","Manuscripts; Accession 11294.","Afro-American Newspaper Company","","","A change sheet from the Afro-American Newspaper Company.","1 item","John Henry McCray Papers, 1929-1989","https://digital.library.sc.edu/collections/john-henry-mccray-papers-1929-1989/","University of South Carolina. South Caroliniana Library","Copyright Not Evaluated. For further information please contact The University of South Carolina, South Caroliniana Library, Columbia, SC 29208.","Civil Rights Era (1955-1969)","South Carolina, United States","English","300ppi, 24-bit depth color, Epson Expression 10000 XL flatbed scanner with SilverFast scanning software, primary archival file is a TIFF","2016-06-15 00:00:00","Text","image/jpeg","Documents (object genre)","mccrayjh01-27-026","","Joshua Schutzenhofer","","2021-10-07","2021-10-07","http://cdm17173.contentdm.oclc.org/cdm/ref/collection/p17173coll38/id/2368",2368.0,"2369.jp2","/p17173coll38/image/2369.jp2","","CHANGE SHEET    STATE    LAST    WEEK    THIS    WEEK",32,False,False,False,False,True,"[]","[]"
"Change Sheet, September 6, 1958","","McCray, John Henry, 1910-1987","1958-09-06 00:00:00","","Manuscripts; Accession 11294.","The Afro-American Newspaper Company","","","A change sheet with 5 names for the week of September 6, 1958.","1 item","John Henry McCray Papers, 1929-1989","https://digital.library.sc.edu/collections/john-henry-mccray-papers-1929-1989/","University of South Carolina. South Caroliniana Library","Copyright Not Evaluated. For further information please contact The University of South Carolina, South Caroliniana Library, Columbia, SC 29208.","Civil Rights Era (1955-1969)","South Carolina, United States","English","300ppi, 24-bit depth color, Epson Expression 10000 XL flatbed scanner with SilverFast scanning software, primary archival file is a TIFF","2016-06-20 00:00:00","Text","image/jpeg","Documents (object genre)","mccrayjh01-29-006","","Joshua Schutzenhofer","","2021-10-21","2021-10-21","http://cdm17173.contentdm.oclc.org/cdm/ref/collection/p17173coll38/id/2554",2554.0,"2555.jp2","/p17173coll38/image/2555.jp2","1958","CHANGE SHEET",11,False,False,False,True,False,"['Low Char Count']","[]"
"Change Sheet, September 13, 1958","","McCray, John Henry, 1910-1987","1958-09-13 00:00:00","","Manuscripts; Accession 11294.","The Afro-American Newspaper Company","","","A change sheet for the week ending September 13, 1958.","1 item","John Henry McCray Papers, 1929-1989","https://digital.library.sc.edu/collections/john-henry-mccray-papers-1929-1989/","University of South Carolina. South Caroliniana Library","Copyright Not Evaluated. For further information please contact The University of South Carolina, South Caroliniana Library, Columbia, SC 29208.","Civil Rights Era (1955-1969)","South Carolina, United States","English","300ppi, 24-bit depth color, Epson Expression 10000 XL flatbed scanner with SilverFast scanning software, primary archival file is a TIFF","2016-06-20 00:00:00","Text","image/jpeg","Documents (object genre)","mccrayjh01-29-023","","Joshua Schutzenhofer","","2021-10-21","2021-10-21","http://cdm17173.contentdm.oclc.org/cdm/ref/collection/p17173coll38/id/2571",2571.0,"2572.jp2","/p17173coll38/image/2572.jp2","1958","CHANGE SHEET",11,False,False,False,True,False,"['Low Char Count']","[]"
"Change Sheet 2/7/1959","","McCray, John Henry, 1910-1987","1959-02-07 00:00:00","","Manuscripts; Accession 11294.","The Afro-American Newspaper Company","","","A change sheet for the week ending February 7, 1959.","1 item","John Henry McCray Papers, 1929-1989","https://digital.library.sc.edu/collections/john-henry-mccray-papers-1929-1989/","University of South Carolina. South Caroliniana Library","Copyright Not Evaluated. For further information please contact The University of South Carolina, South Caroliniana Library, Columbia, SC 29208.","Civil Rights Era (1955-1969)","South Carolina, United States","English","300ppi, 24-bit depth color, Epson Expression 10000 XL flatbed scanner with SilverFast scanning software, primary archival file is a TIFF","2016-06-20 00:00:00","Text","image/jpeg","Documents (object genre)","mccrayjh01-30-041","","Joshua Schutzenhofer","","2021-10-28","2021-10-28","http://cdm17173.contentdm.oclc.org/cdm/ref/collection/p17173coll38/id/2703",2703.0,"2704.jp2","/p17173coll38/image/2704.jp2","1959","CHANGE SHEET    STATE    LAST    WEEK    THIS    WEEK",32,False,False,False,False,True,"[]","[]"
"Change Sheet, April 9, 1960","","McCray, John Henry, 1910-1987","1960-04-09 00:00:00","","Manuscripts; Accession 11294.","The Pittsburgh Courier","","","A change sheet of the Pittsburgh Courier for the week ending April 9, 1960.","1 item","John Henry McCray Papers, 1929-1989","https://digital.library.sc.edu/collections/john-henry-mccray-papers-1929-1989/","University of South Carolina. South Caroliniana Library","Copyright Not Evaluated. For further information please contact The University of South Carolina, South Caroliniana Library, Columbia, SC 29208.","Civil Rights Era (1955-1969)","South Carolina, United States","English","300ppi, 24-bit depth color, Epson Expression 10000 XL flatbed scanner with SilverFast scanning software, primary archival file is a TIFF","2016-06-30 00:00:00","Text","image/jpeg","Documents (object genre)","mccrayjh01-32-093","","Joshua Schutzenhofer","","2021-11-03","2021-11-03","http://cdm17173.contentdm.oclc.org/cdm/ref/collection/p17173coll38/id/2864",2864.0,"2865.jp2","/p17173coll38/image/2865.jp2","1960","CHANGE SHEET",11,False,False,False,True,False,"['Low Char Count']","[]"
"John Henry McCray Notes, Page 50","","McCray, John Henry, 1910-1987","","","Manuscripts; Accession 11294.","The Pittsburgh Courier","","","A notebook filled with notes by John H. McCray.","1 item ; Page 50 of 71","John Henry McCray Papers, 1929-1989","https://digital.library.sc.edu/collections/john-henry-mccray-papers-1929-1989/","University of South Carolina. South Caroliniana Library","Copyright Not Evaluated. For further information please contact The University of South Carolina, South Caroliniana Library, Columbia, SC 29208.","Civil Rights Era (1955-1969)","","English","300ppi, 24-bit depth color, Epson Expression 10000 XL flatbed scanner with SilverFast scanning software, primary archival file is a TIFF","2016-06-30 00:00:00","Text","image/jpeg","Documents (object genre)","mccrayjh01-32-175","","Joshua Schutzenhofer","","2021-11-03","2021-11-03","http://cdm17173.contentdm.oclc.org/cdm/ref/collection/p17173coll38/id/2946",2946.0,"2947.jp2","/p17173coll38/image/2947.jp2","","1",1,False,False,False,True,False,"['Low Char Count']","[]"
"Circulation Department Returns and Allowances, January 1, 1960","","McCray, John Henry, 1910-1987","1960-01-09 00:00:00","","Manuscripts; Accession 11294.","The Pittsburgh Courier","","","The returns and allowances of the circulation department for the week ending January 9, 1960.","1 item","John Henry McCray Papers, 1929-1989","https://digital.library.sc.edu/collections/john-henry-mccray-papers-1929-1989/","University of South Carolina. South Caroliniana Library","Copyright Not Evaluated. For further information please contact The University of South Carolina, South Caroliniana Library, Columbia, SC 29208.","Civil Rights Era (1955-1969)","Baltimore, Maryland, United States;South Carolina, United States","English","300ppi, 24-bit depth color, Epson Expression 10000 XL flatbed scanner with SilverFast scanning software, primary archival file is a TIFF","2016-06-30 00:00:00","Text","image/jpeg","Documents (object genre)","mccrayjh01-33-002","","Joshua Schutzenhofer","","2021-11-03","2021-11-03","http://cdm17173.contentdm.oclc.org/cdm/ref/collection/p17173coll38/id/2970",2970.0,"2971.jp2","/p17173coll38/image/2971.jp2","1960","THE AFRO-AMERICAN CO.    EXPLANATION OF OTHER ALLOWANCES    APPROVED BY    CHECKED BY    ENTERED BY",75,False,False,False,False,True,"[]","[]"
"South Carolina Democratic Digest Vol. 3, May 1950, No. 6, Page 3","","McCray, John Henry, 1910-1987","","","Manuscripts; Accession 11294.","South Carolina Democratic Digest","","","The South Carolina Democratic Digest Vol. 3, May 1950, No. 6.","1 item ; Page 3 of 4","John Henry McCray Papers, 1929-1989","https://digital.library.sc.edu/collections/john-henry-mccray-papers-1929-1989/","University of South Carolina. South Caroliniana Library","Copyright Not Evaluated. For further information please contact The University of South Carolina, South Caroliniana Library, Columbia, SC 29208.","Post-War America (1946-1954)","Columbia, Richland County, South Carolina, United States","English","300ppi, 24-bit depth color, Epson Expression 10000 XL flatbed scanner with SilverFast scanning software, primary archival file is a TIFF","2016-08","Text","image/jpeg","Documents (object genre)","mccrayjh02-29-015","","Joshua Schutzenhofer","","2021-11-04","2021-11-04","http://cdm17173.contentdm.oclc.org/cdm/ref/collection/p17173coll38/id/3305",3305.0,"3306.jp2","/p17173coll38/image/3306.jp2","","Page 3    Arthur J. Clement, Jr., is the  first Negro candidate for Congress  in this century to run in a South  Carolina Democratic Primary.  When qualifying he is reported to  have handed J. M. Smith, party  secretary, 500 old one dollar bills,  in a bundle. It took Mr. Smith ten  minutes to count the money.    More than a few white people  living in the First District are op┬¼  posed to Mr. Rivers. It was thought  up to the last minute that some  white candidate would qualify  against him. Clement waited until  just before the dead-line. Had  some white candidate qualified, he  may or may not have qualified.    He stated later that he would  wage the campaign strictly on is┬¼  sues, and would not inject the race  issue into the campaign. He  promised not to appeal for Bloc  Negro votes or Bloc white votes,  but to make his appeal on his plat┬¼  form and the issues involved.    REGISTRATION: The right to  vote is a sacred right, because it  has been inherent in GodΓÇÖs creation  of man that man should direct his  own destiny without coercion and  intimidation or dictatorship from  others.    When citizens deliberately pro┬¼  crastinate, delay, and fail to  vote ΓÇö they are throwing away  their God-given rights.    They are also making a mockery  of the fact that millions of the  worldΓÇÖs youth have died in battle  during the past few years, fighting  to save this very freedom ΓÇö and  to safeguard the right to vote.    No citizen who fails to qualify  to vote should ever be hypocrite  enough to say a word of praise for  those who died fighting for democ┬¼  racy. By the very act of refusing  to qualify to vote a citizen says,  ΓÇ£Those who fought for democracy  were plain fools.ΓÇ¥    If the above language is not  strong enough to stir you up to  register ΓÇö and to get others to  register ΓÇö then think up some of  your own.    Democracy will die unless there  are those who are willing to live  and work for democracy. You wonΓÇÖt  be allowed to vote in the July Pri┬¼  mary unless you have your regis┬¼  tration certificate.    HOW TO QUALIFY TO VOTE:    1. Go to your county Court House,  Monday through Saturday, 9  A. M.-5 P. M.    2. Inquire there where BOARD    OF REGISTRATION meets.  Go to the room.    3. Ask Board member for regis┬¼  tration certificate.    WHAT TO DO: Be able to read  AND write any section of the con┬¼  stitution, OR be ready to show that  you have paid taxes in the im┬¼  mediate past tax year on property  assessed at $300.00 in South Caro┬¼  lina.    Most counties will have books  located in precincts for a week or  ten days. But donΓÇÖt wait for this.  Go to your County Court House to┬¼  day ΓÇö unless it is Sunday.    RESIDENCE REQUIRE-  MENTS: Must have lived in state  two years; in county one year; in  election district four months before  any election; or if you moved into  your present home after March 10,  1950, you will have to vote in your  old election district, where your  registration certificate shows ΓÇöor  not vote at all. You must have  registration certificate changed at  court house to show new district  and new place of residence if you  moved out of election district prior  to March 10, 1950.    LIBERAL PARTY IN SOUTH  CAROLINA: The hope for a  liberal party in South Carolina,  long nourished by a few, is grow┬¼  ing in power. Today there are  hundreds where yesterday there  were only dozens; tomorrow there  will be thousands where today  there are hundreds. The trend is  in that direction.    What is liberalism? There are  as many definitions as there are  people. It is like any definitionΓÇö  because no two human minds are  alike, no two definitions can pos┬¼  sibly be alike. Our definition of  liberalism is: The political phil┬¼  osophy which holds that man is  created by a Supreme Being whom  we call God, for a definite purpose;  that man is GodΓÇÖs highest creation  on earth; that all material re┬¼  sources are means to the end of  helping mankind find happiness,  and spiritual growth; that human  personality is the most valuable  thing on earth; that the Brother┬¼  hood of Man is a desirable end  towards which mankind can work  with GodΓÇÖs help; that reason, toler┬¼  ance, and the power of persuasion  ought to be used in settling differ┬¼  ences of opinion; that respect for  the rights, opinions, and convic┬¼  tions of others is inherent in the  dignity of man; that all barriers  to the full and free growth of the  individual human personality must  be torn down, so that every baby    born shall have an equal oppor┬¼  tunity to become the best he or she  is capable of becoming, and so en┬¼  rich the world by a richer personal┬¼  ity and thus help draw mankind a  little nearer to the attainment of  the not yet understood destiny that  is ours.    WALLACE-WISE: It is a rule  of South Carolina politics that  people will return to office again  and again a candidate, but will re┬¼  fuse to elect him to some other of┬¼  fice.    Mr. Wise is opposing incumbent  O. T. Wallace for the Senate seat  from Charleston County. We donΓÇÖt,  as a rule, dabble in county or city  politics even to the extent of men┬¼  tioning the candidates ΓÇö but this  race we will watch with interest to  see whether the old rule works or  not.    For seventy-five years South  Carolina has been ruled by a  HIERARCHY, which sometimes  has been formed of a PLANTER  ARISTOCRACY, sometimes of a  MANUFACTURERS and BANK┬¼  ERS aristocracy, sometimes of  both; sometimes of a LEGISLA┬¼  TIVE MINORITY. We are now  in the last of these eras.    Of Senator Edgar Brown, Chair┬¼  man of the South Carolina Senate  Finance Committee, we ask: ΓÇ£Why  do South Carolinians pay over a  million dollars a year in bottled  drink (stamped crown) taxes  which never reach the state treas┬¼  ury? Why cannot this leak be  plugged, now, while our state so  desperately needs revenue?ΓÇ¥    Of our State Legislature we ask:  Whereas South Carolina has the  best roads in the South, and among  the worst schools ΓÇö how much  longer must we continue to spend  ten or twelve million dollars a year  MORE for roads than we spend  for SCHOOLS?    CAN YOU HAVE YOUR CAKE  AND EAT IT TOO? The S. C.  Democratic Party Convention  meeting in Columbia confirmed the  bolt from the National Party, then  re-named Senator Burnet Maybank  and Mrs. Ann Agnew to the Na┬¼  tional Party Executive Committee.  If this is consistency, then gold is  lead and up is down and July comes  at Christmas.    UNPUBLISHED STORIES:  Among the unpublished stories  that will one day be told: How the  National Party sold down the river",5220,True,False,False,False,False,"['Special Char Artifacts']","['┬¼', '┬¼', '┬¼', 'ΓÇÖ', '┬¼', 'ΓÇö', 'ΓÇÖ', 'ΓÇö', '┬¼', 'ΓÇ£', 'ΓÇ¥', 'ΓÇö', 'ΓÇö', 'ΓÇÖ', '┬¼', '┬¼', '┬¼', '┬¼', '┬¼', '┬¼', 'ΓÇÖ', '┬¼', 'ΓÇö', 'ΓÇö', '┬¼', 'ΓÇö', '┬¼', '┬¼', 'ΓÇÖ', '┬¼', '┬¼', 'ΓÇÖ', '┬¼', '┬¼', '┬¼', '┬¼', '┬¼', '┬¼', '┬¼', '┬¼', 'ΓÇÖ', '┬¼', 'ΓÇö', '┬¼', '┬¼', '┬¼', 'ΓÇ£', '┬¼', 'ΓÇ¥', 'ΓÇö', '┬¼']"
"South Carolina Democratic Digest Vol. 1, May 1950, No. 6, Page 3","","McCray, John Henry, 1910-1987","","","Manuscripts; Accession 11294.","South Carolina Democratic Digest","","","The South Carolina Democratic Digest Vol. 1, May 1950, No. 6.","1 item ; Page 3 of 4","John Henry McCray Papers, 1929-1989","https://digital.library.sc.edu/collections/john-henry-mccray-papers-1929-1989/","University of South Carolina. South Caroliniana Library","Copyright Not Evaluated. For further information please contact The University of South Carolina, South Caroliniana Library, Columbia, SC 29208.","Post-War America (1946-1954)","Columbia, Richland County, South Carolina, United States","English","300ppi, 24-bit depth color, Epson Expression 10000 XL flatbed scanner with SilverFast scanning software, primary archival file is a TIFF","2016-08","Text","image/jpeg","Documents (object genre)","mccrayjh02-29-031","","Joshua Schutzenhofer","","2021-11-04","2021-11-04","http://cdm17173.contentdm.oclc.org/cdm/ref/collection/p17173coll38/id/3321",3321.0,"3322.jp2","/p17173coll38/image/3322.jp2","","Page 3    Arthur J. Clement, Jr., is the  first Negro candidate for Congress  in this century to run in a South  Carolina Democratic Primary.  When qualifying he is reported to  have handed J. M. Smith, party  secretary, 500 old one dollar bills,  in a bundle. It took Mr. Smith ten  minutes to count the money.    More than a few white people  living in the First District are op┬¼  posed to Mr. Rivers. It was thought  up to the last minute that some  white candidate would qualify  against him. Clement waited until  just before the dead-line. Had  some white candidate qualified, he  may or may not have qualified.    He stated later that he would  wage the campaign strictly on is┬¼  sues, and would not inject the race  issue into the campaign. He  promised not to appeal for Bloc  Negro votes or Bloc white votes,  but to make his appeal on his plat┬¼  form and the issues involved.    REGISTRATION: The right to  vote is a sacred right, because it  has been inherent in GodΓÇÖs creation  of man that man should direct his  own destiny without coercion and  intimidation or dictatorship from  others.    When citizens deliberately pro┬¼  crastinate, delay, and fail to  vote ΓÇö they are throwing away  their God-given rights.    They are also making a mockery  of the fact that millions of the  worldΓÇÖs youth have died in battle  during the past few years, fighting  to save this very freedom ΓÇö and  to safeguard the right to vote.    No citizen who fails to qualify  to vote should ever be hypocrite  enough to say a word of praise for  those who died fighting for democ┬¼  racy. By the very act of refusing  to qualify to vote a citizen says,  ΓÇ£Those who fought for democracy  were plain fools.ΓÇ¥    If the above language is not  strong enough to stir you up to  register ΓÇö and to get others to  register ΓÇö then think up some of  your own.    Democracy will die unless there  are those who are willing to live  and work for democracy. You wonΓÇÖt  be allowed to vote in the July Pri┬¼  mary unless you have your regis┬¼  tration certificate.    HOW TO QUALIFY TO VOTE:    1. Go to your county Court House,  Monday through Saturday, 9  A. M.-5 P. M.    2. Inquire there where BOARD    OF REGISTRATION meets.  Go to the room.    3. Ask Board member for regis┬¼  tration certificate.    WHAT TO DO: Be able to read  AND write any section of the con┬¼  stitution, OR be ready to show that  you have paid taxes in the im┬¼  mediate past tax year on property  assessed at $300.00 in South Caro┬¼  lina.    Most counties will have books  located in precincts for a week or  ten days. But donΓÇÖt wait for this.  Go to your County Court House to┬¼  day ΓÇö unless it is Sunday.    RESIDENCE REQUIRE-  MENTS: Must have lived in state  two years; in county one year; in  election district four months before  any election; or if you moved into  your present home after March 10,  1950, you will have to vote in your  old election district, where your  registration certificate shows ΓÇöor  not vote at all. You must have  registration certificate changed at  court house to show new district  and new place of residence if you  moved out of election district prior  to March 10, 1950.    LIBERAL PARTY IN SOUTH  CAROLINA: The hope for a  liberal party in South Carolina,  long nourished by a few, is grow┬¼  ing in power. Today there are  hundreds where yesterday there  were only dozens; tomorrow there  will be thousands where today  there are hundreds. The trend is  in that direction.    What is liberalism? There are  as many definitions as there are  people. It is like any definitionΓÇö  because no two human minds are  alike, no two definitions can pos┬¼  sibly be alike. Our definition of  liberalism is: The political phil┬¼  osophy which holds that man is  created by a Supreme Being whom  we call God, for a definite purpose;  that man is GodΓÇÖs highest creation  on earth; that all material re┬¼  sources are means to the end of  helping mankind find happiness,  and spiritual growth; that human  personality is the most valuable  thing on earth; that the Brother┬¼  hood of Man is a desirable end  towards which mankind can work  with GodΓÇÖs help; that reason, toler┬¼  ance, and the power of persuasion  ought to be used in settling differ┬¼  ences of opinion; that respect for  the rights, opinions, and convic┬¼  tions of others is inherent in the  dignity of man; that all barriers  to the full and free growth of the  individual human personality must  be torn down, so that every baby    born shall have an equal oppor┬¼  tunity to become the best he or she  is capable of becoming, and so en┬¼  rich the world by a richer personal┬¼  ity and thus help draw mankind a  little nearer to the attainment of  the not yet understood destiny that  is ours.    WALLACE-WISE: It is a rule  of South Carolina politics that  people will return to office again  and again a candidate, but will re┬¼  fuse to elect him to some other of┬¼  fice.    Mr. Wise is opposing incumbent  O. T. Wallace for the Senate seat  from Charleston County. We donΓÇÖt,  as a rule, dabble in county or city  politics even to the extent of men┬¼  tioning the candidates ΓÇö but this  race we will watch with interest to  see whether the old rule works or  not.    For seventy-five years South  Carolina has been ruled by a  HIERARCHY, which sometimes  has been formed of a PLANTER  ARISTOCRACY, sometimes of a  MANUFACTURERS and BANK┬¼  ERS aristocracy, sometimes of  both; sometimes of a LEGISLA┬¼  TIVE MINORITY. We are now  in the last of these eras.    Of Senator Edgar Brown, Chair┬¼  man of the South Carolina Senate  Finance Committee, we ask: ΓÇ£Why  do South Carolinians pay over a  million dollars a year in bottled  drink (stamped crown) taxes  which never reach the state treas┬¼  ury? Why cannot this leak be  plugged, now, while our state so  desperately needs revenue?ΓÇ¥    Of our State Legislature we ask:  Whereas South Carolina has the  best roads in the South, and among  the worst schools ΓÇö how much  longer must we continue to spend  ten or twelve million dollars a year  MORE for roads than we spend  for SCHOOLS?    CAN YOU HAVE YOUR CAKE  AND EAT IT TOO? The S. C.  Democratic Party Convention  meeting in Columbia confirmed the  bolt from the National Party, then  re-named Senator Burnet Maybank  and Mrs. Ann Agnew to the Na┬¼  tional Party Executive Committee.  If this is consistency, then gold is  lead and up is down and July comes  at Christmas.    UNPUBLISHED STORIES:  Among the unpublished stories  that will one day be told: How the  National Party sold down the river",5220,True,False,False,False,False,"['Special Char Artifacts']","['┬¼', '┬¼', '┬¼', 'ΓÇÖ', '┬¼', 'ΓÇö', 'ΓÇÖ', 'ΓÇö', '┬¼', 'ΓÇ£', 'ΓÇ¥', 'ΓÇö', 'ΓÇö', 'ΓÇÖ', '┬¼', '┬¼', '┬¼', '┬¼', '┬¼', '┬¼', 'ΓÇÖ', '┬¼', 'ΓÇö', 'ΓÇö', '┬¼', 'ΓÇö', '┬¼', '┬¼', 'ΓÇÖ', '┬¼', '┬¼', 'ΓÇÖ', '┬¼', '┬¼', '┬¼', '┬¼', '┬¼', '┬¼', '┬¼', '┬¼', 'ΓÇÖ', '┬¼', 'ΓÇö', '┬¼', '┬¼', '┬¼', 'ΓÇ£', '┬¼', 'ΓÇ¥', 'ΓÇö', '┬¼']"
"Democratic Party of South Carolina, State Ballot, July 11, 1950","","McCray, John Henry, 1910-1987","1950-07-11 00:00:00","","Manuscripts; Accession 11294.","Democratic Primary Election","","","A party ballot of the Democratic Party of South Carolina for the Democratic Primary Election on July 11, 1950.","1 item","John Henry McCray Papers, 1929-1989","https://digital.library.sc.edu/collections/john-henry-mccray-papers-1929-1989/","University of South Carolina. South Caroliniana Library","Copyright Not Evaluated. For further information please contact The University of South Carolina, South Caroliniana Library, Columbia, SC 29208.","Post-War America (1946-1954)","South Carolina, United States","English","300ppi, 24-bit depth color, Epson Expression 10000 XL flatbed scanner with SilverFast scanning software, primary archival file is a TIFF","2016-08","Text","image/jpeg","Documents (object genre)","mccrayjh02-29-047","","Joshua Schutzenhofer","","2021-11-04","2021-11-04","http://cdm17173.contentdm.oclc.org/cdm/ref/collection/p17173coll38/id/3337",3337.0,"3338.jp2","/p17173coll38/image/3338.jp2","1950","DEMOCRATIC PARTY  of  SOUTH CAROLINA    STATE BALLOT    Democratic Primary Election,  July 11, 1950    For United States Senate  (Vote for one, scratch other)  OLIN D. JOHNSTON    J. STROM THURMOND    For Governor    (Vote for one, scratch others)  LESTER L. BATES  JAMES F. BYRNES  THOMAS H. POPE  MARCUS A. STONE    For Lieutenant Governor  (Vote for one, scratch other)    FRANK C. OWENS    GEO. BELL TIMMERMAN, JR.    For Secretary of State  (Vote for one, scratch other)    P. T. BRADHAM    O. FRANK THORNTON    For Attorney General  (Vote for one, scratch others)    T. C. CALLISON    LONNIE D. CAUSEY    CHARLES N. PLOWDEN    For Commissioner of Agriculture  (Vote for one, scratch other)    A. W. BETHEA    J. ROY JONES",549,False,False,False,False,True,"[]","[]"
"Check of $20, Progressive Democrats, April 29, 1956","","McCray, John Henry, 1910-1987","1956-04-29 00:00:00","","Manuscripts; Accession 11294.","","","","A check of $20 to the Progressive Democrats made on April 29, 1956.","1 item","John Henry McCray Papers, 1929-1989","https://digital.library.sc.edu/collections/john-henry-mccray-papers-1929-1989/","University of South Carolina. South Caroliniana Library","Copyright Not Evaluated. For further information please contact The University of South Carolina, South Caroliniana Library, Columbia, SC 29208.","Civil Rights Era (1955-1969)","Columbia, Richland County, South Carolina, United States","English","300ppi, 24-bit depth color, Epson Expression 10000 XL flatbed scanner with SilverFast scanning software, primary archival file is a TIFF","2016-08","Text","image/jpeg","Documents (object genre)","mccrayjh02-31-129","","Joshua Schutzenhofer","","2021-11-05","2021-11-05","http://cdm17173.contentdm.oclc.org/cdm/ref/collection/p17173coll38/id/3593",3593.0,"3594.jp2","/p17173coll38/image/3594.jp2","1956","IBM I65644X",10,False,False,False,True,False,"['Low Char Count']","[]"
"Document with a list of names, March 28, 1958, Page 3","","McCray, John Henry, 1910-1987","1958-03-28 00:00:00","","Manuscripts; Accession 11294.","","","","A document with a list of names made on March 28, 1958.","1 item ; Page 3 of 4","John Henry McCray Papers, 1929-1989","https://digital.library.sc.edu/collections/john-henry-mccray-papers-1929-1989/","University of South Carolina. South Caroliniana Library","Copyright Not Evaluated. For further information please contact The University of South Carolina, South Caroliniana Library, Columbia, SC 29208.","Civil Rights Era (1955-1969)","","English","300ppi, 24-bit depth color, Epson Expression 10000 XL flatbed scanner with SilverFast scanning software, primary archival file is a TIFF","2016-08","Text","image/jpeg","Documents (object genre)","mccrayjh02-32-017","","Joshua Schutzenhofer","","2021-11-05","2021-11-05","http://cdm17173.contentdm.oclc.org/cdm/ref/collection/p17173coll38/id/3649",3649.0,"3650.jp2","/p17173coll38/image/3650.jp2","1958","J",1,False,False,False,True,False,"['Low Char Count']","[]"
"Letter to Mr. John Henry McCray, October 2, 1944","","McCray, John Henry, 1910-1987","1944-10-01 00:00:00","","Manuscripts; Accession 11294.","","","","A letter to Mr. John H. McCray sent on October 2, 1944.","1 item","John Henry McCray Papers, 1929-1989","https://digital.library.sc.edu/collections/john-henry-mccray-papers-1929-1989/","University of South Carolina. South Caroliniana Library.","For further information please contact University of South Carolina, South Caroliniana Library, Columbia, SC 29208.","World War II (1939-1945)","Conway, Horry County, South Carolina, United States","English","300ppi, 24-bit depth color, Epson Expression 10000 XL flatbed scanner with SilverFast scanning software, primary archival file is a TIFF","2016-10","Text","image/jpeg","Documents (object genre)","mccrayjh04-01-003","","Joshua Schutzenhofer","","2021-11-09","2021-11-09","http://cdm17173.contentdm.oclc.org/cdm/ref/collection/p17173coll38/id/3688",3688.0,"3950.jp2","/p17173coll38/image/3950.jp2","1944","I",1,False,False,False,True,False,"['Low Char Count']","[]"
"Letter from Geraldine Johnson, November 12, 1944, Page 2","","McCray, John Henry, 1910-1987","1944-11-11 00:00:00","","Manuscripts; Accession 11294.","","","","A letter from Geraldine Johnson sent on November 12, 1944.","1 item ; Page 2 of 2","John Henry McCray Papers, 1929-1989","https://digital.library.sc.edu/collections/john-henry-mccray-papers-1929-1989/","University of South Carolina. South Caroliniana Library.","For further information please contact University of South Carolina, South Caroliniana Library, Columbia, SC 29208.","World War II (1939-1945)","Conway, Horry County, South Carolina, United States","English","300ppi, 24-bit depth color, Epson Expression 10000 XL flatbed scanner with SilverFast scanning software, primary archival file is a TIFF","2016-10","Text","image/jpeg","Documents (object genre)","mccrayjh04-01-009","","Joshua Schutzenhofer","","2021-11-09","2021-11-09","http://cdm17173.contentdm.oclc.org/cdm/ref/collection/p17173coll38/id/3694",3694.0,"3956.jp2","/p17173coll38/image/3956.jp2","1944","0",1,False,False,False,True,False,"['Low Char Count']","[]"
"Letter to the Progressive Democratic Party from Reverand S. A. Williams, July 30, 1946","","McCray, John Henry, 1910-1987","1946-07-29 00:00:00","","Manuscripts; Accession 11294.","","","","A letter to the Progressive Democratic Party from Reverand S. A. Williams sent on July 30, 1946.","1 item","John Henry McCray Papers, 1929-1989","https://digital.library.sc.edu/collections/john-henry-mccray-papers-1929-1989/","University of South Carolina. South Caroliniana Library.","For further information please contact University of South Carolina, South Caroliniana Library, Columbia, SC 29208.","Post-War America (1946-1954)","Hardeeville, Jasper County, South Carolina, United States","English","300ppi, 24-bit depth color, Epson Expression 10000 XL flatbed scanner with SilverFast scanning software, primary archival file is a TIFF","2016-10","Text","image/jpeg","Documents (object genre)","mccrayjh04-02-006","","Joshua Schutzenhofer","","2021-11-09","2021-11-09","http://cdm17173.contentdm.oclc.org/cdm/ref/collection/p17173coll38/id/3732",3732.0,"3994.jp2","/p17173coll38/image/3994.jp2","1946","/",1,False,False,False,True,False,"['Low Char Count']","[]"
"Letter to the Progressive Democratic Party from Reverand S. A. Williams, August 30, 1946, Page 1","","McCray, John Henry, 1910-1987","1946-08-02 00:00:00","","Manuscripts; Accession 11294.","","","","A letter to the Progressive Democratic Party from Reverand S. A. Williams sent on August 3, 1946.","1 item ; Page 1 of 2","John Henry McCray Papers, 1929-1989","https://digital.library.sc.edu/collections/john-henry-mccray-papers-1929-1989/","University of South Carolina. South Caroliniana Library.","For further information please contact University of South Carolina, South Caroliniana Library, Columbia, SC 29208.","Post-War America (1946-1954)","Hardeeville, Jasper County, South Carolina, United States","English","300ppi, 24-bit depth color, Epson Expression 10000 XL flatbed scanner with SilverFast scanning software, primary archival file is a TIFF","2016-10","Text","image/jpeg","Documents (object genre)","mccrayjh04-02-007","","Joshua Schutzenhofer","","2021-11-09","2021-11-09","http://cdm17173.contentdm.oclc.org/cdm/ref/collection/p17173coll38/id/3733",3733.0,"3995.jp2","/p17173coll38/image/3995.jp2","1946","i",1,False,False,False,True,False,"['Low Char Count']","[]"
"Letter to Mr. John Henry McCray from Reverand S. A. Williams, August 12, 1946, Page 2","","McCray, John Henry, 1910-1987","1946-08-11 00:00:00","","Manuscripts; Accession 11294.","","","","A letter to Mr. John H. McCray from Reverand S. A. Williams sent on August 12, 1946.","1 item ; Page 2 of 3","John Henry McCray Papers, 1929-1989","https://digital.library.sc.edu/collections/john-henry-mccray-papers-1929-1989/","University of South Carolina. South Caroliniana Library.","For further information please contact University of South Carolina, South Caroliniana Library, Columbia, SC 29208.","Post-War America (1946-1954)","Hardeeville, Jasper County, South Carolina, United States","English","300ppi, 24-bit depth color, Epson Expression 10000 XL flatbed scanner with SilverFast scanning software, primary archival file is a TIFF","2016-10","Text","image/jpeg","Documents (object genre)","mccrayjh04-02-015","","Joshua Schutzenhofer","","2021-11-09","2021-11-09","http://cdm17173.contentdm.oclc.org/cdm/ref/collection/p17173coll38/id/3741",3741.0,"4003.jp2","/p17173coll38/image/4003.jp2","1946","4",1,False,False,False,True,False,"['Low Char Count']","[]"
"Names of People Registered, February 2, 1948, Page 2","","McCray, John Henry, 1910-1987","1948-02-02 00:00:00","","Manuscripts; Accession 11294.","","","","A list of the names of people that registered on February 2, 1948 to vote.","1 item ; Page 2 of 3","John Henry McCray Papers, 1929-1989","https://digital.library.sc.edu/collections/john-henry-mccray-papers-1929-1989/","University of South Carolina. South Caroliniana Library.","For further information please contact University of South Carolina, South Caroliniana Library, Columbia, SC 29208.","","","English","300ppi, 24-bit depth color, Epson Expression 10000 XL flatbed scanner with SilverFast scanning software, primary archival file is a TIFF","2016-10","Text","image/jpeg","Documents (object genre)","mccrayjh04-02-065","","Joshua Schutzenhofer","","2021-11-09","2021-11-09","http://cdm17173.contentdm.oclc.org/cdm/ref/collection/p17173coll38/id/3791",3791.0,"4053.jp2","/p17173coll38/image/4053.jp2","1948","J",1,False,False,False,True,False,"['Low Char Count']","[]"
"Letter to Mr. John Henry McCray from Mrs. Emma D. Hanna, June 28, 1948","","McCray, John Henry, 1910-1987","1948-06-27 00:00:00","","Manuscripts; Accession 11294.","","","","A letter to Mr. John H. McCray from Emma D. Hanna sent on June 28, 1948.","1 item","John Henry McCray Papers, 1929-1989","https://digital.library.sc.edu/collections/john-henry-mccray-papers-1929-1989/","University of South Carolina. South Caroliniana Library.","For further information please contact University of South Carolina, South Caroliniana Library, Columbia, SC 29208.","Post-War America (1946-1954)","Bennettsville, Marlboro County, South Carolina, United States;Columbia, Richland County, South Carolina, United States","English","300ppi, 24-bit depth color, Epson Expression 10000 XL flatbed scanner with SilverFast scanning software, primary archival file is a TIFF","2016-10","Text","image/jpeg","Documents (object genre)","mccrayjh04-08-047","","Joshua Schutzenhofer","","2021-11-09","2021-11-09","http://cdm17173.contentdm.oclc.org/cdm/ref/collection/p17173coll38/id/3937",3937.0,"4286.jp2","/p17173coll38/image/4286.jp2","1948","I",1,False,False,False,True,False,"['Low Char Count']","[]"
"Letter to Mr. McCray from E. E. Gaulden, August 26, 1948","","McCray, John Henry, 1910-1987","1948-08-25 00:00:00","","Manuscripts; Accession 11294.","","","","A letter to Mr. McCray from E. E. Gaulden sent on August 26, 1948.","1 item","John Henry McCray Papers, 1929-1989","https://digital.library.sc.edu/collections/john-henry-mccray-papers-1929-1989/","University of South Carolina. South Caroliniana Library.","For further information please contact University of South Carolina, South Caroliniana Library, Columbia, SC 29208.","Post-War America (1946-1954)","Newberry, Newberry County, South Carolina, United States","English","300ppi, 24-bit depth color, Epson Expression 10000 XL flatbed scanner with SilverFast scanning software, primary archival file is a TIFF","2016-10","Text","image/jpeg","Documents (object genre)","mccrayjh04-09-021","","Joshua Schutzenhofer","","2021-11-09","2021-11-09","http://cdm17173.contentdm.oclc.org/cdm/ref/collection/p17173coll38/id/3996",3996.0,"4345.jp2","/p17173coll38/image/4345.jp2","1948","(",1,False,False,False,True,False,"['Low Char Count']","[]"
"Letter to Mr. John Henry McCray from Nelson McKay, November 1, 1944","","McCray, John Henry, 1910-1987","1944-10-31 00:00:00","","Manuscripts; Accession 11294.","","","","A letter to Mr. John H. McCray from Nelson McKay sent on November 1, 1944.","1 item","John Henry McCray Papers, 1929-1989","https://digital.library.sc.edu/collections/john-henry-mccray-papers-1929-1989/","University of South Carolina. South Caroliniana Library.","For further information please contact University of South Carolina, South Caroliniana Library, Columbia, SC 29208.","World War II (1939-1945)","Mullins, Marion County, South Carolina, United States;Columbia, Richland County, South Carolina, United States","English","300ppi, 24-bit depth color, Epson Expression 10000 XL flatbed scanner with SilverFast scanning software, primary archival file is a TIFF","2016-10","Text","image/jpeg","Documents (object genre)","mccrayjh04-07-009","","Joshua Schutzenhofer","","2021-11-09","2021-11-09","http://cdm17173.contentdm.oclc.org/cdm/ref/collection/p17173coll38/id/4020",4020.0,"4369.jp2","/p17173coll38/image/4369.jp2","1944","Γûá",3,True,False,False,True,False,"['Special Char Artifacts', 'Low Char Count']","['Γûá']"
"Letter to Mr. John Henry McCray from George Henry Chism, September 19, 1945, Page 1","","McCray, John Henry, 1910-1987","1945-09-18 00:00:00","","Manuscripts; Accession 11294.","","","","A letter to Mr. John H. McCray from George H. Chism sent on September 19, 1945.","1 item ; Page 1 of 2","John Henry McCray Papers, 1929-1989","https://digital.library.sc.edu/collections/john-henry-mccray-papers-1929-1989/","University of South Carolina. South Caroliniana Library.","For further information please contact University of South Carolina, South Caroliniana Library, Columbia, SC 29208.","World War II (1939-1945)","Mullins, Marion County, South Carolina, United States;Columbia, Richland County, South Carolina, United States","English","300ppi, 24-bit depth color, Epson Expression 10000 XL flatbed scanner with SilverFast scanning software, primary archival file is a TIFF","2016-10","Text","image/jpeg","Documents (object genre)","mccrayjh04-07-012","","Joshua Schutzenhofer","","2021-11-09","2021-11-09","http://cdm17173.contentdm.oclc.org/cdm/ref/collection/p17173coll38/id/4023",4023.0,"4372.jp2","/p17173coll38/image/4372.jp2","1945","(",1,False,False,False,True,False,"['Low Char Count']","[]"
"Letter to Mr. John Henry McCray from George Henry Chism, June 30, 1948","","McCray, John Henry, 1910-1987","1948-06-29 00:00:00","","Manuscripts; Accession 11294.","","","","A letter to Mr. John H. McCray from George H. Chism sent on June 30, 1948.","1 item","John Henry McCray Papers, 1929-1989","https://digital.library.sc.edu/collections/john-henry-mccray-papers-1929-1989/","University of South Carolina. South Caroliniana Library.","For further information please contact University of South Carolina, South Caroliniana Library, Columbia, SC 29208.","Post-War America (1946-1954)","Mullins, Marion County, South Carolina, United States;Columbia, Richland County, South Carolina, United States","English","300ppi, 24-bit depth color, Epson Expression 10000 XL flatbed scanner with SilverFast scanning software, primary archival file is a TIFF","2016-10","Text","image/jpeg","Documents (object genre)","mccrayjh04-07-056","","Joshua Schutzenhofer","","2021-11-09","2021-11-09","http://cdm17173.contentdm.oclc.org/cdm/ref/collection/p17173coll38/id/4067",4067.0,"4416.jp2","/p17173coll38/image/4416.jp2","1948","f",1,False,False,False,True,False,"['Low Char Count']","[]"
"Names, homes, and amount donated","","McCray, John Henry, 1910-1987","","","Manuscripts; Accession 11294.","","","","A document listing the names, homes, and amount of money donated.","1 item","John Henry McCray Papers, 1929-1989","https://digital.library.sc.edu/collections/john-henry-mccray-papers-1929-1989/","University of South Carolina. South Caroliniana Library.","For further information please contact University of South Carolina, South Caroliniana Library, Columbia, SC 29208.","","","English","300ppi, 24-bit depth color, Epson Expression 10000 XL flatbed scanner with SilverFast scanning software, primary archival file is a TIFF","2016-10","Text","image/jpeg","Documents (object genre)","mccrayjh04-11-064","","Joshua Schutzenhofer","","2021-11-09","2021-11-09","http://cdm17173.contentdm.oclc.org/cdm/ref/collection/p17173coll38/id/4199",4199.0,"4548.jp2","/p17173coll38/image/4548.jp2","","49",2,False,False,False,True,False,"['Low Char Count']","[]"
"Letter to Mr. John Henry McCray from J. E. Williams, Sr., October 6, 1948","","McCray, John Henry, 1910-1987","1948-10-06 00:00:00","","Manuscripts; Accession 11294.","","","","A letter to Mr. John H. McCray from J. E. Williams, Sr. sent on Octoebr 6, 1948.","1 item","John Henry McCray Papers, 1929-1989","https://digital.library.sc.edu/collections/john-henry-mccray-papers-1929-1989/","University of South Carolina. South Caroliniana Library","Copyright Not Evaluated.∩┐╜For further information please contact The University of South Carolina, South Caroliniana Library, Columbia, SC 29208.","Post-War America (1946-1954)","Spartanburg, Spartanburg County, South Carolina, United States;Columbia, Richland County, South Carolina, United States","English","300ppi, 24-bit depth color, Epson Expression 11000 XL flatbed scanner with SilverFast scanning software, primary archival file is a TIFF","2016-10","Text","image/jpeg","Documents (object genre)","mccrayjh04-14-035","","Joshua Schutzenhofer","","2021-11-11","2021-11-11","http://cdm17173.contentdm.oclc.org/cdm/ref/collection/p17173coll38/id/4258",4258.0,"4694.jp2","/p17173coll38/image/4694.jp2","1948","North Carolina Mutual Life Insurance Company    OF DURHAM, N. C.",52,False,False,False,False,True,"[]","[]"
"Progressive Democratic Party Ledger, Page 24","","McCray, John Henry, 1910-1987","","","Manuscripts; Accession 11294.","","","","A list of the officers of the Progressive Democratic Party in Florence, South Carolina.","1 item ; Page 24 of 59","John Henry McCray Papers, 1929-1989","https://digital.library.sc.edu/collections/john-henry-mccray-papers-1929-1989/","University of South Carolina. South Caroliniana Library","Copyright Not Evaluated.∩┐╜For further information please contact The University of South Carolina, South Caroliniana Library, Columbia, SC 29208.","","Florence County, South Carolina, United States","English","300ppi, 24-bit depth color, Epson Expression 11000 XL flatbed scanner with SilverFast scanning software, primary archival file is a TIFF","2016-11","Text","image/jpeg","Documents (object genre)","mccrayjh04-19-024","","Joshua Schutzenhofer","","2021-11-11","2021-11-11","http://cdm17173.contentdm.oclc.org/cdm/ref/collection/p17173coll38/id/4311",4311.0,"4834.jp2","/p17173coll38/image/4834.jp2","","I",1,False,False,False,True,False,"['Low Char Count']","[]"
"Progressive Democratic Party Ledger, Page 35","","McCray, John Henry, 1910-1987","","","Manuscripts; Accession 11294.","","","","A blank list of the officers of the Progressive Democratic Party in McCormick, South Carolina.","1 item ; Page 35 of 59","John Henry McCray Papers, 1929-1989","https://digital.library.sc.edu/collections/john-henry-mccray-papers-1929-1989/","University of South Carolina. South Caroliniana Library","Copyright Not Evaluated.∩┐╜For further information please contact The University of South Carolina, South Caroliniana Library, Columbia, SC 29208.","","McCormick County, South Carolina, United States","English","300ppi, 24-bit depth color, Epson Expression 11000 XL flatbed scanner with SilverFast scanning software, primary archival file is a TIFF","2016-11","Text","image/jpeg","Documents (object genre)","mccrayjh04-19-035","","Joshua Schutzenhofer","","2021-11-11","2021-11-11","http://cdm17173.contentdm.oclc.org/cdm/ref/collection/p17173coll38/id/4322",4322.0,"4845.jp2","/p17173coll38/image/4845.jp2","","36",2,False,False,False,True,False,"['Low Char Count']","[]"
"Progressive Democratic Party Ledger, Page 52","","McCray, John Henry, 1910-1987","","","Manuscripts; Accession 11294.","","","","A blank list of the officers of the Progressive Democratic Party in Union, South Carolina.","1 item ; Page 52 of 59","John Henry McCray Papers, 1929-1989","https://digital.library.sc.edu/collections/john-henry-mccray-papers-1929-1989/","University of South Carolina. South Caroliniana Library","Copyright Not Evaluated.∩┐╜For further information please contact The University of South Carolina, South Caroliniana Library, Columbia, SC 29208.","","Union County, South Carolina, United States","English","300ppi, 24-bit depth color, Epson Expression 11000 XL flatbed scanner with SilverFast scanning software, primary archival file is a TIFF","2016-11","Text","image/jpeg","Documents (object genre)","mccrayjh04-19-052","","Joshua Schutzenhofer","","2021-11-11","2021-11-11","http://cdm17173.contentdm.oclc.org/cdm/ref/collection/p17173coll38/id/4339",4339.0,"4862.jp2","/p17173coll38/image/4862.jp2","","49",2,False,False,False,True,False,"['Low Char Count']","[]"
"The Lord's Word: The Bible Says """"Of One Blood All Nations"", Page 1","","McCray, John Henry, 1910-1987","","","Manuscripts; Accession 11294.","Civil Rights","","","A bible pamphlet about how all men are truly brothers in God's eyes.","1 item ; Page 1 of 3","John Henry McCray Papers, 1929-1989","https://digital.library.sc.edu/collections/john-henry-mccray-papers-1929-1989/","University of South Carolina. South Caroliniana Library","Copyright Not Evaluated.∩┐╜For further information please contact The University of South Carolina, South Caroliniana Library, Columbia, SC 29208.","","","English","300ppi, 24-bit depth color, Epson Expression 11000 XL flatbed scanner with SilverFast scanning software, primary archival file is a TIFF","2016-11","Text","image/jpeg","Documents (object genre)","mccrayjh04-20-003","","Joshua Schutzenhofer","","2021-11-11","2021-11-11","http://cdm17173.contentdm.oclc.org/cdm/ref/collection/p17173coll38/id/4350",4350.0,"4873.jp2","/p17173coll38/image/4873.jp2","","The LordΓÇÖs Word    The Bible Says    ΓÇ£Of One Blood All NationsΓÇ¥    ΓÇ£If a man say, I love God, and  hateth his brother, he is a liar: for  he that loveth not his brother whom  he hath seen, how can he love God  whom he hath not seen?ΓÇ¥    (I John 4:20)    Therefore    Let us proclaim a Day of  Brotherhood !    JIM GROW SUNDAY!",249,True,False,False,False,False,"['Special Char Artifacts']","['ΓÇÖ', 'ΓÇ£', 'ΓÇ¥', 'ΓÇ£', 'ΓÇ¥']"
"The Lord's Word: The Bible Says """"Of One Blood All Nations"", Page 3","","McCray, John Henry, 1910-1987","","","Manuscripts; Accession 11294.","Civil Rights","","","A bible pamphlet about how all men are truly brothers in God's eyes.","1 item ; Page 3 of 3","John Henry McCray Papers, 1929-1989","https://digital.library.sc.edu/collections/john-henry-mccray-papers-1929-1989/","University of South Carolina. South Caroliniana Library","Copyright Not Evaluated.∩┐╜For further information please contact The University of South Carolina, South Caroliniana Library, Columbia, SC 29208.","","Columbia, Richland County, South Carolina, United States","English","300ppi, 24-bit depth color, Epson Expression 11000 XL flatbed scanner with SilverFast scanning software, primary archival file is a TIFF","2016-11","Text","image/jpeg","Documents (object genre)","mccrayjh04-20-005","","Joshua Schutzenhofer","","2021-11-11","2021-11-11","http://cdm17173.contentdm.oclc.org/cdm/ref/collection/p17173coll38/id/4352",4352.0,"4875.jp2","/p17173coll38/image/4875.jp2","","Sponsored by:    The Anti-Jim Crow Committee  1022% Washington Street  Columbia, S. C.",70,False,False,False,False,True,"[]","[]"
"Letter to John from B. T. Williams, August 3, 1956","","McCray, John Henry, 1910-1987","1956-08-02 00:00:00","","Manuscripts; Accession 11294.","","","","A letter to John from B. T. Williams sent on August 3, 1956.","1 item","John Henry McCray Papers, 1929-1989","https://digital.library.sc.edu/collections/john-henry-mccray-papers-1929-1989/","University of South Carolina. South Caroliniana Library","Copyright Not Evaluated.∩┐╜For further information please contact The University of South Carolina, South Caroliniana Library, Columbia, SC 29208.","Civil Rights Era (1955-1969)","Sumter, Sumter County, South Carolina, United States","English","300ppi, 24-bit depth color, Epson Expression 11000 XL flatbed scanner with SilverFast scanning software, primary archival file is a TIFF","2016-10","Text","image/jpeg","Documents (object genre)","mccrayjh04-15-030","","Joshua Schutzenhofer","","2021-11-11","2021-11-11","http://cdm17173.contentdm.oclc.org/cdm/ref/collection/p17173coll38/id/4414",4414.0,"4937.jp2","/p17173coll38/image/4937.jp2","1956","3",1,False,False,False,True,False,"['Low Char Count']","[]"
"Letter to Mr. John Henry McCray from G. W. Coleman, July 1, 1960","","McCray, John Henry, 1910-1987","1960-06-30 00:00:00","","Manuscripts; Accession 11294.","","","","A letter to Mr. John H. McCray from G. W. Coleman sent on July 1, 1960.","1 item","John Henry McCray Papers, 1929-1989","https://digital.library.sc.edu/collections/john-henry-mccray-papers-1929-1989/","University of South Carolina. South Caroliniana Library","Copyright Not Evaluated.∩┐╜For further information please contact The University of South Carolina, South Caroliniana Library, Columbia, SC 29208.","Civil Rights Era (1955-1969)","York, York County, South Carolina, United States","English","300ppi, 24-bit depth color, Epson Expression 11000 XL flatbed scanner with SilverFast scanning software, primary archival file is a TIFF","2016-11","Text","image/jpeg","Documents (object genre)","mccrayjh04-18-032","","Joshua Schutzenhofer","","2021-11-11","2021-11-11","http://cdm17173.contentdm.oclc.org/cdm/ref/collection/p17173coll38/id/4458",4458.0,"4981.jp2","/p17173coll38/image/4981.jp2","1960","ΓÇö",3,True,False,False,True,False,"['Special Char Artifacts', 'Low Char Count']","['ΓÇö']"
"Porcher heard by Greely Citizens Sunday, Page 2","","McCray, John Henry, 1910-1987","","","Manuscripts; Accession 11294.","","","","A document about G. S. Porcher delivering an address to the people of Greeleyville, South Carolina.","1 item ; Page 2 of 2","John Henry McCray Papers, 1929-1989","https://digital.library.sc.edu/collections/john-henry-mccray-papers-1929-1989/","University of South Carolina. South Caroliniana Library","Copyright Not Evaluated.∩┐╜For further information please contact The University of South Carolina, South Caroliniana Library, Columbia, SC 29208.","","Greeleyville, Williamsburg County, South Carolina, United States","English","300ppi, 24-bit depth color, Epson Expression 11000 XL flatbed scanner with SilverFast scanning software, primary archival file is a TIFF","2016-11","Text","image/jpeg","Documents (object genre)","mccrayjh04-17-059","","Joshua Schutzenhofer","","2021-11-11","2021-11-11","http://cdm17173.contentdm.oclc.org/cdm/ref/collection/p17173coll38/id/4525",4525.0,"5048.jp2","/p17173coll38/image/5048.jp2","","I",1,False,False,False,True,False,"['Low Char Count']","[]"
"Prorate Quota, Committee, Page 3","","McCray, John Henry, 1910-1987","","","Manuscripts; Accession 11294.","Boy Scouts of America","","","A document listing notes about the prorate quota and the two committees.","1 item ; Page 3 of 4","John Henry McCray Papers, 1929-1989","https://digital.library.sc.edu/collections/john-henry-mccray-papers-1929-1989/","University of South Carolina. South Caroliniana Library","Copyright Not Evaluated.∩┐╜For further information please contact The University of South Carolina, South Caroliniana Library, Columbia, SC 29208.","","","English","300ppi, 24-bit depth color, Epson Expression 11000 XL flatbed scanner with SilverFast scanning software, primary archival file is a TIFF","2016-11","Text","image/jpeg","Documents (object genre)","mccrayjh04-23-052","","Joshua Schutzenhofer","","2021-11-12","2021-11-12","http://cdm17173.contentdm.oclc.org/cdm/ref/collection/p17173coll38/id/4578",4578.0,"5101.jp2","/p17173coll38/image/5101.jp2","","f",1,False,False,False,True,False,"['Low Char Count']","[]"
"Blank document, Tony's Record Shop","","McCray, John Henry, 1910-1987","","","Manuscripts; Accession 11294.","Music","","","A blank document from Tony's Record Shop.","1 item","John Henry McCray Papers, 1929-1989","https://digital.library.sc.edu/collections/john-henry-mccray-papers-1929-1989/","University of South Carolina. South Caroliniana Library","Copyright Not Evaluated.∩┐╜For further information please contact The University of South Carolina, South Caroliniana Library, Columbia, SC 29208.","","Columbia, Richland County, South Carolina, United States","English","300ppi, 24-bit depth color, Epson Expression 11000 XL flatbed scanner with SilverFast scanning software, primary archival file is a TIFF","2016-11","Text","image/jpeg","Documents (object genre)","mccrayjh04-26-048","","Joshua Schutzenhofer","","2021-11-12","2021-11-12","http://cdm17173.contentdm.oclc.org/cdm/ref/collection/p17173coll38/id/5053",5053.0,"5663.jp2","/p17173coll38/image/5663.jp2","","TONYΓÇÖS RECORD SHOP    RECORDS FOR EVERY TASTE  2122 Gervais Columbia, S. C.",62,True,False,False,False,False,"['Special Char Artifacts']","['ΓÇÖ']"
"Blank document, Tony's Record Shop","","McCray, John Henry, 1910-1987","","","Manuscripts; Accession 11294.","Records","","","A blank document from Tony's Record Shop.","1 item","John Henry McCray Papers, 1929-1989","https://digital.library.sc.edu/collections/john-henry-mccray-papers-1929-1989/","University of South Carolina. South Caroliniana Library","Copyright Not Evaluated.∩┐╜For further information please contact The University of South Carolina, South Caroliniana Library, Columbia, SC 29208.","","Columbia, Richland County, South Carolina, United States","English","300ppi, 24-bit depth color, Epson Expression 11000 XL flatbed scanner with SilverFast scanning software, primary archival file is a TIFF","2016-11","Text","image/jpeg","Documents (object genre)","mccrayjh04-26-063","","Joshua Schutzenhofer","","2021-11-12","2021-11-12","http://cdm17173.contentdm.oclc.org/cdm/ref/collection/p17173coll38/id/5068",5068.0,"5678.jp2","/p17173coll38/image/5678.jp2","","TONYΓÇÖS RECORD SHOP    RECORDS FOR EVERY TASTE  2122 Gervais Columbia, S. C.",62,True,False,False,False,False,"['Special Char Artifacts']","['ΓÇÖ']"
"Second Anniversary Ball of the Carolina Social Club Program, September 7, 1951, Page 1","","McCray, John Henry, 1910-1987","1951-09-06 00:00:00","","Manuscripts; Accession 11294.","Carolina Social Club","","","The program for the Second Anniversary Ball of the Carolina Social Club on September 7, 1951.","1 item ; Page 1 of 3","John Henry McCray Papers, 1929-1989","https://digital.library.sc.edu/collections/john-henry-mccray-papers-1929-1989/","University of South Carolina. South Caroliniana Library","Copyright Not Evaluated.∩┐╜For further information please contact The University of South Carolina, South Caroliniana Library, Columbia, SC 29208.","Post-War America (1946-1954)","Columbia, Richland County, South Carolina, United States","English","300ppi, 24-bit depth color, Epson Expression 11000 XL flatbed scanner with SilverFast scanning software, primary archival file is a TIFF","2016-11","Text","image/jpeg","Documents (object genre)","mccrayjh04-26-074","","Joshua Schutzenhofer","","2021-11-12","2021-11-12","http://cdm17173.contentdm.oclc.org/cdm/ref/collection/p17173coll38/id/5079",5079.0,"5689.jp2","/p17173coll38/image/5689.jp2","1951","Second    ANNIVERSARY BALL    ΓÇö of the ΓÇö    Carolina Social Club",50,True,False,False,False,False,"['Special Char Artifacts']","['ΓÇö', 'ΓÇö']"
"Invitation to the Second Anniversary Ball of the Carolina Social Club, September 7, 1951, Page 1","","McCray, John Henry, 1910-1987","1951-09-06 00:00:00","","Manuscripts; Accession 11294.","Carolina Social Club","","","An Invitation to the Second Anniversary Ball of the Carolina Social Club on September 7, 1951.","1 item ; Page 1 of 2","John Henry McCray Papers, 1929-1989","https://digital.library.sc.edu/collections/john-henry-mccray-papers-1929-1989/","University of South Carolina. South Caroliniana Library","Copyright Not Evaluated.∩┐╜For further information please contact The University of South Carolina, South Caroliniana Library, Columbia, SC 29208.","Post-War America (1946-1954)","Columbia, Richland County, South Carolina, United States","English","300ppi, 24-bit depth color, Epson Expression 11000 XL flatbed scanner with SilverFast scanning software, primary archival file is a TIFF","2016-11","Text","image/jpeg","Documents (object genre)","mccrayjh04-26-080","","Joshua Schutzenhofer","","2021-11-12","2021-11-12","http://cdm17173.contentdm.oclc.org/cdm/ref/collection/p17173coll38/id/5085",5085.0,"5695.jp2","/p17173coll38/image/5695.jp2","1951","The Carolina Social Club    Invites you and your guest to their    Second Anniversary Ball    Friday Evening, September Seventh,  nineteen hundred fiftyi-one    AllenΓÇöBenedict Court Center    8:00 oΓÇÖclock SemiΓÇöFormal",180,True,False,False,False,False,"['Special Char Artifacts']","['ΓÇö', 'ΓÇÖ', 'ΓÇö']"
"Second Anniversary Ball of the Carolina Social Ball Program, September 7, 1951, Page 1","","McCray, John Henry, 1910-1987","1951-09-06 00:00:00","","Manuscripts; Accession 11294.","Carolina Social Club","","","The program for the Second Anniversary Ball of the Carolina Social Club on September 7, 1951.","1 item ; Page 1 of 3","John Henry McCray Papers, 1929-1989","https://digital.library.sc.edu/collections/john-henry-mccray-papers-1929-1989/","University of South Carolina. South Caroliniana Library","Copyright Not Evaluated.∩┐╜For further information please contact The University of South Carolina, South Caroliniana Library, Columbia, SC 29208.","Post-War America (1946-1954)","Columbia, Richland County, South Carolina, United States","English","300ppi, 24-bit depth color, Epson Expression 11000 XL flatbed scanner with SilverFast scanning software, primary archival file is a TIFF","2016-11","Text","image/jpeg","Documents (object genre)","mccrayjh04-26-082","","Joshua Schutzenhofer","","2021-11-12","2021-11-12","http://cdm17173.contentdm.oclc.org/cdm/ref/collection/p17173coll38/id/5087",5087.0,"5697.jp2","/p17173coll38/image/5697.jp2","1951","Second    ANNIVERSARY BALL    ΓÇö of the ΓÇö    Carolina Social Club",50,True,False,False,False,False,"['Special Char Artifacts']","['ΓÇö', 'ΓÇö']"
"Carolina Social Club Second Anniversary Ball Invitation, September 9, 1951, Page 1","","McCray, John Henry, 1910-1987","1951-09-06 00:00:00","","Manuscripts; Accession 11294.","Carolina Social Club","","","An Invitation to the Second Anniversary Ball of the Carolina Social Club on September 7, 1951.","1 item ; Page 1 of 2","John Henry McCray Papers, 1929-1989","https://digital.library.sc.edu/collections/john-henry-mccray-papers-1929-1989/","University of South Carolina. South Caroliniana Library","Copyright Not Evaluated.∩┐╜For further information please contact The University of South Carolina, South Caroliniana Library, Columbia, SC 29208.","Post-War America (1946-1954)","Columbia, Richland County, South Carolina, United States","English","300ppi, 24-bit depth color, Epson Expression 11000 XL flatbed scanner with SilverFast scanning software, primary archival file is a TIFF","2016-11","Text","image/jpeg","Documents (object genre)","mccrayjh04-26-085","","Joshua Schutzenhofer","","2021-11-12","2021-11-12","http://cdm17173.contentdm.oclc.org/cdm/ref/collection/p17173coll38/id/5090",5090.0,"5700.jp2","/p17173coll38/image/5700.jp2","1951","The Carolina Social Club    Invites you and your guest to their    Second Anniversary Ball    Friday Evening, September Seventh,  nineteen hundred fiftyi-one    AllenΓÇöBenedict Court Center    8:00 oΓÇÖclock SemiΓÇöFormal",180,True,False,False,False,False,"['Special Char Artifacts']","['ΓÇö', 'ΓÇÖ', 'ΓÇö']"
"The Lord's Word. The Bible Says """"Of One Blood All Nations"""", Page 1","","McCray, John Henry, 1910-1987","","","Manuscripts; Accession 11294.","Civil Rights","","","A pamphlet that says that all men who work righteousness are equal and his children and he holds nothing back in his love because all are his children.","1 item ; Page 1 of 3","John Henry McCray Papers, 1929-1989","https://digital.library.sc.edu/collections/john-henry-mccray-papers-1929-1989/","University of South Carolina. South Caroliniana Library","Copyright Not Evaluated.∩┐╜For further information please contact The University of South Carolina, South Caroliniana Library, Columbia, SC 29208.","","Columbia, Richland County, South Carolina, United States","English","300ppi, 24-bit depth color, Epson Expression 11000 XL flatbed scanner with SilverFast scanning software, primary archival file is a TIFF","2016-11","Text","image/jpeg","Documents (object genre)","mccrayjh04-24-042","","Joshua Schutzenhofer","","2021-11-12","2021-11-12","http://cdm17173.contentdm.oclc.org/cdm/ref/collection/p17173coll38/id/5146",5146.0,"5756.jp2","/p17173coll38/image/5756.jp2","","The LordΓÇÖs Word    The Bible Says    ΓÇ£Of One Blood All NationsΓÇ¥    ΓÇ£If a man say, I love God, and  hateth his brother, he is a liar: for  he that loveth not his brother whom  he hath seen, how can he love God  whom he hath not seen?ΓÇ¥    (I John 4:20)    Therefore    Let us proclaim a Day of  Brotherhood !    JIM GROW SUNDAY!",249,True,False,False,False,False,"['Special Char Artifacts']","['ΓÇÖ', 'ΓÇ£', 'ΓÇ¥', 'ΓÇ£', 'ΓÇ¥']"
"The Lord's Word. The Bible Says """"Of One Blood All Nations"""", Page 3","","McCray, John Henry, 1910-1987","","","Manuscripts; Accession 11294.","Civil Rights","","","A pamphlet that says that all men who work righteousness are equal and his children and he holds nothing back in his love because all are his children.","1 item ; Page 3 of 3","John Henry McCray Papers, 1929-1989","https://digital.library.sc.edu/collections/john-henry-mccray-papers-1929-1989/","University of South Carolina. South Caroliniana Library","Copyright Not Evaluated.∩┐╜For further information please contact The University of South Carolina, South Caroliniana Library, Columbia, SC 29208.","","Columbia, Richland County, South Carolina, United States","English","300ppi, 24-bit depth color, Epson Expression 11000 XL flatbed scanner with SilverFast scanning software, primary archival file is a TIFF","2016-11","Text","image/jpeg","Documents (object genre)","mccrayjh04-24-044","","Joshua Schutzenhofer","","2021-11-12","2021-11-12","http://cdm17173.contentdm.oclc.org/cdm/ref/collection/p17173coll38/id/5148",5148.0,"5758.jp2","/p17173coll38/image/5758.jp2","","Sponsored by:    The Anti-Jim Crow Committee  1022% Washington Street  Columbia, S. C.",70,False,False,False,False,True,"[]","[]"
"The Lord's Word. The Bible Says """"Of One Blood All Nations"""", Page 3","","McCray, John Henry, 1910-1987","","","Manuscripts; Accession 11294.","Civil Rights","","","A pamphlet that says that all men who work righteousness are equal and his children and he holds nothing back in his love because all are his children.","1 item ; Page 3 of 3","John Henry McCray Papers, 1929-1989","https://digital.library.sc.edu/collections/john-henry-mccray-papers-1929-1989/","University of South Carolina. South Caroliniana Library","Copyright Not Evaluated.∩┐╜For further information please contact The University of South Carolina, South Caroliniana Library, Columbia, SC 29208.","","Columbia, Richland County, South Carolina, United States","English","300ppi, 24-bit depth color, Epson Expression 11000 XL flatbed scanner with SilverFast scanning software, primary archival file is a TIFF","2016-11","Text","image/jpeg","Documents (object genre)","mccrayjh04-24-050","","Joshua Schutzenhofer","","2021-11-12","2021-11-12","http://cdm17173.contentdm.oclc.org/cdm/ref/collection/p17173coll38/id/5154",5154.0,"5764.jp2","/p17173coll38/image/5764.jp2","","Sponsored by:    The Anti-Jim Crow Committee  1022% Washington Street  Columbia, S. C.",70,False,False,False,False,True,"[]","[]"
"Pre-Election Mass Meeting, December 11, 1961","","McCray, John Henry, 1910-1987","1961-12-11 00:00:00","","Manuscripts; Accession 11294.","South Carolina","","","A flyer for a pre-election mass meeting held by the Progressive Democrats on December 11, 1961.","1 item","John Henry McCray Papers, 1929-1989","https://digital.library.sc.edu/collections/john-henry-mccray-papers-1929-1989/","University of South Carolina. South Caroliniana Library","Copyright Not Evaluated. For further information please contact The University of South Carolina, South Caroliniana Library, Columbia, SC 29208.","Civil Rights Era (1955-1969)","","English","300ppi, 24-bit depth color, Epson Expression 10000 XL flatbed scanner with SilverFast scanning software, primary archival file is a TIFF","2016-08","text","image/jpeg","Documents (object genre)","mccrayjh03-03-052","","Joshua Schutzenhofer","","2021-11-12","2021-11-12","http://cdm17173.contentdm.oclc.org/cdm/ref/collection/p17173coll38/id/5225",5225.0,"5835.jp2","/p17173coll38/image/5835.jp2","1961","Pre-Election Mass Meeting  City Municipal Election Run-Off    WHERE!    BETHEL A. M. E. CHURCH    WHEN!    MONDAY, DECEMBER 11, 1961ΓÇöAT 8:00 P. M.    WITH    The Reverend Arthur T. Fisher, pastor of the above  named church, who will bring to the voters the  pre-election run-off message. The Rev. H. B. But┬¼  ler, Jr., will instruct the voters. The ministers of  the city are asked to urge a large attendance.    Note:    We are extending invitations to the four can┬¼  didates for mayor and council to attend this meet┬¼  ing, and appear on the program. The public as  well as all voters are invited.    Sponsored by    THE PROGRESSIVE DEMOCRAB",507,True,False,False,False,False,"['Special Char Artifacts']","['ΓÇö', '┬¼', '┬¼', '┬¼']"
"$50.00, Allen University, September 9, 1960","","McCray, John Henry, 1910-1987","1960-09-08 00:00:00","","Manuscripts; Accession 11294.","Allen University","","","A $50.00 payed to the order of Allen University on September 9, 1960.","1 item","John Henry McCray Papers, 1929-1989","https://digital.library.sc.edu/collections/john-henry-mccray-papers-1929-1989/","University of South Carolina. South Caroliniana Library","Copyright Not Evaluated.∩┐╜For further information please contact The University of South Carolina, South Caroliniana Library, Columbia, SC 29208.","Civil Rights Era (1955-1969)","Columbia, Richland County, South Carolina, United States","English","300ppi, 24-bit depth color, Epson Expression 11000 XL flatbed scanner with SilverFast scanning software, primary archival file is a TIFF","2017-01","Text","image/jpeg","Documents (object genre)","mccrayjh04-31-003","","Joshua Schutzenhofer","","2021-11-16","2021-11-16","http://cdm17173.contentdm.oclc.org/cdm/ref/collection/p17173coll38/id/5597",5597.0,"6207.jp2","/p17173coll38/image/6207.jp2","1960","IBM I65644X",10,False,False,False,True,False,"['Low Char Count']","[]"
"Letter to President Howard E. Wright from Louis Joughin, February 9, 1962, Page 1","","McCray, John Henry, 1910-1987","1962-02-09 00:00:00","","Manuscripts; Accession 11294.","Allen University","","","A letter to President Howard E. Wright from Louis Joughin sent on February 9, 1962.","1 item ; Page 1 of 2","John Henry McCray Papers, 1929-1989","https://digital.library.sc.edu/collections/john-henry-mccray-papers-1929-1989/","University of South Carolina. South Caroliniana Library","Copyright Not Evaluated.∩┐╜For further information please contact The University of South Carolina, South Caroliniana Library, Columbia, SC 29208.","Civil Rights Era (1955-1969)","Columbia, Richland County, South Carolina, United States","English","300ppi, 24-bit depth color, Epson Expression 11000 XL flatbed scanner with SilverFast scanning software, primary archival file is a TIFF","2017-01","Text","image/jpeg","Documents (object genre)","mccrayjh04-32-001","","Joshua Schutzenhofer","","2021-11-16","2021-11-16","http://cdm17173.contentdm.oclc.org/cdm/ref/collection/p17173coll38/id/5922",5922.0,"6532.jp2","/p17173coll38/image/6532.jp2","1962","American    Ralph F. Fuchs, President    Indiana University    Fritz Machlup, First Vice-President  Princeton University    Robert B. Brode, Second Vice-President  University of California (Berkeley)    Association of University Professors    1785 MASSACHUSETTS AVENUE, N. V.    WASHINGTON 6, D. C.    Frederick C. Kurtz, Treasurer  George Washington University    Clark Byse, Counsel  Harvard University    February 9┬╗ 19^2    WASHINGTON OFFICE    William P. Fidler, General Secretary  W arren C. Middleton. Staff Associate  Bertram H. Davis. Staff Associate  Louis Jouchin, Staff Associate  Peggy Heim. Staff Associate  Robert Van Waes. Staff Associate  Herman I. Orentucher, Staff Associate    President Howard E. Wright  Allen University  Columbia 4, South Carolina    Dear President Wrighti    Mr. William P. Fidler, the General Secretary, has reviewed  with me the Allen University file and has asked me to write to you  about the steps which Allen University might take in order to give  Committee A of this Association a substantial basis for recommending  withdrawal of the censure voted upon the University administration  in 1961.    First, Committee A normally expects that an institution which  has dismissed professors under standards or by procedures regarded  as incompatible with those that are generally observed by the academic  profession will offer reinstatement or reappointment to the persons  injured. In some instances, though not all, Committee A has recog┬¼  nized an offer of a year's salary as a satisfactory substitute for  the year's notice which should attend dismissal for cause not in┬¼  volving moral turpitude. Professors Wiggins, Hoffman and Pcideout  are entitled to redress.    Second, Committee A would wish to see official adoption of  institutional regulations covering tenure acquisition, notice of  nonrenewal, dismissal procedures and other matters of fundamental  concern to faculty members, and to determine that such regulations  are in general conformity with the principles and standards of the  academic profession. The ""Faculty and Staff Handbook"" which you  sent us is a forward step in this direction} a separate memorandum  offering_jietailed analysis of the handbook accompanies this letter.    Third, Committee A will undoubtedly wish to hear from its  own observer word to the effect that a iguch improved spirit governs  administrative aotions_at Allen University. For instance, it is  i*porTanf~Tb~Enow that the administration is prepared to defend  the faculty, with all the strength at its command, against poTitioal  interference in educational matters. Although Chairman Bonner and  President Veal perhaps oould not actually have defeated the powerful  forces which began their attack on Allen University in 1957? they  were not, in th* opinion of this Aasooiation, required to instigate  and cooperate with ths oritioa of academic freedom. The election",2411,True,True,False,False,False,"['Special Char Artifacts', 'General Artifacts']","['┬╗', '┬¼', '┬¼', '19^2', 'i*porTanf~Tb~Enow']"
"Letter to President Howard E. Wright from Louis Joughin, February 9, 1962, Page 2","","McCray, John Henry, 1910-1987","1962-02-09 00:00:00","","Manuscripts; Accession 11294.","Allen University","","","A letter to President Howard E. Wright from Louis Joughin sent on February 9, 1962.","1 item ; Page 2 of 2","John Henry McCray Papers, 1929-1989","https://digital.library.sc.edu/collections/john-henry-mccray-papers-1929-1989/","University of South Carolina. South Caroliniana Library","Copyright Not Evaluated.∩┐╜For further information please contact The University of South Carolina, South Caroliniana Library, Columbia, SC 29208.","Civil Rights Era (1955-1969)","Columbia, Richland County, South Carolina, United States","English","300ppi, 24-bit depth color, Epson Expression 11000 XL flatbed scanner with SilverFast scanning software, primary archival file is a TIFF","2017-01","Text","image/jpeg","Documents (object genre)","mccrayjh04-32-002","","Joshua Schutzenhofer","","2021-11-16","2021-11-16","http://cdm17173.contentdm.oclc.org/cdm/ref/collection/p17173coll38/id/5923",5923.0,"6533.jp2","/p17173coll38/image/6533.jp2","1962","President Wright    -2-    February 9, 1962    of Bishop Higgins to head the governing board, and the opening of  frank and positively-directed correspondence between you, as the  new president, and this office, are of course significant indica┬¼  tions that a better spirit may indeed be at work. We shall base  our hopes upon this promising beginning.    Thank you for sending us the ""Progress Report"" prepared for  the Southern Association of Colleges and Secondary Schools. Al┬¼  though we have no official concern with that document it has helped  us to see your picture more clearly. Other documents of this kind  will receive a similar welcome and reading.    After you have considered the possibilities which are open to  you in the area of redress to the three dismissed teachers, and  after your reading of our analysis of your faculty handbook, you  will have at least a preliminary view of the direction in which  you can move, and how soon. Our experience suggests that positive  developments cannot always be accomplished as rapidly as one would  like; there is the danger of arousing opposition or prematurely  forcing an important point. We are prepared to move forward with  you, offering what guidance we can, but not prodding you toward  steps which might be precipitate.    On the other hand, there have been notable instances where a  governing board and president have found it feasible to face and  solve their problem within a period of a few weeks. If such a de┬¼  velopment should prove practical at Allen University, it would per┬¼  mit Committee A to review the whole situation at your institution  when it meets on April 25, 1962 immediately before the Forty-Eighth  Annual Meeting, to which the Committee makes its formal recommendations.    If your judgment dictates that the more rapid course of action  be attempted, the Washington Office will assist you by its advice  in every way possible. For example, a consultant could be sent to  your campus. We count on you to let us know if you have pressing  needs which we can try to meet.    Sincerely yours, I    I / \\\\\\\\ / ΓÇÖ    Louis Joughin ∩┐╝    LJlldl",1726,True,False,False,False,False,"['Special Char Artifacts']","['┬¼', '┬¼', '┬¼', '┬¼', '\\\\\\\\\\\\\\\\', 'ΓÇÖ', '∩┐╝']"
"Letter to President Howard E. Wright from American Association of University Professors and Mr. Louis Joughin, February 9, 1962, Page 1","","McCray, John Henry, 1910-1987","1962-02-09 00:00:00","","Manuscripts; Accession 11294.","Allen University","","","A letter to President Howard E. Wright from American Association of University Professors and Mr. Louis Joughin sent on February 9, 1962.","1 item ; Page 1 of 4","John Henry McCray Papers, 1929-1989","https://digital.library.sc.edu/collections/john-henry-mccray-papers-1929-1989/","University of South Carolina. South Caroliniana Library","Copyright Not Evaluated.∩┐╜For further information please contact The University of South Carolina, South Caroliniana Library, Columbia, SC 29208.","Civil Rights Era (1955-1969)","Columbia, Richland County, South Carolina, United States","English","300ppi, 24-bit depth color, Epson Expression 11000 XL flatbed scanner with SilverFast scanning software, primary archival file is a TIFF","2017-01","Text","image/jpeg","Documents (object genre)","mccrayjh04-32-003","","Joshua Schutzenhofer","","2021-11-16","2021-11-16","http://cdm17173.contentdm.oclc.org/cdm/ref/collection/p17173coll38/id/5924",5924.0,"6534.jp2","/p17173coll38/image/6534.jp2","1962","ΓÇó ┬╗ . - MCSWFWWV "":* '.V*' ΓÇó┬½* . &lt; IW; ) ΓÇó*&gt;Γûá┬½... .        American Association of : .ΓÇÖnivys sit v Frctessors    1745 MASSACHUSETTS AVHNUE, N. V.    WAS KINGSTON 6, D. C.    Ralph F. Fuchs, President    Indiana University    Fritz. Machlup, first Pice -President    Princeton University    Robert B. Brode, Second Pice-President  University of California (Berkeley)    Frederick C Kurtz, Treasurer  George Washington University    Clark Byse, Counsel  Harvard University    February 9, 19&2    WASHINGTON OFFICE    William P. Fidi ex, General Secretary  Warren C. Middleton, Stuff Associate  Bertram II Davis, Staff Associate  Louis Jow.iiin, Staff Associate  Peggy Heim, Staff Associate  Robert Van Waes, Staff Associate  Herman I. Orentlicher, Staff Associate    MEMORANDUM    To 1 President Howard E. Wright    From* American Association of University Professors} Mr. Louis Joughin    COMMENT ON ""ALLEN UNIVERSITY* FACULTY AND STAFF HANDBOOK.""    General Questions    There are two general questions which may properly be asked in regard  to any faculty handbook* (l) was tne text prepared by or in consultation  with a democratically-selected faculty committee, and has the text been  approved by the faculty, and (2) has the text been approved and adopted by  the governing board of the institution in order that faculty members may  have assurance that it represents the official policy of the college or  university. Since there is no information offered about the preparation  or adoption of your ""Faculty and Staff Handbook"" neither of these questions  can be answered.    Recommendation* The handbook should be prepared and approved as  indicated above, and should state in its own text the history and nature  of its preparation and adoption.    Specific Provisions    (Keyed to the sections of your handbook)    I,. BASIC POLICY. The handbook states that the policy of the institu┬¼  tion conforms with that set forth in the 1940 Statement of Principles, para┬¼  graph 2} this is excellent from our point of view. But the handbook does  not reproduce other portions of the 1940 Statement with are related and co┬¼  ordinate elements of acceptable academic practice. The omitted portions are*    First, the statement of principles on academic freedom, paragraphs  (a), (b) and (c)    Second, the statement of principles on academic tenure* paragraph (1)  calling for the statement of appointment conditions in writing}  paragraph (3) observing that probationary teachers are entitled to  full academic freedom; paragraph (4) describing the chief elements  of academic due process and setting forth a standard for the payment  of terminal salary in oases where dismissal did not involve moral  turpitude} paragraph (5) noting that financial exigency dismissal  must be bona fide.",2287,True,True,True,False,False,"['Special Char Artifacts', 'General Artifacts', 'Repeat Chars']","['ΓÇó', '┬╗', 'ΓÇó┬½*', 'ΓÇó*&', 'Γûá┬½', 'ΓÇÖ', '┬¼', '┬¼', '┬¼', 'ΓÇó*&gt;Γûá┬½', '19&2', 'i']"
"Letter to President Howard E. Wright from American Association of University Professors and Mr. Louis Joughin, February 9, 1962, Page 2","","McCray, John Henry, 1910-1987","1962-02-09 00:00:00","","Manuscripts; Accession 11294.","Allen University","","","A letter to President Howard E. Wright from American Association of University Professors and Mr. Louis Joughin sent on February 9, 1962.","1 item ; Page 2 of 4","John Henry McCray Papers, 1929-1989","https://digital.library.sc.edu/collections/john-henry-mccray-papers-1929-1989/","University of South Carolina. South Caroliniana Library","Copyright Not Evaluated.∩┐╜For further information please contact The University of South Carolina, South Caroliniana Library, Columbia, SC 29208.","Civil Rights Era (1955-1969)","Columbia, Richland County, South Carolina, United States","English","300ppi, 24-bit depth color, Epson Expression 11000 XL flatbed scanner with SilverFast scanning software, primary archival file is a TIFF","2017-01","Text","image/jpeg","Documents (object genre)","mccrayjh04-32-004","","Joshua Schutzenhofer","","2021-11-16","2021-11-16","http://cdm17173.contentdm.oclc.org/cdm/ref/collection/p17173coll38/id/5925",5925.0,"6535.jp2","/p17173coll38/image/6535.jp2","1962","shall be by some fair, general rule determined by the  tenure faculty itself,    (3) reductions in force becauee of financial exigency will  not be sad.┬« if expansion of other activities takes place  at the same time, except with the approval of ths faculty,    (4) no other person shall be appointed, to the post fro┬« which  a tenure person has been dropped, for program change or  financial exigency, for a period of at least two years un┬¼  less an offer of reappointment has first been made to the  former holder of the post.    hecommendation! The Association recommends deletion of II. F. or the  introduction of the safeguards noted.    II. H. ""A person under tentative appointment to whom the college does  not plan to give tenure after the end of the probationary period shall be  informed of this fact no later than three (3) months prior to the end of the  probationary period."" The Association wouid regard the three-month standard  as adequate only for a person in his first year of service} in his second  year he should be informed not later than December 15 of the second academic  year or six months prior to the termination of his appointment} in the third  and subsequent years, twelve months' notice should be given. (See the en┬¼  closed ""Recommended Institutional Regulations on Academic Freedom and Tenure."")    Recommendation! The Association recommends that II. H. be altered to  provide notice according to the standards set forth in ""Recommended Institu┬¼  tional Regulations on Academic Freedom and Tenure.""    II. H., I,., J,. It is not clear to us what distinction is intended be┬¼  tween ""tentative"" and ""temporary"" appointments.    II. it. ""Permanent employment shall mean that the faculty member cannot  be removed from the position except for cause and, in such oases, upon re┬¼  quest, must receive a hearing before the Board of Trustees of any charges  that may be brought."" This statement of dismissal hearing rights and pro┬¼  cedures is inadequate by the standards of the profession. The chief de┬¼  sirable standards and procedures are set forth in the 1940 Statement of  Principles on Academic Freedom and Tenure, paragraph (4)} a full list of  desirable procedures is set forth in the ""Statement on Procedural Standards  in Faculty Dismissal Proceedings,"" copies of which are enclosed. You will  note that both the 1940 Statement of Principles and the 1958 Statement on  Procedural Standards were adopted by the Association of American Colleges as  well as by this Association.    One particular part of II. K. calls for comment} the Association be┬¼  lieves that the case of a teacher confronted by charges should, if possible,  be considered by both a faculty committee and the governing board} your  regulation provides for a hearing only by the Board of Trustees.    Recommendation! The Association recommends the introduction of ap┬¼  propriate standards and procedures relating to dismissals.",2412,True,False,False,False,False,"['Special Char Artifacts']","['┬«', '┬«', '┬¼', '┬¼', '┬¼', '┬¼', '┬¼', '┬¼', '┬¼', '┬¼', '┬¼']"
"Letter to President Howard E. Wright from American Association of University Professors and Mr. Louis Joughin, February 9, 1962, Page 3","","McCray, John Henry, 1910-1987","1962-02-09 00:00:00","","Manuscripts; Accession 11294.","Allen University","","","A letter to President Howard E. Wright from American Association of University Professors and Mr. Louis Joughin sent on February 9, 1962.","1 item ; Page 3 of 4","John Henry McCray Papers, 1929-1989","https://digital.library.sc.edu/collections/john-henry-mccray-papers-1929-1989/","University of South Carolina. South Caroliniana Library","Copyright Not Evaluated.∩┐╜For further information please contact The University of South Carolina, South Caroliniana Library, Columbia, SC 29208.","Civil Rights Era (1955-1969)","Columbia, Richland County, South Carolina, United States","English","300ppi, 24-bit depth color, Epson Expression 11000 XL flatbed scanner with SilverFast scanning software, primary archival file is a TIFF","2017-01","Text","image/jpeg","Documents (object genre)","mccrayjh04-32-005","","Joshua Schutzenhofer","","2021-11-16","2021-11-16","http://cdm17173.contentdm.oclc.org/cdm/ref/collection/p17173coll38/id/5926",5926.0,"6536.jp2","/p17173coll38/image/6536.jp2","1962","IV. CBITBRIA FOR AgPOIffBOMT AO PRCMOTIOBt B. Judging Faculty SaSlSiSlfiS.  11 Personal Charaotaristias, b. ""Boas ha exemplify correct Bodes of beh&viorT""  There is inherent danger in the use of such general phrase# in a body of regu┬¼  lations. Under the emotional stresses which ooour in any crisis situation,  it is almost inevitable that such a provision will be need to formulate what  is thought of a man's conduct by those who disapprove of him, without refer┬¼  ence to more objective standards which might be applied by those who are in  no way involved. Furthermore, the language is so vague as to permit virtually  any interpretation. If there are to be charges against a member of the faculty  let them be directed toward something wrong done rather than to the rubric  under which the wrong done might be placed.    Recommendations The Association recommends deletion of IV. B. 1. b.    VI. QUALIFICATIONS FOR FACULTY RANKS. The training and experience...    1 Professor, 2 Associate professor. Your regulations sure somewhat more  precise than is customary with respect to degrees and years of experience.  Although this area is not fundamentally related to the principles with which  we are concerned, we thought it might be helpful to suggest that less  precise indications would give you greater flexibility.    VI. 2 Associate professor. ""The earned doctor's degree or its genuine  equivalent..."" ... ""genuine equivalent is construed as completion of all  academic requirements for the doctorate except the dissertation and out┬¼  standing scholarly achievement as evidenced by publications or else recogni┬¼  tion by learned societies or of outstanding creative work in some field of  human endeavor."" Again, although the question does not relate to principles  which are our chief concern, it may be helpful to you to have our opinion  that some confusion exists here. It is quite true that learned publications  or creative work can be an equivalent for the doctorate, but to suggest that  the completion of course work - without the dissertation - is involved  would not, we think, meet the concept of ""genuine equivalent.""    VII. SALARY SCALE. As information we send you the 1961 report of  Committee Z of this Association on the economic status of the profession}    a copy of the 1962 report will be available thia summer and will be sent you.    XI. SICK LEAVES. B. ""Each employee shall be allowed one working day  sick leave for each month worked during the year."" The Association does  not comment on the numerical allowance. We do call to your attention the  fact that institutions which lack the financial resources to give sick  leave of the magnitude desired often permit a carrying of a professor's  work by his colleagues, provided that they voluntarily assume this responsi┬¼  bility} a limit to such an arrangement may properly be indicated.",2366,True,True,True,False,False,"['Special Char Artifacts', 'General Artifacts', 'Repeat Chars']","['┬¼', '┬¼', '┬¼', '┬¼', '┬¼', 'beh&viorT', 'o']"
"Letter to President Howard E. Wright from American Association of University Professors and Mr. Louis Joughin, February 9, 1962, Page 4","","McCray, John Henry, 1910-1987","1962-02-09 00:00:00","","Manuscripts; Accession 11294.","Allen University","","","A letter to President Howard E. Wright from American Association of University Professors and Mr. Louis Joughin sent on February 9, 1962.","1 item ; Page 4 of 4","John Henry McCray Papers, 1929-1989","https://digital.library.sc.edu/collections/john-henry-mccray-papers-1929-1989/","University of South Carolina. South Caroliniana Library","Copyright Not Evaluated.∩┐╜For further information please contact The University of South Carolina, South Caroliniana Library, Columbia, SC 29208.","Civil Rights Era (1955-1969)","Columbia, Richland County, South Carolina, United States","English","300ppi, 24-bit depth color, Epson Expression 11000 XL flatbed scanner with SilverFast scanning software, primary archival file is a TIFF","2017-01","Text","image/jpeg","Documents (object genre)","mccrayjh04-32-006","","Joshua Schutzenhofer","","2021-11-16","2021-11-16","http://cdm17173.contentdm.oclc.org/cdm/ref/collection/p17173coll38/id/5927",5927.0,"6537.jp2","/p17173coll38/image/6537.jp2","1962","-5-    Do cum ent ary Note    For your use we enclose with this analysis several documents, in the numbers  indicated.    1940 Statement of Principles on Academic Freedom and Tenure (50 copies)    1958 Statement on Procedural Standards in Faculty Dismissa",204,False,False,False,False,True,"[]","[]"
"Annual African Methodist Episcopal Founder's Day Benefit Luncheon Program, March 10, 1962, Page 1","","McCray, John Henry, 1910-1987","1962-03-10 00:00:00","","Manuscripts; Accession 11294.","Allen University","","","A program Annual African Methodist Episcopal Founder's Day Benefit Luncheon on March 10, 1962.","1 item ; Page 1 of 4","John Henry McCray Papers, 1929-1989","https://digital.library.sc.edu/collections/john-henry-mccray-papers-1929-1989/","University of South Carolina. South Caroliniana Library","Copyright Not Evaluated.∩┐╜For further information please contact The University of South Carolina, South Caroliniana Library, Columbia, SC 29208.","Civil Rights Era (1955-1969)","Columbia, Richland County, South Carolina, United States","English","300ppi, 24-bit depth color, Epson Expression 11000 XL flatbed scanner with SilverFast scanning software, primary archival file is a TIFF","2017-01","Text","image/jpeg","Documents (object genre)","mccrayjh04-32-007","","Joshua Schutzenhofer","","2021-11-16","2021-11-16","http://cdm17173.contentdm.oclc.org/cdm/ref/collection/p17173coll38/id/5928",5928.0,"6538.jp2","/p17173coll38/image/6538.jp2","1962","92nd ANNIVERSARY OF ALLEN UNIVERSITY    BENEFIT LUNCHEON        Sponsored by    of Long Island, New York    I    I    SATURDAY, MARCH 10, 1962        ┬ú            LATE RIGHT REVEREND RICHARD ALLEN  Founder African Methodist Episcopal Church        e THE ALLEN UNIVERSITY ALUMNI CHAPTER        Annual African Methodist Episcopal  Founder's Day    HOTEL CONCOURSE PLAZA - GRAND BALLROOM    Giend Concourse at 161st Street, Bronx 51, N.Y.",318,True,False,False,False,False,"['Special Char Artifacts']","['┬ú']"
"Annual African Methodist Episcopal Founder's Day Benefit Luncheon Program, March 10, 1962, Page 2","","McCray, John Henry, 1910-1987","1962-03-10 00:00:00","","Manuscripts; Accession 11294.","Allen University","","","A program Annual African Methodist Episcopal Founder's Day Benefit Luncheon on March 10, 1962.","1 item ; Page 2 of 4","John Henry McCray Papers, 1929-1989","https://digital.library.sc.edu/collections/john-henry-mccray-papers-1929-1989/","University of South Carolina. South Caroliniana Library","Copyright Not Evaluated.∩┐╜For further information please contact The University of South Carolina, South Caroliniana Library, Columbia, SC 29208.","Civil Rights Era (1955-1969)","Columbia, Richland County, South Carolina, United States","English","300ppi, 24-bit depth color, Epson Expression 11000 XL flatbed scanner with SilverFast scanning software, primary archival file is a TIFF","2017-01","Text","image/jpeg","Documents (object genre)","mccrayjh04-32-008","","Joshua Schutzenhofer","","2021-11-16","2021-11-16","http://cdm17173.contentdm.oclc.org/cdm/ref/collection/p17173coll38/id/5929",5929.0,"6539.jp2","/p17173coll38/image/6539.jp2","1962","3    $                            f",3,False,False,False,True,False,"['Low Char Count']","[]"
"Annual African Methodist Episcopal Founder's Day Benefit Luncheon Program, March 10, 1962, Page 3","","McCray, John Henry, 1910-1987","1962-03-10 00:00:00","","Manuscripts; Accession 11294.","Allen University","","","A program Annual African Methodist Episcopal Founder's Day Benefit Luncheon on March 10, 1962.","1 item ; Page 3 of 4","John Henry McCray Papers, 1929-1989","https://digital.library.sc.edu/collections/john-henry-mccray-papers-1929-1989/","University of South Carolina. South Caroliniana Library","Copyright Not Evaluated.∩┐╜For further information please contact The University of South Carolina, South Caroliniana Library, Columbia, SC 29208.","Civil Rights Era (1955-1969)","Columbia, Richland County, South Carolina, United States","English","300ppi, 24-bit depth color, Epson Expression 11000 XL flatbed scanner with SilverFast scanning software, primary archival file is a TIFF","2017-01","Text","image/jpeg","Documents (object genre)","mccrayjh04-32-009","","Joshua Schutzenhofer","","2021-11-16","2021-11-16","http://cdm17173.contentdm.oclc.org/cdm/ref/collection/p17173coll38/id/5930",5930.0,"6540.jp2","/p17173coll38/image/6540.jp2","1962","a    ∩┐╝    LUNCH    ∩┐╝         Mrs. Lula Williams    SOLO.∩┐╝    )        .Rev. W. L. Freeman    a    ∩┐╝ ∩┐╝            II    SOLO∩┐╝  INTRODUCTION OF GUEST SPEAKER.  ADDRESS∩┐╝  SOLO∩┐╝      ACKNOWLEDGEMENTS  ALMA MATER    BENEDICTION∩┐╝                *3              .Mrs. Minnie Harold  ..Mrs. Jennie Henningway McCoy   Dr. Howard E. Wright   Mrs. Lula Williams    Reverend J. A. DeLaine     Mr. Leroy Frazier    At the Piano    Miss Corris Murdaugh    I!    Presiding    Miss Marguerite Virginia Pyatt, President    NATIONAL ANTHEM    INVOCATION∩┐╝     WELCOME∩┐╝    INTRODUCTION OF DAIS GUESTS    Supreme of Fruit Plaza  Salad de Allen Maxed Green  French Dressing  Columbia Pot Roast  Charleston Potatoes Greenville Vegetables    Georgetown Rolls Bishopville Butter    De Howard Ice Cream  Spartanburg Coffee    GREETINGS:    Presiding Bishop of the First Episcopal District    THE RT. REV. GEORGE WILBUR BABER    President of Brotherhood of Sleeping Car Porters    MR. A. PHILIP RANDOLPH    Executive Manager, Borough of Manhattan    ATTORNEY RICHARD P. JONES    African Methodist Episcopal MinisterΓÇÖs Alliance    REV. G. G. CRUMPLY    National Allen University Alumni Association    REV. H. R. HUGHES",887,True,False,False,False,False,"['Special Char Artifacts']","['∩┐╝', '∩┐╝', '∩┐╝', '∩┐╝', '∩┐╝', '∩┐╝', '∩┐╝', '∩┐╝', '∩┐╝', '∩┐╝', '∩┐╝', 'ΓÇÖ']"
"Annual African Methodist Episcopal Founder's Day Benefit Luncheon Program, March 10, 1962, Page 4","","McCray, John Henry, 1910-1987","1962-03-10 00:00:00","","Manuscripts; Accession 11294.","Allen University","","","A program Annual African Methodist Episcopal Founder's Day Benefit Luncheon on March 10, 1962.","1 item ; Page 4 of 4","John Henry McCray Papers, 1929-1989","https://digital.library.sc.edu/collections/john-henry-mccray-papers-1929-1989/","University of South Carolina. South Caroliniana Library","Copyright Not Evaluated.∩┐╜For further information please contact The University of South Carolina, South Caroliniana Library, Columbia, SC 29208.","Civil Rights Era (1955-1969)","Columbia, Richland County, South Carolina, United States","English","300ppi, 24-bit depth color, Epson Expression 11000 XL flatbed scanner with SilverFast scanning software, primary archival file is a TIFF","2017-01","Text","image/jpeg","Documents (object genre)","mccrayjh04-32-010","","Joshua Schutzenhofer","","2021-11-16","2021-11-16","http://cdm17173.contentdm.oclc.org/cdm/ref/collection/p17173coll38/id/5931",5931.0,"6541.jp2","/p17173coll38/image/6541.jp2","1962","ALLEN UNIVERSITY ALMA MATER        I                I    When other sons so true and daughters loyal  Shall to their alma mater shout praises free, We too  shall ever stand at thy side and sing aloud for ever;  Allen, fair mother, we pledge our love to thee.  Allen, fair mother, we pledge our love to thee.    Allen to thee we lift our hearts and voices,    Allen to thee lifeΓÇÖs choicest gifts we pray, And ever as we  leave thy dear walks and halls so steeped in glory,  Guard well thy children, and guide us on our way.        !!    it    Mr. David Levine    Miss Lavonnie Brinkley    Mrs. Carolyn Fein    Mr. and Mrs. Walter Oldham    Miss Marie Williams    Miss Sellina Bouknight    Miss Georgia McCargo    Mr. Gilbert Ames    Mr. William Rivers    Mr. Willie N. Fulsonn    Mr. Leroy Rhette    Mr. George Spielman    Mrs. Mary Kitt    Mr. Charles Collins    Mrs. Theodosia Chapman    Mrs. Dorothy Lonon    Mr. Leroy Chapman    Mr. and Mrs. Louis Pyatt    Mrs. Lyla Johnson    Miss Nellie Williams    Mr. and Mrs. Arnold Liss    Mr. Sidney Clark    Mindy and David Liss    Mr. Rodney Lannon    Miss Phylis A. Fellner    Mr. George Holton    Mrs. Virginia Williamson    Mr. and Mrs. John Pyatt    Miss Mary Yoda    Mr. and Mrs. Wayne Fannin    Miss Claytie Carethere    Rev. Robert E. Jones    Mr. Cydney C. Peimer    Miss Mildred Nesbitt    Mrs. Florence Washington    Miss Thelma Hill    Mr. Benjamin Frasier    Mrs. Maybell Hunter    Miss Mary Robinson    Mr. William Cox    Mrs. Inez Singleton    Mrs. Sannie Mann    Mr. and Mrs. John Nesbitt    Dr. Duban    Dr. Mestel    Dr. Chang    Miss Ash    Miss McGwevy    Dr. Turan    Miss Lowler    Mrs. Gitman",1205,True,False,False,False,False,"['Special Char Artifacts']","['ΓÇÖ']"
"Letter to Dr. J. A. Bacoats, April 29, 1962, Page 1","","McCray, John Henry, 1910-1987","1962-04-29 00:00:00","","Manuscripts; Accession 11294.","Allen University","","","A letter to Dr. J. A. Bacoats sent on April 29, 1962.","1 item ; Page 1 of 5","John Henry McCray Papers, 1929-1989","https://digital.library.sc.edu/collections/john-henry-mccray-papers-1929-1989/","University of South Carolina. South Caroliniana Library","Copyright Not Evaluated.∩┐╜For further information please contact The University of South Carolina, South Caroliniana Library, Columbia, SC 29208.","Civil Rights Era (1955-1969)","Columbia, Richland County, South Carolina, United States","English","300ppi, 24-bit depth color, Epson Expression 11000 XL flatbed scanner with SilverFast scanning software, primary archival file is a TIFF","2017-01","Text","image/jpeg","Documents (object genre)","mccrayjh04-32-011","","Joshua Schutzenhofer","","2021-11-16","2021-11-16","http://cdm17173.contentdm.oclc.org/cdm/ref/collection/p17173coll38/id/5932",5932.0,"6542.jp2","/p17173coll38/image/6542.jp2","1962","Dr. J.A. Bacoats, President  Benedict College    Columbia, South Carolina    April 29, 1962    Dear Dr. Bacoats:    Since your call earlier this morning I have read the  item in THE STATE, re: Allen University and the American  Association of University Professors. I have also checked  back over other matters you mentioned and, especially,  into the background of the AAUP situation with emphasis on  what precipitated it.    I thought to write you this personal letter so that  in the future you may be enabled to understand my pro┬¼  fessional role more clearly and spared the factor of  suspicion and distrust - if you wish it that way.    I neither claim, nor disclaim, credit for or connection  with the item in THE STATE. However, I find it properly done  and factual, but in style and reportorial language unlike  mine. IΓÇÖm presuming that the writer maXEhEdxfants simply  did thd logical thing: meld facts from the AUUP action in  Chicago with other documented and wellknown facts, which  involved both Allen and Benedict College, and also the  GovernorΓÇÖs office. I do not detect anywhere the slightest  basis for suspecting that the reporter writing the story  may have slanted his account to the benefit of either  college, or went beyond normal limits in reporting on a  situation which affected and involved both of the colleges.    In following this procedure the reporter employed the  same kind of freedom in his or her profession which seems  to be the substance of the AAUPΓÇÖs position in its censures  of both Allen and Benedict. Moreover, the two colleges are  inseparably connected in the issue of the dismissed pro┬¼  fessors; to the extent even that both colleges employed the  services of most or all of these persons in a joint faculty  operation program for some classes. Both colleges were put  under pressure by the State, for the same reasons, and both  colleges dismissed the men - perhaps, reluctantly and regret┬¼  fully at the time. Both were subsequently hauled onto the  AAUP carpet.    I setforth all of this that you might understand how  BenedictΓÇÖs name got intxb the story.    For some time I have been wanting to evaluate this  entire matter. I believe I know it better than anyone else,  including even Governor Timmerman, Jr. and the college presi┬¼  dents he put under pfassure. I have never written this story,  and perhaps never will - for publication, but oddly, it all""  began with Benedict College, a fact you may rnnii recall.",2012,True,False,False,False,False,"['Special Char Artifacts']","['┬¼', 'ΓÇÖ', 'ΓÇÖ', 'ΓÇÖ', '┬¼', '┬¼', 'ΓÇÖ', '┬¼']"
"Letter to Dr. J. A. Bacoats, April 29, 1962, Page 2","","McCray, John Henry, 1910-1987","1962-04-29 00:00:00","","Manuscripts; Accession 11294.","Allen University","","","A letter to Dr. J. A. Bacoats sent on April 29, 1962.","1 item ; Page 2 of 5","John Henry McCray Papers, 1929-1989","https://digital.library.sc.edu/collections/john-henry-mccray-papers-1929-1989/","University of South Carolina. South Caroliniana Library","Copyright Not Evaluated.∩┐╜For further information please contact The University of South Carolina, South Caroliniana Library, Columbia, SC 29208.","Civil Rights Era (1955-1969)","Columbia, Richland County, South Carolina, United States","English","300ppi, 24-bit depth color, Epson Expression 11000 XL flatbed scanner with SilverFast scanning software, primary archival file is a TIFF","2017-01","Text","image/jpeg","Documents (object genre)","mccrayjh04-32-012","","Joshua Schutzenhofer","","2021-11-16","2021-11-16","http://cdm17173.contentdm.oclc.org/cdm/ref/collection/p17173coll38/id/5933",5933.0,"6543.jp2","/p17173coll38/image/6543.jp2","1962","At the urgent insistence of a xshkeh Federal source with  which I had contact, I came to you during the 1955-56.academic  year to give this confidential information for your guidance  and protection, heforehand:    Gov. Timmerman had ordered special SLED agents to visit  you with the view to having certain professors at Benedict  fired. The Governor's action Was two-fold: He was-trying to  prove that communism dominated Negro life and leadership in  South Carolina; he planned then a higher political'post and  this issue could give him a splendid boost with little likeli┬¼  hood of reprisal of any significance. During his campaign for  the office he then held he had circulated about the state  printed copies of House UnAmerican Activities CommitteeΓÇÖs  listings of, oddly enough, a Benedict College graduate. This  explainswhy he elected to move first against Benedict.    I acted only as a messenger for this conference with you.  I recall reporting to you that the Federal source for which  I was doing the favor wished you to know that ferreting our  Communists - if there were any - was the responsibility of  the Federal government, and not that of the State.    Later, I learned by phone that, as had been indicated,  the agents did appear and you sent them away empty handed,  which was the course our Federal source considered proper.    However, something else occured simultaneously, which  I now believe created an atmosphere which made it impossible  for either the professors or the administration to function  thereafter in mutual confidence and respect. It was this:    The evening after my daytime conference with you, President  Higgins called me at home. He was obviously disturbed and asked  details about the report he'd just received saying I had con┬¼  ferred with you during the day for facts and material for a  story I was writing ""About Communists Teaching at Alien and  Benedict."" My meeting with you, as you recall, was confi┬¼  dential. I spoke to nobody other than my Federal source, which  could not afford to talk anywhere.    I also had a call the same night from Attorney Harold R.  Boulware making an inquiry similar to that of Dr. Higgins. Then,  I learned from certain agents that several, or all, of the  professors at both colleges Timmerman was after, were holding  a lengthy meeting of some kind in the home of the Benedict  College graduate whose citations had been circulated by  Timmerman during his campaign. Later, we were to learn that  during this meeting? and in subsequent ones, a strategy and  plan of counter-action were perfected.    The Federal source, whose only interest was to spare the  college harm from the hands of bigots going out of their way  to increase political fortunes, as well as myself, felt very  skxxxn chagrined that apparently what was to have a most con┬¼  fidential bit of information had now become public gossipc  I, particularly, and even now was to missxfzHS classified as  an enemy of the two colleges and of integrated college families.",2472,True,False,True,False,False,"['Special Char Artifacts', 'Repeat Chars']","['┬¼', 'ΓÇÖ', '┬¼', '┬¼', '┬¼', 'x']"
"Letter to Dr. J. A. Bacoats, April 29, 1962, Page 3","","McCray, John Henry, 1910-1987","1962-04-29 00:00:00","","Manuscripts; Accession 11294.","Allen University","","","A letter to Dr. J. A. Bacoats sent on April 29, 1962.","1 item ; Page 3 of 5","John Henry McCray Papers, 1929-1989","https://digital.library.sc.edu/collections/john-henry-mccray-papers-1929-1989/","University of South Carolina. South Caroliniana Library","Copyright Not Evaluated.∩┐╜For further information please contact The University of South Carolina, South Caroliniana Library, Columbia, SC 29208.","Civil Rights Era (1955-1969)","Columbia, Richland County, South Carolina, United States","English","300ppi, 24-bit depth color, Epson Expression 11000 XL flatbed scanner with SilverFast scanning software, primary archival file is a TIFF","2017-01","Text","image/jpeg","Documents (object genre)","mccrayjh04-32-013","","Joshua Schutzenhofer","","2021-11-16","2021-11-16","http://cdm17173.contentdm.oclc.org/cdm/ref/collection/p17173coll38/id/5934",5934.0,"6544.jp2","/p17173coll38/image/6544.jp2","1962","page three    The State, meanwhile, worked from another angle. It dis┬¼  patched SLED agents to Conneticut, Minnesota, New York;, to  Washington and several other places. The agents were seeking,  piece-meal fashion, detailed accounts of the professors at the  two colleges. They discovered nothing of evidence. I might add,  theyΓÇÖve yet to discover evidence, per se, despite even subse┬¼  quent claims of proof Gov. Timmerman said he had, explained  a little later in this letter.    By the 1956-57 academic year Allen had a new President,  one not familiar with the StateΓÇÖs campaign.    My source again came to report that SLED agents were  scheduled to contact the Allen president with this kind of  motivation:    ΓÇÖΓÇÖThey figure they can get cooperation of some kind at  Allen. If they can thejr they have already decided they are  going give Dr. Bacoats at Benedict hell. They didnΓÇÖt like  his attitude towards them. They said he wonΓÇÖt play ball.'*  (These words, as best I recall, are correctly quoted).    Neither of us actually knew Dr. Veal, the new President,  to the etxtent that either would venture to approach him  ahead of the agents as had been done with you the year before.  After careful discussion, however, and after IΓÇÖd first done  some feeling out, we decided that we could and should warn  him.    Through devisive means we had been able to obtain the  confidential reports on the six professors Timmerman was  after. I made longhand notes from the records at my home  at night, returned them to their proper source, then typed  into cogent form the information I had gathered.    I was sworn to secrecy and confidence with the material  which, the following day, was loaned to Dr. Veal in order that  he might have benefit of real facts aifid solid information for  any eventuality which developed. He was advised not to have this  classified information photographed or copied, and to return  it to me after M) hours.    Late that same night, my Federal source telephoned to  report that the classified information had been turned over  to SLED agents, who had photographed and returned it shortly  after I personally delivered the material to Dr. Veal. I  reclaimed the copies from Dr. Veal the next morning, without  informing him why and my Federal source and I met on the  outskirts of town, checked and discovered they had been  photographed. We then destroyed them in each otherΓÇÖs  presence.    The records we had had access to were in custody of a veteran  Federal agent who had reluctantly violated regulations in letting  us see them. But he, too, felt that it Was vitally important to  protect the two colleges against the onslaught against them. More┬¼  over, the records themselves contained nothing of evidence  to suuport a charge of communism. They were listings of speeches,  writings, meetings, memberships and associates of the involved",2356,True,False,False,False,False,"['Special Char Artifacts']","['┬¼', 'ΓÇÖ', '┬¼', 'ΓÇÖ', 'ΓÇÖΓÇÖ', 'ΓÇÖ', 'ΓÇÖ', 'ΓÇÖ', 'ΓÇÖ', '┬¼']"
"Letter to Dr. J. A. Bacoats, April 29, 1962, Page 4","","McCray, John Henry, 1910-1987","1962-04-29 00:00:00","","Manuscripts; Accession 11294.","Allen University","","","A letter to Dr. J. A. Bacoats sent on April 29, 1962.","1 item ; Page 4 of 5","John Henry McCray Papers, 1929-1989","https://digital.library.sc.edu/collections/john-henry-mccray-papers-1929-1989/","University of South Carolina. South Caroliniana Library","Copyright Not Evaluated.∩┐╜For further information please contact The University of South Carolina, South Caroliniana Library, Columbia, SC 29208.","Civil Rights Era (1955-1969)","Columbia, Richland County, South Carolina, United States","English","300ppi, 24-bit depth color, Epson Expression 11000 XL flatbed scanner with SilverFast scanning software, primary archival file is a TIFF","2017-01","Text","image/jpeg","Documents (object genre)","mccrayjh04-32-014","","Joshua Schutzenhofer","","2021-11-16","2021-11-16","http://cdm17173.contentdm.oclc.org/cdm/ref/collection/p17173coll38/id/5935",5935.0,"6545.jp2","/p17173coll38/image/6545.jp2","1962","page four    persons. Yet, they were complete and valuable for propaganda  purposes. They were also assembled data no other source on  earth had.    Ironically, one of the SLED agents who did the photographing  of the records, ^sx┬▒xdxihHx┬úEXKr informed the involved Federal  agent earlier in the evening and prior to the call I got that  he had finally gotten the information heΓÇÖd been trying for  months to get. Bits of the ┬▒nfxxma┬▒┬▒nn details of the informat┬¼  ion the SLED man boasted heΓÇÖd finally gotten - and how he had  obtained it - convinced the Federal agent quickly that heΓÇÖd  been thrown a curve. In desperation he made a deal of some  sort with the SLED agent, details of which IΓÇÖve never gotten.  However, I was told the SLED man had assured him he had per┬¼  sonally destroyed the copies heΓÇÖd photographed, but some months  later Gov. Timmerman used verbatim sentences from the copied  material. I wrote them myself and quickly recognized my own  words.    I made personal remonstrations against the use Gov.  Timmerman had made of the information to Lt. Shorter of SLED,  to SLED Chief J.P. Strom and to John Mason, then TimmermanΓÇÖs  executive or legislative secretary. All of these professed  ignorance of the matter. All of them knew, however.    At one point I was on the verge of making public how Gov.  Timmerman came into possession of the information given in  part to the General ^Assembly and at a subsequent press con┬¼  ference. I demurred this action after realizing that to do so  would further burdens of the already beseiged colleges. However,  I still h&ve the notes from which the copies were made that  were loaned to SLED.    Needless to say, the Federal agent who had tried to be┬¼  friend, and who had lived in Columbia for some 15 years, se┬¼  cured a transfer to another section of the country, taking  along his family, preventing an investigation against him  and saving his secure position.    To this point it had become clear that the administration at  neither college protected those providing confidential and  classified information pertaining to the problem confronting them.    Too, paid or otherwise renumerated stool pigeons were  given assignments on both campuses, making prompt and regular  Reports to SLED and others on activities of the six persons  involved. The Allen SLED informer, an ordained minister who  pastored a city congregation and also was on the faculty, was  paid regularly $50 weekly, plus additionally if he incurred  extra expense. The informer who worked the Benedict side was  a young ministerial student. I wasn't able to learn whether  he was paid money, or since he was a parolee at the time,  given certain other consideration. However, I am certain of  the operations of both men. The Benedict gentleman admitted  his activity to me, which was verified by an investigation  made by my federal source.",2362,True,False,False,False,False,"['Special Char Artifacts']","['┬▒', '┬ú', 'ΓÇÖ', '┬▒', '┬▒┬▒', '┬¼', 'ΓÇÖ', 'ΓÇÖ', 'ΓÇÖ', '┬¼', 'ΓÇÖ', 'ΓÇÖ', '┬¼', '┬¼', '┬¼']"
"Letter to Dr. J. A. Bacoats, April 29, 1962, Page 5","","McCray, John Henry, 1910-1987","1962-04-29 00:00:00","","Manuscripts; Accession 11294.","Allen University","","","A letter to Dr. J. A. Bacoats sent on April 29, 1962.","1 item ; Page 5 of 5","John Henry McCray Papers, 1929-1989","https://digital.library.sc.edu/collections/john-henry-mccray-papers-1929-1989/","University of South Carolina. South Caroliniana Library","Copyright Not Evaluated.∩┐╜For further information please contact The University of South Carolina, South Caroliniana Library, Columbia, SC 29208.","Civil Rights Era (1955-1969)","Columbia, Richland County, South Carolina, United States","English","300ppi, 24-bit depth color, Epson Expression 11000 XL flatbed scanner with SilverFast scanning software, primary archival file is a TIFF","2017-01","Text","image/jpeg","Documents (object genre)","mccrayjh04-32-015","","Joshua Schutzenhofer","","2021-11-16","2021-11-16","http://cdm17173.contentdm.oclc.org/cdm/ref/collection/p17173coll38/id/5936",5936.0,"6546.jp2","/p17173coll38/image/6546.jp2","1962","page five    It had ""been concluded by now that it was dangerous to try  further to prepare the administrations for what was coming. For  one thing the paid informers talked often to others than SLED.  By now, the professors themselves operated contacts which kept  their faction informed. It was unfortunate that this was the  case because there was still opportunity to defeat the campaign  against the colleges - and no matter how it is otherwise stated,  those making the attack had no concern over the probable damage  being done to the colleges themselves.    There are two developments along this line I report.    First, the actual discreditation of graduates in teaching  at Allen was never planned. What happened was that a scheme  was decided on, under which a letter threatening discreditation  was to be sent to AllenΓÇÖs administration which could in private  be used as compulsion for the dismissals sought at that college.  It was expressly understood that the letter was never to have  been made public, for the proposed action would likely provoke  reactions dangerous to the personal program of the Governor.    However, by an unusual development, contents of the letter  became public information even before it reached its intended  source at Allen. This infuriated Gov. Timmerman who left office  still uncertain as to how or where the leak came. He both  accused Allen of breaking its word, and at the same time, fired  his office aide, Charles Wickenberg - then a former reporter -  whom he suspected of leaking the matter to former co-workers.  Actually, Mr. Wickenberg was innocent.    Gov. Timmerman was now backed into a corner. If Allen didnΓÇÖt  dismiss its professors the threat of the mandate had to be obeyed.  For certain reasons, Allen demurred again on firing the three men  in question. Finally, the discreditation came and continued  until the men were relieved of their positions.    Since the spring of 19%, the GovernorΓÇÖs office had also had  assistance and cooperation from a white source which, for years,  had been considered influential with certain Negroes. This white  man, a lawyer, was placed on the Trustee Board of South Carolina  State College when a Board member from Sumter county died in the  spring of 19%. The manΓÇÖs firm had represented Allen University  for many years. He was also most influential with two Negro  members of the Benedict College Trustee Board. It appears that  we used both of his connections to the benefit of the Governor  in the Columbia disputes.    Once the Allen dismissals neared attainment, great pressures  were applied on certain Benedict Trustees, who in turn made certain  representations upon its President who, as pointed out earlier,  had irritated the Governor in refusing to play ball. Details of  this maneuver, of how both white and colored trustees were  bludgeoned - largely by the white attorney - into forcing the  dismissals at Benedict is both interesting and unique.",2432,True,False,False,False,False,"['Special Char Artifacts']","['ΓÇÖ', 'ΓÇÖ', 'ΓÇÖ', 'ΓÇÖ']"
"Annual Banquet of Dickerson Literary Society In Honor of Graduating Seniors of Dickerson Theological Seminary Program, May 3, 1962, Page 1","","McCray, John Henry, 1910-1987","1962-05-02 00:00:00","","Manuscripts; Accession 11294.","Allen University","","","A program for the Annual Banquet of Dickerson Literary Society In Honor of Graduating Seniors of Dickerson Theological Seminary on May 3, 1962.","1 item ; Page 1 of 3","John Henry McCray Papers, 1929-1989","https://digital.library.sc.edu/collections/john-henry-mccray-papers-1929-1989/","University of South Carolina. South Caroliniana Library","Copyright Not Evaluated.∩┐╜For further information please contact The University of South Carolina, South Caroliniana Library, Columbia, SC 29208.","Civil Rights Era (1955-1969)","Columbia, Richland County, South Carolina, United States","English","300ppi, 24-bit depth color, Epson Expression 11000 XL flatbed scanner with SilverFast scanning software, primary archival file is a TIFF","2017-01","Text","image/jpeg","Documents (object genre)","mccrayjh04-32-016","","Joshua Schutzenhofer","","2021-11-16","2021-11-16","http://cdm17173.contentdm.oclc.org/cdm/ref/collection/p17173coll38/id/5937",5937.0,"6547.jp2","/p17173coll38/image/6547.jp2","1962","A N NU A. L. B A N Q UE T    OF    DICKERSON LITERARY' SOCIETY    IN HONOR OF GRADUATING SENIORS    OF    DICKERSON THEOLOGICAL SEMINARY    AT,TEN UNIVERSITY - DINING HALL    Thursday, May 3, 19&2    8:00 P.M",150,False,True,False,False,False,"['General Artifacts']","['19&2']"
"Annual Banquet of Dickerson Literary Society In Honor of Graduating Seniors of Dickerson Theological Seminary Program, May 3, 1962, Page 2","","McCray, John Henry, 1910-1987","1962-05-02 00:00:00","","Manuscripts; Accession 11294.","Allen University","","","A program for the Annual Banquet of Dickerson Literary Society In Honor of Graduating Seniors of Dickerson Theological Seminary on May 3, 1962.","1 item ; Page 2 of 3","John Henry McCray Papers, 1929-1989","https://digital.library.sc.edu/collections/john-henry-mccray-papers-1929-1989/","University of South Carolina. South Caroliniana Library","Copyright Not Evaluated.∩┐╜For further information please contact The University of South Carolina, South Caroliniana Library, Columbia, SC 29208.","Civil Rights Era (1955-1969)","Columbia, Richland County, South Carolina, United States","English","300ppi, 24-bit depth color, Epson Expression 11000 XL flatbed scanner with SilverFast scanning software, primary archival file is a TIFF","2017-01","Text","image/jpeg","Documents (object genre)","mccrayjh04-32-017","","Joshua Schutzenhofer","","2021-11-16","2021-11-16","http://cdm17173.contentdm.oclc.org/cdm/ref/collection/p17173coll38/id/5938",5938.0,"6548.jp2","/p17173coll38/image/6548.jp2","1962","*** PROGRAMS ┬╗**  i Γûá    Rev. W. H. Abel, Presiding    SONG    INVOCATION Rev. Joseph Frazier    WELCOME Rev. J.C. Gasque    SOLO    INTRODUCTION OF SPEAKER Rev. Willie Utsey    SPEAKER Rev. James Holmes, Pastor-Bethel A.M.E.Church  Laurens, S. C,  (Class of ΓÇÖ56 - Dickerson Seminary)    SOLO    PRESENTATION OF SENIORS    FRESENTA.TION GF PRRqTTENTΓÇöDickerson Literary Society    PRESENTATION OF:    College Presidents    Seminary Deans    ┬╗#┬½**%*#┬╗*%%***┬½┬╗*    +++ M E N U +++    Frost Cocktail    Sauce a la King    Boned a' la Paprika Fryei    Delmonica Potatoes    Peas Continental    Dinner Rolls DeLuxe    Pineapple Mousse Salad    , Brick La Nilla Ice Cream    Mints    M-E-M-B-E-R-S    r ΓÇó    Peanuts    Orange Pokoe Ice Tea    OFFICERS:    President∩┐╝John H. Gillison  Vice-President∩┐╝William W. Cooper  Secretary∩┐╝Franklin K. Richardson  Assistant Secretary∩┐╝Alvin J. Blake  Treasurer...∩┐╝.'...Joseph P. Frazier  Reporter∩┐╝Willie Olando-Price  Chaplain∩┐╝John C. Gasque    ∩┐╝ ∩┐╝    Wendel Abel  Julius Steed    Wallace McKnight  Frank M. Maddox  Johnny Rouse  Arthur Robinson  Leroy Weathers    ∩┐╝ ∩┐╝    Johnny Yeadon  Willie Utsey  Antonio Bonner  James A. Green  Joseph C. Roache  Raymond Strom  Cornelius Herbert",969,True,True,False,False,False,"['Special Char Artifacts', 'General Artifacts']","['***', '┬╗**', 'Γûá', 'ΓÇÖ', 'ΓÇö', '┬╗#┬½**%*#┬╗*%%***┬½┬╗*', '+++', '+++', 'ΓÇó', '∩┐╝', '∩┐╝', '∩┐╝', '∩┐╝', '∩┐╝', '∩┐╝', '∩┐╝', '∩┐╝', '∩┐╝', '∩┐╝', '∩┐╝', '½**%*#┬╗*%%***┬½']"
"Annual Banquet of Dickerson Literary Society In Honor of Graduating Seniors of Dickerson Theological Seminary Program, May 3, 1962, Page 3","","McCray, John Henry, 1910-1987","1962-05-02 00:00:00","","Manuscripts; Accession 11294.","Allen University","","","A program for the Annual Banquet of Dickerson Literary Society In Honor of Graduating Seniors of Dickerson Theological Seminary on May 3, 1962.","1 item ; Page 3 of 3","John Henry McCray Papers, 1929-1989","https://digital.library.sc.edu/collections/john-henry-mccray-papers-1929-1989/","University of South Carolina. South Caroliniana Library","Copyright Not Evaluated.∩┐╜For further information please contact The University of South Carolina, South Caroliniana Library, Columbia, SC 29208.","Civil Rights Era (1955-1969)","Columbia, Richland County, South Carolina, United States","English","300ppi, 24-bit depth color, Epson Expression 11000 XL flatbed scanner with SilverFast scanning software, primary archival file is a TIFF","2017-01","Text","image/jpeg","Documents (object genre)","mccrayjh04-32-018","","Joshua Schutzenhofer","","2021-11-16","2021-11-16","http://cdm17173.contentdm.oclc.org/cdm/ref/collection/p17173coll38/id/5939",5939.0,"6549.jp2","/p17173coll38/image/6549.jp2","1962","A-D-V-I-S-O-R-S    Dr. E.F.G. Dent,, .Dean    Rev. L. E. Crumlin    Dr. Julius Holman",65,False,False,False,False,True,"[]","[]"
"Letter to Dr. Wright from John H. McCray, May 18, 1962","","McCray, John Henry, 1910-1987","1962-05-17 00:00:00","","Manuscripts; Accession 11294.","Allen University","","","A letter to Dr. Wright from John H. McCray sent on May 18, 1962.","1 item","John Henry McCray Papers, 1929-1989","https://digital.library.sc.edu/collections/john-henry-mccray-papers-1929-1989/","University of South Carolina. South Caroliniana Library","Copyright Not Evaluated.∩┐╜For further information please contact The University of South Carolina, South Caroliniana Library, Columbia, SC 29208.","Civil Rights Era (1955-1969)","Columbia, Richland County, South Carolina, United States","English","300ppi, 24-bit depth color, Epson Expression 11000 XL flatbed scanner with SilverFast scanning software, primary archival file is a TIFF","2017-01","Text","image/jpeg","Documents (object genre)","mccrayjh04-32-019","","Joshua Schutzenhofer","","2021-11-16","2021-11-16","http://cdm17173.contentdm.oclc.org/cdm/ref/collection/p17173coll38/id/5940",5940.0,"6550.jp2","/p17173coll38/image/6550.jp2","1962","May 18, 1962    Dear Dr, Wright*    Yesterday we paid Rev, Roscoe Wilson in full  the 118,67 1)111 for services in the Dining Hall  May 9th and express our fullest appreciation that  you so kindly helped us with this project.    We were pleased with the preparation and  service of the food. We greatly over-ordered and  Instructed Rev, Wilson to turn over to the uni┬¼  versity both the prepared food left and also  that which had not been cooked. The two amounted  to approximately two-thirds of what we or erod.    We also advise, however, that we believe our  future arrangements for similar occasions would  be more satisfactca'y to all concerned were we per┬¼  mitted to make those through your office or through  the business department.    ΓÇÖ Sincerely,    John II, McCray    Dr. oward . Wright, Presi ent  Allen University    Columbia, South Carolina",685,True,False,False,False,False,"['Special Char Artifacts']","['┬¼', '┬¼', 'ΓÇÖ']"
"Ninety-second Commencement Exercises Invitation, May 24, 1962, Page 1","","McCray, John Henry, 1910-1987","1962-05-23 00:00:00","","Manuscripts; Accession 11294.","Allen University","","","An invitation to the Ninety-second Commencement Exercises on May 25, 1962 from the trustees, faculty and graduating classes.","1 item ; Page 1 of 2","John Henry McCray Papers, 1929-1989","https://digital.library.sc.edu/collections/john-henry-mccray-papers-1929-1989/","University of South Carolina. South Caroliniana Library","Copyright Not Evaluated.∩┐╜For further information please contact The University of South Carolina, South Caroliniana Library, Columbia, SC 29208.","Civil Rights Era (1955-1969)","Columbia, Richland County, South Carolina, United States","English","300ppi, 24-bit depth color, Epson Expression 11000 XL flatbed scanner with SilverFast scanning software, primary archival file is a TIFF","2017-01","Text","image/jpeg","Documents (object genre)","mccrayjh04-32-020","","Joshua Schutzenhofer","","2021-11-16","2021-11-16","http://cdm17173.contentdm.oclc.org/cdm/ref/collection/p17173coll38/id/5941",5941.0,"6551.jp2","/p17173coll38/image/6551.jp2","1962","┬«lje trustees, Sjacultu anb  05rabuating (Class  of Allen Mmfrersity  request fife pleasure of gour presence    at tljeir  ^inetg.seconb  (Commencement ^Exercises  tKljursbag morning, JHag tfoentg-fonrt!]  nineteen Ifunbreb anb sixig-tfuo  at ten ttjirtg oΓÇÖclock  ^niberstig ^Aubitorium  (Eolumbfa, ^outl] (Karolina",269,True,False,False,False,False,"['Special Char Artifacts']","['┬«', 'ΓÇÖ']"
"Letter to Mr. John H. McCray from H. E. Wright, May 28, 1962","","McCray, John Henry, 1910-1987","1962-05-27 00:00:00","","Manuscripts; Accession 11294.","Allen University","","","A letter to Mr. John H. McCray from H. E. Wright sent on May 28, 1962.","1 item","John Henry McCray Papers, 1929-1989","https://digital.library.sc.edu/collections/john-henry-mccray-papers-1929-1989/","University of South Carolina. South Caroliniana Library","Copyright Not Evaluated.∩┐╜For further information please contact The University of South Carolina, South Caroliniana Library, Columbia, SC 29208.","Civil Rights Era (1955-1969)","Columbia, Richland County, South Carolina, United States","English","300ppi, 24-bit depth color, Epson Expression 11000 XL flatbed scanner with SilverFast scanning software, primary archival file is a TIFF","2017-01","Text","image/jpeg","Documents (object genre)","mccrayjh04-32-022","","Joshua Schutzenhofer","","2021-11-16","2021-11-16","http://cdm17173.contentdm.oclc.org/cdm/ref/collection/p17173coll38/id/5943",5943.0,"6553.jp2","/p17173coll38/image/6553.jp2","1962","HOWARD E. WRIGHT  PRESIDENT    UNDER THE AUSPICES OF THE  AFRICAN METHODIST EPISCOPAL CHURCH    Allen Mnibersxty    (finhimhia 4, SΓÇÖnnth (Carolina    OFFICE OF THE PRESIDENT    May 28, 1962    Mr. John H. McCray  Post Office Box 4011  Columbia, South Carolina    Dear Mr. McCray:    I shall be out of the city for the next day  or two, but wish to have the opportunity of dis┬¼  cussing a probable solution to the matter of  publicity for Allen University. Will you kindly  think with me on this, and let me know a suitable  time for a conference.    /McC",430,True,False,False,False,False,"['Special Char Artifacts']","['ΓÇÖ', '┬¼']"
"Allen University Student Loan Fund Account Balance, Mr. Thomas McCray, May 31, 1962","","McCray, John Henry, 1910-1987","1962-05-30 00:00:00","","Manuscripts; Accession 11294.","Allen University","","","The Allen University Student Loan Fund account balance of Mr. Thomas McCray made on May 31, 1962.","1 item","John Henry McCray Papers, 1929-1989","https://digital.library.sc.edu/collections/john-henry-mccray-papers-1929-1989/","University of South Carolina. South Caroliniana Library","Copyright Not Evaluated.∩┐╜For further information please contact The University of South Carolina, South Caroliniana Library, Columbia, SC 29208.","Civil Rights Era (1955-1969)","Columbia, Richland County, South Carolina, United States","English","300ppi, 24-bit depth color, Epson Expression 11000 XL flatbed scanner with SilverFast scanning software, primary archival file is a TIFF","2017-01","Text","image/jpeg","Documents (object genre)","mccrayjh04-32-023","","Joshua Schutzenhofer","","2021-11-16","2021-11-16","http://cdm17173.contentdm.oclc.org/cdm/ref/collection/p17173coll38/id/5944",5944.0,"6554.jp2","/p17173coll38/image/6554.jp2","1962","M AY 311962    TELEPHONEΓÇöALphine 6-8032 19    Mr. Thomas McCray     2459 Waites Road     Columbia, South Carolina    IN ACCOUNT WITH    ALLEN UNIVERSITY    Columbia 4, South Carolina            BALANCE            100    00                                                                    ALL    LffiLEVPlT? QTr    r v                        STUDENT LOAN FUND                                ΓÇö    ..                              If this statement is    T'T in                            agreement with your    please notify ou-r a    DERRICK, STUBBS &    ecoros                                                        I 1 ┬½ 1 1                            1 UUliv ┬½    P. 0. BOX 363, COLUMBIA    I, s. c.                            Phone    ΓÇÖ-6366                        accrue one year after graduation. The prin-                            cipal repayment period begins one year                            after graduation and payments of 10 per                            cent of principal and accrued interest there┬¼  on is payable during each year thereafter  until note is satisfied.",517,True,False,False,False,False,"['Special Char Artifacts']","['ΓÇö', 'ΓÇö', '┬½', '┬½', 'ΓÇÖ', '┬¼']"
"Allen University Contract of Employment, Mrs. Mittie G. McCray, June 21, 1962","","McCray, John Henry, 1910-1987","1962-06-20 00:00:00","","Manuscripts; Accession 11294.","Allen University","","","The Allen University contract of employment of Mrs. Mittie G. McCray made on June 21, 1962.","1 item","John Henry McCray Papers, 1929-1989","https://digital.library.sc.edu/collections/john-henry-mccray-papers-1929-1989/","University of South Carolina. South Caroliniana Library","Copyright Not Evaluated.∩┐╜For further information please contact The University of South Carolina, South Caroliniana Library, Columbia, SC 29208.","Civil Rights Era (1955-1969)","Columbia, Richland County, South Carolina, United States","English","300ppi, 24-bit depth color, Epson Expression 11000 XL flatbed scanner with SilverFast scanning software, primary archival file is a TIFF","2017-01","Text","image/jpeg","Documents (object genre)","mccrayjh04-32-024","","Joshua Schutzenhofer","","2021-11-16","2021-11-16","http://cdm17173.contentdm.oclc.org/cdm/ref/collection/p17173coll38/id/5945",5945.0,"6555.jp2","/p17173coll38/image/6555.jp2","1962","ALLEN UNIVERSITY Columbia, South Carolina    State of South Carolina    County of Richland    CONTRACT OF EMPLOYMENT    This agreement made and entered into on the day of∩┐╝JΓÇöJI┬«∩┐╝19_ΓÇ₧by and between the Trustees∩┐╝  of Allen University, a church-related Corporation with offices located at Columbia, Richland County, South Carolina, represented  by the President, the First Party, hereinafter called the University, and G_.__McCray__, the Second Party,    hereinafter called the Apoin+ee. Appointee    WITNESSETH, that the parties hereto agree as follows:    1- The Appointee s _McCr_ay_ accepts employment as / ΓÇö.Secretary∩┐╝ in the    ∩┐╝ Pres id ent * s-0Lffi_ce.∩┐╝ at the University for a period of 12 months, beginning on the -let-∩┐╝ day of    JuneΓÇö, 19-62., and ending on the∩┐╝3Lst_ day of∩┐╝ ; 19__63_. The Appointee is to receive a    salary in the amount of ΓÇö$3000,00∩┐╝, payable in∩┐╝12.∩┐╝equal monthly installments of∩┐╝$_25Q∩┐╝, provided,  however, that the Appointee meets all usual and proper obligations imposed by the University.    2. The Appointee further agrees to devote all required time in performance of the duties for the above mentioned position  well and faithfully; to enter into the activities of the University, extra-curricula or otherwise, in a manner to encourage and build  the morale of the student body, consonant with the regulations and policies of the Board of Trustees as administered by the President  of the University.    3. It is further agreed by and between the parties hereto that this contract shall terminate immediately in the event of death  of the Appointee, or disability of such a nature as to prevent performance of service obligations of this Contract; and further,  if the Appointee breaks this agreement or causes it to be broken during the session at a time that inconveniences the ordinary pro┬¼  cedure of the University, then the Appointee shall forfeit all rights to any unpaid salary as liquidated damages.    4. Either contracting party may at any time, for just cause, terminate this agreement by giving thirty (30) days notice in  writing to the other party fully setting forth said reasons.    5. The University reserves the right upon judgement of the President to terminate, without advance notice, the services of  the Appointee for wilful neglect of duty, incompetence, physical or mental disability, dishonesty, grave personal misconduct, failure  to continue or to improve scholarship, insubordination, persistent violation or refusal to obey the laws and regulations promulgated  by the Board of Trustees or any directives of the said Trustee Board or the violation of any State, County or municipal laws,  statutes or ordinances or the laws of the United States that would bring discredit upon the University.    IN WITNESS WHEREOF, the parties hereto, in the capacity and under the authority aforesaid, have hereunto affixed their    signatures the day' and year first above written.",2465,True,True,False,False,False,"['Special Char Artifacts', 'General Artifacts']","['∩┐╝', 'ΓÇö', '┬«∩┐╝', 'ΓÇ₧', '∩┐╝', 'ΓÇö', '∩┐╝', '∩┐╝', '∩┐╝', '∩┐╝', 'ΓÇö', '∩┐╝', '∩┐╝', 'ΓÇö$', '∩┐╝', '∩┐╝', '∩┐╝', '∩┐╝$', '∩┐╝', '┬¼', 'Apoin+ee', 'ΓÇö$3000,00', 'of∩┐╝$_25Q']"
"The Ninety-Second Commencement Exercises program, May 24, 1962, Page 1","","McCray, John Henry, 1910-1987","1962-05-23 00:00:00","","Manuscripts; Accession 11294.","Allen University","","","The program for the Ninety-Second Commencement on May 24, 1962.","1 item ; Page 1 of 4","John Henry McCray Papers, 1929-1989","https://digital.library.sc.edu/collections/john-henry-mccray-papers-1929-1989/","University of South Carolina. South Caroliniana Library","Copyright Not Evaluated.∩┐╜For further information please contact The University of South Carolina, South Caroliniana Library, Columbia, SC 29208.","Civil Rights Era (1955-1969)","Columbia, Richland County, South Carolina, United States","English","300ppi, 24-bit depth color, Epson Expression 11000 XL flatbed scanner with SilverFast scanning software, primary archival file is a TIFF","2017-01","Text","image/jpeg","Documents (object genre)","mccrayjh04-32-025","","Joshua Schutzenhofer","","2021-11-16","2021-11-16","http://cdm17173.contentdm.oclc.org/cdm/ref/collection/p17173coll38/id/5946",5946.0,"6556.jp2","/p17173coll38/image/6556.jp2","1962","(ttammentement jderrtscs    Thursday Morning, May 24, 1962    TEN-THIRTY OΓÇÖCLOCK    Allen University Auditorium",93,True,False,False,False,False,"['Special Char Artifacts']","['ΓÇÖ']"
"The Ninety-Second Commencement Exercises program, May 24, 1962, Page 2","","McCray, John Henry, 1910-1987","1962-05-23 00:00:00","","Manuscripts; Accession 11294.","Allen University","","","The program for the Ninety-Second Commencement on May 24, 1962.","1 item ; Page 2 of 4","John Henry McCray Papers, 1929-1989","https://digital.library.sc.edu/collections/john-henry-mccray-papers-1929-1989/","University of South Carolina. South Caroliniana Library","Copyright Not Evaluated.∩┐╜For further information please contact The University of South Carolina, South Caroliniana Library, Columbia, SC 29208.","Civil Rights Era (1955-1969)","Columbia, Richland County, South Carolina, United States","English","300ppi, 24-bit depth color, Epson Expression 11000 XL flatbed scanner with SilverFast scanning software, primary archival file is a TIFF","2017-01","Text","image/jpeg","Documents (object genre)","mccrayjh04-32-026","","Joshua Schutzenhofer","","2021-11-16","2021-11-16","http://cdm17173.contentdm.oclc.org/cdm/ref/collection/p17173coll38/id/5947",5947.0,"6557.jp2","/p17173coll38/image/6557.jp2","1962","Programme    PRESIDENT H. E. WRIGHTΓÇöPresiding    PROCESSIONALΓÇöΓÇ£War March of the PriestsΓÇ¥ ∩┐╝ Mendelssohn    HYMN 0 God, Our Help In Ages Past    INVOCATION ∩┐╝ Dr. F. C. James  SCRIPTURE ∩┐╝ Dr. H. B. Butler  CHORAL RESPONSE    MUSICΓÇöΓÇ£Sang and RejoiceΓÇ¥ ∩┐╝ James  Allen University Choir    INTRODUCTION OF SPEAKER∩┐╝President H. E. Wright  ADDRESS Attorney John H. Wheeler∩┐╝    President, Mechanics and Farmers Bank  Durham, North Carolina  MUSICΓÇöΓÇ£I Will Give ThanksΓÇ¥ ∩┐╝ Rossini  Pauline Harper, Soloist  Allen University Choir    CONFERRING OF DEGREES    MUSIC ∩┐╝ΓÇö∩┐╝ ΓÇ£Fare Ye WellΓÇ¥    Allen University Choir  John Singleton, Soloist    PRESENTATION OF BISHOP CARY A. GIBBS    President H. E. Wright  Chairman, Board of Trustees    ANNOUNCEMENTS    MUSICΓÇöΓÇ£The Hallelujah ChorusΓÇ¥ (From the ΓÇ£MessiahΓÇ¥)ΓÇöHandel  Allen University Choir    BENEDICTION Bishop C. A. Gibbs    RECESSIONAL    (Audience Please Remain Seated)    ∩┐╝    ∩┐╝    ∩┐╝ ΓÇÿO God Our Help in Ages PastΓÇ¥    0 God, our help in ages past,    Our hope for years to come,    Our shelter from the stormy blast,  And our eternal home:    Before the hills in order stood,  Or earth received her frame,  From everlasting thou art God,  To endless years the same.    O God, our help in ages past,    Our hope for years to come,    Be thou our guard while life shall last,  And our perpetual home!    ALLEN UNIVERSITY ALMA MATER    Allen, to thee we lift our hearts and Voices.    Allen, to thee lifeΓÇÖs choicest gifts we pray,    And ever as we leave thy dear walls and halls so steeped in glory  Guard well thy children; guard and guide us on our way.    Guard well thy children; guard and guide us on our way.    When other sons so true and daughters loyal    Shall to their Alma Mater shout praises free,    We too shall ever stand at thy side and sing aloud forever:    Allen, fair Mother, we pledge our love to thee,    Allen, fair Mother, we pledge our love to thee.",1542,True,False,False,False,False,"['Special Char Artifacts']","['ΓÇö', 'ΓÇöΓÇ£', 'ΓÇ¥', '∩┐╝', '∩┐╝', '∩┐╝', 'ΓÇöΓÇ£', 'ΓÇ¥', '∩┐╝', '∩┐╝', '∩┐╝', 'ΓÇöΓÇ£', 'ΓÇ¥', '∩┐╝', '∩┐╝ΓÇö∩┐╝', 'ΓÇ£', 'ΓÇ¥', 'ΓÇöΓÇ£', 'ΓÇ¥', 'ΓÇ£', 'ΓÇ¥', 'ΓÇö', '∩┐╝', '∩┐╝', '∩┐╝', 'ΓÇÿ', 'ΓÇ¥', 'ΓÇÖ']"
"The Ninety-Second Commencement Exercises program, May 24, 1962, Page 3","","McCray, John Henry, 1910-1987","1962-05-23 00:00:00","","Manuscripts; Accession 11294.","Allen University","","","The program for the Ninety-Second Commencement on May 24, 1962.","1 item ; Page 3 of 4","John Henry McCray Papers, 1929-1989","https://digital.library.sc.edu/collections/john-henry-mccray-papers-1929-1989/","University of South Carolina. South Caroliniana Library","Copyright Not Evaluated.∩┐╜For further information please contact The University of South Carolina, South Caroliniana Library, Columbia, SC 29208.","Civil Rights Era (1955-1969)","Columbia, Richland County, South Carolina, United States","English","300ppi, 24-bit depth color, Epson Expression 11000 XL flatbed scanner with SilverFast scanning software, primary archival file is a TIFF","2017-01","Text","image/jpeg","Documents (object genre)","mccrayjh04-32-027","","Joshua Schutzenhofer","","2021-11-16","2021-11-16","http://cdm17173.contentdm.oclc.org/cdm/ref/collection/p17173coll38/id/5948",5948.0,"6558.jp2","/p17173coll38/image/6558.jp2","1962","I    CANDIDATES FOR GRADUATIONΓÇöMAY 1962    BACHELOR OF ARTS    Pearline Vivian Amaker  Billy Matthew Bean  Antonio Maceo Bonner  Nettie Mae Brogdon  Eddie Dwane Ford  Miniam Eliza Frederick  Leotha Hilton Gipson  *ΓÇöCarl Baynes Hughes  George Drummond Hamilton  Ruth Loretta Jenkins  *ΓÇöEloise Jones    BACHELOR    Dorthulla Anderson  Georgianna Anderson  Elizabeth Clotelle Ashford  *ΓÇöTheola White Baylor ,  Ernest Belton  Agnes Etta Boyd  Sarah Jean Bromell  Betty Jean Bryant  Francina Bryant    Francella Burroughs  John Burrows, Jr.  *ΓÇöFrederick Adetokunbo    Christian    Isabel Washington Coleman  Mary Ila Couser    William Roland Drummond  Shirley Ann Earle  Richard Elmore  Joan Barbara Foard    Rupert Augustus Brown, Jr.  Patricia Moore Fulmore  Joseph Elias Grant  Andrew Gray, Jr.    Woodrow Ted Lewis  Evelyn Gail McIntosh  Frank Maddox, Jr.    Virginia Lucille Montgomery  *ΓÇöYvonne Robinson  Dorothy Albertine Ryan  *ΓÇöNecia Patricia Smith  Evelyn Ruth Walker  *ΓÇöAudrey Sterlita Weaver  Gardenia Elizabeth Wilson    OF SCIENCE    Carolyn Lamar Lyles    *ΓÇöFrances Virginia McCardell  Abraham McGill  Reddrick Linwood Martin  Sue Roella Martin  Gloria Jean Massey  Elijah Joshua Millsaps, Jr.  John Wesley Moore  Emily Newton    Leila Gertrude Owens  Chester Delaine Paige  Oliver King Perry, Jr.    Maceo Sylvester Pickett  Margaret Elizabeth Rabb  Henry Sylvester Reeder  Rhudine Washington Robinson  James Hamilton Scott  Gertie Bell Simmons  Emma Wright Singletary  Josh Smith, Jr.    Anna Brown Thaxton  **ΓÇöPearl Patricia Tatum  *ΓÇöCharles John Thomas",1279,True,False,False,False,False,"['Special Char Artifacts']","['ΓÇö', '*ΓÇö', '*ΓÇö', '*ΓÇö', '*ΓÇö', '*ΓÇö', '*ΓÇö', '*ΓÇö', '*ΓÇö', '**ΓÇö', '*ΓÇö']"
"The Ninety-Second Commencement Exercises program, May 24, 1962, Page 4","","McCray, John Henry, 1910-1987","1962-05-23 00:00:00","","Manuscripts; Accession 11294.","Allen University","","","The program for the Ninety-Second Commencement on May 24, 1962.","1 item ; Page 4 of 4","John Henry McCray Papers, 1929-1989","https://digital.library.sc.edu/collections/john-henry-mccray-papers-1929-1989/","University of South Carolina. South Caroliniana Library","Copyright Not Evaluated.∩┐╜For further information please contact The University of South Carolina, South Caroliniana Library, Columbia, SC 29208.","Civil Rights Era (1955-1969)","Columbia, Richland County, South Carolina, United States","English","300ppi, 24-bit depth color, Epson Expression 11000 XL flatbed scanner with SilverFast scanning software, primary archival file is a TIFF","2017-01","Text","image/jpeg","Documents (object genre)","mccrayjh04-32-028","","Joshua Schutzenhofer","","2021-11-16","2021-11-16","http://cdm17173.contentdm.oclc.org/cdm/ref/collection/p17173coll38/id/5949",5949.0,"6559.jp2","/p17173coll38/image/6559.jp2","1962","Marguerite Guess    Thomas Nelson Hall    *'ΓÇöMary Lee Haynes    Walter Howell    Lawrence Hughes, Jr.    Alex Humphrey, Jr.    *ΓÇöVeronica Hope Hunter    John Wesley Jackson, Jr.    *ΓÇöPhoebe Rubens Johnson  Kedric Edward Jones. Jr.    Frank Kennedy    Gallant Lee    *ΓÇöWendell Louis Thompson  Marthenia Tisdale    Margaret Laverne Tucker    Juanita Veal    Mae Frances Waring    Shirley Washington    Carrol Watson    Forest Randolph Williams    Gladys Ann Williams    Martha Louise Williams    Tommy Lee Williams    Bobby Ray Young    BACHELOR OF DIVINITY    *ΓÇöRichard Daniel Ansah    *-ΓÇöWilliam Wash Cooper    *ΓÇóΓÇöJohn Harold Gillison    James Elliott Moody  ***ΓÇöWillie Olando-Price    CANDIDATES FOR HONORARY DEGREES    DOCTOR OF LETTERS    Lewis C. Dowdy    DOCTOR OF HUMANITIES    Miller Hamilton Johnson    *ΓÇöCum Laude    **ΓÇöCum Laude with the highest average    ***ΓÇöMagna Cum Laude",696,True,False,False,False,False,"['Special Char Artifacts']","['ΓÇö', '*ΓÇö', '*ΓÇö', '*ΓÇö', '*ΓÇö', 'ΓÇö', '*ΓÇóΓÇö', '***ΓÇö', '*ΓÇö', '**ΓÇö', '***ΓÇö']"
"Letter to Mr. John McCray from Howard E. Right, September 21, 1962","","McCray, John Henry, 1910-1987","1962-09-20 00:00:00","","Manuscripts; Accession 11294.","Allen University","","","A letter to Mr. John H. McCray from Howard E. Right sent on September 21, 1962.","1 item","John Henry McCray Papers, 1929-1989","https://digital.library.sc.edu/collections/john-henry-mccray-papers-1929-1989/","University of South Carolina. South Caroliniana Library","Copyright Not Evaluated.∩┐╜For further information please contact The University of South Carolina, South Caroliniana Library, Columbia, SC 29208.","Civil Rights Era (1955-1969)","Columbia, Richland County, South Carolina, United States","English","300ppi, 24-bit depth color, Epson Expression 11000 XL flatbed scanner with SilverFast scanning software, primary archival file is a TIFF","2017-01","Text","image/jpeg","Documents (object genre)","mccrayjh04-32-029","","Joshua Schutzenhofer","","2021-11-16","2021-11-16","http://cdm17173.contentdm.oclc.org/cdm/ref/collection/p17173coll38/id/5950",5950.0,"6560.jp2","/p17173coll38/image/6560.jp2","1962","HOWARD E. WRIGHT    UNDER THE AUSPICES OF THE  AFRICAN METHODIST EPISCOPAL CHURCH    PRESIDENT    Allini llmfrcrsrtu    (Enlunihia 4, ^nuih (Carolina    OFFICE OF THE PRESIDENT    September 21, 1962    Mr. John McCray    P. O. Box l|011    Columbia, South Carolina    Dear Friend:    Enclosed is a complimentary season-ticket to all home-games  played by the Allen University football team.    We trust you will enjoy these games with us.    77 ΓÇö    Howard E. Wright    Howard E. Wright  President    HEW/a    Encl.",391,True,True,False,False,False,"['Special Char Artifacts', 'General Artifacts']","['ΓÇö', 'l|011']"
"Letter to Mr. McCray from H. E. Wright, October 2, 1962","","McCray, John Henry, 1910-1987","1962-10-01 00:00:00","","Manuscripts; Accession 11294.","Allen University","","","A letter to Mr. McCray from H. E. Wright sent on October 2, 1962.","1 item","John Henry McCray Papers, 1929-1989","https://digital.library.sc.edu/collections/john-henry-mccray-papers-1929-1989/","University of South Carolina. South Caroliniana Library","Copyright Not Evaluated.∩┐╜For further information please contact The University of South Carolina, South Caroliniana Library, Columbia, SC 29208.","Civil Rights Era (1955-1969)","Columbia, Richland County, South Carolina, United States","English","300ppi, 24-bit depth color, Epson Expression 11000 XL flatbed scanner with SilverFast scanning software, primary archival file is a TIFF","2017-01","Text","image/jpeg","Documents (object genre)","mccrayjh04-32-030","","Joshua Schutzenhofer","","2021-11-16","2021-11-16","http://cdm17173.contentdm.oclc.org/cdm/ref/collection/p17173coll38/id/5951",5951.0,"6561.jp2","/p17173coll38/image/6561.jp2","1962","TO: Mr. McCray    FROM: H. E. Wright    October 2, 1962    JOTTINGS FOR NEWS ARTICLE    Allen UniversityΓÇÖs indebtedness has been reduced by $103,000.    A $30,000 withholding tax has been paid to the government    $15,000 has been repaid to the Allen University Endowment Fund.    (This money had been borrowed for current operating expenses previously)    Over $4,000 had been borrowed from the plant fund. This has been repaid.    The summer of 1961, $25,000 had been borrowed to run the school during  the summer, which was paid during the first year of my administration.    Allen owend $67,000 to the merchants and its credit was not the very best,  but in this past year $40,000 has been paid on these back debts, reducing  the accounts payable to $27,000 while maintaining and paying all current  obligations.",655,True,False,False,False,False,"['Special Char Artifacts']","['ΓÇÖ']"
"Allen University Athletic Pass, Mr. & Mrs. John H. McCray, Page 1","","McCray, John Henry, 1910-1987","","","Manuscripts; Accession 11294.","Allen University","","","The Allen University Athletic Pass of Mr. and Mrs. John H. McCray.","1 item ; Page 1 of 2","John Henry McCray Papers, 1929-1989","https://digital.library.sc.edu/collections/john-henry-mccray-papers-1929-1989/","University of South Carolina. South Caroliniana Library","Copyright Not Evaluated.∩┐╜For further information please contact The University of South Carolina, South Caroliniana Library, Columbia, SC 29208.","Civil Rights Era (1955-1969)","Columbia, Richland County, South Carolina, United States","English","300ppi, 24-bit depth color, Epson Expression 11000 XL flatbed scanner with SilverFast scanning software, primary archival file is a TIFF","2017-01","Text","image/jpeg","Documents (object genre)","mccrayjh04-32-031","","Joshua Schutzenhofer","","2021-11-16","2021-11-16","http://cdm17173.contentdm.oclc.org/cdm/ref/collection/p17173coll38/id/5952",5952.0,"6562.jp2","/p17173coll38/image/6562.jp2","","1962 Athletic Pass 1963    Allen Univer    ΓÇö Columbia, S. C.    IS ADMITTED TO  ALLEN U    L ATHLETIC CONTESTS OF    VERSITY PLAYED OM    HURST ALUMNI FIELD.    ji y Swinton director of athletics    CHAIRMAN OF ATHLETIC COMMITTEE",172,True,False,False,False,False,"['Special Char Artifacts']","['ΓÇö']"
"Immediate Release, Department of Public Information, Allen University, October 15, 1962, Page 1","","McCray, John Henry, 1910-1987","1962-10-14 00:00:00","","Manuscripts; Accession 11294.","Allen University","","","An immediate release from the Allen University Department of Public Information made on October 15, 1962.","1 item ; Page 1 of 2","John Henry McCray Papers, 1929-1989","https://digital.library.sc.edu/collections/john-henry-mccray-papers-1929-1989/","University of South Carolina. South Caroliniana Library","Copyright Not Evaluated.∩┐╜For further information please contact The University of South Carolina, South Caroliniana Library, Columbia, SC 29208.","Civil Rights Era (1955-1969)","Columbia, Richland County, South Carolina, United States","English","300ppi, 24-bit depth color, Epson Expression 11000 XL flatbed scanner with SilverFast scanning software, primary archival file is a TIFF","2017-01","Text","image/jpeg","Documents (object genre)","mccrayjh04-32-034","","Joshua Schutzenhofer","","2021-11-16","2021-11-16","http://cdm17173.contentdm.oclc.org/cdm/ref/collection/p17173coll38/id/5955",5955.0,"6565.jp2","/p17173coll38/image/6565.jp2","1962","FOR IMMEDIATE RELEASE    FROM: DEPERTMENT OF PUBLIC INFORMATION  ALLEN UNIVERSITY  COLUMBIA, SOUTH CAROLINA    OCTOBER 17, 1962    COLUMBIA, S.C. ΓÇö Alldn University has launched a  campaign to build a menΓÇÖs dormitory, possibly by the end    of 1963, Dr. Howard E. Wright, president, announced Monday.    The new dormitory, which will house 276 students, will    located near the site of Higgins Hall, destroyed earlier this {  Γûá&gt;    year by fire, rhn Higgins Hall itself was the principal    building of the old DeLoache Sanitorium, which had been con┬¼    veyed to the university several years earlier.    The dormitory is to be financed jointly by a loan and    other funds contributed by friends and the African Methodist    Church which sponsors the university. The Allen University    Alumni Association, t gether with Dr. Wright, is presently",687,True,True,False,False,False,"['Special Char Artifacts', 'General Artifacts']","['ΓÇö', 'ΓÇÖ', 'Γûá&', '┬¼', 'Γûá&gt']"
"Immediate Release, Department of Public Information, Allen University, October 16, 1962","","McCray, John Henry, 1910-1987","1962-10-15 00:00:00","","Manuscripts; Accession 11294.","Allen University","","","An immediate release from the Allen University Department of Public Information made on October 16, 1962.","1 item","John Henry McCray Papers, 1929-1989","https://digital.library.sc.edu/collections/john-henry-mccray-papers-1929-1989/","University of South Carolina. South Caroliniana Library","Copyright Not Evaluated.∩┐╜For further information please contact The University of South Carolina, South Caroliniana Library, Columbia, SC 29208.","Civil Rights Era (1955-1969)","Columbia, Richland County, South Carolina, United States","English","300ppi, 24-bit depth color, Epson Expression 11000 XL flatbed scanner with SilverFast scanning software, primary archival file is a TIFF","2017-01","Text","image/jpeg","Documents (object genre)","mccrayjh04-32-036","","Joshua Schutzenhofer","","2021-11-16","2021-11-16","http://cdm17173.contentdm.oclc.org/cdm/ref/collection/p17173coll38/id/5957",5957.0,"6567.jp2","/p17173coll38/image/6567.jp2","1962","FOR IMMEDIATE RELEASE    FROM: DEPARTMENT OF PUBLIC INFORMATION    ALLEN UNIVERSITY    COLUMBIA, SOUTH CAROLINA    October 16, 1962    COLUMBIA, S.C. -- J. Otis Haywood, Jr., native of St. Helena  Island and an experienced college business executive, has been  appointed Administrative Dean of Allen University, Dr. Howard E.  Wright, president, announced today.    Dean Haywood comes to the University from Miami, Florida, where  he was Assistant Administrative Dean of the Dade County Junior  College. Prior to that position he was Business Manager for the  Vocational Division of Dade County.    He had been Accountant at Tougaloo College, Tougaloo, Miss.,  worked at Leland College, Baker, La. and held other prior posts.    Completing graduate training in College Management, Dean  Haywood was educated in the New York City public schools, Voorhees  Junior College, Denmark, S.C.; Hampton Institute, Hampton, Va.;  the University of Omaha, Omaha, Neb.; and has studied at Louisiana  State University, Baton Rouge, La; and the University of Miami,  Coral Gables, Fla.    He is married to the former Miss Ora Lee Nottage. They have  three children.    -30-",947,False,False,False,False,True,"[]","[]"
"Immediate Release, Department of Public Information, Allen University, October 16, 1962, Page 1","","McCray, John Henry, 1910-1987","1962-10-15 00:00:00","","Manuscripts; Accession 11294.","Allen University","","","An immediate release from the Allen University Department of Public Information made on October 16, 1962.","1 item ; Page 1 of 2","John Henry McCray Papers, 1929-1989","https://digital.library.sc.edu/collections/john-henry-mccray-papers-1929-1989/","University of South Carolina. South Caroliniana Library","Copyright Not Evaluated.∩┐╜For further information please contact The University of South Carolina, South Caroliniana Library, Columbia, SC 29208.","Civil Rights Era (1955-1969)","Columbia, Richland County, South Carolina, United States","English","300ppi, 24-bit depth color, Epson Expression 11000 XL flatbed scanner with SilverFast scanning software, primary archival file is a TIFF","2017-01","Text","image/jpeg","Documents (object genre)","mccrayjh04-32-037","","Joshua Schutzenhofer","","2021-11-16","2021-11-16","http://cdm17173.contentdm.oclc.org/cdm/ref/collection/p17173coll38/id/5958",5958.0,"6568.jp2","/p17173coll38/image/6568.jp2","1962","FOR IMMEDIATE RELEASE    From: DEPARTMENT OF PUBLIC INFORMATION  ALLEN UNIVERSITY  COLUMBIA, SOUTH CAROLINA    October 16, 1962    COLUMBIA, S.C. ΓÇö J. Otis Haywood, native of St. Helena    Island and an experienced College business executive, has    been appointed administrative dean of Allen University, Dr.    Howard E. Wright, president, announced today.    Dean Haywood cones to the university from Miami,Fla.,    where he was assistant administrative dean of the Dade County    Junior College. Prior to that position he was business manager    for the Vocational Division of Dade County,    He had been accountant at Tongaloo College, Tougaloo, Miss.,    worked at Leland College, Baker, La. and held other prior posts.    Holding the Master De ree in College Management, Dean    Haywood was educated in the Now York City public schools,",680,True,False,False,False,False,"['Special Char Artifacts']","['ΓÇö']"
"Immediate Release, Department of Public Information, Allen University, October 16, 1962, Page 2","","McCray, John Henry, 1910-1987","1962-10-15 00:00:00","","Manuscripts; Accession 11294.","Allen University","","","An immediate release from the Allen University Department of Public Information made on October 16, 1962.","1 item ; Page 2 of 2","John Henry McCray Papers, 1929-1989","https://digital.library.sc.edu/collections/john-henry-mccray-papers-1929-1989/","University of South Carolina. South Caroliniana Library","Copyright Not Evaluated.∩┐╜For further information please contact The University of South Carolina, South Caroliniana Library, Columbia, SC 29208.","Civil Rights Era (1955-1969)","Columbia, Richland County, South Carolina, United States","English","300ppi, 24-bit depth color, Epson Expression 11000 XL flatbed scanner with SilverFast scanning software, primary archival file is a TIFF","2017-01","Text","image/jpeg","Documents (object genre)","mccrayjh04-32-038","","Joshua Schutzenhofer","","2021-11-16","2021-11-16","http://cdm17173.contentdm.oclc.org/cdm/ref/collection/p17173coll38/id/5959",5959.0,"6569.jp2","/p17173coll38/image/6569.jp2","1962","dean haywood page two    Voorhees Junior College, Denmark; Hampton Institute, Hampton,Va,;  the University of Omaha, Omaha, Neb,; and has studied at  Louisiana State University, Baton Rouge, La.; and the University  of Miami, Coral Gables, Fla.    He is married to the former Miss Ora Lee Nottage. They  have three children.    - 30 -",270,False,False,False,False,True,"[]","[]"
"Immediate Release, Department of Public Information, Allen University, October 16, 1962, Page 1","","McCray, John Henry, 1910-1987","1962-10-15 00:00:00","","Manuscripts; Accession 11294.","Allen University","","","An immediate release from the Allen University Department of Public Information made on October 16, 1962.","1 item ; Page 1 of 2","John Henry McCray Papers, 1929-1989","https://digital.library.sc.edu/collections/john-henry-mccray-papers-1929-1989/","University of South Carolina. South Caroliniana Library","Copyright Not Evaluated.∩┐╜For further information please contact The University of South Carolina, South Caroliniana Library, Columbia, SC 29208.","Civil Rights Era (1955-1969)","Columbia, Richland County, South Carolina, United States","English","300ppi, 24-bit depth color, Epson Expression 11000 XL flatbed scanner with SilverFast scanning software, primary archival file is a TIFF","2017-01","Text","image/jpeg","Documents (object genre)","mccrayjh04-32-039","","Joshua Schutzenhofer","","2021-11-16","2021-11-16","http://cdm17173.contentdm.oclc.org/cdm/ref/collection/p17173coll38/id/5960",5960.0,"6570.jp2","/p17173coll38/image/6570.jp2","1962","FOR ^MEDIATE RELEASE    Front DEPARTMENT OF PUBLIC INFORMATION  ALLEN UNIVERSITY  COLUMBIA, SOUTH CAROLINA    October 16, 1962    COLUMBIA, S.C. ΓÇö Plans for construction of a new menΓÇÖs  dormitory, capable of house 271* students, were announced today  by Dr, Howard E, Wright, president, at Allen University.    The new building, to be located adjacent to Higgins Hall  / *    which was destroyed earlier this year by fire, will cost ap┬¼    proximately $!&lt;00,000. A campaign to raise $125,000 of this  total is already underway, being spearheaded by the Greater  Allen University Alumni Association and the universityΓÇÖs  president among the six annual conferences of the African  Methodist Curch in South Carolina, The AME Church operates    Allen.    IHA and other federal fund loans are expected to provide    for other construction costs",689,True,False,False,False,False,"['Special Char Artifacts']","['ΓÇö', 'ΓÇÖ', '┬¼', 'ΓÇÖ']"
"Immediate Release, Department of Public Information, Allen University, October 16, 1962, Page 2","","McCray, John Henry, 1910-1987","1962-10-15 00:00:00","","Manuscripts; Accession 11294.","Allen University","","","An immediate release from the Allen University Department of Public Information made on October 16, 1962.","1 item ; Page 2 of 2","John Henry McCray Papers, 1929-1989","https://digital.library.sc.edu/collections/john-henry-mccray-papers-1929-1989/","University of South Carolina. South Caroliniana Library","Copyright Not Evaluated.∩┐╜For further information please contact The University of South Carolina, South Caroliniana Library, Columbia, SC 29208.","Civil Rights Era (1955-1969)","Columbia, Richland County, South Carolina, United States","English","300ppi, 24-bit depth color, Epson Expression 11000 XL flatbed scanner with SilverFast scanning software, primary archival file is a TIFF","2017-01","Text","image/jpeg","Documents (object genre)","mccrayjh04-32-040","","Joshua Schutzenhofer","","2021-11-16","2021-11-16","http://cdm17173.contentdm.oclc.org/cdm/ref/collection/p17173coll38/id/5961",5961.0,"6571.jp2","/p17173coll38/image/6571.jp2","1962","page two - new dorm    ""We hope to he able to complete this urgently needed    dormitory with a year,"" Dr. Wright said. Inaddition to the    loss in dormitory space which resulted when Higgins Hall  !    burned, Dr. Wright said a steadily increasing enrolment aC    ItaDcyi&MZfflS&KX the last several years ""has made this new  housing space long overdue."" Alien enrolls a little over  700 students this current year. It also hosts scores of  groups which also use the universityΓÇÖs facilities.    Plans for the new building were prepared by the    Maynard Pearlstine ante: architectural firm of Columbia",485,True,True,False,False,False,"['Special Char Artifacts', 'General Artifacts']","['ΓÇÖ', 'ItaDcyi&MZfflS&KX']"
"Immediate Release, Department of Public Information, Allen University, October 16, 1962, Page 1","","McCray, John Henry, 1910-1987","1962-10-15 00:00:00","","Manuscripts; Accession 11294.","Allen University","","","An immediate release from the Allen University Department of Public Information made on October 16, 1962.","1 item ; Page 1 of 3","John Henry McCray Papers, 1929-1989","https://digital.library.sc.edu/collections/john-henry-mccray-papers-1929-1989/","University of South Carolina. South Caroliniana Library","Copyright Not Evaluated.∩┐╜For further information please contact The University of South Carolina, South Caroliniana Library, Columbia, SC 29208.","Civil Rights Era (1955-1969)","Columbia, Richland County, South Carolina, United States","English","300ppi, 24-bit depth color, Epson Expression 11000 XL flatbed scanner with SilverFast scanning software, primary archival file is a TIFF","2017-01","Text","image/jpeg","Documents (object genre)","mccrayjh04-32-041","","Joshua Schutzenhofer","","2021-11-16","2021-11-16","http://cdm17173.contentdm.oclc.org/cdm/ref/collection/p17173coll38/id/5962",5962.0,"6572.jp2","/p17173coll38/image/6572.jp2","1962","FOR IMMEDIATE RELEASE    From: DEPARTMENT OF PUBLIC INFORMATION  ALLEN UNIVERSITY  COLUMBIA, SOUTH CAROLINA    October .16, 1962    COLUMBIA, S. C. -- Plans for construction of a new menΓÇÖs  dormitory, capable of housing 274 students, were announced today  by Dr. Howard E. Wright, President, at Allen University.    The new building, to be located adjacent to Higgins Hall  which was destroyed earlier this year by fire, will cost approxi*  mately $4000,000.    A campaign to raise $125,000 of this total is already under*  way, spearheaded by the Greater Alumni Association of the Univer*  sity.    The presidentΓÇÖs office, alumni and friends throughout the  state and country are assisting in the drive. Allen is operated  by the African Methodist Episcopal Church.    HHFA and other federal loan funds are expected to provide  for other construction costs,    ""We hope to be able to complete this urgently needed dorm┬¼  itory within a year,"" Dr. Wright said.    In addition to the loss of dormitory space which resulted    when Higgins Hall was burned, Dr. Wright said a steadily increas-",886,True,False,False,False,False,"['Special Char Artifacts']","['ΓÇÖ', 'ΓÇÖ', '┬¼']"
"Immediate Release, Department of Public Information, Allen University, October 16, 1962, Page 2","","McCray, John Henry, 1910-1987","1962-10-15 00:00:00","","Manuscripts; Accession 11294.","Allen University","","","An immediate release from the Allen University Department of Public Information made on October 16, 1962.","1 item ; Page 2 of 3","John Henry McCray Papers, 1929-1989","https://digital.library.sc.edu/collections/john-henry-mccray-papers-1929-1989/","University of South Carolina. South Caroliniana Library","Copyright Not Evaluated.∩┐╜For further information please contact The University of South Carolina, South Caroliniana Library, Columbia, SC 29208.","Civil Rights Era (1955-1969)","Columbia, Richland County, South Carolina, United States","English","300ppi, 24-bit depth color, Epson Expression 11000 XL flatbed scanner with SilverFast scanning software, primary archival file is a TIFF","2017-01","Text","image/jpeg","Documents (object genre)","mccrayjh04-32-042","","Joshua Schutzenhofer","","2021-11-16","2021-11-16","http://cdm17173.contentdm.oclc.org/cdm/ref/collection/p17173coll38/id/5963",5963.0,"6573.jp2","/p17173coll38/image/6573.jp2","1962","page two    ing enrollment the last several years ΓÇÖΓÇÖhas made this new housing  space long overdue.ΓÇ¥    Allen enrolls a little over 700 students this year. It also  hosts scores of groups which periodically use the UniversityΓÇÖs  facilities.    Plans for the new building were prepared by the Maynard  Pearlstine architectural firm of Columbia.    -30-",290,True,False,False,False,False,"['Special Char Artifacts']","['ΓÇÖΓÇÖ', 'ΓÇ¥', 'ΓÇÖ']"
"Letter to Dr. Howard E. Wright from George W. Hopkins, October 21, 1962, Page 1","","McCray, John Henry, 1910-1987","1962-10-20 00:00:00","","Manuscripts; Accession 11294.","Allen University","","","A letter to Dr. Howard E. Wright from George W. Hopkins sent on October 21, 1962.","1 item ; Page 1 of 2","John Henry McCray Papers, 1929-1989","https://digital.library.sc.edu/collections/john-henry-mccray-papers-1929-1989/","University of South Carolina. South Caroliniana Library","Copyright Not Evaluated.∩┐╜For further information please contact The University of South Carolina, South Caroliniana Library, Columbia, SC 29208.","Civil Rights Era (1955-1969)","Columbia, Richland County, South Carolina, United States","English","300ppi, 24-bit depth color, Epson Expression 11000 XL flatbed scanner with SilverFast scanning software, primary archival file is a TIFF","2017-01","Text","image/jpeg","Documents (object genre)","mccrayjh04-32-044","","Joshua Schutzenhofer","","2021-11-16","2021-11-16","http://cdm17173.contentdm.oclc.org/cdm/ref/collection/p17173coll38/id/5965",5965.0,"6575.jp2","/p17173coll38/image/6575.jp2","1962","Dear Dr, Wright:    Dr. Howard J.. Wright, Pi    Allee tnivprat'y    Co! i- South Ca oI tnw    I have completed the ferwatiou of the committee to visi  Hl&lt;ΓÇÖ&gt; are as follows:    en University.    Dr. W. V. i^ggins    Prole mir of Education  Furman University  Greenville, S. C.    Dr. WiI lard Daiis. Dean  College of Arts and Science  University of South Carolina  Columbia, S, C.    . ferny Anderson    Prefwws-ir of Education    State (allege  Orangeburg, S, fi.    Dr. Evaretta Rutherford. Chairman    Department of Education    Benedict College    Columbia, &gt;S. C.    Dr. I. C. McArthur  Superintendent yf schools    Sumter, S. C,    Dr. George W. Hopkins, Director  Division of Teacher Ed. & Certification  atate Department of I (location    We expect to arrive at your institution at Iti. iO the morning oi November 16.  Would you be good enough to set aside a meeting rear, for us and to let each  member of the committee know of the meeting place and some direction as to  how to jjer there. I expect most of these people will be driving. Wo would  like about thirty minutes alone is a committee to get our plans organized.  Following this, we would like to have you in to make a presentation of what  has happened at Allen during yxr administration. I think you should tell  them of the things you hare included in your letter to me and the nice things  you have planned for this-year and the coming years. Following this, I expect  re will want to see the deans, business managers, and heads of departments.  At some time or other we would like to interview each individual inemher of  your staff ind!vidually. At the time of the interviews the conrod tier should  hove in its hands bepic* of the staff members* transcripts, 1 would also  suggest that you set Aside ┬╗ time to ┬½bow the committee through all parts  of the school plant. We will wxr.t to inspect the physical faeilitieo  available far all aapeeta of year program. This will include dorxitorira.",1569,True,True,False,False,False,"['Special Char Artifacts', 'General Artifacts']","['ΓÇÖ&', '┬╗', '┬½', 'Hl&lt;ΓÇÖ&gt', 'i^ggins']"
"Letter to Dr. Howard E. Wright from George W. Hopkins, October 21, 1962, Page 2","","McCray, John Henry, 1910-1987","1962-10-20 00:00:00","","Manuscripts; Accession 11294.","Allen University","","","A letter to Dr. Howard E. Wright from George W. Hopkins sent on October 21, 1962.","1 item ; Page 2 of 2","John Henry McCray Papers, 1929-1989","https://digital.library.sc.edu/collections/john-henry-mccray-papers-1929-1989/","University of South Carolina. South Caroliniana Library","Copyright Not Evaluated.∩┐╜For further information please contact The University of South Carolina, South Caroliniana Library, Columbia, SC 29208.","Civil Rights Era (1955-1969)","Columbia, Richland County, South Carolina, United States","English","300ppi, 24-bit depth color, Epson Expression 11000 XL flatbed scanner with SilverFast scanning software, primary archival file is a TIFF","2017-01","Text","image/jpeg","Documents (object genre)","mccrayjh04-32-045","","Joshua Schutzenhofer","","2021-11-16","2021-11-16","http://cdm17173.contentdm.oclc.org/cdm/ref/collection/p17173coll38/id/5966",5966.0,"6576.jp2","/p17173coll38/image/6576.jp2","1962","of ft        SirWH: hb    4c to Br. W. I , (.&lt;oggiT┬╗ss    Wi Hard Davis    . G, UcAi thuz  irov Anderson    Rutherford",82,True,False,False,False,False,"['Special Char Artifacts']","['┬╗']"
"Letter to Dr. Howard E. Wright from John H. McCray, November 9, 1962","","McCray, John Henry, 1910-1987","1962-11-09 00:00:00","","Manuscripts; Accession 11294.","Allen University","","","A letter to Dr. Howard E. Wright from John H. McCray sent on November 9, 1962.","1 item","John Henry McCray Papers, 1929-1989","https://digital.library.sc.edu/collections/john-henry-mccray-papers-1929-1989/","University of South Carolina. South Caroliniana Library","Copyright Not Evaluated.∩┐╜For further information please contact The University of South Carolina, South Caroliniana Library, Columbia, SC 29208.","Civil Rights Era (1955-1969)","Columbia, Richland County, South Carolina, United States","English","300ppi, 24-bit depth color, Epson Expression 11000 XL flatbed scanner with SilverFast scanning software, primary archival file is a TIFF","2017-01","Text","image/jpeg","Documents (object genre)","mccrayjh04-32-046","","Joshua Schutzenhofer","","2021-11-16","2021-11-16","http://cdm17173.contentdm.oclc.org/cdm/ref/collection/p17173coll38/id/5967",5967.0,"6577.jp2","/p17173coll38/image/6577.jp2","1962","Largest Negro Weekly  Newspaper in the World    CCPMyter)    Published by The Pittsburgh Courier Publishing Company &gt; Inc.    Member of the Audit  Bureau of Circulations    POST OFFICE BOX 1828    MUseum 3-2000    PITTSBURGH 30. PA.    November 9, 1962    Dear Dr, Wright:    If I am satisfactory thus far and you wish that I  proceed al ;ng lines weΓÇÖve talked* especially towards de┬¼  veloping an effective Public Relations program, I would  consider any payment your budget permits starting with the  minimum of $100.00 per month.    As perhaps with you, this is entirely a new area  of work with me and trying t┬« evaluate it is difficult.  Feel assured, however, that even were no compensation  possible I would continue to assist you.    Respectfully,    &lt;Tohn H, McCray    Dr, Howard E, Wright    Allen University  Columbia, S.C.",664,True,False,False,False,False,"['Special Char Artifacts']","['ΓÇÖ', '┬¼', '┬«']"
"Letter to John from Howard E. Wright, December 4, 1962","","McCray, John Henry, 1910-1987","1962-12-04 00:00:00","","Manuscripts; Accession 11294.","Allen University","","","A letter to John from Howard E. Wright sent on December 4, 1962.","1 item","John Henry McCray Papers, 1929-1989","https://digital.library.sc.edu/collections/john-henry-mccray-papers-1929-1989/","University of South Carolina. South Caroliniana Library","Copyright Not Evaluated.∩┐╜For further information please contact The University of South Carolina, South Caroliniana Library, Columbia, SC 29208.","Civil Rights Era (1955-1969)","Columbia, Richland County, South Carolina, United States","English","300ppi, 24-bit depth color, Epson Expression 11000 XL flatbed scanner with SilverFast scanning software, primary archival file is a TIFF","2017-01","Text","image/jpeg","Documents (object genre)","mccrayjh04-32-047","","Joshua Schutzenhofer","","2021-11-16","2021-11-16","http://cdm17173.contentdm.oclc.org/cdm/ref/collection/p17173coll38/id/5968",5968.0,"6578.jp2","/p17173coll38/image/6578.jp2","1962","HOWARD E. WRIGHT  PRESIDENT    OFFICE OF THE PRESIDENT    Alien Mnibersitu    (Enhmthia 4, (Earnlma    UNDER THE AUSPICES OF THE  AFRICAN METHODIST EPISCOPAL CHURCH    December 4, 1962    My dear John:    I hasten to get this off to you, and regret the delay  caused by my being out of the city.    Allen University has been seen through your articles in  all sections of the United States, and the results are evi┬¼  denced from the letters I receive from the alumni. I am  personally grateful to you.    Sincerely,    /McC    Howard E. Wright  President",427,True,False,False,False,False,"['Special Char Artifacts']","['┬¼']"
"Publicity Stories and Services","","McCray, John Henry, 1910-1987","","","Manuscripts; Accession 11294.","Allen University","","","A document with the description publicity stories and services.","1 item","John Henry McCray Papers, 1929-1989","https://digital.library.sc.edu/collections/john-henry-mccray-papers-1929-1989/","University of South Carolina. South Caroliniana Library","Copyright Not Evaluated.∩┐╜For further information please contact The University of South Carolina, South Caroliniana Library, Columbia, SC 29208.","Civil Rights Era (1955-1969)","Columbia, Richland County, South Carolina, United States","English","300ppi, 24-bit depth color, Epson Expression 11000 XL flatbed scanner with SilverFast scanning software, primary archival file is a TIFF","2017-01","Text","image/jpeg","Documents (object genre)","mccrayjh04-32-048","","Joshua Schutzenhofer","","2021-11-16","2021-11-16","http://cdm17173.contentdm.oclc.org/cdm/ref/collection/p17173coll38/id/5969",5969.0,"6579.jp2","/p17173coll38/image/6579.jp2","","DESCRIPTION    Publicity stories and Services    Detach    BEFORE    Cashing",57,False,False,False,False,True,"[]","[]"
"Immediate Release, Department of Public Information, Allen University, December 5, 1962, Page 1","","McCray, John Henry, 1910-1987","1962-12-05 00:00:00","","Manuscripts; Accession 11294.","Allen University","","","An immediate release from the Allen University Department of Public Information on December 5, 1962.","1 item ; Page 1 of 2","John Henry McCray Papers, 1929-1989","https://digital.library.sc.edu/collections/john-henry-mccray-papers-1929-1989/","University of South Carolina. South Caroliniana Library","Copyright Not Evaluated.∩┐╜For further information please contact The University of South Carolina, South Caroliniana Library, Columbia, SC 29208.","Civil Rights Era (1955-1969)","Columbia, Richland County, South Carolina, United States","English","300ppi, 24-bit depth color, Epson Expression 11000 XL flatbed scanner with SilverFast scanning software, primary archival file is a TIFF","2017-01","Text","image/jpeg","Documents (object genre)","mccrayjh04-32-049","","Joshua Schutzenhofer","","2021-11-16","2021-11-16","http://cdm17173.contentdm.oclc.org/cdm/ref/collection/p17173coll38/id/5970",5970.0,"6580.jp2","/p17173coll38/image/6580.jp2","1962","FOR IMMEDIATE RELEASE    FROM: DEPARTMENT OF PUBLIC INFORMATION  ALLEN UNIVERSITY  COLUMBIA, SOUTH CAROLINA    DECEMBER 5, 1962    It was all ""go"" at Allen University this week as enthusiastic faculty  and staff members prepared to begin an immediate self-study which could mean  regional accreditation of the AME Church operated institution by the end  of 1963.    Dr. Howard E. Wright, Allen president, said permission for the self-  study, which should be completed by next spring, has been permitted by  Dr. J. B. Ezell of Atlanta, Ga., assistant secretary to the Southern Associa┬¼    tion of Colleges and Schools, a rating agency which dominates southern colleges    and high schools. Dr. Wright attended the 1962 meeting of this organization    in Dallas, Texas last week.    Impetus to the project was given by the Association of Colleges and    Secondary Schools, which has volunteered consultants to assist in its prepara┬¼    tion. Allen is o┬╗e of six schools selected by the Association",811,True,False,False,False,False,"['Special Char Artifacts']","['┬¼', '┬¼', '┬╗']"
"Immediate Release, Department of Public Information, Allen University, December 5, 1962, Page 2","","McCray, John Henry, 1910-1987","1962-12-05 00:00:00","","Manuscripts; Accession 11294.","Allen University","","","An immediate release from the Allen University Department of Public Information on December 5, 1962.","1 item ; Page 2 of 2","John Henry McCray Papers, 1929-1989","https://digital.library.sc.edu/collections/john-henry-mccray-papers-1929-1989/","University of South Carolina. South Caroliniana Library","Copyright Not Evaluated.∩┐╜For further information please contact The University of South Carolina, South Caroliniana Library, Columbia, SC 29208.","Civil Rights Era (1955-1969)","Columbia, Richland County, South Carolina, United States","English","300ppi, 24-bit depth color, Epson Expression 11000 XL flatbed scanner with SilverFast scanning software, primary archival file is a TIFF","2017-01","Text","image/jpeg","Documents (object genre)","mccrayjh04-32-050","","Joshua Schutzenhofer","","2021-11-16","2021-11-16","http://cdm17173.contentdm.oclc.org/cdm/ref/collection/p17173coll38/id/5971",5971.0,"6581.jp2","/p17173coll38/image/6581.jp2","1962","-2-    The self-study is the second recently initiated move at Allen to gain  accredited rating. Allen did not meet enough standards of the rating agency  two years ago. Dr. Wright reported even more rigid regulations were adopted  at the Dallas meeting. He added, however: ""I am confident our self-study will  win approval and we will be in position to gain accreditation by the end of  next year if all goes well.""    Allen also underwent a checkup by a special study commission organized by    the State Department of Education in mid-November, a final report on which is    pending. This study was directed by Dr. George W. Hopkins of the State    Department of Education, a routine project for unaccredited colleges producing    teachers for stateΓÇóschools.    -30-",623,True,False,False,False,False,"['Special Char Artifacts']","['ΓÇó']"
"Letter to Allen University, December 8, 1962","","McCray, John Henry, 1910-1987","1962-12-08 00:00:00","","Manuscripts; Accession 11294.","Allen University","","","A letter to Allen University sent on December 8, 1962.","1 item","John Henry McCray Papers, 1929-1989","https://digital.library.sc.edu/collections/john-henry-mccray-papers-1929-1989/","University of South Carolina. South Caroliniana Library","Copyright Not Evaluated.∩┐╜For further information please contact The University of South Carolina, South Caroliniana Library, Columbia, SC 29208.","Civil Rights Era (1955-1969)","Columbia, Richland County, South Carolina, United States","English","300ppi, 24-bit depth color, Epson Expression 11000 XL flatbed scanner with SilverFast scanning software, primary archival file is a TIFF","2017-01","Text","image/jpeg","Documents (object genre)","mccrayjh04-32-051","","Joshua Schutzenhofer","","2021-11-16","2021-11-16","http://cdm17173.contentdm.oclc.org/cdm/ref/collection/p17173coll38/id/5972",5972.0,"6582.jp2","/p17173coll38/image/6582.jp2","1962","Dece her 8, 1962    TO ALLEN UNIVERSITY    c/o Dr. Howarc I . Wright, President    News Services to December 1, 1962    OKE HUNDRED ($100.00) AND N0/100 DOLLARS    JHMcC",128,False,False,False,False,True,"[]","[]"
"Letter to Dr. Howard E. Wright from George W. Hopkins, December 19, 1962","","McCray, John Henry, 1910-1987","1962-12-19 00:00:00","","Manuscripts; Accession 11294.","Allen University","","","A letter to Dr. Howard E. Wright from George W. Hopkins sent on December 19, 1962.","1 item","John Henry McCray Papers, 1929-1989","https://digital.library.sc.edu/collections/john-henry-mccray-papers-1929-1989/","University of South Carolina. South Caroliniana Library","Copyright Not Evaluated.∩┐╜For further information please contact The University of South Carolina, South Caroliniana Library, Columbia, SC 29208.","Civil Rights Era (1955-1969)","Columbia, Richland County, South Carolina, United States","English","300ppi, 24-bit depth color, Epson Expression 11000 XL flatbed scanner with SilverFast scanning software, primary archival file is a TIFF","2017-01","Text","image/jpeg","Documents (object genre)","mccrayjh04-32-052","","Joshua Schutzenhofer","","2021-11-16","2021-11-16","http://cdm17173.contentdm.oclc.org/cdm/ref/collection/p17173coll38/id/5973",5973.0,"6583.jp2","/p17173coll38/image/6583.jp2","1962","JSΓÇÖiate of JJouth Carolina    JE0SE T. ANDERSON  STATE SUPERINTENDENT OF EDUCATION    department of ^bitratton    COLUMBIA, s. c.    December 19, 1962    Dr. Howard E. Wright    President, Allen University  Columbia, South Carolina    Dear Dr. Wright:    This letter is to inform you that the State Board of Education at its regular  meeting on Friday, December 14, considered the report of the Committee which  visited Allen University on November 16 and 17 and approved the recommendation  of the Committee as follows:    ""After a study of the curriculum and organization of the institution  and in the light of a considerably improved financial situation and  an improvement in the physical features of the campus, the Committee  recommends to the State Board of Education that Allen University be  approved for the training of teachers, both elementary and secondary,  for the school years 1962-63 and 1963-64, subject to a re-evaluation  of the institution in the spring of 1964. ^The purpose of the 1964  evaluation shall be to ascertain the extent to which the recommenda┬¼  tions of the Committee have been implemented.""^    I am sending you several copies of the proposal which went to the Board  and which was accepted by the Board.    Yours very truly,    George W. Hopkins, Director    Division of Teacher Education and Certification    GWH:mb",1094,True,False,False,False,False,"['Special Char Artifacts']","['ΓÇÖ', '┬¼']"
"Calender of Events, Commencement-1962, Allen University, Page 1","","McCray, John Henry, 1910-1987","","","Manuscripts; Accession 11294.","Allen University","","","A calender of events for the Allen University Commencement in 1962.","1 item ; Page 1 of 2","John Henry McCray Papers, 1929-1989","https://digital.library.sc.edu/collections/john-henry-mccray-papers-1929-1989/","University of South Carolina. South Caroliniana Library","Copyright Not Evaluated.∩┐╜For further information please contact The University of South Carolina, South Caroliniana Library, Columbia, SC 29208.","Civil Rights Era (1955-1969)","Columbia, Richland County, South Carolina, United States","English","300ppi, 24-bit depth color, Epson Expression 11000 XL flatbed scanner with SilverFast scanning software, primary archival file is a TIFF","2017-01","Text","image/jpeg","Documents (object genre)","mccrayjh04-32-053","","Joshua Schutzenhofer","","2021-11-16","2021-11-16","http://cdm17173.contentdm.oclc.org/cdm/ref/collection/p17173coll38/id/5974",5974.0,"6584.jp2","/p17173coll38/image/6584.jp2","","ΓÇöCALENDAR OF EVENTSΓÇö    COMMENCEMENT ΓÇö1962    ALLEN UNIVERSITY    Columbia, South Carolina",78,True,False,False,False,False,"['Special Char Artifacts']","['ΓÇö', 'ΓÇö', 'ΓÇö']"
"Calender of Events, Commencement-1962, Allen University, Page 2","","McCray, John Henry, 1910-1987","","","Manuscripts; Accession 11294.","Allen University","","","A calender of events for the Allen University Commencement in 1962.","1 item ; Page 2 of 2","John Henry McCray Papers, 1929-1989","https://digital.library.sc.edu/collections/john-henry-mccray-papers-1929-1989/","University of South Carolina. South Caroliniana Library","Copyright Not Evaluated.∩┐╜For further information please contact The University of South Carolina, South Caroliniana Library, Columbia, SC 29208.","Civil Rights Era (1955-1969)","Columbia, Richland County, South Carolina, United States","English","300ppi, 24-bit depth color, Epson Expression 11000 XL flatbed scanner with SilverFast scanning software, primary archival file is a TIFF","2017-01","Text","image/jpeg","Documents (object genre)","mccrayjh04-32-054","","Joshua Schutzenhofer","","2021-11-16","2021-11-16","http://cdm17173.contentdm.oclc.org/cdm/ref/collection/p17173coll38/id/5975",5975.0,"6585.jp2","/p17173coll38/image/6585.jp2","","ΓÖªΓÇöWEDNESDAY, MAY 2ΓÇö7:30 P.M.    Freshman Bible Reading Contest    THURSDAY, MAY 3ΓÇö8:00 P.M.    Banquet for Dickerson Theological Seminary Graduates,  given by Dickerson Literary Society in the University  Dining RoomΓÇöThe Rev. J. A. Holmes, Bethel A.M.E. Church  Laurens, South Carolina, Speaker.    ΓÖªΓÇöWEDNESDAY, MAY 9ΓÇö7:30 P.M.    Religious Societies Service.    The Rev. J. C. Williams, Bethel A.M.E. Church    Atlanta, Georgia, speaker    ΓÖªΓÇöWEDNESDAY, MAY 16ΓÇö12 Noon    Achievement and Award Day    WEDNESDAY, MAY 16ΓÇö7:30 P.M.    Senior Consecration Service in Bishops Memorial    A.M.E. Church, Dr. L. L. Farmer, Presiding Elder of  Mt. Pleasant District, speaker    ΓÖªΓÇöFRIDAY, MAY 18ΓÇö7:30 P.M.    May Queen Contest    ΓÖªΓÇöSATURDAY. MAY 19ΓÇö7:30 P.M.    Senior Class Night    SUNDAY, MAY 20-4-00 P.M.    Baccalaureate Service, Township Auditorium  Dr. George A. Singleton, of Philadelphia, Pa.,  Editor of the A.M.E. REVIEW, speaker    MONDAY, MAY 21ΓÇö8:00 P.M.    Senior Class and parents at home with President and  Mrs. Wright, Episcopal Residence    ΓÖªΓÇöTUESDAY, MAY 22ΓÇö7:30 P.M.    Literary Societies. Miller H. Johnson, Administrator  Florida A. and M. Hospital, speaker    ΓÖªΓÇöWEDNESDAY, MAY 23ΓÇö10:30 A.M.    Trustee Board Meeting    ΓÖªΓÇöWEDNESDAY, MAY 23ΓÇö7:30 P.M.    Alumni Pregram    L. K. Dowdy, Acting President A. and T. College    Greensboro, North Carolina, speaker    ΓÖªΓÇöTHURSDAY, MAY 24ΓÇö10:30 A.M.    Commencement Exercises    Attorney J hn Wheeler, President of the MechanicsΓÇö  Farmers B nk of Durham, North Carolina, speaker    'ΓÇöHeld in Chappelle Auditorium",1322,True,False,False,False,False,"['Special Char Artifacts']","['ΓÖªΓÇö', 'ΓÇö', 'ΓÇö', 'ΓÇö', 'ΓÖªΓÇö', 'ΓÇö', 'ΓÖªΓÇö', 'ΓÇö', 'ΓÇö', 'ΓÖªΓÇö', 'ΓÇö', 'ΓÖªΓÇö', 'ΓÇö', 'ΓÇö', 'ΓÖªΓÇö', 'ΓÇö', 'ΓÖªΓÇö', 'ΓÇö', 'ΓÖªΓÇö', 'ΓÇö', 'ΓÖªΓÇö', 'ΓÇö', 'ΓÇö', 'ΓÇö']"
"Improvements which have been made on buildings and grounds during school year 1961-62, Page 1","","McCray, John Henry, 1910-1987","","","Manuscripts; Accession 11294.","Allen University","","","The improvements which have been made on buildings and grounds during school year 1961-62.","1 item ; Page 1 of 2","John Henry McCray Papers, 1929-1989","https://digital.library.sc.edu/collections/john-henry-mccray-papers-1929-1989/","University of South Carolina. South Caroliniana Library","Copyright Not Evaluated.∩┐╜For further information please contact The University of South Carolina, South Caroliniana Library, Columbia, SC 29208.","Civil Rights Era (1955-1969)","Columbia, Richland County, South Carolina, United States","English","300ppi, 24-bit depth color, Epson Expression 11000 XL flatbed scanner with SilverFast scanning software, primary archival file is a TIFF","2017-01","Text","image/jpeg","Documents (object genre)","mccrayjh04-32-055","","Joshua Schutzenhofer","","2021-11-16","2021-11-16","http://cdm17173.contentdm.oclc.org/cdm/ref/collection/p17173coll38/id/5976",5976.0,"6586.jp2","/p17173coll38/image/6586.jp2","","IMPROVEMENTS WHICH HAVE BEEN MADE ON BUILDING AND GROUNDS DURING  SCHOOL YEAR 1961-62    1. Arnett Ha*l--Work was completed on entire building inside and    outside consisting of installation of new shower  stalls, floor and wall t.ΓÇÿ. 1? and two complete  bath fixtures. Repaired roof and installed gut┬¼  ters and all plumbing and beating where needed.    Installed a new Cast Iron Boiler complete with  jacket and trim.    2. Negotiated contract with Boiler Sales Company to keep heating    systems in good working order at all times dur┬¼  ing year. Extensive repairs and improvements  have been made in this area as several of the  boilers are very old and outdated and require  constant attention in order to give satisfactory  service.    3. Repaired, painted and redecorated the Official Residence.    U. Replaced gutters around Administration Building, leveled  steeple, recovered platform, replaced worn  shingles and rotten woodwork and installed new  sewage line from building to water line.    5. Installed new electrical wiring where needed around campus.    6. Repaired and replaced plumbing in all buildings where necessary.    7. Extensive repairs on gutters and roof of Richard Allen Apart┬¼    ments .    8. Installed new water system and water lines to Chemistry De┬¼    partment with 16 new sinks and copper piping  in Laboratories; new bath fixtures also.    9* Remodeled gym with plywood around 1st floor; repainted floor  and sealed playing area.    10o Repaired and installed new locks in Boys Dormitory; made new  keys for all dormitories and other repairs as  needed.    11. Complete landscaping of campus proper including Reid Hall and    Practice House. Replaced and painted front  porch of Practice House.    12. Repaired and put in working condition pipe organ and installed    proper motor so that all pipes and stops will  now play.    13. Built choir stand for stage.    ll|. Had all neon signs (Allen University) repaired on campus and  put in working condition.",1612,True,True,False,False,False,"['Special Char Artifacts', 'General Artifacts']","['ΓÇÿ', '┬¼', '┬¼', '┬¼', '┬¼', 'Ha*l--Work']"
"Improvements which have been made on buildings and grounds during school year 1961-62, Page 2","","McCray, John Henry, 1910-1987","","","Manuscripts; Accession 11294.","Allen University","","","The improvements which have been made on buildings and grounds during school year 1961-62.","1 item ; Page 2 of 2","John Henry McCray Papers, 1929-1989","https://digital.library.sc.edu/collections/john-henry-mccray-papers-1929-1989/","University of South Carolina. South Caroliniana Library","Copyright Not Evaluated.∩┐╜For further information please contact The University of South Carolina, South Caroliniana Library, Columbia, SC 29208.","Civil Rights Era (1955-1969)","Columbia, Richland County, South Carolina, United States","English","300ppi, 24-bit depth color, Epson Expression 11000 XL flatbed scanner with SilverFast scanning software, primary archival file is a TIFF","2017-01","Text","image/jpeg","Documents (object genre)","mccrayjh04-32-056","","Joshua Schutzenhofer","","2021-11-16","2021-11-16","http://cdm17173.contentdm.oclc.org/cdm/ref/collection/p17173coll38/id/5977",5977.0,"6587.jp2","/p17173coll38/image/6587.jp2","","IMPROVEMENTS CONTINUED ∩┐╝    15. Fixed floor and installed tile on floor and counter in Business  Office.    TOTAL ESTIMATED COST OF THE ABOVE REPAIRS WERE $23,292.65.    NOTE: At end of fiscal year May 31/ 1961, our Accounts Payable    balance was $67,773.1+5. As of December, 1961, the  Accounts Payable balance was $1+0,000 not including several  bills not yet received.    This shows that the above repairs were done and paid  for plus a reduction in the old Accounts Payable balance  $27,000. In addition to this, we are now making deposi┬¼  tary receipts to the Federal Government on Payroll taxes  and F.I.C.A. and keeping all mortgage payments up-to-date  including annual payments due Housing and Home Finance  Agency on Coppin Hall and the Dining Hall. The annual  payment ΓÇó, for this account alone was $6,1+30.00.    XXXXXXXXXX    LIABILITIES AND FUND PRINCIPALS    CURRENT FUND    Accounts Payable - Schedule 5    May 31,*61    $ 67,773.U5    Payroll Taxes Accrued and Withheld (Includes  Penalties and Interest on Past Due Taxes) 26,2)|3.16    Student Deposits for 1961 School Year    Accrued Salaries    Accrued Interest    Funds Held for Others    Due to Plant Fund    Due to Endowment Fund    Long-Term L&lt;abi1ities-Bonds Payable (Note    2^.50    38,978.75    313.33    293.53    3,l|10.iil    12,023.89    1) 1 OU,000&gt;00  $ 253,261.02    Feb. 28/6;    $ 1+1,2011.09    -0-  (29,890.37  ?    ?    313.33    293.53  11+2. l+l  12,023.89  93,000.00    SUMMARY OF MAJOR EXPENDITURES    1. Repairs    2. Bank Note (Borrowed in July) Paid in full    3. Accounts Payable    !+ΓÇó Back Taxes Paid    Total    $ 23,292.65    25,000.00    27,000.00    29,800.37    $ 105,183.02",1307,True,True,True,False,False,"['Special Char Artifacts', 'General Artifacts', 'Repeat Chars']","['∩┐╝', '┬¼', 'ΓÇó', '+ΓÇó', '67,773.1+5', '1+0,000', '6,1+30.00', '31,*61', '26,2)|3.16', 'L&lt;abi1ities-Bonds', '2^.50', '3,l|10.iil', 'OU,000&gt;00', '1+1,2011.09', '11+2', 'l+l', 'X']"
"President Howard E. Wright, Personal Engagements","","McCray, John Henry, 1910-1987","","","Manuscripts; Accession 11294.","Allen University","","","A document listing the personal engagements of President Howard E. Wright.","1 item","John Henry McCray Papers, 1929-1989","https://digital.library.sc.edu/collections/john-henry-mccray-papers-1929-1989/","University of South Carolina. South Caroliniana Library","Copyright Not Evaluated.∩┐╜For further information please contact The University of South Carolina, South Caroliniana Library, Columbia, SC 29208.","Civil Rights Era (1955-1969)","Columbia, Richland County, South Carolina, United States","English","300ppi, 24-bit depth color, Epson Expression 11000 XL flatbed scanner with SilverFast scanning software, primary archival file is a TIFF","2017-01","Text","image/jpeg","Documents (object genre)","mccrayjh04-32-057","","Joshua Schutzenhofer","","2021-11-16","2021-11-16","http://cdm17173.contentdm.oclc.org/cdm/ref/collection/p17173coll38/id/5978",5978.0,"6588.jp2","/p17173coll38/image/6588.jp2","","PRESIDENT HOWARD E. WRIGHT    Personal Engagements    OCTOBER    20 Freedom Awards Dinner, Frogmore, So C.    NEA: Richland Teachers Association, Allen University    21 Wesley Methodist Church, Columbia, So C.    25 Trinity AME Church, Spartanburg (Columbia Conference)    ΓÇó 28 Campbell AME Church, Washington, D. C.    NOVEMBER    8 Mt. Zion AME Church, Charleston (So C. Conference)    11 Tomlinson High School, Kingstree (OmegaΓÇÖs Achievement Week)    12 North Carolina College (American Education Week)    14 Fairfield High School, Winnsboro (American Education Week)    15 Weston Chapel AME Church, Abbeville (Piedmont Conference)    16-17 So C. State Department officials    18 Augusta, Georgia (Omegas)    22 Bethel AME Church, St. Matthews (Central Conference)    26-28 Southern Association of Secondary Schools and Colleges, Dallas,  Texas    29-30 Association of Colleges and Secondary Schools, Morristown, Tenn.",751,True,False,False,False,False,"['Special Char Artifacts']","['ΓÇó', 'ΓÇÖ']"
"Annual Report of the President, 1961-1962, Page 1","","McCray, John Henry, 1910-1987","","","Manuscripts; Accession 11294.","Allen University","","","An annual report of the President for 1961-1962.","1 item ; Page 1 of 36","John Henry McCray Papers, 1929-1989","https://digital.library.sc.edu/collections/john-henry-mccray-papers-1929-1989/","University of South Carolina. South Caroliniana Library","Copyright Not Evaluated.∩┐╜For further information please contact The University of South Carolina, South Caroliniana Library, Columbia, SC 29208.","Civil Rights Era (1955-1969)","Columbia, Richland County, South Carolina, United States","English","300ppi, 24-bit depth color, Epson Expression 11000 XL flatbed scanner with SilverFast scanning software, primary archival file is a TIFF","2017-01","Text","image/jpeg","Documents (object genre)","mccrayjh04-32-058","","Joshua Schutzenhofer","","2021-11-16","2021-11-16","http://cdm17173.contentdm.oclc.org/cdm/ref/collection/p17173coll38/id/5979",5979.0,"6589.jp2","/p17173coll38/image/6589.jp2","","annual report     *f the     PRESIDENT    1961-1962",35,False,False,False,False,True,"[]","[]"
"Annual Report of the President, 1961-1962, Page 2","","McCray, John Henry, 1910-1987","","","Manuscripts; Accession 11294.","Allen University","","","An annual report of the President for 1961-1962.","1 item ; Page 2 of 36","John Henry McCray Papers, 1929-1989","https://digital.library.sc.edu/collections/john-henry-mccray-papers-1929-1989/","University of South Carolina. South Caroliniana Library","Copyright Not Evaluated.∩┐╜For further information please contact The University of South Carolina, South Caroliniana Library, Columbia, SC 29208.","Civil Rights Era (1955-1969)","Columbia, Richland County, South Carolina, United States","English","300ppi, 24-bit depth color, Epson Expression 11000 XL flatbed scanner with SilverFast scanning software, primary archival file is a TIFF","2017-01","Text","image/jpeg","Documents (object genre)","mccrayjh04-32-059","","Joshua Schutzenhofer","","2021-11-16","2021-11-16","http://cdm17173.contentdm.oclc.org/cdm/ref/collection/p17173coll38/id/5980",5980.0,"6590.jp2","/p17173coll38/image/6590.jp2","","FOREWORD    Most universities have a tower. Tall or massive, soaring  or brooding, graceful or ungainly, it presides over the campus  as the symbol of a seat of learning.    Tradition could inspire no better symbol for the  University. A tower is a place to see in every direction be┬¼  hind and ahead. It beckons the wanderer and guides the  uncertain. Our tower is the clock which has been repainted  and partially repaired. Anchored solidly, it has an upward  thrust that calls with inspiration and promise.    In Allen University man has created--ln fact the African  Methodist Episcopal Church has created--his mechanism for pre┬¼  serving and understanding his Christian heritage in order to  serve his present and future needs. It has delivered to each  generation the steadily growing heritage of the past. On this  foundation each generation has built, imperfectly, yet often  well.    It is proper for each generationΓÇöand this one perhaps  more than any otherΓÇöto inquire into its university, to test  its excellence, to question its progress, and to search its  motive. No less does the University deserve the thoughtful  attention of society, for its cause is ultimately the cause  of man, neglected or taken for granted at his peril.",1022,True,False,False,False,False,"['Special Char Artifacts']","['┬¼', '┬¼', 'ΓÇö', 'ΓÇö']"
"Annual Report of the President, 1961-1962, Page 3","","McCray, John Henry, 1910-1987","","","Manuscripts; Accession 11294.","Allen University","","","An annual report of the President for 1961-1962.","1 item ; Page 3 of 36","John Henry McCray Papers, 1929-1989","https://digital.library.sc.edu/collections/john-henry-mccray-papers-1929-1989/","University of South Carolina. South Caroliniana Library","Copyright Not Evaluated.∩┐╜For further information please contact The University of South Carolina, South Caroliniana Library, Columbia, SC 29208.","Civil Rights Era (1955-1969)","Columbia, Richland County, South Carolina, United States","English","300ppi, 24-bit depth color, Epson Expression 11000 XL flatbed scanner with SilverFast scanning software, primary archival file is a TIFF","2017-01","Text","image/jpeg","Documents (object genre)","mccrayjh04-32-060","","Joshua Schutzenhofer","","2021-11-16","2021-11-16","http://cdm17173.contentdm.oclc.org/cdm/ref/collection/p17173coll38/id/5981",5981.0,"6591.jp2","/p17173coll38/image/6591.jp2","","We hope to give a brief accounting of what Allen  University is and why, some understanding of its character  and aims, some sense of the excitement and purpose that flow  through its company of students and teachers.    As is true in all universities, teaching is central to  Allen. The student is its final justification and proudest  concern. Arcund him and his teachers surge great intellectual  currents--the drive to understand and preserve the past, the  diligent search for todayΓÇÖs truth, the march of the mind to┬¼  ward all the tomorrows.    As it ought to be, Allen is dedicated to the development  of the individual, the progress of society, the extension of  freedom, the respect for Intelligence, the achievements of man,  and the application of learning. Uniquely in our society,  universities are free to devote their energies to these things.  It has a lively interest in todayΓÇÖs world and eagerly plays  its triple role of servant, leader, critic. We hope it to be  a place where learning earns its own respect and is a cause  to capture able men and women. We move along with other  universities today in the great tradition, seeking in a  changing world the worthy means to reach enduring ends. Our  tower can rise only as high in the minds of the world and ou*  people as the dictates of practicality and economy permit. We  stand as a timeless institution whose statue is beyond manΓÇÖs  measure, whose only upward limit is the truthΓÇöthe topless  towers of our hard won civilization.",1231,True,False,False,False,False,"['Special Char Artifacts']","['ΓÇÖ', '┬¼', 'ΓÇÖ', 'ΓÇÖ', 'ΓÇö']"
"Annual Report of the President, 1961-1962, Page 4","","McCray, John Henry, 1910-1987","","","Manuscripts; Accession 11294.","Allen University","","","An annual report of the President for 1961-1962.","1 item ; Page 4 of 36","John Henry McCray Papers, 1929-1989","https://digital.library.sc.edu/collections/john-henry-mccray-papers-1929-1989/","University of South Carolina. South Caroliniana Library","Copyright Not Evaluated.∩┐╜For further information please contact The University of South Carolina, South Caroliniana Library, Columbia, SC 29208.","Civil Rights Era (1955-1969)","Columbia, Richland County, South Carolina, United States","English","300ppi, 24-bit depth color, Epson Expression 11000 XL flatbed scanner with SilverFast scanning software, primary archival file is a TIFF","2017-01","Text","image/jpeg","Documents (object genre)","mccrayjh04-32-061","","Joshua Schutzenhofer","","2021-11-16","2021-11-16","http://cdm17173.contentdm.oclc.org/cdm/ref/collection/p17173coll38/id/5982",5982.0,"6592.jp2","/p17173coll38/image/6592.jp2","","FINANCIAL OPERATION    An essential part of our effort to offer a teaching pro┬¼  gram of quality is a provision of needed funds and facilities  at the right times and in the right places. How well we  handle the UniversityΓÇÖs physical resources can, and does affect  what happens in our classrooms and laboratories. Thus, while  a great deal of attention must be paid to attracting income  by gift or otherwise it is equally important that there be  careful scrutiny Γûá&gt;!' how that income is spent.    Budgetary planning, based on intensive analysis of  existing and proposed program, has been and must continue to  be a year-round task at Allen University. It is not an easy  one. With a limited number of dollars available for such a  large and extensive program, we must often make difficult  choices. In reaching our decisions, we must combine prudence  with perspicacity. That these officers of administration have  been doing their Job well is reflected in the greatly improved  fiscal condition of the University.    MAJOR GIFTS CONTRIBUTED TO THE SCHOOL THIS YEAR    FounderΓÇÖs Day   58,177.28  May Day (King & Queen Rally)  1,1+71.97  QueenΓÇÖs Contest (Statewide)    2,908.65  Grants received from Alumni    Chapters           As Allen University moves forward in the years ahead, the  Institution will have to spend more money for some purposes  and perhaps less for others. On an overall basis, however, a  rising total of expenditures seem inevitable If the University  is to meet its many and varied obligations. This undoubtedly",1255,True,True,False,False,False,"['Special Char Artifacts', 'General Artifacts']","['┬¼', 'ΓÇÖ', 'Γûá&', 'ΓÇÖ', 'ΓÇÖ', 'Γûá&gt', '1,1+71.97']"
"Annual Report of the President, 1961-1962, Page 5","","McCray, John Henry, 1910-1987","","","Manuscripts; Accession 11294.","Allen University","","","An annual report of the President for 1961-1962.","1 item ; Page 5 of 36","John Henry McCray Papers, 1929-1989","https://digital.library.sc.edu/collections/john-henry-mccray-papers-1929-1989/","University of South Carolina. South Caroliniana Library","Copyright Not Evaluated.∩┐╜For further information please contact The University of South Carolina, South Caroliniana Library, Columbia, SC 29208.","Civil Rights Era (1955-1969)","Columbia, Richland County, South Carolina, United States","English","300ppi, 24-bit depth color, Epson Expression 11000 XL flatbed scanner with SilverFast scanning software, primary archival file is a TIFF","2017-01","Text","image/jpeg","Documents (object genre)","mccrayjh04-32-062","","Joshua Schutzenhofer","","2021-11-16","2021-11-16","http://cdm17173.contentdm.oclc.org/cdm/ref/collection/p17173coll38/id/5983",5983.0,"6593.jp2","/p17173coll38/image/6593.jp2","","will require some raising of financial sights by those who  administer and support the University. ""The price of progress  is going upΓÇ¥: but, considering its potential results the cost  will continue to be relatively modest. In terms of human  betterment, it will continue to be one of the wisest possible  investments.    FINANCING THE UNIVERSITY    In the business cf education, all the conventional  physical methods are modified to two basic realities. Allen  has an annual operating budget of over $702,000 the source of  these funds and the detail of their expenditure is:    INCOME:    AMOUNT (11 months)    PERCENT    Tuition and fees    $ 250,279.00    371    Endowment and Other Income    23,21+2.86    31    Gifts and Grants    156,783.67    231    Auxiliary Activities    232,905.71+    351    EXPENSES:    $ 663,211.27    AMOUNT (11 months)    100    PERCENT    Administration and General    $ 108,357.67    211    Instructional    143,398.93    28    Operation of Physical Plant    213,921+. 22    23    Auxiliary Activities    111,455.39    221    Academic and Foreign Scholarships    (Student Loan l/9th & Ministerial)    26,765.86    $ 503,922.07    5    100    These figures do not call attention to two facts that",935,True,True,False,False,False,"['Special Char Artifacts', 'General Artifacts']","['ΓÇ¥', '23,21+2.86']"
"Annual Report of the President, 1961-1962, Page 6","","McCray, John Henry, 1910-1987","","","Manuscripts; Accession 11294.","Allen University","","","An annual report of the President for 1961-1962.","1 item ; Page 6 of 36","John Henry McCray Papers, 1929-1989","https://digital.library.sc.edu/collections/john-henry-mccray-papers-1929-1989/","University of South Carolina. South Caroliniana Library","Copyright Not Evaluated.∩┐╜For further information please contact The University of South Carolina, South Caroliniana Library, Columbia, SC 29208.","Civil Rights Era (1955-1969)","Columbia, Richland County, South Carolina, United States","English","300ppi, 24-bit depth color, Epson Expression 11000 XL flatbed scanner with SilverFast scanning software, primary archival file is a TIFF","2017-01","Text","image/jpeg","Documents (object genre)","mccrayjh04-32-063","","Joshua Schutzenhofer","","2021-11-16","2021-11-16","http://cdm17173.contentdm.oclc.org/cdm/ref/collection/p17173coll38/id/5984",5984.0,"6594.jp2","/p17173coll38/image/6594.jp2","","deeply affect the University's physical operation. First,  Allen sells its services for far less than it costs, A stu┬¼  dent's tuition and fees cover only about 37i percent of the  total cost of the education he gets. Secondly, the University  program is run at precisely the level which its income permits.  From year to year this program must assume new dimensions as  Allen moves to meet its growing responsibilities.    These are the realities that lead Allen and its sister  institutions into the continuing task of raising funds, a  task that has become integral to successful administration of  private universities. The alternatives are limited and rather  clear: charge students the full cost and thereby limit enroll┬¼  ment to the economically qualified, or placidly accept  deterioration in education and ignore the challenges that lead  civilization onward, hbither choice is consistent with the  purposes of Allen nor with the University's role. The  University is not Immune to the inexorable increase in the cost  of goods and services. It is in fact particularly vulnerable  since it does not have the economic flexibility of a business  enterprise. This factor, plus the cost of improving the pro┬¼  grams and the unrelenting pressures supplied by the increasing  complexity of teaching and research, has steadily driven  operating costs upward. This trend explains the accompanying  rise in tuition and fees, reluctantly imposed but essential  to solvency.    Despite the problems and the certainty that they will  multiply rather than abate, Allen is striving to be soundly  financed. The University is operating in the black. It has an",1370,True,False,False,False,False,"['Special Char Artifacts']","['┬¼', '┬¼', '┬¼']"
"Annual Report of the President, 1961-1962, Page 7","","McCray, John Henry, 1910-1987","","","Manuscripts; Accession 11294.","Allen University","","","An annual report of the President for 1961-1962.","1 item ; Page 7 of 36","John Henry McCray Papers, 1929-1989","https://digital.library.sc.edu/collections/john-henry-mccray-papers-1929-1989/","University of South Carolina. South Caroliniana Library","Copyright Not Evaluated.∩┐╜For further information please contact The University of South Carolina, South Caroliniana Library, Columbia, SC 29208.","Civil Rights Era (1955-1969)","Columbia, Richland County, South Carolina, United States","English","300ppi, 24-bit depth color, Epson Expression 11000 XL flatbed scanner with SilverFast scanning software, primary archival file is a TIFF","2017-01","Text","image/jpeg","Documents (object genre)","mccrayjh04-32-064","","Joshua Schutzenhofer","","2021-11-16","2021-11-16","http://cdm17173.contentdm.oclc.org/cdm/ref/collection/p17173coll38/id/5985",5985.0,"6595.jp2","/p17173coll38/image/6595.jp2","","endowment and other Invested funds with a market value exceed┬¼  ing $319,790.72 producing an average yearly income of    $21|,000. It buildings and equipment are valued at more than  $1,296,302.00. The foresighted generosity of thousands of  supporters is an asset of incalculable worth as Allen seeks  to meet the great opportunities and needs which await.",298,True,True,False,False,False,"['Special Char Artifacts', 'General Artifacts']","['┬¼', '21|,000']"
"Annual Report of the President, 1961-1962, Page 8","","McCray, John Henry, 1910-1987","","","Manuscripts; Accession 11294.","Allen University","","","An annual report of the President for 1961-1962.","1 item ; Page 8 of 36","John Henry McCray Papers, 1929-1989","https://digital.library.sc.edu/collections/john-henry-mccray-papers-1929-1989/","University of South Carolina. South Caroliniana Library","Copyright Not Evaluated.∩┐╜For further information please contact The University of South Carolina, South Caroliniana Library, Columbia, SC 29208.","Civil Rights Era (1955-1969)","Columbia, Richland County, South Carolina, United States","English","300ppi, 24-bit depth color, Epson Expression 11000 XL flatbed scanner with SilverFast scanning software, primary archival file is a TIFF","2017-01","Text","image/jpeg","Documents (object genre)","mccrayjh04-32-065","","Joshua Schutzenhofer","","2021-11-16","2021-11-16","http://cdm17173.contentdm.oclc.org/cdm/ref/collection/p17173coll38/id/5986",5986.0,"6596.jp2","/p17173coll38/image/6596.jp2","","ADMINISTRATIVE OFFICES    Accomplishments, needs, and recommendations have been  submitted for consideration and approval from the following  administrative offices:    BUSINESS OFFICE:    1. Accomplishments    a. Budget was made and in operation during the year  1961-62 (Began in September)    b. Minutes of Beard of Trustees Meeting are on file    c. Inventories have been submitted from all areas  (Few not in but. will be by May 15)    d. Investments listed in names other than Allen  University Endowment have been changed to proper  name.    e. Agreements and contracts on file in Office    f. Student aid lists have been approved by President  and presented by person in charge of same to  office for credits to individual accounts and  charged to departments rather than general    g. Retirement of several staggering debts such as  payroll taxes, Mortgages, etc.    2. Needs    / a. Additional worker for Business Office is a must so    that the Business Manager will have more time to  devote to the Business transactions of the  University especially in the area of buying, pre┬¼  serving and the improvement of supplies,  equipment and buildings and grounds.    b. Business office needs more space for effective  operation: (a) files are too crowded; (b) Book┬¼  keeping office entirely too small and not enough  room for adequate record keeping.",1094,True,False,False,False,False,"['Special Char Artifacts']","['┬¼', '┬¼']"
"Annual Report of the President, 1961-1962, Page 9","","McCray, John Henry, 1910-1987","","","Manuscripts; Accession 11294.","Allen University","","","An annual report of the President for 1961-1962.","1 item ; Page 9 of 36","John Henry McCray Papers, 1929-1989","https://digital.library.sc.edu/collections/john-henry-mccray-papers-1929-1989/","University of South Carolina. South Caroliniana Library","Copyright Not Evaluated.∩┐╜For further information please contact The University of South Carolina, South Caroliniana Library, Columbia, SC 29208.","Civil Rights Era (1955-1969)","Columbia, Richland County, South Carolina, United States","English","300ppi, 24-bit depth color, Epson Expression 11000 XL flatbed scanner with SilverFast scanning software, primary archival file is a TIFF","2017-01","Text","image/jpeg","Documents (object genre)","mccrayjh04-32-066","","Joshua Schutzenhofer","","2021-11-16","2021-11-16","http://cdm17173.contentdm.oclc.org/cdm/ref/collection/p17173coll38/id/5987",5987.0,"6597.jp2","/p17173coll38/image/6597.jp2","","REGISTRARΓÇÖS OFFICE    1. Accomplishments    a. Have checked 1962-63 seniors    b. Processed seniors for Commencement    c. Recorded courses on senior cards so that we may  send records to the State Department immediately  after graduation.    d. In the process of mimeographing a letter to all  applicants who have applied for next year. (Have  on file 103 applications for admission)    2. Needs    a. Electric typewriter    b. Addressograph Machine    c. 1-Four drawer filing cabinet    d. 2-three drawer filing cabinets    e. tile floor and counter    3. Recommendation    a. That one secretary be hired (additional)    STUDENT PERSONNEL OFFICE:    1. Accomplishments    a. The cultural level of the college has been raised.    b. The Allen spirit has been restored.    c. Follow-up has been made concerning the inquiry of  extra curricula activities on application blanks.    d. The personnel committee has decreased the number  of minor activities.    2. Needs    a. One large, filing metal cabinet    b. Two reams of memo paper (8f by 11)    c. Air conditioner be moved from vacant office in  Education Department and installed in Student  Personnel Office.",918,True,False,False,False,False,"['Special Char Artifacts']","['ΓÇÖ']"
"Annual Report of the President, 1961-1962, Page 10","","McCray, John Henry, 1910-1987","","","Manuscripts; Accession 11294.","Allen University","","","An annual report of the President for 1961-1962.","1 item ; Page 10 of 36","John Henry McCray Papers, 1929-1989","https://digital.library.sc.edu/collections/john-henry-mccray-papers-1929-1989/","University of South Carolina. South Caroliniana Library","Copyright Not Evaluated.∩┐╜For further information please contact The University of South Carolina, South Caroliniana Library, Columbia, SC 29208.","Civil Rights Era (1955-1969)","Columbia, Richland County, South Carolina, United States","English","300ppi, 24-bit depth color, Epson Expression 11000 XL flatbed scanner with SilverFast scanning software, primary archival file is a TIFF","2017-01","Text","image/jpeg","Documents (object genre)","mccrayjh04-32-067","","Joshua Schutzenhofer","","2021-11-16","2021-11-16","http://cdm17173.contentdm.oclc.org/cdm/ref/collection/p17173coll38/id/5988",5988.0,"6598.jp2","/p17173coll38/image/6598.jp2","","3. Recommendation    Better cooperation with faculty members and advisors  in sponsoring activities so that there will not be a  conflict; and that all faculty sponsors process  blanks as to the activities on campus and away.    This will aid greatly in compiling my annual activi┬¼  ties report.    DEAN OF WOMEN:    1. Accomplishments    a. An improvement in the cultural tone, through  experiences provided by a ""Charm Clinic"".    b. Literature and instructional lectures in the  social graces.    c. A formal tea    d. Dormitory ""Chit Chat"" hour.    e. Much improvement has been made in cleanliness  and residence hall management in two dormitories  There is much to be desired for Coppin Hall.    2. Needs    a. More qualified office assistants and dormitory  directors.    b. An increase in the budget for cultural and edu┬¼  cational activities.    c. A decrease in teaching hours to 3 per week, so  that the Dean of Women may have more time for  personnel work.    3. Recommendation    The re-incorporation of the orientation course  in the curriculum would provide an excellent  opportunity for personnel officers to give to  new students vitally important academic, social  and cultural guidance and experiences.",977,True,False,False,False,False,"['Special Char Artifacts']","['┬¼', '┬¼']"
"Annual Report of the President, 1961-1962, Page 11","","McCray, John Henry, 1910-1987","","","Manuscripts; Accession 11294.","Allen University","","","An annual report of the President for 1961-1962.","1 item ; Page 11 of 36","John Henry McCray Papers, 1929-1989","https://digital.library.sc.edu/collections/john-henry-mccray-papers-1929-1989/","University of South Carolina. South Caroliniana Library","Copyright Not Evaluated.∩┐╜For further information please contact The University of South Carolina, South Caroliniana Library, Columbia, SC 29208.","Civil Rights Era (1955-1969)","Columbia, Richland County, South Carolina, United States","English","300ppi, 24-bit depth color, Epson Expression 11000 XL flatbed scanner with SilverFast scanning software, primary archival file is a TIFF","2017-01","Text","image/jpeg","Documents (object genre)","mccrayjh04-32-068","","Joshua Schutzenhofer","","2021-11-16","2021-11-16","http://cdm17173.contentdm.oclc.org/cdm/ref/collection/p17173coll38/id/5989",5989.0,"6599.jp2","/p17173coll38/image/6599.jp2","","OFFICE OF THE DEAN:    1. Accomplishments    a. Improved method of registration by use of a  scattergram board.    b. Guidance Program for all major and minor students.    c. Centralization of social activities to office of  student personnel.    d. New filing system to improve information in re┬¼  search.    2. Needs    a. One metal typist desk, one secretary chair    bb. One desk, chair, and chair mat for DeanΓÇÖs Office.    c. 1-four drawer file    d. Two index card files, one metal table, one metal  book case    e. One Royal electric typewriter.    ALUMNI-PUBLIC RELATIONS    1. Accomplishments    a. Spear-headed successful Homecoming and FounderΓÇÖs  Day Drives    b. Assisted fifty-nine (59) 1961 Graduates to se┬¼  cure jobs    c. Kept in close contact with 1|3 Alumni Clubs    d. Secured voting machines for 1962 Student election.    2. Needs    a. Full time secretary    b. Addressograph machine    c. New covering for floor in Alumni Office",746,True,True,False,False,False,"['Special Char Artifacts', 'General Artifacts']","['┬¼', 'ΓÇÖ', 'ΓÇÖ', '┬¼', '1|3']"
"Annual Report of the President, 1961-1962, Page 12","","McCray, John Henry, 1910-1987","","","Manuscripts; Accession 11294.","Allen University","","","An annual report of the President for 1961-1962.","1 item ; Page 12 of 36","John Henry McCray Papers, 1929-1989","https://digital.library.sc.edu/collections/john-henry-mccray-papers-1929-1989/","University of South Carolina. South Caroliniana Library","Copyright Not Evaluated.∩┐╜For further information please contact The University of South Carolina, South Caroliniana Library, Columbia, SC 29208.","Civil Rights Era (1955-1969)","Columbia, Richland County, South Carolina, United States","English","300ppi, 24-bit depth color, Epson Expression 11000 XL flatbed scanner with SilverFast scanning software, primary archival file is a TIFF","2017-01","Text","image/jpeg","Documents (object genre)","mccrayjh04-32-069","","Joshua Schutzenhofer","","2021-11-16","2021-11-16","http://cdm17173.contentdm.oclc.org/cdm/ref/collection/p17173coll38/id/5990",5990.0,"6600.jp2","/p17173coll38/image/6600.jp2","","of Trustees, the officers, the faculty, the students and the  alumni, and all those who make this great Institution what it  is.    For there is greatness in Allen University, in its  traditions, in its current program, and in its future. As  the needs for its services grow, so will its human and physical  resources. It will continue to play an even more important  role and make, this a better community, a better State, and a  better nation.    PREFACE  to    APPROVED PROCEDURES FOR REORGANIZATION    OF TRUSTEE BOARDS IN    AFRICAN METHODIST EPISCOPAL CHURCH COLLEGES    We will most likely be faced with the problem as to  whether the Board meets the requirement for operation as  listed in number 1 under Approved Procedures, namely, that  each trustee board in A. M. E. colleges shall be affected so as  to conform to the requirements of standard 2 of the Standards  for Operation of A. M. E. Colleges. This material is placed  in the hands of each board member for personal reference and  study prior to the consideration of this topic in the future.",850,False,False,False,False,True,"[]","[]"
"Annual Report of the President, 1961-1962, Page 13","","McCray, John Henry, 1910-1987","","","Manuscripts; Accession 11294.","Allen University","","","An annual report of the President for 1961-1962.","1 item ; Page 13 of 36","John Henry McCray Papers, 1929-1989","https://digital.library.sc.edu/collections/john-henry-mccray-papers-1929-1989/","University of South Carolina. South Caroliniana Library","Copyright Not Evaluated.∩┐╜For further information please contact The University of South Carolina, South Caroliniana Library, Columbia, SC 29208.","Civil Rights Era (1955-1969)","Columbia, Richland County, South Carolina, United States","English","300ppi, 24-bit depth color, Epson Expression 11000 XL flatbed scanner with SilverFast scanning software, primary archival file is a TIFF","2017-01","Text","image/jpeg","Documents (object genre)","mccrayjh04-32-070","","Joshua Schutzenhofer","","2021-11-16","2021-11-16","http://cdm17173.contentdm.oclc.org/cdm/ref/collection/p17173coll38/id/5991",5991.0,"6601.jp2","/p17173coll38/image/6601.jp2","","BOARD OF TRUSTEES    Allen University is, among other things, an educational  corporation governed by a Board of Trustees. The UniversityΓÇÖs  property is vested in this body, which also has a number of  other important responsibilities, including the appointment of  all officers of the corporation, and establishing every major  development affecting the UniversityΓÇÖs future by review and  approval.    The Trustees role is an active one. They are a primary  source of counsel and support, sharing in the administration  of the Institution. Among their tasks are supervision of  educational policies and the physical plant, investing of  endowment, and approval of the overall budget.    It is evident that the TrusteesΓÇÖ duties require a great  deal of broad gauge experience and penetrating judgment, along  with special qualities of insight and foresight. That the  UniversityΓÇÖs Board has these qualities in abundance is demon┬¼  strated by the InstitutionΓÇÖs remarkable progress, which is  being accelerated on a more solid foundation. We are deeply  grateful for their voluntary labors under the leadership of  our chairman and Chancellor, Bishop Carey A. Gibbs.    I have greatly enjoyed my association with all segments  of the University family. This year of direct affiliation  has been both stimulating and taxing, but fulfilling. Whatever  I have been able to contribute to the UniversityΓÇÖs advancement  has been the result of encouragement and support from the Board",1235,True,False,False,False,False,"['Special Char Artifacts']","['ΓÇÖ', 'ΓÇÖ', 'ΓÇÖ', 'ΓÇÖ', '┬¼', 'ΓÇÖ', 'ΓÇÖ']"
"Annual Report of the President, 1961-1962, Page 14","","McCray, John Henry, 1910-1987","","","Manuscripts; Accession 11294.","Allen University","","","An annual report of the President for 1961-1962.","1 item ; Page 14 of 36","John Henry McCray Papers, 1929-1989","https://digital.library.sc.edu/collections/john-henry-mccray-papers-1929-1989/","University of South Carolina. South Caroliniana Library","Copyright Not Evaluated.∩┐╜For further information please contact The University of South Carolina, South Caroliniana Library, Columbia, SC 29208.","Civil Rights Era (1955-1969)","Columbia, Richland County, South Carolina, United States","English","300ppi, 24-bit depth color, Epson Expression 11000 XL flatbed scanner with SilverFast scanning software, primary archival file is a TIFF","2017-01","Text","image/jpeg","Documents (object genre)","mccrayjh04-32-071","","Joshua Schutzenhofer","","2021-11-16","2021-11-16","http://cdm17173.contentdm.oclc.org/cdm/ref/collection/p17173coll38/id/5992",5992.0,"6602.jp2","/p17173coll38/image/6602.jp2","","approved procedures for reorganization  of trustee boards in  AFRICAN METHODIST EPISCOPAL CHURCH COLLEGES    1. The reorganization of the trustee board in each African  Methodist Episcopal Church College shall be effected so  as to conform to the requirements of Standard Two of  ΓÇÖΓÇÖStandards For Colleges Of The African Methodist  Episcopal Church.ΓÇ¥    2. Excluding the chairman of the Board of Trustees, who  will be the presiding bishop of the episcopal district  in which the college is situated, a total of either 16  or 20 trustees will be elected. In the case of 16  trustees, there will be four trustees in each of four  classes. Where 20 trustees are elected, there will be  five trustees in each of the four classes.    3┬╗ The four classes of trustee board members will be or┬¼  ganized in the following manner: (1) class one, elected  to a one-year term; (2) class two, elected to a two-year  term; (3) class three, elected to a three-year term; and  (10 class four, elected to a four-year term.    1^. The board members shall be selected from a wide variety  of occupational endeavors such as the ministry,  insurance, law, social work, business, education, medi┬¼  cine, public relations, fraternal orders, and so on.",1006,True,False,False,False,False,"['Special Char Artifacts']","['ΓÇÖΓÇÖ', 'ΓÇ¥', '┬╗', '┬¼', '┬¼']"
"Annual Report of the President, 1961-1962, Page 15","","McCray, John Henry, 1910-1987","","","Manuscripts; Accession 11294.","Allen University","","","An annual report of the President for 1961-1962.","1 item ; Page 15 of 36","John Henry McCray Papers, 1929-1989","https://digital.library.sc.edu/collections/john-henry-mccray-papers-1929-1989/","University of South Carolina. South Caroliniana Library","Copyright Not Evaluated.∩┐╜For further information please contact The University of South Carolina, South Caroliniana Library, Columbia, SC 29208.","Civil Rights Era (1955-1969)","Columbia, Richland County, South Carolina, United States","English","300ppi, 24-bit depth color, Epson Expression 11000 XL flatbed scanner with SilverFast scanning software, primary archival file is a TIFF","2017-01","Text","image/jpeg","Documents (object genre)","mccrayjh04-32-072","","Joshua Schutzenhofer","","2021-11-16","2021-11-16","http://cdm17173.contentdm.oclc.org/cdm/ref/collection/p17173coll38/id/5993",5993.0,"6603.jp2","/p17173coll38/image/6603.jp2","","Also, the persons elected as board members shall display  an objective insight and understanding into the problems    of higher education,    5. Twice the number of persons to be elected as board mem┬¼  bers will be nominated by a five-man committee including  the president of the college, the chairman of the board  of trustees, a faculty representative, an alumni repre┬¼  sentative, and a member-at-large. The president of the  college shall be the chairman of this group.    6, Choice of board members shall not be restricted to mem┬¼  bership in an annual conference or episcopal district,  race, sex or creed. This Is in line with the fact that  all African Methodist Episcopal Church colleges are now  connectional Institutions. A majority of these board  members, however, shall be members of the African  Methodist Episcopal Church, Further, the college and  its board shall be forever amenable to the discipline  and the General Conference of the African Methodist  Episcopal Church.    7. Only delegates to annual conferences, for the current  year will be eligible to vote for trustee board members.  Thirty days prior to the election date, an announcement  of the list of nominees will be mailed to each eligible  delegate. A brief description of the training, ex┬¼  perience, and accomplishments of each nominee will be  submitted with the name of each nominee.",1127,True,False,False,False,False,"['Special Char Artifacts']","['┬¼', '┬¼', '┬¼', '┬¼']"
"Annual Report of the President, 1961-1962, Page 16","","McCray, John Henry, 1910-1987","","","Manuscripts; Accession 11294.","Allen University","","","An annual report of the President for 1961-1962.","1 item ; Page 16 of 36","John Henry McCray Papers, 1929-1989","https://digital.library.sc.edu/collections/john-henry-mccray-papers-1929-1989/","University of South Carolina. South Caroliniana Library","Copyright Not Evaluated.∩┐╜For further information please contact The University of South Carolina, South Caroliniana Library, Columbia, SC 29208.","Civil Rights Era (1955-1969)","Columbia, Richland County, South Carolina, United States","English","300ppi, 24-bit depth color, Epson Expression 11000 XL flatbed scanner with SilverFast scanning software, primary archival file is a TIFF","2017-01","Text","image/jpeg","Documents (object genre)","mccrayjh04-32-073","","Joshua Schutzenhofer","","2021-11-16","2021-11-16","http://cdm17173.contentdm.oclc.org/cdm/ref/collection/p17173coll38/id/5994",5994.0,"6604.jp2","/p17173coll38/image/6604.jp2","","8. The election of trustee board members shall be held by  secret ballot. Each delegate shall vote for the required  number of nominees listed on the ballot and return to  the secretary of the nominating committee. The secre┬¼  tary of the nominating committee shall submit the sealed  ballots received to the existing board of trustees in  session* The ballots will then be opened, tabulated,  and the names of the nominees elected shall be announced.  The four ( in the case of 16 member boards ) or five    ( in the case of 20 member boards ) trustees receiving  the highest number of votes shall be declared class four  to serve a term of four years; the four or five receiving  the next highest number of votes shall be declared class  three for a term of three years, and so on. Thereafter,  four trustees shall be elected each year for a term of  four years. The elected trustees shall be certified by  the president of the college to the office of the  Commissioner of Education within fifteen days after the  election.    9. Any questions, arising out of the election of trustee  board members, can be referred to a special committee  composed of the Commissioner of Education, the chairman  and secretary of the Executive Commission on  Educational Institutions.    10. Vacancies occuring on the board, caused by resignation  or death, will be filled temporarily by the regular  nominating committee, until the annual election at which",1172,True,False,False,False,False,"['Special Char Artifacts']","['┬¼']"
"Annual Report of the President, 1961-1962, Page 17","","McCray, John Henry, 1910-1987","","","Manuscripts; Accession 11294.","Allen University","","","An annual report of the President for 1961-1962.","1 item ; Page 17 of 36","John Henry McCray Papers, 1929-1989","https://digital.library.sc.edu/collections/john-henry-mccray-papers-1929-1989/","University of South Carolina. South Caroliniana Library","Copyright Not Evaluated.∩┐╜For further information please contact The University of South Carolina, South Caroliniana Library, Columbia, SC 29208.","Civil Rights Era (1955-1969)","Columbia, Richland County, South Carolina, United States","English","300ppi, 24-bit depth color, Epson Expression 11000 XL flatbed scanner with SilverFast scanning software, primary archival file is a TIFF","2017-01","Text","image/jpeg","Documents (object genre)","mccrayjh04-32-074","","Joshua Schutzenhofer","","2021-11-16","2021-11-16","http://cdm17173.contentdm.oclc.org/cdm/ref/collection/p17173coll38/id/5995",5995.0,"6605.jp2","/p17173coll38/image/6605.jp2","","time the usual procedure will be followed in filling  the vacancy.    11. The chief duties and functions of the board of trustees  are to determine policies for the college and to see  that these policies are carried out by duly elected  administrative officers.    12. In order to accomplish its work effectively, the trustee'  board shall organize Itself into such essential  committees as executive, finance, personnel, physical  plant, and the like. The PresidentΓÇÖs Report and recom┬¼  mendations to the board will suggest the agenda and    procedure for the meetings",469,True,False,False,False,False,"['Special Char Artifacts']","['ΓÇÖ', '┬¼']"
"Annual Report of the President, 1961-1962, Page 18","","McCray, John Henry, 1910-1987","","","Manuscripts; Accession 11294.","Allen University","","","An annual report of the President for 1961-1962.","1 item ; Page 18 of 36","John Henry McCray Papers, 1929-1989","https://digital.library.sc.edu/collections/john-henry-mccray-papers-1929-1989/","University of South Carolina. South Caroliniana Library","Copyright Not Evaluated.∩┐╜For further information please contact The University of South Carolina, South Caroliniana Library, Columbia, SC 29208.","Civil Rights Era (1955-1969)","Columbia, Richland County, South Carolina, United States","English","300ppi, 24-bit depth color, Epson Expression 11000 XL flatbed scanner with SilverFast scanning software, primary archival file is a TIFF","2017-01","Text","image/jpeg","Documents (object genre)","mccrayjh04-32-075","","Joshua Schutzenhofer","","2021-11-16","2021-11-16","http://cdm17173.contentdm.oclc.org/cdm/ref/collection/p17173coll38/id/5996",5996.0,"6606.jp2","/p17173coll38/image/6606.jp2","","The following faculty members are recommended for the 1962-63  school term:    ORGANISATION FOR ACADEMIC PURPOSES    Howard E. Wright,A. B┬½, M. A., I'h.D., President    James S. Stuart, A. B., M. A., Ph.D., Executive Vice President    Mrs. Emma S. Abel, B. S., Business Manager    DEPARTMENTS AND DIVISIONS OF INSTRUCTION OF ACADEMIC  PROGRAM    SOCIAL SCIENCES    Dr. Mark Schafer, Ph.D.  Mr. T. V. Swinton, M. A.  Dr. J. S. Part, Ph.D.    Mr. F. N. Fitzpatrick, M. A.    Mr. A. T. Butler, M. A.    NATURAL SCIENCES    Mrs. L. d. Nelson, M. A.    Mr. J. W. Bentley, M. S.  Mr. W. D. Hill, M. S.  Miss Lin Lang Lu, M. A.    EDUCATION AND PSYCHOLOGY    M┬╗' .* ┬ú┬úmuel Wr? gift?"" ΓÇÖM. A.    Mrs. 0. D. Haile, M. A.    Mr. J. B. Haile, M. A.    Mr. C. A. Johnson, A. B.    Mr. A. D. Greene, 1-1. A.    Dr. I. Norden. Ph.D  Mrs. K. Dixson, M. A.*  Mrs. V. 0. Hurley, M.L.S.  Mrs. E. R. Holmes, M.L.S.  Miss G. E. Cooke, B.L.S.    RELIGION AND PHILOSOPHY    Dr. C. E. Ashanin, Ph.D.    Dr. E. Dent, S. T. M.    Mr. L. E. Crumlin, S.T.M.    Rev. J. Holman    PHYSICAL EDUC ATI ON    Mr. T. B. Nelson, M. A.    Mr. M, D. Hunter, M. A.    Mr. M. I. Evans, M.A.    BUSINESS EDUCATION    Mr. J. W. Hairston, M.A.    Mr. T^lmadge Anderson,    M.A.    Mr. J. A. Johnson, M. A.    HUMANITIES    Dr. Rolle Talcott, Ph.D  Mrs. A. S. Hollis    Mr. H. Hunter, M. S.  Mrs. T. II. Fisher, M. A.  Mr. R. S. Turner, M. A.    Mr. G. C. Traylor, M. A.    Dr. Walter Yeh, Ph.D.    Dr. J. W. Hunter, M. A.    Miss F. Fair, M. A.    Mr. R. Morris, A. B.",1121,True,True,False,False,False,"['Special Char Artifacts', 'General Artifacts']","['┬½', '┬╗', '┬ú┬ú', 'ΓÇÖ', 'T^lmadge']"
"Annual Report of the President, 1961-1962, Page 19","","McCray, John Henry, 1910-1987","","","Manuscripts; Accession 11294.","Allen University","","","An annual report of the President for 1961-1962.","1 item ; Page 19 of 36","John Henry McCray Papers, 1929-1989","https://digital.library.sc.edu/collections/john-henry-mccray-papers-1929-1989/","University of South Carolina. South Caroliniana Library","Copyright Not Evaluated.∩┐╜For further information please contact The University of South Carolina, South Caroliniana Library, Columbia, SC 29208.","Civil Rights Era (1955-1969)","Columbia, Richland County, South Carolina, United States","English","300ppi, 24-bit depth color, Epson Expression 11000 XL flatbed scanner with SilverFast scanning software, primary archival file is a TIFF","2017-01","Text","image/jpeg","Documents (object genre)","mccrayjh04-32-076","","Joshua Schutzenhofer","","2021-11-16","2021-11-16","http://cdm17173.contentdm.oclc.org/cdm/ref/collection/p17173coll38/id/5997",5997.0,"6607.jp2","/p17173coll38/image/6607.jp2","","In order to bring our faculty and staff up to the desired    standard we should seek additional instructors who are the recipi-  F    ents of the advanced degrees listed in the following areas:    Division of Education - Educational Testing Ph.D.    Natural,Sciences ~ Chemistry Ph.D.    Romance Languages - French, Spanish, etc. Ph.D.    Fine Arts - Advanced Art Courses    Business Education - Accounting and Economics    Elementary Education - Experience in Teacher Training M.A.    Business Education - Teaching Skill Subjects M.A.    Natural Sciences - Chemistry M.A.    Mathematics - Advanced Mathematics M.A.    Psychology M.A.    Special emphasis is placed on the need of a Ph.D. to serve  as Executive Vice President, to strengthen Department of Business,  serve in advisory capacity as accountant in Business Office, im-  rove curriculum, study faculty leadership, faculty self-study,  explore fund-raising improvements, seek aid from foundations,  philanthropies, and business foundations. In addition, an Execu┬¼  tive Vice President will assist in setting up for Allen University  a foundation similar to that of the Wilberforce Foundation, design┬¼  ed as an instrument to raise, invest, and distribute funds for  specific and general projects. This will contribute greatly to┬¼  ward liquidating indebtedness, adding physical facilities, and  improving financial stability of the institution.    The Foundation members should include prominent S. C. citizens  of diversified religious, racial, and political backgrounds, touch┬¼  ing friends who have never been brought to AllenΓÇÖs attention.    The Board of Trustees and the Allen University Foundation may  join in establishing an Allen University Development Fund for more  intensive and extensive financial support of the institution. Its  purposes would be: (1) To assure the continued high quality of  education. (2) To maintain and improve faculty (3) To help deserv┬¼  ing students, and to (4) improve facilities.",1642,True,False,False,False,False,"['Special Char Artifacts']","['┬¼', '┬¼', '┬¼', '┬¼', 'ΓÇÖ', '┬¼']"
"Annual Report of the President, 1961-1962, Page 20","","McCray, John Henry, 1910-1987","","","Manuscripts; Accession 11294.","Allen University","","","An annual report of the President for 1961-1962.","1 item ; Page 20 of 36","John Henry McCray Papers, 1929-1989","https://digital.library.sc.edu/collections/john-henry-mccray-papers-1929-1989/","University of South Carolina. South Caroliniana Library","Copyright Not Evaluated.∩┐╜For further information please contact The University of South Carolina, South Caroliniana Library, Columbia, SC 29208.","Civil Rights Era (1955-1969)","Columbia, Richland County, South Carolina, United States","English","300ppi, 24-bit depth color, Epson Expression 11000 XL flatbed scanner with SilverFast scanning software, primary archival file is a TIFF","2017-01","Text","image/jpeg","Documents (object genre)","mccrayjh04-32-077","","Joshua Schutzenhofer","","2021-11-16","2021-11-16","http://cdm17173.contentdm.oclc.org/cdm/ref/collection/p17173coll38/id/5998",5998.0,"6608.jp2","/p17173coll38/image/6608.jp2","","Most urgent would be assisting in building Higgins Hall,    Manae and Arnett Halls.    renovating    PERSONAL APPEARANCES OF THE PRESIDENT IN BEHALF OF  ALLEN UNIVERSITY    OCTOBER:    6 - Palmetto Conference, Charleston; 9 - Testimonial, Durham,  North Carolina; 13 - N. E. Conference, Conway; 25 - S. C.  Conference, Columbia; 27 - Conference, Newberry    NOVEMBER:    5 - S. C. State College, Oiangeburg; 9 - Farrow Road PTA,  Columbia; 10 - American. Association of Colleges and Secondary  Schools, Atlanta; 18 - Dennis High School, Bishopville, S. C.    17 - Conference, Clinton, S. C.; 19 - Omega Psi Phi Frater┬¼  nity, Columbia.    DECEMBER    3 - District Alumni, Newberry    6 - Association of Colleges & Secondary Schools, Miami Beach;    9 - Laymens Conference, Columbia;    JANUARY    14 - Joint Vespers, Benedict College;    23 - Boys Club, Columbia    FEBRUARY    9 - Emmanuel Church (Friends of All*┬╗n), Charleston; 11 -  Emmanuel AWE Chur ch, Columbia. (A. M.) Manning, S. C. (P. M.)  13 - Friends of Allen, Laurens; 22 - Bishops Council. Wash┬¼  ington, D. C.; 25 - Mens Day, St. Stephens AWE Church,    Georgetown; 28 - Mt. Pisgah AME Church, Sumter (A.M.)  Wysacki, S. C., Friends of Allen, (P.M.)    MARCH    1 - YWCA, USO, Columbia; 2 - Booker T. Washington High School,  Columbia; 4 - Little Mountain, S. C.; 10 - New York Chapter  of Allen University Alumni, at Hotel Concourse Plaza, New York  City; 21 - Methodist Center, Columbia; 23 - C.    APRIL    5 - Palmetto Education Association, Columbia; 7 - Mayor,  Columbia, S. C.; 11 - NAAOP, 7ion Baptist Church, Columbia;    13 - State Music Festival, Benedict College, Columbia;    16 - Convocation of Church and Community Life Relationships,  Wilson High School, Florence, S. C.",1390,True,True,False,False,False,"['Special Char Artifacts', 'General Artifacts']","['┬¼', '*┬╗', '┬¼', 'All*┬╗n']"
"Annual Report of the President, 1961-1962, Page 21","","McCray, John Henry, 1910-1987","","","Manuscripts; Accession 11294.","Allen University","","","An annual report of the President for 1961-1962.","1 item ; Page 21 of 36","John Henry McCray Papers, 1929-1989","https://digital.library.sc.edu/collections/john-henry-mccray-papers-1929-1989/","University of South Carolina. South Caroliniana Library","Copyright Not Evaluated.∩┐╜For further information please contact The University of South Carolina, South Caroliniana Library, Columbia, SC 29208.","Civil Rights Era (1955-1969)","Columbia, Richland County, South Carolina, United States","English","300ppi, 24-bit depth color, Epson Expression 11000 XL flatbed scanner with SilverFast scanning software, primary archival file is a TIFF","2017-01","Text","image/jpeg","Documents (object genre)","mccrayjh04-32-078","","Joshua Schutzenhofer","","2021-11-16","2021-11-16","http://cdm17173.contentdm.oclc.org/cdm/ref/collection/p17173coll38/id/5999",5999.0,"6609.jp2","/p17173coll38/image/6609.jp2","","APRIL (continued)    17 - Fort Jackson, Columbia, S. C.; 18 - Spartanburg County  Teachers Association; 20 - St. Josephs AWE Church, Durham,  N. C.; 22 - Turner Memorial AME Church, Washington, D. C.;  24-25 - Executive Commission, Jacksonville, Florida; 29 -  Allen AME Church, Jamaica, New York    MAY    8 - Lake City, 1 day Conference; 9 - Sumter, 1-day Conference;    10 - Lexington, 1-day Conference; 11 - Walterboro, 1-day  Conference; 12 - NAACD Mid-Year Conference, Allen University;    13 - St. Mark Episcopal Church; 15 - Abbeville, 1-day Confer┬¼  ence; 17 - Elloree, L-dav Conference; (A.M.) Columbia  Teachers Association, Carver Elene School, Columbia (P.M.)  22 - Bonds-Wilson High School, Charleston.    APPEARANCES TO BE MADE    MAY    28 - C. A. Johnson High School, Columbia; 29 - Jackson High  School, Camden; 27 - Aiken, S. C,, Scofield High School.    JUNE    2 - Lincoln University, Pennsylvania; 10 - Mullins, S. C.    5 - Friendship Junior College, Rock Hill, S. C.    JULY    4 - General Board, Greater Luke AME Church, New York City  5-6, Bishops Council, New York City; 10-13, Connectional  Christian Education Congress, Louisville, Kentucky; 25-28,  ATA Convention, Miami, Florida    TO DATE: Appearances made: 48    Appearances scheduled: 10",1022,True,False,False,False,False,"['Special Char Artifacts']","['┬¼']"
"Annual Report of the President, 1961-1962, Page 22","","McCray, John Henry, 1910-1987","","","Manuscripts; Accession 11294.","Allen University","","","An annual report of the President for 1961-1962.","1 item ; Page 22 of 36","John Henry McCray Papers, 1929-1989","https://digital.library.sc.edu/collections/john-henry-mccray-papers-1929-1989/","University of South Carolina. South Caroliniana Library","Copyright Not Evaluated.∩┐╜For further information please contact The University of South Carolina, South Caroliniana Library, Columbia, SC 29208.","Civil Rights Era (1955-1969)","Columbia, Richland County, South Carolina, United States","English","300ppi, 24-bit depth color, Epson Expression 11000 XL flatbed scanner with SilverFast scanning software, primary archival file is a TIFF","2017-01","Text","image/jpeg","Documents (object genre)","mccrayjh04-32-079","","Joshua Schutzenhofer","","2021-11-16","2021-11-16","http://cdm17173.contentdm.oclc.org/cdm/ref/collection/p17173coll38/id/6000",6000.0,"6610.jp2","/p17173coll38/image/6610.jp2","","IMPROVEMENTS WHICH HAVE BEEN MADE ON BUILDINGS AND GROUND"" DUR┬¼  ING SCHOOL YEAR J9&1-62    1. Arnette Hall--Work vat completed on entirt building inside    and outside consisting of installation of new  shower stalls* floor and wall tile and two com┬¼  plete bath finturcs. Repaired roof and installed  gutters and all plumbing and heating where needed.    2. Negotiated contract with Boiler Sale# Company to keep    heating systems in good working order at al! times  during year. Extensive repairs and improvements  have been made in this area as several of the  boilers are very ┬⌐id and outdated and require con┬¼  stant attention in order to give satisfactory  service.    Installed a new cast iron boiler complete with  Jacket and trim.    3. Repaired, painted and redecorated the Official ResiJ-""""w c.    L|,. Replaced gutters around Administration Building, ΓÇÖev* &lt;┬½-'i  steeple, recovered platform, replaced wort,  shingles and rotten woodwork and installed new  sewage line from building to water line.    5. Installed new electrical wiring where needed around campu.s-    6. Repaired and replaced plumbing in all buildings where    necessary.    7. Extensive repair┬« on gutters and roof of Richard Allen    Apartments.    8. Installed new water system and water lines to Chemistry    Department with 16 new sinks and copper piping  in Laboratories; new bath fixtures also.    9. Remodeled gym with plywood around first floor; repp, in* cd    floor and sealed playing area.    10. Repaired and installed new locks in boys dormitory; ma^c    new keys for all dormitories and other repairs a?  needed,    11. Complete landscaping of campus proper including Reid HaΓÇÖl    and Practice House. Replaced and painted front  porch of Practice House.    12. Repaired and put in working condition pipe organ and in┬¼    stalled proper motor so that all pipes and stoor  will now play.",1526,True,True,False,False,False,"['Special Char Artifacts', 'General Artifacts']","['┬¼', '┬¼', '┬⌐', '┬¼', 'ΓÇÖ', '┬½', '┬«', 'ΓÇÖ', '┬¼', 'J9&1-62', 'ma^c']"
"Annual Report of the President, 1961-1962, Page 23","","McCray, John Henry, 1910-1987","","","Manuscripts; Accession 11294.","Allen University","","","An annual report of the President for 1961-1962.","1 item ; Page 23 of 36","John Henry McCray Papers, 1929-1989","https://digital.library.sc.edu/collections/john-henry-mccray-papers-1929-1989/","University of South Carolina. South Caroliniana Library","Copyright Not Evaluated.∩┐╜For further information please contact The University of South Carolina, South Caroliniana Library, Columbia, SC 29208.","Civil Rights Era (1955-1969)","Columbia, Richland County, South Carolina, United States","English","300ppi, 24-bit depth color, Epson Expression 11000 XL flatbed scanner with SilverFast scanning software, primary archival file is a TIFF","2017-01","Text","image/jpeg","Documents (object genre)","mccrayjh04-32-080","","Joshua Schutzenhofer","","2021-11-16","2021-11-16","http://cdm17173.contentdm.oclc.org/cdm/ref/collection/p17173coll38/id/6001",6001.0,"6611.jp2","/p17173coll38/image/6611.jp2","","13. Built choir stand for stage.    II4.. Had all neon signs (Allen University) repaired on campus  and put in working condition.    15. Fixed floor and installed tile on floor and counter in  Business Office.    TOTAL ESTIMATED COST OF THE ABOVE REPAIRS WAS '. $23,292.65.  NOTE: At end of fiscal year May 31, 1961, our Accounts    Payable balance was $67,773.U┬ú┬½ As of December,  1961, the Accounts Payable balance was $1^.0,000 not  including several bills not yet received.    This shows that the above repairs were done  and paid for plus a reduction in the old Accounts  Payable balance $27,000. In addition to this, we  are now making depository receipts to the Federal  Government on Payroll taxes and F.I.C.A, and Jzeep-  ing all mortgage payments up-to-date including  annual payments due Housing and Home Finance  Agency on Coppin Hall and the Dining Hall, The  annual payment for this account alone was $6,L3O.    ADDITIONAL IMPROVEMENTS OF ALLEN UNIVERSITY DURING THE SCHOOL  YEAR 1961-62    1. Appointment of a self-study committee the results of which  will be evaluated during the summer.    2. Revision of the faculty and staff handbook and removal of  censure from Allen University by the American  Association of University Professors.    3. Raising of facultyΓÇÖs salaries to a median of better than  $L|.,000 for 1962-63.    I4.. Strengthening of the instructional staff by eliminating  or providing for replacement of the eight bachelors  on the faculty and the adding of sufficient doc┬¼  torates to bring the faculty up to the 25%  requirement for faculty accreditation. In com-",1303,True,True,False,False,False,"['Special Char Artifacts', 'General Artifacts']","['┬ú┬½', 'ΓÇÖ', '┬¼', '1^.0,000', 'L|.,000']"
"Annual Report of the President, 1961-1962, Page 24","","McCray, John Henry, 1910-1987","","","Manuscripts; Accession 11294.","Allen University","","","An annual report of the President for 1961-1962.","1 item ; Page 24 of 36","John Henry McCray Papers, 1929-1989","https://digital.library.sc.edu/collections/john-henry-mccray-papers-1929-1989/","University of South Carolina. South Caroliniana Library","Copyright Not Evaluated.∩┐╜For further information please contact The University of South Carolina, South Caroliniana Library, Columbia, SC 29208.","Civil Rights Era (1955-1969)","Columbia, Richland County, South Carolina, United States","English","300ppi, 24-bit depth color, Epson Expression 11000 XL flatbed scanner with SilverFast scanning software, primary archival file is a TIFF","2017-01","Text","image/jpeg","Documents (object genre)","mccrayjh04-32-081","","Joshua Schutzenhofer","","2021-11-16","2021-11-16","http://cdm17173.contentdm.oclc.org/cdm/ref/collection/p17173coll38/id/6002",6002.0,"6612.jp2","/p17173coll38/image/6612.jp2","","renting on this, one teacher is on leave of absence  to get her master*s this second semester, three  more expect to get the masterΓÇÖs degree during the  coming summer. Two have been given leaves of ab┬¼  sence, and two others will probably attempt to do  the same during the current year. We will have no  person teaching with a bachelorΓÇÖs degree except a  bandmaster for whom special approval has been  given by the Southern Association.    5. Development of a testing program which will give us more    adequate information as to the basic needs of the  students and means of helping students from failing  by giving special attention to the weaknesses shown  in basic English, vocabulary, grammar and  mathematics.    6. Improvement of Business Office procedures, designed to    expedite services and with the anticipated improve┬¼  ment this coming year, we should be able to lessen  employee cost with improved and efficient business  equipment and procedure.    7. Erecting of a cyclone fence around the rear of Higgins Hall    and beside Mance Hall which has definitely staked  off our property showing much more than appeared  to be before the fence was there and protecting  the property and the lumber which is being salvaged  by the dismantling of Higgins Hall.    6. Reduction of the indebtedness of the school as is shown in  another chart.    9, Strengthening the position of the Alumni Secretary which  is designed for improved alumni communication and  relations as well as fund-raising.    10, A new catalog is being printed with several improvements,    clarifications, and corrections.    11. Much has been achieved by close scrutiny to the plant, and    to insure the better functioning of the school.  Consideration was given to such matters as:    a. Cleaning up the entire campus, planting grass  this winter; this is to be improved this sum-  mer--painting of the Dining Hall and making  provisions for painting the outside of every  building on the campus.    b. Raising salaries of faculty and staff.    c. Intense vocational counseling.    d. Restudying the purposes and aims of the  Institution to make certain that they were",1741,True,False,False,False,False,"['Special Char Artifacts']","['ΓÇÖ', '┬¼', 'ΓÇÖ', '┬¼']"
"Annual Report of the President, 1961-1962, Page 25","","McCray, John Henry, 1910-1987","","","Manuscripts; Accession 11294.","Allen University","","","An annual report of the President for 1961-1962.","1 item ; Page 25 of 36","John Henry McCray Papers, 1929-1989","https://digital.library.sc.edu/collections/john-henry-mccray-papers-1929-1989/","University of South Carolina. South Caroliniana Library","Copyright Not Evaluated.∩┐╜For further information please contact The University of South Carolina, South Caroliniana Library, Columbia, SC 29208.","Civil Rights Era (1955-1969)","Columbia, Richland County, South Carolina, United States","English","300ppi, 24-bit depth color, Epson Expression 11000 XL flatbed scanner with SilverFast scanning software, primary archival file is a TIFF","2017-01","Text","image/jpeg","Documents (object genre)","mccrayjh04-32-082","","Joshua Schutzenhofer","","2021-11-16","2021-11-16","http://cdm17173.contentdm.oclc.org/cdm/ref/collection/p17173coll38/id/6003",6003.0,"6613.jp2","/p17173coll38/image/6613.jp2","","clearly understood by both faculty and staff.    e. Planning for extensive use of business  machines in the accounting system,    f. Strengthening curricula offerings, especially  the general education program.    g. Cleaning up and getting the physical plant  and grounds in order and contracting for im┬¼  proved janitoral and custodial services which  are designed to keep the administration, class┬¼  room and dormitory facilities clean at all  times.    h. Development of design to clear up indebted┬¼  ness,    i. Strengthening the advisory and counseling  program.    Our major project now is to work toward greater achieve┬¼  ment. We must devote our time and efforts to that end. We  shall attempt to render the most worthwhile service to the  type of student who comes to us for help by taking him where  we find him and leading him to the highest degree of efficiency  and thoroughness possible in his chosen field of preparation.  A large number of our students come from underprivileged areas  and with comparatively poor backgrounds. Many of them have  good minds that have never had the opportunity for the optimum  growth and development. After they have been with us for a  year or perhaps three or four, it should be possible for them  to develop to the point where they may and actually do go on  to graduate or professional schools or are prepared to teach,  do social work, enter the ministry, or become leaders in  various fields. It is possible for Allen to render a distinc┬¼  tive service for a type of student that perhaps would other┬¼  wise never have had a chance to achieve any degree of  proficiency. Therefore we are happy and proud to devote our",1359,True,False,False,False,False,"['Special Char Artifacts']","['┬¼', '┬¼', '┬¼', '┬¼', '┬¼', '┬¼']"
"Annual Report of the President, 1961-1962, Page 26","","McCray, John Henry, 1910-1987","","","Manuscripts; Accession 11294.","Allen University","","","An annual report of the President for 1961-1962.","1 item ; Page 26 of 36","John Henry McCray Papers, 1929-1989","https://digital.library.sc.edu/collections/john-henry-mccray-papers-1929-1989/","University of South Carolina. South Caroliniana Library","Copyright Not Evaluated.∩┐╜For further information please contact The University of South Carolina, South Caroliniana Library, Columbia, SC 29208.","Civil Rights Era (1955-1969)","Columbia, Richland County, South Carolina, United States","English","300ppi, 24-bit depth color, Epson Expression 11000 XL flatbed scanner with SilverFast scanning software, primary archival file is a TIFF","2017-01","Text","image/jpeg","Documents (object genre)","mccrayjh04-32-083","","Joshua Schutzenhofer","","2021-11-16","2021-11-16","http://cdm17173.contentdm.oclc.org/cdm/ref/collection/p17173coll38/id/6004",6004.0,"6614.jp2","/p17173coll38/image/6614.jp2","","talents to the strivings of such students    A FIVE YEAR PROJECTION    PROGRAM    It is hoped that with the inclusion of an executive vice  president to assist the chief administrator in developing and  organizing the program, that we will this year embark upon a  program designed to study the enrollment and size from a  period of several years in the past in order to anticipate  trends.    The purpose will be designed to determine the probable  enrollment over a period of the next five years, the number  of students of ability to be expected, and a concern for the  full employment of present enrollment facilities and adjust┬¼  ments which may probably be contemplated.    PHYSICAL FACILITIES    We plan to improve the quality of the physical facilities.  The Board has already approved the idea of assembling figures,  facts and information relative to the construction of a new  boyΓÇÖs dormitory, renovation of Arnett Hall for women and the  placing of young men in Mance Hall. In the immediate future,  the continuation of extensive renovation of the physical  plant and the purchase of new equipment is projected. We have  been in contact with the Federal Housing and Finance Agency of  Washington, D. C. and will contact the Federal Home Finance  Agency of Chicago. When this is done a preliminary application  and plans will have to be approved for the necessary funds  and set aside pending approval of financial, legal and",1168,True,False,False,False,False,"['Special Char Artifacts']","['┬¼', 'ΓÇÖ']"
"Annual Report of the President, 1961-1962, Page 27","","McCray, John Henry, 1910-1987","","","Manuscripts; Accession 11294.","Allen University","","","An annual report of the President for 1961-1962.","1 item ; Page 27 of 36","John Henry McCray Papers, 1929-1989","https://digital.library.sc.edu/collections/john-henry-mccray-papers-1929-1989/","University of South Carolina. South Caroliniana Library","Copyright Not Evaluated.∩┐╜For further information please contact The University of South Carolina, South Caroliniana Library, Columbia, SC 29208.","Civil Rights Era (1955-1969)","Columbia, Richland County, South Carolina, United States","English","300ppi, 24-bit depth color, Epson Expression 11000 XL flatbed scanner with SilverFast scanning software, primary archival file is a TIFF","2017-01","Text","image/jpeg","Documents (object genre)","mccrayjh04-32-084","","Joshua Schutzenhofer","","2021-11-16","2021-11-16","http://cdm17173.contentdm.oclc.org/cdm/ref/collection/p17173coll38/id/6005",6005.0,"6615.jp2","/p17173coll38/image/6615.jp2","","engineering factors. We certainly look forward, hopefully, to  complete construction of a menΓÇÖs residence within a year.    DEVELOPMENT FUND    In order to assure the future growth of Allen University,  the Board is asked to give its approval to the idea of  developing an Allen University Foundation somewhat similar to  the successful plan initiated by Wilberforce University in  establishing a Wilberforce WbtateKbdon that is designed to work  in cooperation with the Board of Trustees and establish a  development fund seeking to raise monies from sources not  heretofore working in behalf of Allen University. We have made  preliminary Investigation of this area and such a foundation  should function somewhat independently of current fund-raising  agencies and would be designed to serve the following purposes:    Faculty salary increase  Faculty improvement  Science Laboratory renovations  Unrestricted gifts  Scholarships  Renovation of the physical plant where needed.    There may be annual reallocation of funds in these areas.  Our Job is to develop machinery for contacting foundations,  philanthropies, and business corporations. An important ele┬¼  ment in the success of fund-raising will be improved public  relations and the seeking of favorable press releases. We  anticipate the idea of fund raising luncheons in several large  cities of the country where alumni are now in large numbers.  It was my pleasure to speak to 200 persons at $6.75 a plate at  the Hotel Concourse Plaza in New York. This initial effort by    the Long Island Alumni Chapter of New York was very successful",1327,True,False,False,False,False,"['Special Char Artifacts']","['ΓÇÖ', '┬¼']"
"Annual Report of the President, 1961-1962, Page 28","","McCray, John Henry, 1910-1987","","","Manuscripts; Accession 11294.","Allen University","","","An annual report of the President for 1961-1962.","1 item ; Page 28 of 36","John Henry McCray Papers, 1929-1989","https://digital.library.sc.edu/collections/john-henry-mccray-papers-1929-1989/","University of South Carolina. South Caroliniana Library","Copyright Not Evaluated.∩┐╜For further information please contact The University of South Carolina, South Caroliniana Library, Columbia, SC 29208.","Civil Rights Era (1955-1969)","Columbia, Richland County, South Carolina, United States","English","300ppi, 24-bit depth color, Epson Expression 11000 XL flatbed scanner with SilverFast scanning software, primary archival file is a TIFF","2017-01","Text","image/jpeg","Documents (object genre)","mccrayjh04-32-085","","Joshua Schutzenhofer","","2021-11-16","2021-11-16","http://cdm17173.contentdm.oclc.org/cdm/ref/collection/p17173coll38/id/6006",6006.0,"6616.jp2","/p17173coll38/image/6616.jp2","","and raised $200 to $300 for Allen University. They hope to  make this an annual affair and to raise $1,000 the next time.    FUND-RAISING  we consider  It is incumbent/thatAdiscussions concerning the feasi┬¼  bility of employing a fund-raising company to give acceleration  to a development fund, which we would consider a contirroous  campaign, and to initiate a capital gifts campaign later.    While the annual contribution of a minimum of $116,000 by  the African Methodist Episcopal Church equals an endowment in  excess of $3,000,000, continuous efforts and attention need to  be directed to the eventual initiation of a program to increase  Allen UniversityΓÇÖs endowment fund to $1,000,000.    It is a plan of this administration to be able to know  within the next few months what are the detailed requirements  for job classification and specification in each area of the  ΓÇók  school and an estimate showing the cost per meal to feed the  student body, the unit cost of electricity and water and other  expense operations of the school so that the greatest good  may be extracted from every dollar we handle making an  efficient, effective, economical and sound administration.  Only then will we be able to plan as intelligently and as  effectively in building up a strong, sound operating  institution. Under this five year projection plan, the image  of Allen University is that of a small liberal arts, Christian  college deliberately pursuing greater excellence as well as  the following:",1236,True,False,False,False,False,"['Special Char Artifacts']","['┬¼', 'ΓÇÖ', 'ΓÇó']"
"Annual Report of the President, 1961-1962, Page 29","","McCray, John Henry, 1910-1987","","","Manuscripts; Accession 11294.","Allen University","","","An annual report of the President for 1961-1962.","1 item ; Page 29 of 36","John Henry McCray Papers, 1929-1989","https://digital.library.sc.edu/collections/john-henry-mccray-papers-1929-1989/","University of South Carolina. South Caroliniana Library","Copyright Not Evaluated.∩┐╜For further information please contact The University of South Carolina, South Caroliniana Library, Columbia, SC 29208.","Civil Rights Era (1955-1969)","Columbia, Richland County, South Carolina, United States","English","300ppi, 24-bit depth color, Epson Expression 11000 XL flatbed scanner with SilverFast scanning software, primary archival file is a TIFF","2017-01","Text","image/jpeg","Documents (object genre)","mccrayjh04-32-086","","Joshua Schutzenhofer","","2021-11-16","2021-11-16","http://cdm17173.contentdm.oclc.org/cdm/ref/collection/p17173coll38/id/6007",6007.0,"6617.jp2","/p17173coll38/image/6617.jp2","","SPECIFIC GOALS    1. To be a quality liberal arts Gol'Lege *    2. Regional accreditation    3. Selectivity of students based on academic  tests and likelihood of both ability and  determination to profit from a studious,  Christian atmosphere.    Concern for enriching our denomination  through higher Christian education.    In light of our growing concern for quality we will need    to have an enrollment prediction for the coming years. Our  concern now is a full employment of present enrollment facili┬¼  ties for the immediate future.    SUMMARY OF THIS REPORT    THE TRUSTEES:    Evidence has been given to show that the Trustee Board  under its able chairman, has supported the administration and  has given encouragement and authority for executing the  policies of the Board.    THE ADMINISTRATION:    The administration or primarily the chief administrative  officer has established rapport with educational agencies  such as the Southern Association, the State Department of  Education, the American Association of University Professors,  The administration has met the approbation of the Southern  Association and has presented the new image of Allen in more  than 50 public appearances. The auditor reports that the    books are in the best shape they have ever been during the 25",1054,True,False,False,False,False,"['Special Char Artifacts']","['┬¼']"
"Annual Report of the President, 1961-1962, Page 30","","McCray, John Henry, 1910-1987","","","Manuscripts; Accession 11294.","Allen University","","","An annual report of the President for 1961-1962.","1 item ; Page 30 of 36","John Henry McCray Papers, 1929-1989","https://digital.library.sc.edu/collections/john-henry-mccray-papers-1929-1989/","University of South Carolina. South Caroliniana Library","Copyright Not Evaluated.∩┐╜For further information please contact The University of South Carolina, South Caroliniana Library, Columbia, SC 29208.","Civil Rights Era (1955-1969)","Columbia, Richland County, South Carolina, United States","English","300ppi, 24-bit depth color, Epson Expression 11000 XL flatbed scanner with SilverFast scanning software, primary archival file is a TIFF","2017-01","Text","image/jpeg","Documents (object genre)","mccrayjh04-32-087","","Joshua Schutzenhofer","","2021-11-16","2021-11-16","http://cdm17173.contentdm.oclc.org/cdm/ref/collection/p17173coll38/id/6008",6008.0,"6618.jp2","/p17173coll38/image/6618.jp2","","years that the firm of Derrick, Stubbs and Stith have been  auditing Allen UniversityΓÇÖs account.    THE FACULTY:    Failure on this standard weighed heavily against Allen  UniversityΓÇÖs being accredited. Only five doctorates and  eight (8) bachelors weighed against us. We need at least 11  doctorates, 25% of the staff and have made provision for re┬¼  placing the eight bachelors with masterΓÇÖs degrees. This brings  the faculty up to the minimum quality as measured quantitatively  for  which is a requisite/approbation and accreditation.    THE STUDENT BODY┬ú    AllenΓÇÖs enrollment dropped to 610 the first semester but  came up above 700 the second semester. The uncollected  student accounts last year was $28,000. Under this administra┬¼  tion, all student accounts were collected. There is great  demand on the part of students to enter Allen University.  Already we have more than 100 applications for the Fall. The  deficit on athletics last year was $50,000, This year it is  $12,000. Under our new policy, athletics is to be made self-  supporting, This means a drastic reduction in the number of  full scholarships given to athletes and others. Our policy  will be to award grants-in-aid and self-help for students first.  This means the primary concern of Allen University is to  develop persons who come for serious study. The fact that they  possess musical, dramatic, or athletic talents will be secon┬¼  dary to the emphasis upon scholarly development.",1215,True,False,False,False,False,"['Special Char Artifacts']","['ΓÇÖ', 'ΓÇÖ', '┬¼', 'ΓÇÖ', '┬ú', 'ΓÇÖ', '┬¼', '┬¼']"
"Annual Report of the President, 1961-1962, Page 31","","McCray, John Henry, 1910-1987","","","Manuscripts; Accession 11294.","Allen University","","","An annual report of the President for 1961-1962.","1 item ; Page 31 of 36","John Henry McCray Papers, 1929-1989","https://digital.library.sc.edu/collections/john-henry-mccray-papers-1929-1989/","University of South Carolina. South Caroliniana Library","Copyright Not Evaluated.∩┐╜For further information please contact The University of South Carolina, South Caroliniana Library, Columbia, SC 29208.","Civil Rights Era (1955-1969)","Columbia, Richland County, South Carolina, United States","English","300ppi, 24-bit depth color, Epson Expression 11000 XL flatbed scanner with SilverFast scanning software, primary archival file is a TIFF","2017-01","Text","image/jpeg","Documents (object genre)","mccrayjh04-32-088","","Joshua Schutzenhofer","","2021-11-16","2021-11-16","http://cdm17173.contentdm.oclc.org/cdm/ref/collection/p17173coll38/id/6009",6009.0,"6619.jp2","/p17173coll38/image/6619.jp2","","STUDENT PERSONNEL:    Attention has been given to the reorganizing program of  student activities, eliminating conflicts, cutting out ex┬¼  cessive minor social activities and an attempt to raise the  moral and cultural level of the student body through co┬¼  operation of the Dean of Men, Dean of Women and Director of  Student Personnel. Continued attention will be directed to  this area looking towards more definitive policies and pro┬¼  cedures to regulate upward the campus and student life. The  Dean of WomenΓÇÖs Office has recommended that the dormitories  be under the direction of college graduates who are trained  in student personnel in which they may give special attention  to the guidance and development of the cultural, moral and  spiritual environment of our student body.    RELIGIOUS LIFE:    Under the influence of an active Religious Activities  Committee, we have had weekday chapel programs given to  meditation, devotion and moral development, weekly Wednesday  Night Prayer Meeting, Sunday School, morning worship at  Bishop Memorial Church where the choir sings and the 6:00  Sunday Evening vespers. All has gone well and we plan to  give special stress to a better Sunday School program for this  year. Religious Emphasis Week saw many of our students coming  for special prayer. The guest speaker was Dr. Hubert Robinson  of Detroit, Michigan.    THE CURRICULUM:    Some attention has been given to rethinking the",1189,True,False,False,False,False,"['Special Char Artifacts']","['┬¼', '┬¼', '┬¼', 'ΓÇÖ']"
"Annual Report of the President, 1961-1962, Page 32","","McCray, John Henry, 1910-1987","","","Manuscripts; Accession 11294.","Allen University","","","An annual report of the President for 1961-1962.","1 item ; Page 32 of 36","John Henry McCray Papers, 1929-1989","https://digital.library.sc.edu/collections/john-henry-mccray-papers-1929-1989/","University of South Carolina. South Caroliniana Library","Copyright Not Evaluated.∩┐╜For further information please contact The University of South Carolina, South Caroliniana Library, Columbia, SC 29208.","Civil Rights Era (1955-1969)","Columbia, Richland County, South Carolina, United States","English","300ppi, 24-bit depth color, Epson Expression 11000 XL flatbed scanner with SilverFast scanning software, primary archival file is a TIFF","2017-01","Text","image/jpeg","Documents (object genre)","mccrayjh04-32-089","","Joshua Schutzenhofer","","2021-11-16","2021-11-16","http://cdm17173.contentdm.oclc.org/cdm/ref/collection/p17173coll38/id/6010",6010.0,"6620.jp2","/p17173coll38/image/6620.jp2","","curriculum. However, the faculty will be organized into  committees during the Fall so that every aspect of the teach┬¼  ing and instructional program will be rethought to bring us  into line with not only the soundest educational procedures  but to intelligently appraise and adjust our own course of  offering and allocations of teachers and classes to be both  economically feasible and also academically cc Crnj'e;. * .    THE LIBRARY:    $10,000 was spent in library books. During the interim  from May 25 to June U the entire collection of books will be  reaccessioned. With the addition of new shelving and the  proposal for meeting library needs in the Fall, it is reason┬¼  able to be sure that this area will not again *    listed by the Southern Association as being ΓÇÖΓÇÖweak.ΓÇ¥ What has  been done this year and in the Fall will remove us from doubt  in this area. The Library has been strengthened by gifts left  in the wills of Mrs. A. B. King and the personal library of  the late Bishop S. R. Higgins.    SPECIAL EVENTS:    Unprecedented support and interest in the future of Allen  University was shown by Trustees, alumni, faculty, students  and friends. $56,000 was raised on FounderΓÇÖs Day. The Mayor  of the City, Lester Bates, spoke and gave $1,000.' He also  pledged hisΓÇÖ future assistance. We hope to enlist around him  a hitherto untouched group of supporters which will probably  lead to the developraent of the Allen University Foundation for",1197,True,False,False,False,False,"['Special Char Artifacts']","['┬¼', '┬¼', 'ΓÇÖΓÇÖ', 'ΓÇ¥', 'ΓÇÖ', 'ΓÇÖ']"
"Annual Report of the President, 1961-1962, Page 33","","McCray, John Henry, 1910-1987","","","Manuscripts; Accession 11294.","Allen University","","","An annual report of the President for 1961-1962.","1 item ; Page 33 of 36","John Henry McCray Papers, 1929-1989","https://digital.library.sc.edu/collections/john-henry-mccray-papers-1929-1989/","University of South Carolina. South Caroliniana Library","Copyright Not Evaluated.∩┐╜For further information please contact The University of South Carolina, South Caroliniana Library, Columbia, SC 29208.","Civil Rights Era (1955-1969)","Columbia, Richland County, South Carolina, United States","English","300ppi, 24-bit depth color, Epson Expression 11000 XL flatbed scanner with SilverFast scanning software, primary archival file is a TIFF","2017-01","Text","image/jpeg","Documents (object genre)","mccrayjh04-32-090","","Joshua Schutzenhofer","","2021-11-16","2021-11-16","http://cdm17173.contentdm.oclc.org/cdm/ref/collection/p17173coll38/id/6011",6011.0,"6621.jp2","/p17173coll38/image/6621.jp2","","fund-raising. The women of the Church and alumni were  organized into a QueerJs Contest and raised over $2900 along  with a May Day King and Queen Contest among the students  netting $1178 and a painting project was started which has  seen the painting of the Dining Hall, Faith Hall and by summer  the entire campus will be painted. Over $62,000 has been  raised by special drives and gifts.    HONORARY DEGREES:    In keeping with good policy, a value is placed upon  ,by    Honorary Degrees/not cheapening them. The Alumni Association  has recommended two distinguished sons of Allen for Honorary  Degrees, namely, Miller Johnson, Administrator of the Million  Dollar Hospital at Florida A. & M. in Tallahassee and Louis  K. Dowdy, Acting President of A. & T. College in Greensboro,  North Carolina.    THE ECOMONICS OF ALLEN:    It has been proved that intelligent and efficient  administration will stretch the money Allen receives. In any  analysis, of course, and with reference to the use of either  tuition or gift funds, all would agree that care must be  taken that waste is eliminated. To apply limited resources  effectively to their ends is economy, all of which underlies,  the continually dynamic character of the decisions which are  made by the President, the faculty and the Trustees. The  salvation of our Institution can come partly through innovation.  Educators and the public alike must be reconciled to some  major breaks with traditional methodology and policy yet there",1222,False,False,False,False,True,"[]","[]"
"Annual Report of the President, 1961-1962, Page 34","","McCray, John Henry, 1910-1987","","","Manuscripts; Accession 11294.","Allen University","","","An annual report of the President for 1961-1962.","1 item ; Page 34 of 36","John Henry McCray Papers, 1929-1989","https://digital.library.sc.edu/collections/john-henry-mccray-papers-1929-1989/","University of South Carolina. South Caroliniana Library","Copyright Not Evaluated.∩┐╜For further information please contact The University of South Carolina, South Caroliniana Library, Columbia, SC 29208.","Civil Rights Era (1955-1969)","Columbia, Richland County, South Carolina, United States","English","300ppi, 24-bit depth color, Epson Expression 11000 XL flatbed scanner with SilverFast scanning software, primary archival file is a TIFF","2017-01","Text","image/jpeg","Documents (object genre)","mccrayjh04-32-091","","Joshua Schutzenhofer","","2021-11-16","2021-11-16","http://cdm17173.contentdm.oclc.org/cdm/ref/collection/p17173coll38/id/6012",6012.0,"6622.jp2","/p17173coll38/image/6622.jp2","","is a definite limit to the usefulness of such administrative  devices as adjustments of program and manipulations of staff.    The President is vividly aware of the yearning of all  groups related to Allen for increased financial support. It  is therefore incumbent upon him to make this fact clear to  all who bear any relationship to or responsibility for the  CollegeΓÇÖs future as well as to who in the past have derived  or now derives some benefit from the educational, cultural,  and moral influence of the College. Thus Allen makes honorable^  justifiable, and direct appeal to trustees, faculty, students,  alumni, parents, churches, corporations, partnerships and other  business firms, citizens of the immediate community, the State  anti* the Nation to contribute to the College now and in the  future and where applicable to plan from oneΓÇÖs estate by  bequest something honorable, reasonable and generous indicative  of awareness that this college is for all those named a, if  not the, reasonable channel for benevolence in the area of  .. ' . .much    higher education. ""From him to whom much is given/Is requir┬¼  edΓÇÖΓÇ¥ may seem applicable only to the very well-to-do yet it is  applicable to all. Gifts to Allen University, however,  great or small, will be accepted with thanks.    Respectfully submitted,    H. E. Wright, President",1112,True,False,False,False,False,"['Special Char Artifacts']","['ΓÇÖ', 'ΓÇÖ', '┬¼', 'ΓÇÖΓÇ¥']"
"Annual Report of the President, 1961-1962, Page 35","","McCray, John Henry, 1910-1987","","","Manuscripts; Accession 11294.","Allen University","","","An annual report of the President for 1961-1962.","1 item ; Page 35 of 36","John Henry McCray Papers, 1929-1989","https://digital.library.sc.edu/collections/john-henry-mccray-papers-1929-1989/","University of South Carolina. South Caroliniana Library","Copyright Not Evaluated.∩┐╜For further information please contact The University of South Carolina, South Caroliniana Library, Columbia, SC 29208.","Civil Rights Era (1955-1969)","Columbia, Richland County, South Carolina, United States","English","300ppi, 24-bit depth color, Epson Expression 11000 XL flatbed scanner with SilverFast scanning software, primary archival file is a TIFF","2017-01","Text","image/jpeg","Documents (object genre)","mccrayjh04-32-092","","Joshua Schutzenhofer","","2021-11-16","2021-11-16","http://cdm17173.contentdm.oclc.org/cdm/ref/collection/p17173coll38/id/6013",6013.0,"6623.jp2","/p17173coll38/image/6623.jp2","","LIABILITIES AND FUND PRINCIPALS    CURRENT FUND    Accounts Payable - Schedule 5    Payroll Taxes Accnued and Withheld  (Includes Penalties and Interest on  Past Due Taxes)    Student Deposits for 1961 School Year    Accrued Salaries    Accrued Interest  Funds Held for Others  Due to Plent Fund    Due to Endowment Fund    Hay 311 1961    $ 67,773.45    26,243.16    29,890.37    244.50    38,978.75    313.33    293.53    3,410.41  12,023.89    Long-Term Liabilities - Dcnds Payable (Note 1)104,000.00  Bond and Interest Retirement Sinking Fund    April 30, 1962  $34,299.60    -0-    ?    313.33    293.53    -0-    -0-    99,000.00 (Debit)    4,630.75 (Credit)",494,False,False,False,False,True,"[]","[]"
"Annual Report of the President, 1961-1962, Page 36","","McCray, John Henry, 1910-1987","","","Manuscripts; Accession 11294.","Allen University","","","An annual report of the President for 1961-1962.","1 item ; Page 36 of 36","John Henry McCray Papers, 1929-1989","https://digital.library.sc.edu/collections/john-henry-mccray-papers-1929-1989/","University of South Carolina. South Caroliniana Library","Copyright Not Evaluated.∩┐╜For further information please contact The University of South Carolina, South Caroliniana Library, Columbia, SC 29208.","Civil Rights Era (1955-1969)","Columbia, Richland County, South Carolina, United States","English","300ppi, 24-bit depth color, Epson Expression 11000 XL flatbed scanner with SilverFast scanning software, primary archival file is a TIFF","2017-01","Text","image/jpeg","Documents (object genre)","mccrayjh04-32-093","","Joshua Schutzenhofer","","2021-11-16","2021-11-16","http://cdm17173.contentdm.oclc.org/cdm/ref/collection/p17173coll38/id/6014",6014.0,"6624.jp2","/p17173coll38/image/6624.jp2","","ALLEN UNIVERSITY, COLUMBIA, $. C,    SUMMARY OF GENERAL FUND OPERATIONS    1961-62 BUDGET AND ELEVEN MONTH'S ACTUAL OPERATIONS    1962-63 PROPOSED BUDGET    ∩┐╝1961-62  1962-63    11 Months Proposed    INCOME Budget Operations* Budget    Educational and General    Student Fees    Gifts and Grants    Other    Total Educational and General    Auxiliary Activities    Total Income    DEDUCT, EXPENSES    Educational and General    $ 240,135.00 $ 250,279.00 $ 275,900.00    221,125.00 156,733.67 163,000.00    36,300.00 23,242.36 34,350.00    $ 497,560.00 $ 430,305.53 $ 473,250.00    204,330.00 232,905.74 242,175.00    $ 702,440.00 $ 663,211.27 $ 720,425.00    General and Administrative $ 37,353.00 $ 33,676.10 $ 55,150.00    General Expenses    Student Services 45,332.00 37,420.72 50,117.00    Staff Benefits 11,300.00 3,543.14 13,550.00    General Institutional Expenses 45,000.00 23,732.71 52,540.00    Instructional 232,235.00 143,393.93 250,345.36    Total Educational and General $ 371,270.00 $ 251,776.60 $ 422,202.36    Operation of Physical Plant 111,590.00 113,924.22 117,913.00    Auxiliary Activities 163,509.00 111,455.39 143,313.13    Academic Scholarships and Aid 26,400.00 26,765.36 20,300.00    Total Expenses $ 672,769.00 $ 503,922.07 $ 704,733.54    NET INCOME    $ . 29.671,00 $ 159,239.20*$ 15.691.46    *These are actual figures shown in the records not adjusted for prepaid or  deferred items. However, it is anticipated that income will substantially  exceed expenses for the year ending May 31, 1962 thus providing funds for  reduction in the Current Fund Deficit and debts.",1295,True,False,False,False,False,"['Special Char Artifacts']","['∩┐╝', '*$']"
"Allen University, Columbia, S. C., Year ended May 31, 1962, Page 1","","McCray, John Henry, 1910-1987","1962-05-30 00:00:00","","Manuscripts; Accession 11294.","Allen University","","","A document about the Allen University school year that ended on May 31, 1962.","1 item ; Page 1 of 33","John Henry McCray Papers, 1929-1989","https://digital.library.sc.edu/collections/john-henry-mccray-papers-1929-1989/","University of South Carolina. South Caroliniana Library","Copyright Not Evaluated.∩┐╜For further information please contact The University of South Carolina, South Caroliniana Library, Columbia, SC 29208.","Civil Rights Era (1955-1969)","Columbia, Richland County, South Carolina, United States","English","300ppi, 24-bit depth color, Epson Expression 11000 XL flatbed scanner with SilverFast scanning software, primary archival file is a TIFF","2017-01","Text","image/jpeg","Documents (object genre)","mccrayjh04-32-094","","Joshua Schutzenhofer","","2021-11-16","2021-11-16","http://cdm17173.contentdm.oclc.org/cdm/ref/collection/p17173coll38/id/6015",6015.0,"6625.jp2","/p17173coll38/image/6625.jp2","1962","ALLEN UNIVERSITY    COLUMBIA, So C,    YEAR ENDED MAY 31, 1962",47,False,False,False,False,True,"[]","[]"
"Allen University, Columbia, S. C., Year ended May 31, 1962, Page 2","","McCray, John Henry, 1910-1987","1962-05-30 00:00:00","","Manuscripts; Accession 11294.","Allen University","","","A document about the Allen University school year that ended on May 31, 1962.","1 item ; Page 2 of 33","John Henry McCray Papers, 1929-1989","https://digital.library.sc.edu/collections/john-henry-mccray-papers-1929-1989/","University of South Carolina. South Caroliniana Library","Copyright Not Evaluated.∩┐╜For further information please contact The University of South Carolina, South Caroliniana Library, Columbia, SC 29208.","Civil Rights Era (1955-1969)","Columbia, Richland County, South Carolina, United States","English","300ppi, 24-bit depth color, Epson Expression 11000 XL flatbed scanner with SilverFast scanning software, primary archival file is a TIFF","2017-01","Text","image/jpeg","Documents (object genre)","mccrayjh04-32-095","","Joshua Schutzenhofer","","2021-11-16","2021-11-16","http://cdm17173.contentdm.oclc.org/cdm/ref/collection/p17173coll38/id/6016",6016.0,"6626.jp2","/p17173coll38/image/6626.jp2","1962","ALLEN UNIVERSITY    COLUMBIA, So Co    YEAR ENDED MAY 31, 1962",47,False,False,False,False,True,"[]","[]"
"Allen University, Columbia, S. C., Year ended May 31, 1962, Page 3","","McCray, John Henry, 1910-1987","1962-05-30 00:00:00","","Manuscripts; Accession 11294.","Allen University","","","A document about the Allen University school year that ended on May 31, 1962.","1 item ; Page 3 of 33","John Henry McCray Papers, 1929-1989","https://digital.library.sc.edu/collections/john-henry-mccray-papers-1929-1989/","University of South Carolina. South Caroliniana Library","Copyright Not Evaluated.∩┐╜For further information please contact The University of South Carolina, South Caroliniana Library, Columbia, SC 29208.","Civil Rights Era (1955-1969)","Columbia, Richland County, South Carolina, United States","English","300ppi, 24-bit depth color, Epson Expression 11000 XL flatbed scanner with SilverFast scanning software, primary archival file is a TIFF","2017-01","Text","image/jpeg","Documents (object genre)","mccrayjh04-32-096","","Joshua Schutzenhofer","","2021-11-16","2021-11-16","http://cdm17173.contentdm.oclc.org/cdm/ref/collection/p17173coll38/id/6017",6017.0,"6627.jp2","/p17173coll38/image/6627.jp2","1962","ALLEN UNIVERSITY, COLUMBIA, S, C    INDEX TO THE REPORT    YEAR ENDED MAY 31, 1962    COMMENTS    EXHIBITS    A STATEMENT OF ASSETS, LIABILITIES AND FUND PRINCIPALS    AA CONDENSED COMPARATIVE STATEMENT OF ASSETS, LIABILITIES AND    FUND PRINCIPALS    B CURRENT FUND BUDGET AND ACTUAL INCOME, EXPENSES AND FUND    DEFICIT    C PLANT FUND PRINCIPAL AND ASSETS    D ENDOWMENT FUND PRINCIPAL AND INVESTMENTS    E STUDENT LOAN FUND PRINCIPAL    SCHEDULES    1    CURRENT FUND BUDGETED AND ACTUAL    INCOME    2    CURRENT FUND BUDGETED AND ACTUAL  EXPENSES    GENERAL ADMINISTRATIVE    3    CURRENT FUND BUDGETED AND ACTUAL    GENERAL EXPENSES    4    CURRENT FUND BUDGETED AND ACTUAL    INSTRUCTION EXPENSES    5    CURRENT FUND BUDGETED AND ACTUAL  PLANT EXPENSES    OPERATION OF PHYSICAL    6    CURRENT FUND BUDGETED AND ACTUAL  EXPENSES    AUXILIARY ACTIVITIES    7    CURRENT FUND BUDGETED AND ACTUAL  AND AID EXPENSES    ACADEMIC SCHOLARSHIPS    8    CERTAIN ACCOUNTS RECEIVABLE",740,False,False,False,False,True,"[]","[]"
"Allen University, Columbia, S. C., Year ended May 31, 1962, Page 4","","McCray, John Henry, 1910-1987","1962-05-30 00:00:00","","Manuscripts; Accession 11294.","Allen University","","","A document about the Allen University school year that ended on May 31, 1962.","1 item ; Page 4 of 33","John Henry McCray Papers, 1929-1989","https://digital.library.sc.edu/collections/john-henry-mccray-papers-1929-1989/","University of South Carolina. South Caroliniana Library","Copyright Not Evaluated.∩┐╜For further information please contact The University of South Carolina, South Caroliniana Library, Columbia, SC 29208.","Civil Rights Era (1955-1969)","Columbia, Richland County, South Carolina, United States","English","300ppi, 24-bit depth color, Epson Expression 11000 XL flatbed scanner with SilverFast scanning software, primary archival file is a TIFF","2017-01","Text","image/jpeg","Documents (object genre)","mccrayjh04-32-097","","Joshua Schutzenhofer","","2021-11-16","2021-11-16","http://cdm17173.contentdm.oclc.org/cdm/ref/collection/p17173coll38/id/6018",6018.0,"6628.jp2","/p17173coll38/image/6628.jp2","1962","N. E. DERRICK, C. P. A.    w. j. Stubbs, jr., C. p. a.    H. TALCOTT STITH, JR., C. P. A.    RALPH H. MOORE, JR., CΓÇ₧ P. A.    JOSEPH KEELS, JR., C. P. A.  OLIVER W. MCDADE, C. P. A.  Robert E. Rogers, C. p. a.  Ernest S. McGrew, C. p. a.    DERRICK, STUBBS & STITH    Certified Public Accountants    COLUMBIA. SOUTH CAROLINA    August 21, 1962    Telephone 252-6366  2835 Devine Street  post Office Box 363    The Board of Trustees,  Allen University,  Columbia, S. C.    Dear Sirs:    We have examined the accompanying financial statements of Allen  University as indexed for the year ended May 31, 1962. Our examination  was made in accordance with generally accepted auditing standards and  accordingly included such tests of the accounting records and such other  auditing procedures as we considered necessary in the circumstances  except that we did not make physical tests of inventory quantities or  independently confirm contributions. The latter procedure was not  considered practicable. Limitations to effective examination and re┬¼  porting were (1) the early plant fund records (which can only be over┬¼  come by a revaluation of all fixed assets - see Note 4 in Exhibit A)  and (2) the $ 11,017.40 questionable loans carried in the Endowment Fund  (see notes in Exhibit D); these items are presented in this report as  carried in the records.    There was substantial improvement in the processing of the schoolΓÇÖs  accounting records and we shall work with the administration in those  areas where further improvements are needed.    Exhibit A sets forth the assets and liabilities of the various funds  at May 31, 1962 while Exhibits B, C, D and E present details of changes  in the various funds for the year then ended. Schedules 1 through S  give supplemental details to the exhibits. Expenses and income have been    set forth by departments except that physical plant operating costs have  not been allocated in the accompanying schedules. To facilitate comparison",1601,True,False,False,False,False,"['Special Char Artifacts']","['ΓÇ₧', '┬¼', '┬¼', 'ΓÇÖ']"
"Allen University, Columbia, S. C., Year ended May 31, 1962, Page 5","","McCray, John Henry, 1910-1987","1962-05-30 00:00:00","","Manuscripts; Accession 11294.","Allen University","","","A document about the Allen University school year that ended on May 31, 1962.","1 item ; Page 5 of 33","John Henry McCray Papers, 1929-1989","https://digital.library.sc.edu/collections/john-henry-mccray-papers-1929-1989/","University of South Carolina. South Caroliniana Library","Copyright Not Evaluated.∩┐╜For further information please contact The University of South Carolina, South Caroliniana Library, Columbia, SC 29208.","Civil Rights Era (1955-1969)","Columbia, Richland County, South Carolina, United States","English","300ppi, 24-bit depth color, Epson Expression 11000 XL flatbed scanner with SilverFast scanning software, primary archival file is a TIFF","2017-01","Text","image/jpeg","Documents (object genre)","mccrayjh04-32-098","","Joshua Schutzenhofer","","2021-11-16","2021-11-16","http://cdm17173.contentdm.oclc.org/cdm/ref/collection/p17173coll38/id/6019",6019.0,"6629.jp2","/p17173coll38/image/6629.jp2","1962","Page 2  the current yearΓÇÖs and the proposed 1962-63 budget have been incorporated  in this report together with current year actual amounts.    SUMMARY    Exhibit AA is a condensed comparative statement of assets, lia┬¼  bilities and fund principals which summarizes the highly successful  financial results of the year in the face of loss of the probationary  accreditation by the Southern Association of Colleges and Secondary  Schools:    1. A $ 103,962.09 excess of current fund income over expenses which  was used to increase operating assets $ 13,533.32 and reduce debt    $ 90,373*77. This reduced the current fund deficit from $ 225,364.16  to $ 121,402.07 including the $ 99,000.00 long-term bonds.    2. A $ 150,695.26 increase in loan funds to $ 301,603.04.    3. A $ 3,933.01 net decrease in equity in plant fund assets as a  result of $ 6,266.99 additions by the current fund less the    $ 10,250.00 net equity in Higgins Hall destroyed by fire ($ 25,250.00  cost less $ 15,000.00 mortgage). See Note 4 in Exhibit A.    4. A $ 24,433.03 increase in the endowment fund to $ 264,377.60  excluding certain plant fund real property allowed as an endowment  asset included in the plant assets.    CURRENT FUND    Exhibit B summarizes the schoolΓÇÖs income and expenses resulting in  net income of $ 103,962.09 for the year ended May 31, 1962. Details are  shown in Schedules 1 thru 7.    Expenditures include $ 6,266.99 for new furniture and equipment.    In accord with generally accepted accounting principles for eleemosynary  organizations these additions have been charged to expense and no pro┬¼  vision for depreciation has been made. Expenditures also include a  $ 15,052.33 transfer to the student loan fund.",1402,True,True,False,False,False,"['Special Char Artifacts', 'General Artifacts']","['ΓÇÖ', '┬¼', 'ΓÇÖ', '┬¼', '90,373*77']"
"Allen University, Columbia, S. C., Year ended May 31, 1962, Page 6","","McCray, John Henry, 1910-1987","1962-05-30 00:00:00","","Manuscripts; Accession 11294.","Allen University","","","A document about the Allen University school year that ended on May 31, 1962.","1 item ; Page 6 of 33","John Henry McCray Papers, 1929-1989","https://digital.library.sc.edu/collections/john-henry-mccray-papers-1929-1989/","University of South Carolina. South Caroliniana Library","Copyright Not Evaluated.∩┐╜For further information please contact The University of South Carolina, South Caroliniana Library, Columbia, SC 29208.","Civil Rights Era (1955-1969)","Columbia, Richland County, South Carolina, United States","English","300ppi, 24-bit depth color, Epson Expression 11000 XL flatbed scanner with SilverFast scanning software, primary archival file is a TIFF","2017-01","Text","image/jpeg","Documents (object genre)","mccrayjh04-32-099","","Joshua Schutzenhofer","","2021-11-16","2021-11-16","http://cdm17173.contentdm.oclc.org/cdm/ref/collection/p17173coll38/id/6020",6020.0,"6630.jp2","/p17173coll38/image/6630.jp2","1962","Page 3    The following is a summary of transaction resulting from the fire    which partially destroyed Higgins Hall:    Insurance Proceeds Received For -    Building $ 17,021.32    Furniture and Equipment 1,000.00 $ 13,021.#2    Insurance Proceeds Used to    Retire Outstanding Mortgage $ 15,000.00    Pay Accrued Interest on Mortgage 337.50    Raze Building 629.12 16,516.62    Net Proceeds Reflected in Current Fund Income $ 1,505.20    The foregoing does not reflect estimated $ 1,000.00 material sal┬¼    vaged or repairs to damaged furniture and equipment. The building and  equipment was carried in the plant fund at an estimated $ 10,250.00  equity ($ 25,250.00 cost less a $ 15,000.00 mortgage).    A comparison of certain of the schoolΓÇÖs auxiliary activities fol┬¼    lows:    Income    Direct  Expenses    Bookstore    $ 11,099.35 $    11,431.64    Athletics    6,575.75    26,344.97(1)    Print Shop    3,076.57    3,571.69    Nurserie s    10,431.24    11,319.15(2)    Canteen    2,356.30(3)    2,147.54    (1) Does not include physical education but    does include athletic    scholarships. Salaries of personnel utilized as coaches and also  instructors in physical education department are charged 2/3 to  physical education and 1/3 to athletics.    (2) Includes $ 1,200.00 rent in endowment fund income.    (3) Operated by school only part of period.    The following is a comparison of the income and direct expenses of  the nursery operated at Allen University with the one operated in the    Greenview Section:",1203,True,True,False,False,False,"['Special Char Artifacts', 'General Artifacts']","['┬¼', 'ΓÇÖ', '┬¼', '13,021.#2']"
"Allen University, Columbia, S. C., Year ended May 31, 1962, Page 7","","McCray, John Henry, 1910-1987","1962-05-30 00:00:00","","Manuscripts; Accession 11294.","Allen University","","","A document about the Allen University school year that ended on May 31, 1962.","1 item ; Page 7 of 33","John Henry McCray Papers, 1929-1989","https://digital.library.sc.edu/collections/john-henry-mccray-papers-1929-1989/","University of South Carolina. South Caroliniana Library","Copyright Not Evaluated.∩┐╜For further information please contact The University of South Carolina, South Caroliniana Library, Columbia, SC 29208.","Civil Rights Era (1955-1969)","Columbia, Richland County, South Carolina, United States","English","300ppi, 24-bit depth color, Epson Expression 11000 XL flatbed scanner with SilverFast scanning software, primary archival file is a TIFF","2017-01","Text","image/jpeg","Documents (object genre)","mccrayjh04-32-100","","Joshua Schutzenhofer","","2021-11-16","2021-11-16","http://cdm17173.contentdm.oclc.org/cdm/ref/collection/p17173coll38/id/6021",6021.0,"6631.jp2","/p17173coll38/image/6631.jp2","1962","Page 4    Allen    University Greenview Total    Income $ 5,612.37 $ 4,^68.37 -t 10,481.24    Direct Expenses    Salaries $ 5,099.50 $ 3,157.00 $ 3,256.50    Telephone - 203.23 203.23    Supplies 93.33 170.61 264.44    Food 304.42 529.23 1,333.62    Rent 1,200.00* 1,200.00*    Other 33.63 27.65 61.31    $ 7,231.38 $ 4,087.77 $ 11,319.15    Excess of Direct Expenses Over    Income $( 1,618.51)*    Excess of Income Over Direct Expenses $ 78O.6O    Net Excess of Direct Expenses Over Income $( 837.91)    * Includes $ 1,200.00 rent in endowment fund income.    The following proration of salaries of personnel    teaching and also    serving in administrative or athletic departments has been made:    Dean of Women    Dean of Men    Director of Student Personnel    Alumni Secretary-    Print Shop Manager    Athletic Coaches    Amount Charged  To Instruction    The $ 99,000.00 bonds payable are carried in rhe    current fund sec┬¼    tion of Exhibit A since the proceeds of the bonds    were used for repairs    and renovation rather than new construction.    The $ 162,907.25 total    current fund liabilities in Exhibit A does not include the $ 18,862.33  plant fund mortgage.    The large reduction in the schools deficit puts the school in a more  favorable financial condition although the remaining deficit will make    operating the    school on a current basis quite difficult.    STUDENT LOAN FUND    An additional $ 135,469.00 was received from the government under  the National Defense Student Loan Program, $ 15,052.33 was transferred  from the current fund and $ 173.93 interest income was received, making  a total of $ 301,603.04 in this fund as of May 31, 1962. Loans of  $ 241,619.69 were outstanding at May 31, 1962. See.Exhibit E for other    comments.",1388,True,True,False,False,False,"['Special Char Artifacts', 'General Artifacts']","['┬¼', '4,^68.37']"
"Allen University, Columbia, S. C., Year ended May 31, 1962, Page 8","","McCray, John Henry, 1910-1987","1962-05-30 00:00:00","","Manuscripts; Accession 11294.","Allen University","","","A document about the Allen University school year that ended on May 31, 1962.","1 item ; Page 8 of 33","John Henry McCray Papers, 1929-1989","https://digital.library.sc.edu/collections/john-henry-mccray-papers-1929-1989/","University of South Carolina. South Caroliniana Library","Copyright Not Evaluated.∩┐╜For further information please contact The University of South Carolina, South Caroliniana Library, Columbia, SC 29208.","Civil Rights Era (1955-1969)","Columbia, Richland County, South Carolina, United States","English","300ppi, 24-bit depth color, Epson Expression 11000 XL flatbed scanner with SilverFast scanning software, primary archival file is a TIFF","2017-01","Text","image/jpeg","Documents (object genre)","mccrayjh04-32-101","","Joshua Schutzenhofer","","2021-11-16","2021-11-16","http://cdm17173.contentdm.oclc.org/cdm/ref/collection/p17173coll38/id/6022",6022.0,"6632.jp2","/p17173coll38/image/6632.jp2","1962","Page 5    PLANT FUND    Allen University is the outgrowth of a school founded by members  of the AME Church in 1670. It is located near the center of the City  of Columbia, and on its approximately 15 acre campus there are sixteen  buildings which house the full range of activities conducted by the  University. It also owns other properties over the state.    Exhibit C sets forth the changes in the plant fund principal and  gives details of the physical plant assets. New equipment costing  $ 6,266.99 was purchased with current funds and Higgins Hall was partially  destroyed by fire and subsequently razed (see previous comments) bringing  the net equity in physical properties down to $ 1,256,666.64. Total  plant assets are carried at $ 1,277,319.35 less $ 16,662.33 mortgages.    Early plant fund records are not available to verify the basis of  property acquired prior to 1946. In the absence of adequate plant values  we have not attempted to show a comparison of such values with insurance  coverage. See Note 5 in Exhibit A for details of insurance coverage.    ENDOWMENT FUND    Exhibit D presents details of the endowment fund portfolio and  changes in investments and the fund principal which increased $ 24,463.03  to $ 264,377.60. This total includes $ 132,500.00 contributed ($65,000.00  in 1956-7 and $ 67,500.00 in 1957-6) by the Ford Foundation with the  stipulation that the income therefrom be used for faculty salaries for  ten years, after which the principal is available for such use as the  board of trustees sees fit. The current yearΓÇÖs change resulted from  contributions, mutual fund stock distributions and gains on securities  sold. Proceeds from the securities sold were reinvested in Winchester  Graham, Inc. 6% debentures. Current funds totaling $ 1,766.36 have been  used by the endowment fund.",1503,True,False,False,False,False,"['Special Char Artifacts']","['ΓÇÖ']"
"Allen University, Columbia, S. C., Year ended May 31, 1962, Page 9","","McCray, John Henry, 1910-1987","1962-05-30 00:00:00","","Manuscripts; Accession 11294.","Allen University","","","A document about the Allen University school year that ended on May 31, 1962.","1 item ; Page 9 of 33","John Henry McCray Papers, 1929-1989","https://digital.library.sc.edu/collections/john-henry-mccray-papers-1929-1989/","University of South Carolina. South Caroliniana Library","Copyright Not Evaluated.∩┐╜For further information please contact The University of South Carolina, South Caroliniana Library, Columbia, SC 29208.","Civil Rights Era (1955-1969)","Columbia, Richland County, South Carolina, United States","English","300ppi, 24-bit depth color, Epson Expression 11000 XL flatbed scanner with SilverFast scanning software, primary archival file is a TIFF","2017-01","Text","image/jpeg","Documents (object genre)","mccrayjh04-32-102","","Joshua Schutzenhofer","","2021-11-16","2021-11-16","http://cdm17173.contentdm.oclc.org/cdm/ref/collection/p17173coll38/id/6023",6023.0,"6633.jp2","/p17173coll38/image/6633.jp2","1962","Page 6    Certain income producing property whose cost is carried in the  plant fund is also shown as endowment fund property for accrediting  purposes. Neither depreciation nor maintenance expense is charged  against the endowment fund income in Exhibit Do To properly set-up  these properties in the endowment fund records, the board should have  the entire plant appraised and designate the specific items as endowment  fund property and require complete separation of the related income and  expenses in the records.    OPINION LIMITATION    In our opinion, subject to any changes which may result from the  items not effectively examined as set forth in page one of these comments,  the accompanying financial statements present fairly Allen UniversityΓÇÖs  financial position as of May 31, 1962 and the results of its operations  for the year then ended in accordance with generally accepted accounting  principles applied on a basis consistent with that of the preceding year.    Very cordially yours,  DERRICK, STUBBS & STITH  Certified Public Accountants    By; ∩┐╝    H? Talcott Stith, Jr.s C.P.A.",909,True,False,False,False,False,"['Special Char Artifacts']","['ΓÇÖ', '∩┐╝']"
"Allen University, Columbia, S. C., Year ended May 31, 1962, Page 10","","McCray, John Henry, 1910-1987","1962-05-30 00:00:00","","Manuscripts; Accession 11294.","Allen University","","","A document about the Allen University school year that ended on May 31, 1962.","1 item ; Page 10 of 33","John Henry McCray Papers, 1929-1989","https://digital.library.sc.edu/collections/john-henry-mccray-papers-1929-1989/","University of South Carolina. South Caroliniana Library","Copyright Not Evaluated.∩┐╜For further information please contact The University of South Carolina, South Caroliniana Library, Columbia, SC 29208.","Civil Rights Era (1955-1969)","Columbia, Richland County, South Carolina, United States","English","300ppi, 24-bit depth color, Epson Expression 11000 XL flatbed scanner with SilverFast scanning software, primary archival file is a TIFF","2017-01","Text","image/jpeg","Documents (object genre)","mccrayjh04-32-103","","Joshua Schutzenhofer","","2021-11-16","2021-11-16","http://cdm17173.contentdm.oclc.org/cdm/ref/collection/p17173coll38/id/6024",6024.0,"6634.jp2","/p17173coll38/image/6634.jp2","1962","ALLEN UNIVERSITY, COLUMBIA, S. C,  STATEMENT OF ASSETS, LIABILITIES AND FUND PRINCIPALS    MAY 31, 1962    ASSETS    CURRENT FUND    Cash On Hand $    Petty Cash Fund    Demand Deposits    The South Carolina National Bank    Regular Account    (Overdraft) $( 1,510.17)    Payroll Account 6,375.85    Victory Savings Bank    FoundersΓÇÖ Day Drive 101.06    Special Fund 12,751.35    Savings Deposit - The C. & S. National    Bank - Activity Fund    Accounts Receivable    Students $ 5,072.6#    Advances to Employees-Sch. 8 1,782.68    Returned Checks-Sch. 8 1,880.95    Other Receivables-Sch. 8 1,498.75    $ 10,235.06    Less, Allowance for Doubtful    Accounts 3,500.00    Inventories (Note 2)    Books $ 3,625.00    Supplies 1,500.00    Dining Hall 500.00    Canteen 50.00    Print Shop 975.00    Unexpired Insurance    Prepaid Interest    Due from Endowment Fund    Bond and Interest Retirement Sinking Fund -    The South Carolina National Bank (Note 1)    1,2%.19    5.28    17,718.09    5.00    6,735.06    6,650.00    2,252.97    437.46    1,768.38    4,638.75 $    41,505.18    STUDENT LOAN FUND    Demand Deposit - The First National    Bank of South Carolina $ 59,9#3.35    National Defense Student Loans Receivable 241,619.69    301,603.04    PLANT FUND    Demand Deposit - The South Carolina National    Bank - Athletic Fund $ 117.51    Due From Current Fund 292.31    Physical Properties - Exhibit C    (Notes 3, 4 & 5) 1,277,319.35    ENDOWMENT FUND    Investments - Exhibit D (Note 6) $ 266,145.98    1,277,729.17    266,145.98    $ 1,^86,983.37    EXHIBIT A  Sheet I    LIABILITIES AND FUND PRINCIPALS    CURRENT FUND    Accounts Payable $ 27,522.63    Payroll Taxes Accrued and Withheld 602.55    Student Deposits for 1962 School Year 267.00    Accrued Salaries 34,637.86    Accrued Interest 226.88    Funds Held for Others 358.02    Bonds Due Within One Year (Note 1) 5,000.00    Due to Plant Fund 292.31    Total Current Liabilities $ 68,907.25    Long-Term Liabilities - Bonds Payable (Note 1) 94,000.00    Total Current Fund Liabilities $ 162,907.25    Current Fund Deficit - Exhibit B ( 121,402.07)    STUDENT LOAN FUND    National Defense Student Loan Fund  Principal - Exhibit E    PLANT FUND    First Mortgage on Richard Allen Apartm  (Payable $ 326.80 Monthly)    Plant Fund Principal - Exhibit C    ents    ENDOWMENT FUND    Due to Current Fund    Endowment Fund Principal - Exhibit D     $ 41,505.18    $ 301,603.04      3 01,603.04    $ 18,862.33    1,258.866.84     1,277,729.17    $ 1,768.38    264,377.60 266,145.98    $ 1,886.983.37",1935,True,True,False,False,False,"['Special Char Artifacts', 'General Artifacts']","['ΓÇÖ', '1,2%.19', '59,9#3.35', '1,^86,983.37']"
"Allen University, Columbia, S. C., Year ended May 31, 1962, Page 11","","McCray, John Henry, 1910-1987","1962-05-30 00:00:00","","Manuscripts; Accession 11294.","Allen University","","","A document about the Allen University school year that ended on May 31, 1962.","1 item ; Page 11 of 33","John Henry McCray Papers, 1929-1989","https://digital.library.sc.edu/collections/john-henry-mccray-papers-1929-1989/","University of South Carolina. South Caroliniana Library","Copyright Not Evaluated.∩┐╜For further information please contact The University of South Carolina, South Caroliniana Library, Columbia, SC 29208.","Civil Rights Era (1955-1969)","Columbia, Richland County, South Carolina, United States","English","300ppi, 24-bit depth color, Epson Expression 11000 XL flatbed scanner with SilverFast scanning software, primary archival file is a TIFF","2017-01","Text","image/jpeg","Documents (object genre)","mccrayjh04-32-104","","Joshua Schutzenhofer","","2021-11-16","2021-11-16","http://cdm17173.contentdm.oclc.org/cdm/ref/collection/p17173coll38/id/6025",6025.0,"6635.jp2","/p17173coll38/image/6635.jp2","1962","ALLEN UNIVERSITY, COLUMBIA, 5. C.    NOTES TO FINANCIAL STATEMENTS    MAY 31, 1962    EXHIBIT A    Sheet 2    1. Bonds are payable in annual installments on November 1st:    $ 5,000.00, 1962-65; $ 6,000.00, 1966-71; $ 7,000.00, 1972-76;  $ 8,000.00, 1977; Total $ 99,000.00. Secured by a mortgage on  Chappelle Administration Building and Coppin Hall Dormitory and  pledges of revenues from the dining hall and Coppin Hall. In  lieu of the requirements for the cushion and other funds by the  bond indenture, the bondholders have agreed to the deposit of  monthly amounts with the trustee as are necessary to meet the  interest and principal payments as they come due.    2. Inventories based on quantities and prices furnished by management  adjusted to estimated values.    3. Certain buildings pledged to secure bonds and mortgage notes -  see contra.    4. The values at which the various buildings and equipment items are  carried in the records are accumulations over a number of years  and cannot be effectively verified. Too, no adjustment has been  made for abandonments over the years. A complete inventory and  appraisal should be made and entered in the records after approval  by the Board of Trustees.    5. In addition to $ 1,353,150 fire and extended coverage insurance on  buildings and contents there is in force $ 100,000.00 boiler ex┬¼  plosion, $ 10,000./ $ 20,000./ $ 5,000. liability on the bus,  station wagon, i960 Ford truck and 1961 Ford car, and comprehensive  and collision based on actual cash value with deductible clauses of  $ 50.00 on the Buick Station Wagon, $ 100.00 deductible on the I960  Ford truck, $ 250.00 deductible on the bus and comprehensive and  collision on the 1961 Ford car. There is a $ 10,000.00 blanket  bond on all employees plus $ 40,000.00 additional on the president  and business manager, coupled with loss of money, etc. up to    $ 5,000.00 within the premises and $ 15,000.00 outside the premises.  There was also in force workmenΓÇÖs compensation coverage.    As required by the bond indenture, there is carried fire and extend┬¼  ed coverage insurance on $ 12,000.00 rents from Coppin Hall and  $ 35,000.00 income from the dining hall.    6. See Exhibit D for details of real estate carried in plant fund but  allowed as an endowmentfund asset.    7. The annexed comments are an integral part of this statement.",1920,True,False,False,False,False,"['Special Char Artifacts']","['┬¼', 'ΓÇÖ', '┬¼']"
"Allen University, Columbia, S. C., Year ended May 31, 1962, Page 12","","McCray, John Henry, 1910-1987","1962-05-30 00:00:00","","Manuscripts; Accession 11294.","Allen University","","","A document about the Allen University school year that ended on May 31, 1962.","1 item ; Page 12 of 33","John Henry McCray Papers, 1929-1989","https://digital.library.sc.edu/collections/john-henry-mccray-papers-1929-1989/","University of South Carolina. South Caroliniana Library","Copyright Not Evaluated.∩┐╜For further information please contact The University of South Carolina, South Caroliniana Library, Columbia, SC 29208.","Civil Rights Era (1955-1969)","Columbia, Richland County, South Carolina, United States","English","300ppi, 24-bit depth color, Epson Expression 11000 XL flatbed scanner with SilverFast scanning software, primary archival file is a TIFF","2017-01","Text","image/jpeg","Documents (object genre)","mccrayjh04-32-105","","Joshua Schutzenhofer","","2021-11-16","2021-11-16","http://cdm17173.contentdm.oclc.org/cdm/ref/collection/p17173coll38/id/6026",6026.0,"6636.jp2","/p17173coll38/image/6636.jp2","1962","EXHIBIT AA    ALLEN UNIVERSITY, COLUMBIA, S. C.    CONDENSED COMPARATIVE STATEMENT OF ASSETS, LIABILITIES AND FUND PRINCIPALS    MAY 31, 1961 AND MAY 31, 1962    CURRENT FUND    May 31, 1961 May 31, 1962    Assets    Cash on Hand and in Banks  Accounts Receivable - Net  Inventories    Prepaid Expenses    Due from Other Funds    Bond Sinking Fund    $    4,115.86  10,905.03    5,775.00    2,175.97    4.945.00    $    19,022.56    6,735.06    6,650.00    2,690.43    1,768.38    4,638.75    Total Assets    $    27.916.86    $    41.505.18    Liabilities        Accounts Payable    Payroll Taxes    Accrued Salaries    Bonds Due Within One Year    Due to Other Funds    Other Current Liabilities    $    67,773.45    26,243.16    33,978.75    5,000.00    15,434.30    851.36    $    27,522.63    602.55    34,637.86    5,000.00    292.31    851.90    Total Current Liabilities  Bonds Due After One Year    $    154,281.02    99,000.00    $    68,907.25    94.000.00    Total Current Fund        Liabilities    Current Fund Deficit    $    253,281.02    225,364.16    $    162,907.25    121,402.07    Total Liabilities Less Deficit $    27.916.86    $    41.505.18    STUDENT LOAN FUND        Cash in Bank  Loans Outstanding    $    335.70    150,572.08    $    59,983.35    241.619.69    Fund Principal    $    , _15O.9O7.78    $    301.603.04    PLANT FUND        Funds Not Invested  Invested in Plant    $    3,527.92    1,296.302.36    $    409.82    1,277.319.35    Total Assets    Deduct, Mortgages Payable    $    1,299,830.28    36,980.43    $    1,277,729.17    18,862.33    Equity in Plant    $    1,262,849.85    $    1,258,866,84    Increase  (Decrease)    $ 14,906.70    ( 4,169.97)    375.00    514.46    1,763.33    ( 3.06,25)    $ 13,588.32    $( 40,250.82)    ( 25,640.61)    ( 4,340.89)    ( 15,141.99)     .54    $( 85,373.77)    ( 5,000.00)    $( 90,373.77)    (103.962.09)    $ 13,588.32    $ 59,647.65    91,047.61    $ 150,695.26    $( 3,118.10)    ( 18,983.01)    $( 22,101.11)    ( 18,118.10)    $( 3.983,01)    ENDOWMENT FUND    Assets $    Less, Due (to) From Other Funds    Fund Principal $    227,870.68 $ 266,145.98 $ 33,275.30    ∩┐╝12.023.89 ( 1,768.38) ( 13,792.27)    239,894.57 $ ∩┐╝ 264,377.60 $ 24,483,03    The annexed comments are an integral part of this statement",1597,True,False,False,False,False,"['Special Char Artifacts']","['∩┐╝', '∩┐╝']"
"Allen University, Columbia, S. C., Year ended May 31, 1962, Page 13","","McCray, John Henry, 1910-1987","1962-05-30 00:00:00","","Manuscripts; Accession 11294.","Allen University","","","A document about the Allen University school year that ended on May 31, 1962.","1 item ; Page 13 of 33","John Henry McCray Papers, 1929-1989","https://digital.library.sc.edu/collections/john-henry-mccray-papers-1929-1989/","University of South Carolina. South Caroliniana Library","Copyright Not Evaluated.∩┐╜For further information please contact The University of South Carolina, South Caroliniana Library, Columbia, SC 29208.","Civil Rights Era (1955-1969)","Columbia, Richland County, South Carolina, United States","English","300ppi, 24-bit depth color, Epson Expression 11000 XL flatbed scanner with SilverFast scanning software, primary archival file is a TIFF","2017-01","Text","image/jpeg","Documents (object genre)","mccrayjh04-32-106","","Joshua Schutzenhofer","","2021-11-16","2021-11-16","http://cdm17173.contentdm.oclc.org/cdm/ref/collection/p17173coll38/id/6027",6027.0,"6637.jp2","/p17173coll38/image/6637.jp2","1962","EXHIBIT B  ALLEN UNIVERSITY, COLUMBIA, S. C.    CURRENT FUND BUDGETED AND ACTUAL INCOME, EXPENSES AND FUND DEFICIT    YEAR ENDED MAY 31, 1962    1962-63    ∩┐╝1961-62   Proposed    INCOME - Schedule 1 Budget Actual Budget    Educational and General    Student Fees $ 240,135.00 $ 251,674.01 $ 276,200.00    Gifts and Grants 221,125.00 133,561.32 173,200.00    Other 36,300.00 53,064.67 29,400.00    Total Educational and General $ 497,560.00 $ 433,300.00 $ 473,300.00    Auxiliary Activities 204,330.00 212,513.32 245,150.00    Total Income $ 702,440.00 $ 700,313.32 $ 723,950.00.    DEDUCT, EXPENSES    Educational and General    General Administration - Sch.2 $ 37,353.00 $ 33,367.33 $ 50,323.00    General Expenses - Schedule 3    Student Services 45,332.00 43,111.60 49,342.00    Staff Benefits 11,300.00 10,576.17 12,500.00    General Institutional Expenses 45,000.00 35,564.62 47,740.00    Instruction - Schedule 4 232,235.00 196,109.37 253,145.34    Total Educational and General $ 371,270.00 $ 323,729.59 $ 413,550.34    Operation of Physical Plant -    Schedule 5 $ 111,590.00 121,479.79 123,753.00    Auxiliary Activities - Sch. 6 163,509.00 124,^90.99 140,393.16    Academic Scholarships and Aid -    Schedule 7 26,400.00 26,755.36 13,000.00    Total Expenses $ 672,769.00 $ 596,356.23 $ 696,196.50    EXCESS OF BUDGETED INCOME OVER    BUDGETED EXPENSES $ 29,671,00 $ 27,753.50    EXCESS OF CURRENT FUND ACTUAL INCOME    OVER ACTUAL EXPENSES $ 103,962.09    CURRENT FUND PRINCIPAL (DEFICIT) MAY 31, 1961 (225,364.16)    CURRENT FUND PRINCIPAL (DEFICIT) MAY 31, 1962 -    To Exhibit A $(121,402.07)    The annexed comments are an integral part of this statement.",1347,True,True,False,False,False,"['Special Char Artifacts', 'General Artifacts']","['∩┐╝', '124,^90.99']"
"Allen University, Columbia, S. C., Year ended May 31, 1962, Page 14","","McCray, John Henry, 1910-1987","1962-05-30 00:00:00","","Manuscripts; Accession 11294.","Allen University","","","A document about the Allen University school year that ended on May 31, 1962.","1 item ; Page 14 of 33","John Henry McCray Papers, 1929-1989","https://digital.library.sc.edu/collections/john-henry-mccray-papers-1929-1989/","University of South Carolina. South Caroliniana Library","Copyright Not Evaluated.∩┐╜For further information please contact The University of South Carolina, South Caroliniana Library, Columbia, SC 29208.","Civil Rights Era (1955-1969)","Columbia, Richland County, South Carolina, United States","English","300ppi, 24-bit depth color, Epson Expression 11000 XL flatbed scanner with SilverFast scanning software, primary archival file is a TIFF","2017-01","Text","image/jpeg","Documents (object genre)","mccrayjh04-32-107","","Joshua Schutzenhofer","","2021-11-16","2021-11-16","http://cdm17173.contentdm.oclc.org/cdm/ref/collection/p17173coll38/id/6028",6028.0,"6638.jp2","/p17173coll38/image/6638.jp2","1962","EXHIBIT C    ALLEN UNIVERSITY, COLUMBIA, S. C,  PLANT FUND PRINCIPAL AND ASSETS    YEAR ENDED MAY 31, 1962    FUND PRINCIPAL MAY 31, 1961    $ 1,262,849.85    ADDITIONS DURING PERIOD - Below    Physical Property Additions from Current Funds -  PresidentΓÇÖs Office Equipment $ 75.09    Automobile 2,962.85    Library Equipment 1,794.47    General Equipment 1,434.58 6,266.99    DELETIONS    Equity in Higgins Hall Partially Destroyed  by Fire - Building Subsequently Razed ( 10,250.00)    FUND PRINCIPAL MAY 31, 1962 - To Exhibit A    PHYSICAL PROPERTIES (See Note 4 in Exhibit A)    $ 1,258,866.84    C    10,351.50    6.997.62    Charleston, S  $ 14,000.00  59.947.57    Reid Center    Lot    Building    Reid Dormitory    Higgins Hall - Land    and Building  U.S.O. Building    Less, Land Sold  Flipper Library and    Equipment    Library Annex  Mance Hall  Church - Bishopville, S. C.  Gymnasium and Equipment  Faith Hall    Richard Allen Apartments and    Equipment    Other Land and Buildings  Printing Equipment  Beauty Parlor Equipment  Organ    Tower Clock    Automobile and Bus    Athletic Field Equipment  Fence (Hurst - Alumni Field)  Reid Center Equipment (Part of  Church Building Lot in Eau Cla  Other Furniture and Equipment    Total - To Exhibit A    Balance    Additions    Balance     5/31/61     (Deletions)     5/31/62     $ 73,947.57    $ $    73,947.57    133,287.22        133,287.22    70,772.00    (25,000.00)    45,772.00    3,353.38        3,353.88    56,005.45    1,794.47    57,799.92    3,333.95        8,333.95    66,457.91        66,457.91    1,200.00        1,200.00    36,672.84        36,672.84    34,640.25        34,640.25    69,496.13        69,496.13    472,524.89        472,524.89    3,537.50        8,537.50    1,219.45        1,219.45    1,026.75        1,026.75    2,841.12        2,841.12    25,453.94    2,962.85    28,421.79    18,649.58        18,649.58    11,253.00        11,253.00    Cost) 2,350.00        2,350.00    .re 850.00        850.00    197,423.93)    1,509.67 (    198,683.60    )    ( 250.00.) (        $ 1.296,302.36    $(18.983.01)$ 1    .277.319.35    The annexed comments are an integral part of this statement",1545,True,False,False,False,False,"['Special Char Artifacts']","['ΓÇÖ']"
"Allen University, Columbia, S. C., Year ended May 31, 1962, Page 15","","McCray, John Henry, 1910-1987","1962-05-30 00:00:00","","Manuscripts; Accession 11294.","Allen University","","","A document about the Allen University school year that ended on May 31, 1962.","1 item ; Page 15 of 33","John Henry McCray Papers, 1929-1989","https://digital.library.sc.edu/collections/john-henry-mccray-papers-1929-1989/","University of South Carolina. South Caroliniana Library","Copyright Not Evaluated.∩┐╜For further information please contact The University of South Carolina, South Caroliniana Library, Columbia, SC 29208.","Civil Rights Era (1955-1969)","Columbia, Richland County, South Carolina, United States","English","300ppi, 24-bit depth color, Epson Expression 11000 XL flatbed scanner with SilverFast scanning software, primary archival file is a TIFF","2017-01","Text","image/jpeg","Documents (object genre)","mccrayjh04-32-108","","Joshua Schutzenhofer","","2021-11-16","2021-11-16","http://cdm17173.contentdm.oclc.org/cdm/ref/collection/p17173coll38/id/6029",6029.0,"6639.jp2","/p17173coll38/image/6639.jp2","1962","ALLEN UNIVERSITY, COLUMBIA, S, C.    ENDOWMENT FUND PRINCIPAL AND INVESTMENTS    YEAR ENDED MAY 31, 1962    EXHIBIT D    Sheet 1    FUND PRINCIPAL MAY 31, 1961    $    239,894.57    Add, Contributions            Cash    $ 10.00        Stock (20 shares Armour & Co. )    990.00        Mutual Fund Stock Distributions    6,355.86        Gains on Securities Sold - Sheet 2    16,627.17        FUND PRINCIPAL MAY 31, 1962 - To Exhibit A    $    264,377.60    INVESTMENTS HELD BY ENDOWMENT FUND    Gross Income        Book Value(5)    Received    Savings Accounts            Standard Building and Loan Association    $ 5,000.00 $    4.00    Security Federal Savings and Loan Association    9,429.67    7.83    Standard Building and Loan Association    7.84(1)    .30    Bonds            U. S. Treasury, Series E (2) N/0 C. F. Flipper 100.00(2)    Matured    U. S. Treasury, Series E    18.75    ΓÇö    The Claussen Bakeries, Inc. 6% Debentures    300.00    48.00    Winchester Graham, Inc. 6% Debentures    40,000.00    400.00    Common Stocks            4448 Shares Massachusetts Investors Trust    39,505.21    1,691.07    100 Shares The S. C. National Bank of        ΓÇó    Charleston    2,153.85    306.00    -0- Shares Southern Fire and Casualty Co.    *    12.24    -0- Shares The Value Line Income Fund, Inc.    *    169.26    -0- Shares The C. & S. National Bank of S. C.        65.25    500 Shares Sonoco Products Company    11,412.16    714.00    -0- Shares Incorporated Income Fund    *    29.83    250 Shares The Claussen Bakeries, Inc.    1,458.33    37.50    3556 Shares Wellington Fund, Inc.    51,989.54    3,484.83    200 Shares Ford Motor Company    11,193.61    63O.OO    646 Shares Fundamental Investors, Inc.    5,851.03    152.39    -0- Shares Consolidated Cement Corporation    *    5.40    200 Shares The First National Bank of S. C.    4,200.00    295.00    5429 Shares The George Putnam Fund of Boston    71,345.42    2,239.63    -0- Shares Sears, Roebuck and Co.    *    155.00    -0- Shares American Stores Company    jjc    59.81    9 Shares McCrory Corporation    663.12    ΓÇö    Other Endowment Receipts        30.70    Second Mortgages (Note 3)            Chappelle Memorial Station (4%)    4,000.00    ΓÇö    Reid Church, Greenview (3%)    7,017.40    ΓÇö    Total - To Exhibit A Forward to Sheet 2    $ 266,145.98 $    10,583.09    *Sold during current fiscal year",1674,True,False,False,False,False,"['Special Char Artifacts']","['ΓÇö', 'ΓÇó', 'ΓÇö', 'ΓÇö', 'ΓÇö']"
"Allen University, Columbia, S. C., Year ended May 31, 1962, Page 16","","McCray, John Henry, 1910-1987","1962-05-30 00:00:00","","Manuscripts; Accession 11294.","Allen University","","","A document about the Allen University school year that ended on May 31, 1962.","1 item ; Page 16 of 33","John Henry McCray Papers, 1929-1989","https://digital.library.sc.edu/collections/john-henry-mccray-papers-1929-1989/","University of South Carolina. South Caroliniana Library","Copyright Not Evaluated.∩┐╜For further information please contact The University of South Carolina, South Caroliniana Library, Columbia, SC 29208.","Civil Rights Era (1955-1969)","Columbia, Richland County, South Carolina, United States","English","300ppi, 24-bit depth color, Epson Expression 11000 XL flatbed scanner with SilverFast scanning software, primary archival file is a TIFF","2017-01","Text","image/jpeg","Documents (object genre)","mccrayjh04-32-109","","Joshua Schutzenhofer","","2021-11-16","2021-11-16","http://cdm17173.contentdm.oclc.org/cdm/ref/collection/p17173coll38/id/6030",6030.0,"6640.jp2","/p17173coll38/image/6640.jp2","1962","ALLEN UNIVERSITY, COLUMBIA, 8. C.    ENDOWMENT FUND PRINCIPAL AND INVESTMENTS    EXHIBIT D  Sheet 2    YEAR ENDED MAY 31, 1962    Total - Forwarded from Sheet 1    1953    102,728.00    3,805.00    LOSSES ON SECURITIES SOLD    $ 16,627.17    21,644.81    38,271.98    (Used as    73,947.57    43,300.00    2,418.33(4)    1,500.00    Book Value    266,145.98    Gross Income  Received  | 10,5^8.09    GAINS AND    Number    Net Gain - To Sheet 1    REAL ESTATE ALLOWED AS ENDOWMENT ASSETS    (Cost carried in Plant Fund)    Reid Center, Charleston, S. C. (Brick    Building used as Community Recreation    Center) - Cost    U.S.O. Building - Brick - Appraised Value    Mance Hall - Brick (Used as Dormitory,    TeachersΓÇÖ Residence and Nursery)- Appraised    Value 1953    Frame TeachersΓÇÖ Apartments    and TeachersΓÇÖ Residence) - Appraised Value  1953    Richard Allen Apartments - Cost    30,418.00    69,496.13    910.00    7.265.25    Total    Assets Allowed    $ 586,035.68        Total    Income - To Schedule 1    $    26.486.67    of    Shares    Description    Date    Net  Proceeds    Gain  (Loss)    of    Sale    Book Value    10    American Stores    Company    4 /18/62    $ 380.00    $ 821.31 $    441.31    200    The First National  Bank of S. C.    4 /    6/62    4,200.00    7,296.28    3,096.28    214    Sonoco Products    Company    4 /    6/62    4,884.34    7,272.64    2,388.30    146    The South Carolina  National Bank    4 /    6/62    3,146.15    7,077.84    3,931.69    153    Southern Fire and    Casualty Company    4 / 6/62    1,237.50    935.58 (    301.92    403    Value Line Income  Fund    4 /    6/62    2,664.57    2,208.44 (    456.13    29    Citizens & Southern    National Bank of    S. C.    4 4    6/62    887.50    2,753.76    1,866.26    100    Sears, Roebuck & Co.    4 /    6/62    2,678.25    8,220.23    5,541.98    56    Incorporated Income  Fund    4 /    6/62    462.50    542.64    80.14    4    General Portland  Cement Co.    4 /    6/62    114.00    99.29 (    14.71    20    Armour & Company    4 /    6/62    990.00    .Jj.Q41a.27     UJ7",1406,True,True,False,False,False,"['Special Char Artifacts', 'General Artifacts']","['ΓÇÖ', 'ΓÇÖ', 'ΓÇÖ', '10,5^8.09']"
"Allen University, Columbia, S. C., Year ended May 31, 1962, Page 17","","McCray, John Henry, 1910-1987","1962-05-30 00:00:00","","Manuscripts; Accession 11294.","Allen University","","","A document about the Allen University school year that ended on May 31, 1962.","1 item ; Page 17 of 33","John Henry McCray Papers, 1929-1989","https://digital.library.sc.edu/collections/john-henry-mccray-papers-1929-1989/","University of South Carolina. South Caroliniana Library","Copyright Not Evaluated.∩┐╜For further information please contact The University of South Carolina, South Caroliniana Library, Columbia, SC 29208.","Civil Rights Era (1955-1969)","Columbia, Richland County, South Carolina, United States","English","300ppi, 24-bit depth color, Epson Expression 11000 XL flatbed scanner with SilverFast scanning software, primary archival file is a TIFF","2017-01","Text","image/jpeg","Documents (object genre)","mccrayjh04-32-110","","Joshua Schutzenhofer","","2021-11-16","2021-11-16","http://cdm17173.contentdm.oclc.org/cdm/ref/collection/p17173coll38/id/6031",6031.0,"6641.jp2","/p17173coll38/image/6641.jp2","1962","ALLEN UNIVERSITY, COLUMBIA, S. C,  ENDOWMENT FUND PRINCIPAL AND INVESTMENTS    YEAR ENDED MAY 31, 1962    EXHIBIT D    Sheet 3    NOTES    1. Registered in the name of Allen University Foundation. This  should be corrected.    2. There is some question regarding the redemption of these bonds  since they are not transferable.    3. No documentary evidence or confirmation of these balances  available - probably uncollectible.    4. Rent reduced to $ 215.43 per month as of September 1961. There  remains a balance of $ 250.00 due for the year ended May 31,  I960 and $ 270.54 for the current year.    5. Original cost without reference to current market.    6. The annexed comments are an integral part of this statement.",573,False,False,False,False,True,"[]","[]"
"Allen University, Columbia, S. C., Year ended May 31, 1962, Page 18","","McCray, John Henry, 1910-1987","1962-05-30 00:00:00","","Manuscripts; Accession 11294.","Allen University","","","A document about the Allen University school year that ended on May 31, 1962.","1 item ; Page 18 of 33","John Henry McCray Papers, 1929-1989","https://digital.library.sc.edu/collections/john-henry-mccray-papers-1929-1989/","University of South Carolina. South Caroliniana Library","Copyright Not Evaluated.∩┐╜For further information please contact The University of South Carolina, South Caroliniana Library, Columbia, SC 29208.","Civil Rights Era (1955-1969)","Columbia, Richland County, South Carolina, United States","English","300ppi, 24-bit depth color, Epson Expression 11000 XL flatbed scanner with SilverFast scanning software, primary archival file is a TIFF","2017-01","Text","image/jpeg","Documents (object genre)","mccrayjh04-32-111","","Joshua Schutzenhofer","","2021-11-16","2021-11-16","http://cdm17173.contentdm.oclc.org/cdm/ref/collection/p17173coll38/id/6032",6032.0,"6642.jp2","/p17173coll38/image/6642.jp2","1962","ALLEN UNIVERSITY, COLUMBIA, S. C.    STUDENT LOAN FUND PRINCIPAL    YEAR ENDED MAY 31, 1962    EXHIBIT E    NATIONAL DEFENSE  MAY 31, 1961    STUDENT LOAN FUND PRINCIPAL    ADDITIONS DURING THE PERIOD    Allocations Received Under the National  Defense Student Loan Fund Program    Transfer from Current Fund for College  Share Under Requirements of Act    Interest Income    NATIONAL DEFENSE STUDENT LOAN FUND PRINCIPAL  May 31, 1962 - To Exhibit A    $ 150,907.7^    $ 135,469.00    15,052.33    ΓûáA73-.93    150,695.26    $ 301.603,04    NOTES:    1. $ 555.56 excess of requirements was transferred by the school to  this fund in the previous fiscal year and is available as an off┬¼  set against any future contributions by the government.    2. As this fund continually increases each year more work will be re┬¼  quired to maintain the necessary records and data. A number of the  outstanding loans are now due and each year the number gets larger.  Diligent follow-ups on these loans is imperative to keep all loans  current in accord with applicable repayment regulations. Also, the  errors noted in the actual loan accounts should be corrected  immediately.    3. The annexed comments are an integral part of this statement.",976,True,False,False,False,False,"['Special Char Artifacts']","['Γûá', '┬¼', '┬¼']"
"Allen University, Columbia, S. C., Year ended May 31, 1962, Page 19","","McCray, John Henry, 1910-1987","1962-05-30 00:00:00","","Manuscripts; Accession 11294.","Allen University","","","A document about the Allen University school year that ended on May 31, 1962.","1 item ; Page 19 of 33","John Henry McCray Papers, 1929-1989","https://digital.library.sc.edu/collections/john-henry-mccray-papers-1929-1989/","University of South Carolina. South Caroliniana Library","Copyright Not Evaluated.∩┐╜For further information please contact The University of South Carolina, South Caroliniana Library, Columbia, SC 29208.","Civil Rights Era (1955-1969)","Columbia, Richland County, South Carolina, United States","English","300ppi, 24-bit depth color, Epson Expression 11000 XL flatbed scanner with SilverFast scanning software, primary archival file is a TIFF","2017-01","Text","image/jpeg","Documents (object genre)","mccrayjh04-32-112","","Joshua Schutzenhofer","","2021-11-16","2021-11-16","http://cdm17173.contentdm.oclc.org/cdm/ref/collection/p17173coll38/id/6033",6033.0,"6643.jp2","/p17173coll38/image/6643.jp2","1962","SCHEDULE 1    Sheet 1    ALLEN UNIVERSITY, COLUMBIA, So C.    CURRENT FUND BUDGETED AND ACTUAL INCOME    YEAR ENDED MAY 31, 1962    EDUCATIONAL AND GENERAL INCOME    1962-63    ∩┐╝ 1961-62  Proposed    Student Fees Budget Actual Budget    3001 Tuition and Basic Fees Charged    all Students    $ 211,120.00 $ 226,165.01 $ 260,000.00    3002 Matriculation    1,800.00 1,055.00 1,200.00    3003 Late Registration    1,200.00 1,741.00 1,500.00    3004 Music    2,400.00 2,166.75 2,400.00    3005 Science Laboratory    7,000.00 6,248.50    3006 Business Education Laboratory 1,315-00 1,043-00 1,500.00    3OO7 Practice Teaching    3,700.00 3,055-00 3,100.00    3008 Graduation    3,300.00 2,680.00 3,000.00    3009 Art    700.00 519-00 700.00    3010 Education    1,100.00 654.00    3011 Physical Education    3,500.00 3,576.75    3012 Extra Hours    3,000.00 2,770.00 2,800.00    Total Student Fees - To        Exhibit B    $ 240,135.00 $ 251,674-01 $ 276,200.00    Gifts and Grants        3030 General Board of Education        Regular    $ 116,000.00 $ 114,787.51 $ 113,000.00    3031 General Board of Education    ΓÇö    Seminary    3,600.00 3,350.01 3,700.00    3033 FoundersΓÇÖ Day Collections    * 15,300.46 10,000.00    3034 Homecoming Drive    * 204.00    3035 TrusteesΓÇÖ Dues and Contributions 500.00 555.00 500.00    3036 Foundation Gifts    1,025.00 118.20 1,000.00    Paint Project Gifts    668.70    3049 Other Gifts (*0ne Drive)    100.000.00 48.077.44 45.000.00    Total Gifts and Grants -        To Exhibit B    $ 221,125.00 $ 183,561.32 $ 173,200.00    Other Income        3050 Income from Endowment        Fund Assets    $ 27,700.00 $ 26,486.67 $ 20,000.00    ΓÇó 3070 Recoveries on Accounts        Charged Off    1,000.00 1,099.73 2,000.00    3071 Library Fines    100.00 22.13 50.00    3072 Transcript Fees    500.00 670.11 600.00",1384,True,False,False,False,False,"['Special Char Artifacts']","['∩┐╝', 'ΓÇö', 'ΓÇÖ', 'ΓÇÖ', 'ΓÇó']"
"Allen University, Columbia, S. C., Year ended May 31, 1962, Page 20","","McCray, John Henry, 1910-1987","1962-05-30 00:00:00","","Manuscripts; Accession 11294.","Allen University","","","A document about the Allen University school year that ended on May 31, 1962.","1 item ; Page 20 of 33","John Henry McCray Papers, 1929-1989","https://digital.library.sc.edu/collections/john-henry-mccray-papers-1929-1989/","University of South Carolina. South Caroliniana Library","Copyright Not Evaluated.∩┐╜For further information please contact The University of South Carolina, South Caroliniana Library, Columbia, SC 29208.","Civil Rights Era (1955-1969)","Columbia, Richland County, South Carolina, United States","English","300ppi, 24-bit depth color, Epson Expression 11000 XL flatbed scanner with SilverFast scanning software, primary archival file is a TIFF","2017-01","Text","image/jpeg","Documents (object genre)","mccrayjh04-32-113","","Joshua Schutzenhofer","","2021-11-16","2021-11-16","http://cdm17173.contentdm.oclc.org/cdm/ref/collection/p17173coll38/id/6034",6034.0,"6644.jp2","/p17173coll38/image/6644.jp2","1962","SCHEDULE 1    Sheet 2    ALLEN UNIVERSITY, COLUMBIA, S. C.    CURRENT FUND BUDGETED AND ACTUAL INCOME    YEAR ENDED MAY 31, 1962    EDUCATIONAL AND GENERAL INCOME (CONTINUED)    AUXILIARY ACTIVITIES INCOME        -62    1962-63    Proposed    Budget     1961    Other Income (Continued): Budget    Actual    3073 Handling Charges For Veterans    Administration $ 500.00    $ 263.00    $ 250.00    3079 Insurance Proceeds from Higgins  Hall Fire    3079 Other Income (Business Department  Exchange Fee) 6,500.00    Total Other Income - To  Exhibit B $ 36,300.00    13,021.32    6,501.16    $ 53,064.67    6,500.00    $ 29,400.00    Total Educational and    General $ 497,560,00    $ 433,300.00    $ 473.300.00    3030 Dining Hall - Students $ 102,000.00 $    3031 Dining Hall - Others 3,000.00    Total Dining Hall $ 105,000.00 3    3090 Room Rentals - Students $ 30,400.00 3    3100 Room Rentals - Faculty 2,300.00    3110 Room Rentals - Other 1,000.00    3120 Other Rentals 1,225.00    3130 Other Charges to Dormitory    Students 13,500.00    Total Room Rental $ 43,925.00 3    3140 Bookstore - Sales $ 11,300.00    3150 Athletics Income 7,000.00    3160 Print Shop Sales 4,000.00    3161 Print Shop - Interdepartmental    Charges 3,500.00    3170 Summer School - Net 12,500.00    3130 Choir    3190 Nurseries 6,000.00    3200 Canteen Sales and Rental 500.00    3220 Vending Machine Commissions 300.00    3299 Other 355.00    ! 105,000.50 4    3.582.25    &gt; 103,532.75    5 29,136.50 4    1,373.75    706.00    1,155.00    15,629.26    5 48.500.51 n    5 11,099.35    6,575.75    3,155.03    4,921.46    12,624.39    2,403.94    10,431.24    2,356.30    1,172.52    639.53    5 113,125.00  3,300.00    5 121,425.00    ? 40,500.00  3,000.00  700.00  1,225.00    15,000.00    |5 60,425.00    12,000.00  3,000.00  3,000.00    5,000.00    13,000.00  2,000.00  10,000.00  3,500.00  1,000.00  300.00    Total Other Auxiliary    Activities $ 50,955.00    Total Auxiliary Activities -    To Exhibit B $ 204,330.00    l&gt; 55.435.06 i    212.513,32 J    h 63,300.00    245.150.00    The annexed comments are an integral part of this statement",1584,False,False,False,False,True,"[]","[]"
"Allen University, Columbia, S. C., Year ended May 31, 1962, Page 21","","McCray, John Henry, 1910-1987","1962-05-30 00:00:00","","Manuscripts; Accession 11294.","Allen University","","","A document about the Allen University school year that ended on May 31, 1962.","1 item ; Page 21 of 33","John Henry McCray Papers, 1929-1989","https://digital.library.sc.edu/collections/john-henry-mccray-papers-1929-1989/","University of South Carolina. South Caroliniana Library","Copyright Not Evaluated.∩┐╜For further information please contact The University of South Carolina, South Caroliniana Library, Columbia, SC 29208.","Civil Rights Era (1955-1969)","Columbia, Richland County, South Carolina, United States","English","300ppi, 24-bit depth color, Epson Expression 11000 XL flatbed scanner with SilverFast scanning software, primary archival file is a TIFF","2017-01","Text","image/jpeg","Documents (object genre)","mccrayjh04-32-114","","Joshua Schutzenhofer","","2021-11-16","2021-11-16","http://cdm17173.contentdm.oclc.org/cdm/ref/collection/p17173coll38/id/6035",6035.0,"6645.jp2","/p17173coll38/image/6645.jp2","1962","SCHEDULE 2    ALLEN UNIVERSITY, COLUMBIA, So C.    CURRENT FUND BUDGETED AND ACTUAL GENERAL ADMINISTRATIVE EX PENS ES    YEAR ENDED MAY 31, 1962    Board of Trustees Expenses    1961-62    1962-63  Proposed  Budget    Budget    Actual    4001 Board of Trustees - Travel    $ 1,600.00    $ 1,583.03    $ 1,650.00    4002 SecretaryΓÇÖs Salary    1.425.00    1.500.00    1.500.00    Total Board of Trustees    $ 3,025.00    $ 3,033.03    $ 3,150.00    PresidentΓÇÖs Office                4010 Salaries    $ 13,136.00    $ 14,920o7S    $ 18,500.00    4011 Student Aid    900.00    450.00    300.00    4012 Telephone    505.00    415.75    400.00    4013 Office Supplies    400.00    52S.35    600.00    4014 Travel    500.00    654.17    700.00    4015 Equipment Repairs and Replacements 300.00    29.91    500.00    4016 Equipment Additions    600.00    268.42    500.00    4019 Other Expenses    550.00     1^.77    500.00    Total PresidentΓÇÖs Office    $ 16,891.00    $ 17,423.15    $ 22,000.00    Executive Vice-PresidentΓÇÖs Office                4030 Salary    $ 1,150.00    $ 1,145.32    $ 4,773.00    4033 Office Supplies    ΓÇö    ΓÇö&gt;    200.00    4045 Equipment, Repairs and                Replacements    ΓÇö        300.00    Total Executive Vice-                PresidentΓÇÖs Office    $ 1,150.00    $ 1,145.32    $ 5,273.00    Business Office    4040    4041    4042    4043    4044    4045    4049    Salaries (Includes TreasurerΓÇÖs) $ 13,917.00    Student Aid 300.00    Telephone 250.00    Office Supplies 1,000.00    Travel 100.00    Equipment Repairs and Replacements 520.00    Other Expenses 200.00    $    14,042.92    300.00    245.66    1,442.94    41.68    591.62    50.51    $    16,250.00    300.00    250.00    2,000.00    100.00    1,300.00    200.00        Total Business Office    $    16,287.00    $    16,715.33    $    20,400.00        Total General Administra┬¼  tion - To Exhibit B    $    37.353.00    $    38.367,33    $    50.823.00    The annexed comments are an integral part of this statement",1374,True,True,False,False,False,"['Special Char Artifacts', 'General Artifacts']","['ΓÇÖ', 'ΓÇÖ', 'ΓÇÖ', 'ΓÇÖ', 'ΓÇö', 'ΓÇö&', 'ΓÇö', 'ΓÇÖ', 'ΓÇÖ', '┬¼', '1^.77', 'ΓÇö&gt']"
"Allen University, Columbia, S. C., Year ended May 31, 1962, Page 22","","McCray, John Henry, 1910-1987","1962-05-30 00:00:00","","Manuscripts; Accession 11294.","Allen University","","","A document about the Allen University school year that ended on May 31, 1962.","1 item ; Page 22 of 33","John Henry McCray Papers, 1929-1989","https://digital.library.sc.edu/collections/john-henry-mccray-papers-1929-1989/","University of South Carolina. South Caroliniana Library","Copyright Not Evaluated.∩┐╜For further information please contact The University of South Carolina, South Caroliniana Library, Columbia, SC 29208.","Civil Rights Era (1955-1969)","Columbia, Richland County, South Carolina, United States","English","300ppi, 24-bit depth color, Epson Expression 11000 XL flatbed scanner with SilverFast scanning software, primary archival file is a TIFF","2017-01","Text","image/jpeg","Documents (object genre)","mccrayjh04-32-115","","Joshua Schutzenhofer","","2021-11-16","2021-11-16","http://cdm17173.contentdm.oclc.org/cdm/ref/collection/p17173coll38/id/6036",6036.0,"6646.jp2","/p17173coll38/image/6646.jp2","1962","SCHEDULE 3    Sheet 1    ALLEN UNIVERSITY, COLUMBIA, S, C.    CURRENT FUND BUDGETED AND ACTUAL GENERAL EXPENSES    YEAR ENDED MAY 31, 1962    1961-63     1961-62  Proposed    Director of Student Personnel's Office    STUDENT SERVICES    Budget    Actual    Budget    Registrar's Office                4100 Salaries    $ 5,700.00    $ 5,679.15    $ 5,900.00    4101 Student Aid    ΓÇö    ΓÇö    200.00    4103 Office Supplies    1,000.00    1,551.94    1,600.00    4104 Travel    ΓÇö    34.67    100.00    4105 Equipment Repairs    and Replacements 150.00    64.51    150.00    4106 Equipment Additions 100.00    ΓÇö    150.00    4109 Other Expenses    50.00    3.00    150.00    Total Registrar    's Office $ 7,000.00    $ 7,3^3.27    $ 3,250.00    Dean of Women's Office                4110 Salaries    $ 1,420.00    $ 1,917.56    $ 1,420.00    4111 Student Aid    1,200.00    1,250.00    600.00    4112 Telephone    100.00    6.39    25.00    4113 Office Supplies    100.00    169.11    200.00    4114 Travel    50.00    43.71    100.00    4115 Equipment Repairs    and Replacements 10.00        50.00    4119 Other Expenses    25.00    3.15    25.00    Total Dean of Women's Office $ 2,905.00    $ 3,390.42    $ 2,420.00    Dean of Men's Office                4120 Salaries    $ 1,500.00    $ 1,500.00    $ 1,500.00    4121 Student Aid    SOO.00    730.00    300.00    4122 Telephone    100.00    4.33    25.00    4123 Office Supplies    25.00    5.39    50.00    4124 Travel    50.00    2.20    50.00    4125 Equipment Repairs    and Replacements 10.00    ΓÇö    75.00    4129 Other Expenses    25.00    12.50    25.00    Total Dean of Men's Office $ 2,510.00    $ 2,304.42    $ 2,025.00    4130    Salary    $ 1,333.00 $    1,466.34 $    1,333.00    4131    Student Aid    ΓÇö    ΓÇö    200.00    4132    Telephone    ΓÇö    ΓÇö    25.00    4133    Office Supplies    100.00    33.33    200.00    4134    Travel    ΓÇö    ΓÇö    100.00    4135    Equipment Repairs and Replacements    ΓÇö    50.00    4139    Other Expenses    25.00    12.00    50.00        Total Director of Student                    Personnel's Office    $ 1,453.00 $    1,562.17 $    1,953.00",1410,True,True,False,False,False,"['Special Char Artifacts', 'General Artifacts']","['ΓÇö', 'ΓÇö', 'ΓÇö', 'ΓÇö', 'ΓÇö', 'ΓÇö', 'ΓÇö', 'ΓÇö', 'ΓÇö', 'ΓÇö', 'ΓÇö', 'ΓÇö', '7,3^3.27']"
"Allen University, Columbia, S. C., Year ended May 31, 1962, Page 23","","McCray, John Henry, 1910-1987","1962-05-30 00:00:00","","Manuscripts; Accession 11294.","Allen University","","","A document about the Allen University school year that ended on May 31, 1962.","1 item ; Page 23 of 33","John Henry McCray Papers, 1929-1989","https://digital.library.sc.edu/collections/john-henry-mccray-papers-1929-1989/","University of South Carolina. South Caroliniana Library","Copyright Not Evaluated.∩┐╜For further information please contact The University of South Carolina, South Caroliniana Library, Columbia, SC 29208.","Civil Rights Era (1955-1969)","Columbia, Richland County, South Carolina, United States","English","300ppi, 24-bit depth color, Epson Expression 11000 XL flatbed scanner with SilverFast scanning software, primary archival file is a TIFF","2017-01","Text","image/jpeg","Documents (object genre)","mccrayjh04-32-116","","Joshua Schutzenhofer","","2021-11-16","2021-11-16","http://cdm17173.contentdm.oclc.org/cdm/ref/collection/p17173coll38/id/6037",6037.0,"6647.jp2","/p17173coll38/image/6647.jp2","1962","SCHEDULE 3    Sheet 2    ALLEN UNIVERSITY, COLUMBIA, S. C,    CURRENT FUND BUDGETED AND ACTUAL GENERAL EXPENSES    YEAR ENDED MAY 31, 1962    1962-63    1961-62 Proposed    STUDENT SERVICES (CONTINUED) Budget Actual Budget    Other Student Services    GENERAL INSTITUTIONAL EXPENSES    4170    MatronΓÇÖs Salaries    $ 11,484.00 $    8,954.25 $    12,329.    00    4175    Physician    1,860.00    1,912.00    1,860.    00    4176    Medical    3,215.00    1,931.09    2,500.    00    4180    Student Insurance    8,400.00    8,165.50    8,400.    00    4185    FounderΓÇÖs Day    300.00    595.03    500.    00    4186    Student Annual    4,500.00    5,252.56    6,000.    00    4187    Lyceum, Religious Week, etc.    500.00    624.63    1,000.    00    4188    Allen Journal    400.00    150.70    400.    00    4189    Student Identification Cards    600.00    596.73    700.    00    4190    Religious Act. and Emphasis Week    ΓÇö    500.    00    4191    Student Council    ΓÇö    ΓÇö    250.    00    4195    Other Student Activities    200.00    288.83    250.    00        Total Other Student Services    $ 31,459.00 $    28,471.32 $    34,689.    00        Total Student Services -                        To Exhibit B    $ 45.332.00 $    43.111.60 $    49.342,    00    STAFF    BENEFITS                    4196    Social Security Taxes    $ 10,000.00 $    9,006.54 $    11,000.    00    4197    Group Life Insurance    600.00    796.75    700.    00    4198    Group Hospitalization Insurance 700.00    772.88    800.    00        Total Staff Benefits -                        To Exhibit B    $ 11.300,00 $    10,576.17 $    12,500,        Alumni    Secretary and Public Relations    Office    4200    Salary    $ 1,233.00 $ 1,284.75 $ 4,200.00    4201    4202    4203    4204    4205    4207    4208    4209    Student Aid 300.00 300.00 300.00  Telephone - - 10.00  Office Supplies 150.00 100.70 150.00  Travel 100.00 57.96 100.00    Equipment Repairs and Replacements - - 50.00  Printing and Engraving 475.00 65.61 300.00  Postage - Public Relations 150.00 11.82 100.00  Other Expenses 100.00 29.76 100.00    Total Alumni Secretary and    Public Relations Office $ 2,508.00 $ 1,850.60 $ 5,310.00",1462,True,False,False,False,False,"['Special Char Artifacts']","['ΓÇÖ', 'ΓÇÖ', 'ΓÇö', 'ΓÇö', 'ΓÇö']"
"Allen University, Columbia, S. C., Year ended May 31, 1962, Page 24","","McCray, John Henry, 1910-1987","1962-05-30 00:00:00","","Manuscripts; Accession 11294.","Allen University","","","A document about the Allen University school year that ended on May 31, 1962.","1 item ; Page 24 of 33","John Henry McCray Papers, 1929-1989","https://digital.library.sc.edu/collections/john-henry-mccray-papers-1929-1989/","University of South Carolina. South Caroliniana Library","Copyright Not Evaluated.∩┐╜For further information please contact The University of South Carolina, South Caroliniana Library, Columbia, SC 29208.","Civil Rights Era (1955-1969)","Columbia, Richland County, South Carolina, United States","English","300ppi, 24-bit depth color, Epson Expression 11000 XL flatbed scanner with SilverFast scanning software, primary archival file is a TIFF","2017-01","Text","image/jpeg","Documents (object genre)","mccrayjh04-32-117","","Joshua Schutzenhofer","","2021-11-16","2021-11-16","http://cdm17173.contentdm.oclc.org/cdm/ref/collection/p17173coll38/id/6038",6038.0,"6648.jp2","/p17173coll38/image/6648.jp2","1962","SCHEDULE 3  Sheet 3~    ALLEN UNIVERSITY, COLUMBIA, S, C.    CURRENT FUND BUDGETED AND ACTUAL GENERAL EXPENSES    YEAR ENDED MAY 31, 1962    1962-63    ∩┐╝1961-62  Proposed    Budget Actual Budget    GENERAL INSTITUTIONAL EXPENSES (CONTINUE!))      Other General Institutional Expenses    4210    Alumni Bulletin ?    700.00 $    ΓÇö    $    400.00    4211    Catalogue    2,500.00            2,500.00    4212    Career Day and Recruiting    250.00    140.56        200.00    4213    Public Relations    750.00    273.2S        400.00    4214    Entertainment    1,350.00    567.90        1,000.00    4215    Commencement    1,SOO.00    1,934.96        1,500.00    4216    Youth Congress    3,000.00    1,199.S2        2,000.00    4220    Motor Vehicles - Gas and Oil    1,300.00    S09.S9        1,000.00    4221    Motor Vehicles - Repairs and                        Upkeep    2,000.00    1,9S2.1S        2,000.00    4222    Motor Vehicles - Purchase    ΓÇö    2,962.S5        2,000.00    4225    General Travel Expense    500.00    6S5.92        1,000.00    4230    Dues and Subscriptions    S25.OO    477.00        SOO.00    4231    Telephone (Not Charged to                        Departments)    3,500.00    3,349.33        3,500.00    4232    Switchboard Salaries    1,467.00    1,355.7S        1,500.00    4233    Postage    2,000.00    1,233.67        1,300.00    4234    Professional Fees    3,SOO.00    2,253.50        3,300.00    4235    Interest    s,000.00    6,994.17        10,000.00    4236    Bank Charges    50.00    25.61        30.00    4237    Director of Stenographic Pool    ΓÇö    ΓÇö        2,400.00    423s    Student Aid - Switchboard    1,200.00    700.00        600.00    4245    Provision For Doubtful Accounts    6,000.00    5,346.30        4,000.00    4249    Other General Expenses    1,500.00    1,421.30        1,000.00        Total Other General Institu-                        tional Expenses $ 42,492.00 $    33.714.02    $    42,430.00        Total General Institution-                        al Expenses -                        To Exhibit B $ 45,000.00 $    35.564.62    $    47,740,00    The annexed comments are an integral part of this statement",1370,True,False,False,False,False,"['Special Char Artifacts']","['∩┐╝', 'ΓÇö', 'ΓÇö', 'ΓÇö', 'ΓÇö']"
"Allen University, Columbia, S. C., Year ended May 31, 1962, Page 25","","McCray, John Henry, 1910-1987","1962-05-30 00:00:00","","Manuscripts; Accession 11294.","Allen University","","","A document about the Allen University school year that ended on May 31, 1962.","1 item ; Page 25 of 33","John Henry McCray Papers, 1929-1989","https://digital.library.sc.edu/collections/john-henry-mccray-papers-1929-1989/","University of South Carolina. South Caroliniana Library","Copyright Not Evaluated.∩┐╜For further information please contact The University of South Carolina, South Caroliniana Library, Columbia, SC 29208.","Civil Rights Era (1955-1969)","Columbia, Richland County, South Carolina, United States","English","300ppi, 24-bit depth color, Epson Expression 11000 XL flatbed scanner with SilverFast scanning software, primary archival file is a TIFF","2017-01","Text","image/jpeg","Documents (object genre)","mccrayjh04-32-118","","Joshua Schutzenhofer","","2021-11-16","2021-11-16","http://cdm17173.contentdm.oclc.org/cdm/ref/collection/p17173coll38/id/6039",6039.0,"6649.jp2","/p17173coll38/image/6649.jp2","1962","ALLEN UNIVERSITY, COLUMBIA, S. C,    SCHEDULE 4    Sheet 1    CURRENT FUND BUDGETED AND ACTUAL INSTRUCTION EXPENSES    YEAR ENDED MAY 31, 1962    Science Department    Dean of Instruction Office    1961-62    1962-63  Proposed  Budget    Budget    Actual    4250 Salaries $    5,100.00    $ 5,003.50    $ 4,773.00    4251 Student Aid    450.00    225.00    200.00    4253 Office Supplies    75.00    261.S2    300.00    4254 Travel    100.00    S4.67    100.00    4255 Equipment Repairs and Replace-                ment s    120.00    ΓÇö.    200.00    4259 Other Expenses      75.00    ΓÇö    100.00    Total Dean of Instruction                Office $    5,920.00    $ 5.574.99    $ 5,673.00    4260    Salaries    $    25,600.00    $    15,615.37    $    23,000.00    4261    4262    4263    4264    4279    Student Aid    Classroom and Laboratory-    Supplies    Travel    Classroom and Laboratory    Equipment Repairs and  Replacements    Other Expenses        600.00    4,500.00    100.00    1,000.00    75.00        490.00    1,656.19    S3.26    72.S5    25.S2        300.00    2,500.00    150.00    900.00    75.00        Total Science Department    $    31.S75.OO    $    17,943.49    $    26,925.00    Humanities Department    Education Department    42S0    Salaries    $    25,S5O.OO $    15,724.02 $    31,300.00    42S1    Student Aid        ΓÇö    ΓÇö    100.00    42S2    Classroom Supplies        200.00    100.5S    300.00    42S3    Travel        100.00    *    100.00    42S4    Equipment Repairs and                        Replacements        ΓÇö    ΓÇö    100.00    42S9    Other Expenses        25.00    4.00    50.00        Total Humanities                        Department    $    26,175.00 $    15,S2S.6O $    31.950.00    4290 Salaries $ 36,O4S.OO    4291 Student Aid    4292 Classroom Supplies 1,130.00    4293 Travel 300.00    4294 Classroom Equipment Repairs    and Replacements 20.00    4296 Practice Teaching 3,000.00    4299 Other Expenses 25.00    32,425.34 $ 42,220.00    200.00    S3S.42 1,000.00    166.61 300.00    46.00 100.00    2,913.60 3,500.00    2.0S 50.00    Total Education Department$ 40,523,00 ?    36,392.05 3    47,370.00",1404,True,False,False,False,False,"['Special Char Artifacts']","['ΓÇö', 'ΓÇö', 'ΓÇö', 'ΓÇö', 'ΓÇö', 'ΓÇö']"
"Allen University, Columbia, S. C., Year ended May 31, 1962, Page 26","","McCray, John Henry, 1910-1987","1962-05-30 00:00:00","","Manuscripts; Accession 11294.","Allen University","","","A document about the Allen University school year that ended on May 31, 1962.","1 item ; Page 26 of 33","John Henry McCray Papers, 1929-1989","https://digital.library.sc.edu/collections/john-henry-mccray-papers-1929-1989/","University of South Carolina. South Caroliniana Library","Copyright Not Evaluated.∩┐╜For further information please contact The University of South Carolina, South Caroliniana Library, Columbia, SC 29208.","Civil Rights Era (1955-1969)","Columbia, Richland County, South Carolina, United States","English","300ppi, 24-bit depth color, Epson Expression 11000 XL flatbed scanner with SilverFast scanning software, primary archival file is a TIFF","2017-01","Text","image/jpeg","Documents (object genre)","mccrayjh04-32-119","","Joshua Schutzenhofer","","2021-11-16","2021-11-16","http://cdm17173.contentdm.oclc.org/cdm/ref/collection/p17173coll38/id/6040",6040.0,"6650.jp2","/p17173coll38/image/6650.jp2","1962","SCHEDULE 4    Sheet 2    ALLEN UNIVERSITY, COLUMBIA, S. C.    CURRENT FUND BUDGETED AND ACTUAL INSTRUCTION EXPENSES    YEAR ENDED MAY 31, 1962    Social    . Science Department    1961-62    1962-63  Proposed  Budget    Budget    Actual    4300    Salaries $    19,400.00 $    19,120.00 $    19,900.00    4301    Student Aid    200.00    *    100.00    4302    Classroom Supplies    95.00    60.64    200.00    4303    Travel    100.00    53.35    100.00    4309    Other Expenses    25.00    ΓÇö    50.00        Total Social Science                    Department $    19,320.00 $    19,233.99 $    20.350.00    Art Department                4310    Salaries $    4,460.00 $    4,450.00 $    3,460.00    4312    Classroom Supplies    300.00    396.31    600.00    4319    Other Expenses    25.00    ΓÇö    100.00        Total Art Department $    4,735.00 $    4,346.31 $    9,160.00    Music    Department                4320    Salaries $    14,450.00 $    14,330.96 $    19,150.00    4321    Student Aid    3,150.00    2,025.00    3,000.00    4322    Classroom Supplies    625.00    696.56    750.00    4324    Classroom Equipment Repairs                    and Replacements    100.00    251.52    300.00    4326    Choir and Band Travel    1,770.00    1,231.25    1,500.00    4329    Other Expenses    125.00    450.33    250.00        Total Music Department $    20,220.00 $    13,935.67 $    24,950.00    Business Department                4330    Salaries $    13,467.00 $    13,377.79 $    22,734.00    4332    Classroom Supplies    350.00    312.57    500.00    4333    Travel    100.00    ΓÇö    100.00    4334    Classroom Equipment Repairs                    and Replacements    350.00    163.33    400.00    4339    Other Expenses    25.00        100.00        Total Business Department $    19,292.00 $    19,354.24 $    23,334.00    Department of Religion and Philosophy                4340    Salaries $    17,150.00 $    17,252.76 $    15,400.00    4341    Student Aid    1,360.00    1,22g.15    1,400.00    4342    Classroom Supplies    900.00    33.37    400.00    4343    Travel    400.00    135.63    300.00",1335,True,False,False,False,False,"['Special Char Artifacts']","['ΓÇö', 'ΓÇö', 'ΓÇö']"
"Allen University, Columbia, S. C., Year ended May 31, 1962, Page 27","","McCray, John Henry, 1910-1987","1962-05-30 00:00:00","","Manuscripts; Accession 11294.","Allen University","","","A document about the Allen University school year that ended on May 31, 1962.","1 item ; Page 27 of 33","John Henry McCray Papers, 1929-1989","https://digital.library.sc.edu/collections/john-henry-mccray-papers-1929-1989/","University of South Carolina. South Caroliniana Library","Copyright Not Evaluated.∩┐╜For further information please contact The University of South Carolina, South Caroliniana Library, Columbia, SC 29208.","Civil Rights Era (1955-1969)","Columbia, Richland County, South Carolina, United States","English","300ppi, 24-bit depth color, Epson Expression 11000 XL flatbed scanner with SilverFast scanning software, primary archival file is a TIFF","2017-01","Text","image/jpeg","Documents (object genre)","mccrayjh04-32-120","","Joshua Schutzenhofer","","2021-11-16","2021-11-16","http://cdm17173.contentdm.oclc.org/cdm/ref/collection/p17173coll38/id/6041",6041.0,"6651.jp2","/p17173coll38/image/6651.jp2","1962","SCHEDULE 4    Sheet 3    ALLEN UNIVERSITY, COLUMBIA, S. C.    CURRENT FUND BUDGETED AND ACTUAL INSTRUCTION EXPENSES    YEAR ENDED MAY 31, 1962    1962-63    1961-62  Proposed    Extension Work at Reid House in Charleston        Budget    Actual    Budget    Department of Religion and Philosophy    (Continued)            4344 Classroom Equipment Repairs and            Replacements $    500.00 $    ΓÇö    $ 100.00    4349 Other Expenses    125.00    25.00    50.00    Total Department of                Religion and Philosophy $    20,935.00 $ .    1S.7SO.41    $ 17,650.00    Physical Education Department                4350 Salaries $    12,700.00 $    12,370.20    $ 16,433.34    4351 Student Aid    400.00    350.00    200.00    4352 Classroom Supplies    515.00    297.6S    500.00    4353 Travel    100.00    6S.92    100.00    4354 Classroom Equipment Repairs                and Replacements    20.00    ΓÇö    600.00    4359 Other Expenses    25.00    ΓÇö    50.00    Total Physical Education                Department $    13,760.00 $    13.OS6.SO    $ 17.SS3.34    Evening Classes                4361 Salaries $    4,500.00 $    5,559.00    $ 5,000.00    4362 Classroom Supplies    500.00    40. S6    150.00    Total Evening Classes $    5,000.00 $    5.599.86    $ 5,150.00    4370 Extension Salaries    $    100.00    $    100.00    $ -    Library                            4420 Salaries    4421 Student Aid    4422 Supplies    4423 Books and Periodicals    4424 Equipment Repairs and    Replacements    4425 Equipment Additions    4423 Travel    4439 Other Expenses    $    9,250.00    1,500.00    340.00    12,000.00    240.00    50.00    500.00    $    9,416ΓÇó44  1,325.04  241.33    7,497.30    76.40    1,794.47  30.00  1.93    $    10,600.00    1,000.00    300.00    9,000.00    1,000.00    100.00    200.00    Total Library    Total Instruction Expenses -    $    23,330.00    $    2O,3S3.46    $    22,200.00    To Exhibit B    $    232,235.00    $    196,109.37    $    253,145.34    The annexed comments are an integral part of this statement",1353,True,False,False,False,False,"['Special Char Artifacts']","['ΓÇö', 'ΓÇö', 'ΓÇö', 'ΓÇó']"
"Allen University, Columbia, S. C., Year ended May 31, 1962, Page 28","","McCray, John Henry, 1910-1987","1962-05-30 00:00:00","","Manuscripts; Accession 11294.","Allen University","","","A document about the Allen University school year that ended on May 31, 1962.","1 item ; Page 28 of 33","John Henry McCray Papers, 1929-1989","https://digital.library.sc.edu/collections/john-henry-mccray-papers-1929-1989/","University of South Carolina. South Caroliniana Library","Copyright Not Evaluated.∩┐╜For further information please contact The University of South Carolina, South Caroliniana Library, Columbia, SC 29208.","Civil Rights Era (1955-1969)","Columbia, Richland County, South Carolina, United States","English","300ppi, 24-bit depth color, Epson Expression 11000 XL flatbed scanner with SilverFast scanning software, primary archival file is a TIFF","2017-01","Text","image/jpeg","Documents (object genre)","mccrayjh04-32-121","","Joshua Schutzenhofer","","2021-11-16","2021-11-16","http://cdm17173.contentdm.oclc.org/cdm/ref/collection/p17173coll38/id/6042",6042.0,"6652.jp2","/p17173coll38/image/6652.jp2","1962","SCHEDULE 5    ALLEN UNIVERSITY, COLUMBIA, S. C.    CURRENT FUND BUDGETED AND ACTUAL OPERATION OF PHYSICAL PLANT EXPENSES    YEAR ENDED MAY 31, 1962    1962-63    1961-62 Proposed    Budget Actual Budget    4450    Salaries $    22,460.00 $    21,753.73 $    26,648.00    4451    Student Aid    3,000.00    2,034.75    1,500.00    4455    Office Supplies    75.00    10.44    25.00    4460    JanitorsΓÇÖ Supplies    2,500.00    3,331.66    4,500.00    4430    Repairs to Building and                    Equipment - Materials    15,000.00    10,223.72    10,000.00    4490    Repairs to Building and                    Equipment - Contract Work    12,000.00    17,057.93    20,000.00    4500    Maid Service in Dormitories    2,160.00    2,225.75    2,880.00    4510    Dormitory Linens and Laundry    6,500.00    6,353.32    6,500.00    4520    Water    3,250.00    3,270.28    3,200.00    4530    Electricity and Gas    12,600.00    12,101.92    12,000.00    4540    Fuel    15,000.00    12,362.55    13,000.00    4550    Insurance    7,545.00    6,529.25    7,000.00    4560    General Equipment Replacement    3,000.00    6,881.94    2,000.00    4570    General Equipment Additions    1,000.00    1,434.53    2,000.00    4590    Payment on Plant Fund Debt    5,000.00    15,000.00*    12,000.00    4599    Other Expenses    500.00    407.87    500.00        Total Operation of Physical                    Plant - To Exhibit B $    111.590,00 $    121.479.79 $    123.753.00    ^Payment of balance of Higgins Hall mortgage from insurance proceeds -  see comments for details.    The annexed comments are an integral part of this statement",1119,True,False,False,False,False,"['Special Char Artifacts']","['ΓÇÖ']"
"Allen University, Columbia, S. C., Year ended May 31, 1962, Page 29","","McCray, John Henry, 1910-1987","1962-05-30 00:00:00","","Manuscripts; Accession 11294.","Allen University","","","A document about the Allen University school year that ended on May 31, 1962.","1 item ; Page 29 of 33","John Henry McCray Papers, 1929-1989","https://digital.library.sc.edu/collections/john-henry-mccray-papers-1929-1989/","University of South Carolina. South Caroliniana Library","Copyright Not Evaluated.∩┐╜For further information please contact The University of South Carolina, South Caroliniana Library, Columbia, SC 29208.","Civil Rights Era (1955-1969)","Columbia, Richland County, South Carolina, United States","English","300ppi, 24-bit depth color, Epson Expression 11000 XL flatbed scanner with SilverFast scanning software, primary archival file is a TIFF","2017-01","Text","image/jpeg","Documents (object genre)","mccrayjh04-32-122","","Joshua Schutzenhofer","","2021-11-16","2021-11-16","http://cdm17173.contentdm.oclc.org/cdm/ref/collection/p17173coll38/id/6043",6043.0,"6653.jp2","/p17173coll38/image/6653.jp2","1962","SCHEDULE 6    Sheet 1    ALLEN UNIVERSITY, COLUMBIA, S. C.    CURRENT FUND BUDGETED AND ACTUAL AUXILIARY ACTIVITIES EXPENSES    YEAR ENDED MAY 31, 1962    Canteen    Dining Hall    1961-62    1962-63    Propo sed    Budget    Budget    Actual    4600 Salaries $    12,793.00 $    13,234.30    $ 13,700.00    4601 Student Aid    3,000.00    2,377.25    2,000.00    4602 Food    70,600.00    41,679.36    46,000.00    4603 Supplies    4,000.00    2,360.99    3,000.00    4604 Equipment Repairs and                Replacements    3,500.00    411.71    4,000.00    4605 Equipment Additions    7,500.00    ΓÇö    500.00    4609 Other Expenses    150.00    ΓÇö    100.00    Total Dining Hall $    101,543.00 $    61.113.61    $ 69,300.00    4610 Salaries    $    111 1 111    $    496.29    1,621.33    29.37    $    2,400.00    300.00    5,000.00    500.00    300.00    1,000.00    500.00    200.00    4611 Student Aid    4612 Purchases for Resale    4613 Supplies    4614 Telephone    4615 Equipment Repairs and    Replacements    4616 Equipment Additions    4619 Other Expenses    Total Canteen    $ .     ΓÇó     $ .        $    10,200.00    Bookstore        4620 Salaries    4621 Student Aid    4622 Books and Supplies For    4633 Supplies    4634 Equipment Repairs and    Replacements    4639 Other Expenses    $    Resale    1,150.00  300.00  10,000.00  75.00    150.00    $    1,317.50  300.00  9,796.37  1.03    16.74    $    2,000.00  300.00  9,000.00  50.00    200.00  50.00    Total Bookstore    Athletic Department    $    11,675.00    $    11,431.64    $    11,600.00    4640 Salaries    4642 Uniforms and Supplies    4643 Travel and Scouting    4644 Expenses of Games    4664 Telephone    4665 Equipment Repairs and    Replacement s    4667 Scholarships    $    2,600.00    700.00    335.00'    1,400.00    75.00    700.00  19,400.00    $    2,600.00    1,366.02    99.35    3,053.31    32.34    19,041.33    $    3,966.66    1,500.00    300.00    3,000.00    50.00    500.00  14,500.00",1339,True,False,False,False,False,"['Special Char Artifacts']","['ΓÇö', 'ΓÇö', 'ΓÇó']"
"Allen University, Columbia, S. C., Year ended May 31, 1962, Page 30","","McCray, John Henry, 1910-1987","1962-05-30 00:00:00","","Manuscripts; Accession 11294.","Allen University","","","A document about the Allen University school year that ended on May 31, 1962.","1 item ; Page 30 of 33","John Henry McCray Papers, 1929-1989","https://digital.library.sc.edu/collections/john-henry-mccray-papers-1929-1989/","University of South Carolina. South Caroliniana Library","Copyright Not Evaluated.∩┐╜For further information please contact The University of South Carolina, South Caroliniana Library, Columbia, SC 29208.","Civil Rights Era (1955-1969)","Columbia, Richland County, South Carolina, United States","English","300ppi, 24-bit depth color, Epson Expression 11000 XL flatbed scanner with SilverFast scanning software, primary archival file is a TIFF","2017-01","Text","image/jpeg","Documents (object genre)","mccrayjh04-32-123","","Joshua Schutzenhofer","","2021-11-16","2021-11-16","http://cdm17173.contentdm.oclc.org/cdm/ref/collection/p17173coll38/id/6044",6044.0,"6654.jp2","/p17173coll38/image/6654.jp2","1962","SCHEDULE 6    Sheet 2    ALLEN UNIVERSITY, COLUMBIA, S, C.    CURRENT FUND BUDGETED AND ACTUAL AUXILIARY ACTIVITIES EXPENSES    YEAR ENDED MAY 31, 1962    1962-63    ∩┐╝ 1961-62  Proposed    Budget Actual Budget    Athletic Department (Continued)    4.669 Other Expenses $ 58O.OO $ 146.57 $ 500,00    Total Athletic Department $ 26,290.00 $ 26,#44-*97 $ 24,316,66    Print Shop    4.670 Salaries    $    3,043.00    700.00    $    4,108.68    691.00    $    4,500.00    500.00    4.671 Student Aid    4.672 Paper, Supplies, Type, etc.    4.673 Equipment Repairs and    Replacements    4679 Other Expenses        7,100.00    800.00    60.00        1,713.76    2,058.25        2,600.00    2,800.00    100.00    Total Print Shop    $    11,703.00    $    8.571.69    $    10,500.00    Official Residence        4680 Salaries    4681 Student Aid    4682 Telephone    4683 Food    4684 Rent    4699 Other Expenses    $    90.00  1,800.00  125.00  50.00  750.00  300.00    $    90.00  2,161.00  277.27    42.43  750.00  141.69    $    1,000.00    300.00    150.00    500.00    1,200.00    200.00    Total Official Residence    $    3.115.00    $    3.462,39    $    3,350.00    Nursery *        470^ Salaries - Allen University  Greenview    4702 Telephone    4703 Supplies    4704 Food    4705 Rent    4706 Equipment Repairs and    Replacements    4709 Other Expenses    $    4,758.00    3,020.00    205.00    200.00    900.00    100.00    $    5,099.50    3,157.00    203.28    264.44    1,333.62    1,200.00    61.31    $    5,761.50    3,710.00    205.00    300.00    1,400.00    200.00    50.00    Total Nursery    $    9,183.00    $    _11,319.15    $    11,626.50    Total Auxiliary Activities -        To Exhibit B    $    163,509.00    $    124,890.99    $    140,893.16    * See comments for analysis by nursery.    The annexed comments are an integral part of this statement",1270,True,True,False,False,False,"['Special Char Artifacts', 'General Artifacts']","['∩┐╝', '26,#44-*97']"
"Allen University, Columbia, S. C., Year ended May 31, 1962, Page 31","","McCray, John Henry, 1910-1987","1962-05-30 00:00:00","","Manuscripts; Accession 11294.","Allen University","","","A document about the Allen University school year that ended on May 31, 1962.","1 item ; Page 31 of 33","John Henry McCray Papers, 1929-1989","https://digital.library.sc.edu/collections/john-henry-mccray-papers-1929-1989/","University of South Carolina. South Caroliniana Library","Copyright Not Evaluated.∩┐╜For further information please contact The University of South Carolina, South Caroliniana Library, Columbia, SC 29208.","Civil Rights Era (1955-1969)","Columbia, Richland County, South Carolina, United States","English","300ppi, 24-bit depth color, Epson Expression 11000 XL flatbed scanner with SilverFast scanning software, primary archival file is a TIFF","2017-01","Text","image/jpeg","Documents (object genre)","mccrayjh04-32-124","","Joshua Schutzenhofer","","2021-11-16","2021-11-16","http://cdm17173.contentdm.oclc.org/cdm/ref/collection/p17173coll38/id/6045",6045.0,"6655.jp2","/p17173coll38/image/6655.jp2","1962","SCHEDULE 7    ALLEN UNIVERSITY, COLUMBIA, So C.    CURRENT FUND BUDGETED AND ACTUAL ACADEMIC SCHOLARSHIPS AND AID EXPENSES    YEAR ENDED MAY 31, 1962   ~   1962-63  1961-62  Proposed    Budget Actual Budget    4800 Transfer to Student Loan Fund $ 15,000.00 $ 15,052.33 $ 10,000.00    4898 Scholarships - Foreign 7,000.00 5,593*62 3,000.00    4899 Scholarships - Other 1,000.00 3,018.50 2,000.00    5000 Scholarships - Ministerial    (Other Than Foreign) 3,400┬░00 3,091*41 3,000.00    Total Academic Scholarships -  To Exhibit B $ 26,400,00 $ 26,755,86 $ 18,000,00    The annexed comments are an integral part of this statement.",501,True,True,False,False,False,"['Special Char Artifacts', 'General Artifacts']","['┬░', '5,593*62', '3,091*41']"
"Allen University, Columbia, S. C., Year ended May 31, 1962, Page 32","","McCray, John Henry, 1910-1987","1962-05-30 00:00:00","","Manuscripts; Accession 11294.","Allen University","","","A document about the Allen University school year that ended on May 31, 1962.","1 item ; Page 32 of 33","John Henry McCray Papers, 1929-1989","https://digital.library.sc.edu/collections/john-henry-mccray-papers-1929-1989/","University of South Carolina. South Caroliniana Library","Copyright Not Evaluated.∩┐╜For further information please contact The University of South Carolina, South Caroliniana Library, Columbia, SC 29208.","Civil Rights Era (1955-1969)","Columbia, Richland County, South Carolina, United States","English","300ppi, 24-bit depth color, Epson Expression 11000 XL flatbed scanner with SilverFast scanning software, primary archival file is a TIFF","2017-01","Text","image/jpeg","Documents (object genre)","mccrayjh04-32-125","","Joshua Schutzenhofer","","2021-11-16","2021-11-16","http://cdm17173.contentdm.oclc.org/cdm/ref/collection/p17173coll38/id/6046",6046.0,"6656.jp2","/p17173coll38/image/6656.jp2","1962","ALLEN UNIVERSITY, COLUMBIA, S. C.    SCHEDULE 8    Sheet 1    CERTAIN ACCOUNTS RECEIVABLE, MAY 31, 1962    ADVANCES TO EMPLOYEES    Academic Caps and Gowns for Faculty  Anderson, Jacob  Bulter, A. T.  Curry, James  Fitzpatrick, Frank N.  Foard, Sarah  Greene, Arthur D.  Hollis, Annie Lo  Jackson, Ethel  Johnson, Joseph A.  McCray, Mittie G.  Martin, Montez  Mathis, William 0.  Maybank, Howard  Myers, Agnes Marie  Rivers, John  Robinson, Eunice P.  Simmons, Daisy  Wilson, Oscar    Total - To Exhibit A    RETURNED CHECKS    Andrews, Herbert  Bennett, Julius  Bobo, Elias  Brown, C. A.  Burgess, Rev. C. C.  Davenport, Clarence  Dewait, Bernice  General Alumni Association - Post Dated  Holman, A. W.  Holman, Julius  Hughes, Margaret  Hunter, J. D.  Jenkins, M. H.  Johnson, James B.  Knox, Charles E.  La Saine, Thomas  Levester, Nellie B.  McFadden, Italy  McKnight, W. B.  Mikell, James L., Jr.  Ragen, William M.  Reid Chapel Church    $ 134.50    10.00    ( 22.00)    50.00    ( 33.00)    37.50    57.24    500.00    72.73    330.35    13.31  150.00  125.00    20.00    30.00    40.00    31.50    45.00    140.00    $ 1.732.63    $    75.00    2.00    5.00    100.00    25.00    50.00    16.00    435.00    103.90    100.00    10.00    100.00    200.00    20.00    151.25    95.00    10.00    50.00    90.30    55.00    5.00    7.00",968,False,False,False,False,True,"[]","[]"
"Allen University, Columbia, S. C., Year ended May 31, 1962, Page 33","","McCray, John Henry, 1910-1987","1962-05-30 00:00:00","","Manuscripts; Accession 11294.","Allen University","","","A document about the Allen University school year that ended on May 31, 1962.","1 item ; Page 33 of 33","John Henry McCray Papers, 1929-1989","https://digital.library.sc.edu/collections/john-henry-mccray-papers-1929-1989/","University of South Carolina. South Caroliniana Library","Copyright Not Evaluated.∩┐╜For further information please contact The University of South Carolina, South Caroliniana Library, Columbia, SC 29208.","Civil Rights Era (1955-1969)","Columbia, Richland County, South Carolina, United States","English","300ppi, 24-bit depth color, Epson Expression 11000 XL flatbed scanner with SilverFast scanning software, primary archival file is a TIFF","2017-01","Text","image/jpeg","Documents (object genre)","mccrayjh04-32-126","","Joshua Schutzenhofer","","2021-11-16","2021-11-16","http://cdm17173.contentdm.oclc.org/cdm/ref/collection/p17173coll38/id/6047",6047.0,"6657.jp2","/p17173coll38/image/6657.jp2","1962","ALLEN UNIVERSITY, COLUMBIA, S. C.    SCHEDULE 3    Sheet 2    CERTAIN ACCOUNTS RECEIVABLE, MAY 31, 1962    RETURNED CHECKS (CONTINUED)    Rice, Vernie H.    Robinson, A. H.    Robinson, John    Ruff, Elizah    Sims, Hardy-    Spain, Gloria    Taylor, Bernice    Thomas, John W.    Toney, Mrs, A.    Truman, Vivian - Post Dated    Jefferson, James T.    Total - To Exhibit A    OTHER ACCOUNTS RECEIVABLE    Bishop, S, Ro Higgins    G. H. Crawford and Company  Greene, Dean A, D.    Hardison, Agnes Myers    Total - To Exhibit A    $ 15.00    5.00    10.00    5.00    10.00    2.00    60.00    5.00    2.00    55.00    1.00    $ -1.330.95    $    602.65    736.10    76.55     31-45    $ 1,493.75    The annexed comments are an integral part of this statement",528,False,False,False,False,True,"[]","[]"
"Service Engraving Co. Bill, Allen University","","McCray, John Henry, 1910-1987","","","Manuscripts; Accession 11294.","Allen University","","","A bill from the Service Engraving Company to Allen University for engraving and nats for $550.","1 item","John Henry McCray Papers, 1929-1989","https://digital.library.sc.edu/collections/john-henry-mccray-papers-1929-1989/","University of South Carolina. South Caroliniana Library","Copyright Not Evaluated.∩┐╜For further information please contact The University of South Carolina, South Caroliniana Library, Columbia, SC 29208.","Civil Rights Era (1955-1969)","Columbia, Richland County, South Carolina, United States","English","300ppi, 24-bit depth color, Epson Expression 11000 XL flatbed scanner with SilverFast scanning software, primary archival file is a TIFF","2017-01","Text","image/jpeg","Documents (object genre)","mccrayjh04-32-127","","Joshua Schutzenhofer","","2021-11-16","2021-11-16","http://cdm17173.contentdm.oclc.org/cdm/ref/collection/p17173coll38/id/6048",6048.0,"6658.jp2","/p17173coll38/image/6658.jp2","","MULTILITH PLATES    MATS    sold to Allen University    Engravings & mats    1322ΓÇÖZz MAIN ST. COLUMBIA, S. C.  PHONE AL 4-1392    $ $ ?0",101,True,False,False,False,False,"['Special Char Artifacts']","['ΓÇÖ']"
"Letter to President Howard E. Wright from Louis Joughin, February 9, 1962, Page 1","","McCray, John Henry, 1910-1987","1962-02-09 00:00:00","","Manuscripts; Accession 11294.","Allen University","","","A letter to President Howard E. Wright from Louis Joughin sent on February 9, 1962.","1 item ; Page 1 of 2","John Henry McCray Papers, 1929-1989","https://digital.library.sc.edu/collections/john-henry-mccray-papers-1929-1989/","University of South Carolina. South Caroliniana Library","Copyright Not Evaluated.∩┐╜For further information please contact The University of South Carolina, South Caroliniana Library, Columbia, SC 29208.","Civil Rights Era (1955-1969)","Columbia, Richland County, South Carolina, United States","English","300ppi, 24-bit depth color, Epson Expression 11000 XL flatbed scanner with SilverFast scanning software, primary archival file is a TIFF","2017-01","Text","image/jpeg","Documents (object genre)","mccrayjh04-32-001","","Joshua Schutzenhofer","","2021-11-16","2021-11-16","http://cdm17173.contentdm.oclc.org/cdm/ref/collection/p17173coll38/id/6087",6087.0,"6697.jp2","/p17173coll38/image/6697.jp2","1962","American    Ralph F. Fuchs, President    Indiana University    Fritz Machlup, First Vice-President  Princeton University    Robert B. Brode, Second Vice-President  University of California (Berkeley)    Association of University Professors    1785 MASSACHUSETTS AVENUE, N. V.    WASHINGTON 6, D. C.    Frederick C. Kurtz, Treasurer  George Washington University    Clark Byse, Counsel  Harvard University    February 9┬╗ 19^2    WASHINGTON OFFICE    William P. Fidler, General Secretary  W arren C. Middleton. Staff Associate  Bertram H. Davis. Staff Associate  Louis Jouchin, Staff Associate  Peggy Heim. Staff Associate  Robert Van Waes. Staff Associate  Herman I. Orentucher, Staff Associate    President Howard E. Wright  Allen University  Columbia 4, South Carolina    Dear President Wrighti    Mr. William P. Fidler, the General Secretary, has reviewed  with me the Allen University file and has asked me to write to you  about the steps which Allen University might take in order to give  Committee A of this Association a substantial basis for recommending  withdrawal of the censure voted upon the University administration  in 1961.    First, Committee A normally expects that an institution which  has dismissed professors under standards or by procedures regarded  as incompatible with those that are generally observed by the academic  profession will offer reinstatement or reappointment to the persons  injured. In some instances, though not all, Committee A has recog┬¼  nized an offer of a year's salary as a satisfactory substitute for  the year's notice which should attend dismissal for cause not in┬¼  volving moral turpitude. Professors Wiggins, Hoffman and Pcideout  are entitled to redress.    Second, Committee A would wish to see official adoption of  institutional regulations covering tenure acquisition, notice of  nonrenewal, dismissal procedures and other matters of fundamental  concern to faculty members, and to determine that such regulations  are in general conformity with the principles and standards of the  academic profession. The ""Faculty and Staff Handbook"" which you  sent us is a forward step in this direction} a separate memorandum  offering_jietailed analysis of the handbook accompanies this letter.    Third, Committee A will undoubtedly wish to hear from its  own observer word to the effect that a iguch improved spirit governs  administrative aotions_at Allen University. For instance, it is  i*porTanf~Tb~Enow that the administration is prepared to defend  the faculty, with all the strength at its command, against poTitioal  interference in educational matters. Although Chairman Bonner and  President Veal perhaps oould not actually have defeated the powerful  forces which began their attack on Allen University in 1957? they  were not, in th* opinion of this Aasooiation, required to instigate  and cooperate with ths oritioa of academic freedom. The election",2411,True,True,False,False,False,"['Special Char Artifacts', 'General Artifacts']","['┬╗', '┬¼', '┬¼', '19^2', 'i*porTanf~Tb~Enow']"
"Letter to President Howard E. Wright from Louis Joughin, February 9, 1962, Page 2","","McCray, John Henry, 1910-1987","1962-02-09 00:00:00","","Manuscripts; Accession 11294.","Allen University","","","A letter to President Howard E. Wright from Louis Joughin sent on February 9, 1962.","1 item ; Page 2 of 2","John Henry McCray Papers, 1929-1989","https://digital.library.sc.edu/collections/john-henry-mccray-papers-1929-1989/","University of South Carolina. South Caroliniana Library","Copyright Not Evaluated.∩┐╜For further information please contact The University of South Carolina, South Caroliniana Library, Columbia, SC 29208.","Civil Rights Era (1955-1969)","Columbia, Richland County, South Carolina, United States","English","300ppi, 24-bit depth color, Epson Expression 11000 XL flatbed scanner with SilverFast scanning software, primary archival file is a TIFF","2017-01","Text","image/jpeg","Documents (object genre)","mccrayjh04-32-002","","Joshua Schutzenhofer","","2021-11-16","2021-11-16","http://cdm17173.contentdm.oclc.org/cdm/ref/collection/p17173coll38/id/6088",6088.0,"6698.jp2","/p17173coll38/image/6698.jp2","1962","President Wright    -2-    February 9, 1962    of Bishop Higgins to head the governing board, and the opening of  frank and positively-directed correspondence between you, as the  new president, and this office, are of course significant indica┬¼  tions that a better spirit may indeed be at work. We shall base  our hopes upon this promising beginning.    Thank you for sending us the ""Progress Report"" prepared for  the Southern Association of Colleges and Secondary Schools. Al┬¼  though we have no official concern with that document it has helped  us to see your picture more clearly. Other documents of this kind  will receive a similar welcome and reading.    After you have considered the possibilities which are open to  you in the area of redress to the three dismissed teachers, and  after your reading of our analysis of your faculty handbook, you  will have at least a preliminary view of the direction in which  you can move, and how soon. Our experience suggests that positive  developments cannot always be accomplished as rapidly as one would  like; there is the danger of arousing opposition or prematurely  forcing an important point. We are prepared to move forward with  you, offering what guidance we can, but not prodding you toward  steps which might be precipitate.    On the other hand, there have been notable instances where a  governing board and president have found it feasible to face and  solve their problem within a period of a few weeks. If such a de┬¼  velopment should prove practical at Allen University, it would per┬¼  mit Committee A to review the whole situation at your institution  when it meets on April 25, 1962 immediately before the Forty-Eighth  Annual Meeting, to which the Committee makes its formal recommendations.    If your judgment dictates that the more rapid course of action  be attempted, the Washington Office will assist you by its advice  in every way possible. For example, a consultant could be sent to  your campus. We count on you to let us know if you have pressing  needs which we can try to meet.    Sincerely yours, I    I / \\\\\\\\ / ΓÇÖ    Louis Joughin ∩┐╝    LJlldl",1726,True,False,False,False,False,"['Special Char Artifacts']","['┬¼', '┬¼', '┬¼', '┬¼', '\\\\\\\\\\\\\\\\', 'ΓÇÖ', '∩┐╝']"
"Letter to President Howard E. Wright from American Association of University Professors and Mr. Louis Joughin, February 9, 1962, Page 1","","McCray, John Henry, 1910-1987","1962-02-09 00:00:00","","Manuscripts; Accession 11294.","Allen University","","","A letter to President Howard E. Wright from American Association of University Professors and Mr. Louis Joughin sent on February 9, 1962.","1 item ; Page 1 of 4","John Henry McCray Papers, 1929-1989","https://digital.library.sc.edu/collections/john-henry-mccray-papers-1929-1989/","University of South Carolina. South Caroliniana Library","Copyright Not Evaluated.∩┐╜For further information please contact The University of South Carolina, South Caroliniana Library, Columbia, SC 29208.","Civil Rights Era (1955-1969)","Columbia, Richland County, South Carolina, United States","English","300ppi, 24-bit depth color, Epson Expression 11000 XL flatbed scanner with SilverFast scanning software, primary archival file is a TIFF","2017-01","Text","image/jpeg","Documents (object genre)","mccrayjh04-32-003","","Joshua Schutzenhofer","","2021-11-16","2021-11-16","http://cdm17173.contentdm.oclc.org/cdm/ref/collection/p17173coll38/id/6089",6089.0,"6699.jp2","/p17173coll38/image/6699.jp2","1962","ΓÇó ┬╗ . - MCSWFWWV "":* '.V*' ΓÇó┬½* . &lt; IW; ) ΓÇó*&gt;Γûá┬½... .        American Association of : .ΓÇÖnivys sit v Frctessors    1745 MASSACHUSETTS AVHNUE, N. V.    WAS KINGSTON 6, D. C.    Ralph F. Fuchs, President    Indiana University    Fritz. Machlup, first Pice -President    Princeton University    Robert B. Brode, Second Pice-President  University of California (Berkeley)    Frederick C Kurtz, Treasurer  George Washington University    Clark Byse, Counsel  Harvard University    February 9, 19&2    WASHINGTON OFFICE    William P. Fidi ex, General Secretary  Warren C. Middleton, Stuff Associate  Bertram II Davis, Staff Associate  Louis Jow.iiin, Staff Associate  Peggy Heim, Staff Associate  Robert Van Waes, Staff Associate  Herman I. Orentlicher, Staff Associate    MEMORANDUM    To 1 President Howard E. Wright    From* American Association of University Professors} Mr. Louis Joughin    COMMENT ON ""ALLEN UNIVERSITY* FACULTY AND STAFF HANDBOOK.""    General Questions    There are two general questions which may properly be asked in regard  to any faculty handbook* (l) was tne text prepared by or in consultation  with a democratically-selected faculty committee, and has the text been  approved by the faculty, and (2) has the text been approved and adopted by  the governing board of the institution in order that faculty members may  have assurance that it represents the official policy of the college or  university. Since there is no information offered about the preparation  or adoption of your ""Faculty and Staff Handbook"" neither of these questions  can be answered.    Recommendation* The handbook should be prepared and approved as  indicated above, and should state in its own text the history and nature  of its preparation and adoption.    Specific Provisions    (Keyed to the sections of your handbook)    I,. BASIC POLICY. The handbook states that the policy of the institu┬¼  tion conforms with that set forth in the 1940 Statement of Principles, para┬¼  graph 2} this is excellent from our point of view. But the handbook does  not reproduce other portions of the 1940 Statement with are related and co┬¼  ordinate elements of acceptable academic practice. The omitted portions are*    First, the statement of principles on academic freedom, paragraphs  (a), (b) and (c)    Second, the statement of principles on academic tenure* paragraph (1)  calling for the statement of appointment conditions in writing}  paragraph (3) observing that probationary teachers are entitled to  full academic freedom; paragraph (4) describing the chief elements  of academic due process and setting forth a standard for the payment  of terminal salary in oases where dismissal did not involve moral  turpitude} paragraph (5) noting that financial exigency dismissal  must be bona fide.",2287,True,True,True,False,False,"['Special Char Artifacts', 'General Artifacts', 'Repeat Chars']","['ΓÇó', '┬╗', 'ΓÇó┬½*', 'ΓÇó*&', 'Γûá┬½', 'ΓÇÖ', '┬¼', '┬¼', '┬¼', 'ΓÇó*&gt;Γûá┬½', '19&2', 'i']"
"Letter to President Howard E. Wright from American Association of University Professors and Mr. Louis Joughin, February 9, 1962, Page 2","","McCray, John Henry, 1910-1987","1962-02-09 00:00:00","","Manuscripts; Accession 11294.","Allen University","","","A letter to President Howard E. Wright from American Association of University Professors and Mr. Louis Joughin sent on February 9, 1962.","1 item ; Page 2 of 4","John Henry McCray Papers, 1929-1989","https://digital.library.sc.edu/collections/john-henry-mccray-papers-1929-1989/","University of South Carolina. South Caroliniana Library","Copyright Not Evaluated.∩┐╜For further information please contact The University of South Carolina, South Caroliniana Library, Columbia, SC 29208.","Civil Rights Era (1955-1969)","Columbia, Richland County, South Carolina, United States","English","300ppi, 24-bit depth color, Epson Expression 11000 XL flatbed scanner with SilverFast scanning software, primary archival file is a TIFF","2017-01","Text","image/jpeg","Documents (object genre)","mccrayjh04-32-004","","Joshua Schutzenhofer","","2021-11-16","2021-11-16","http://cdm17173.contentdm.oclc.org/cdm/ref/collection/p17173coll38/id/6090",6090.0,"6700.jp2","/p17173coll38/image/6700.jp2","1962","shall be by some fair, general rule determined by the  tenure faculty itself,    (3) reductions in force becauee of financial exigency will  not be sad.┬« if expansion of other activities takes place  at the same time, except with the approval of ths faculty,    (4) no other person shall be appointed, to the post fro┬« which  a tenure person has been dropped, for program change or  financial exigency, for a period of at least two years un┬¼  less an offer of reappointment has first been made to the  former holder of the post.    hecommendation! The Association recommends deletion of II. F. or the  introduction of the safeguards noted.    II. H. ""A person under tentative appointment to whom the college does  not plan to give tenure after the end of the probationary period shall be  informed of this fact no later than three (3) months prior to the end of the  probationary period."" The Association wouid regard the three-month standard  as adequate only for a person in his first year of service} in his second  year he should be informed not later than December 15 of the second academic  year or six months prior to the termination of his appointment} in the third  and subsequent years, twelve months' notice should be given. (See the en┬¼  closed ""Recommended Institutional Regulations on Academic Freedom and Tenure."")    Recommendation! The Association recommends that II. H. be altered to  provide notice according to the standards set forth in ""Recommended Institu┬¼  tional Regulations on Academic Freedom and Tenure.""    II. H., I,., J,. It is not clear to us what distinction is intended be┬¼  tween ""tentative"" and ""temporary"" appointments.    II. it. ""Permanent employment shall mean that the faculty member cannot  be removed from the position except for cause and, in such oases, upon re┬¼  quest, must receive a hearing before the Board of Trustees of any charges  that may be brought."" This statement of dismissal hearing rights and pro┬¼  cedures is inadequate by the standards of the profession. The chief de┬¼  sirable standards and procedures are set forth in the 1940 Statement of  Principles on Academic Freedom and Tenure, paragraph (4)} a full list of  desirable procedures is set forth in the ""Statement on Procedural Standards  in Faculty Dismissal Proceedings,"" copies of which are enclosed. You will  note that both the 1940 Statement of Principles and the 1958 Statement on  Procedural Standards were adopted by the Association of American Colleges as  well as by this Association.    One particular part of II. K. calls for comment} the Association be┬¼  lieves that the case of a teacher confronted by charges should, if possible,  be considered by both a faculty committee and the governing board} your  regulation provides for a hearing only by the Board of Trustees.    Recommendation! The Association recommends the introduction of ap┬¼  propriate standards and procedures relating to dismissals.",2412,True,False,False,False,False,"['Special Char Artifacts']","['┬«', '┬«', '┬¼', '┬¼', '┬¼', '┬¼', '┬¼', '┬¼', '┬¼', '┬¼', '┬¼']"
"Letter to President Howard E. Wright from American Association of University Professors and Mr. Louis Joughin, February 9, 1962, Page 3","","McCray, John Henry, 1910-1987","1962-02-09 00:00:00","","Manuscripts; Accession 11294.","Allen University","","","A letter to President Howard E. Wright from American Association of University Professors and Mr. Louis Joughin sent on February 9, 1962.","1 item ; Page 3 of 4","John Henry McCray Papers, 1929-1989","https://digital.library.sc.edu/collections/john-henry-mccray-papers-1929-1989/","University of South Carolina. South Caroliniana Library","Copyright Not Evaluated.∩┐╜For further information please contact The University of South Carolina, South Caroliniana Library, Columbia, SC 29208.","Civil Rights Era (1955-1969)","Columbia, Richland County, South Carolina, United States","English","300ppi, 24-bit depth color, Epson Expression 11000 XL flatbed scanner with SilverFast scanning software, primary archival file is a TIFF","2017-01","Text","image/jpeg","Documents (object genre)","mccrayjh04-32-005","","Joshua Schutzenhofer","","2021-11-16","2021-11-16","http://cdm17173.contentdm.oclc.org/cdm/ref/collection/p17173coll38/id/6091",6091.0,"6701.jp2","/p17173coll38/image/6701.jp2","1962","IV. CBITBRIA FOR AgPOIffBOMT AO PRCMOTIOBt B. Judging Faculty SaSlSiSlfiS.  11 Personal Charaotaristias, b. ""Boas ha exemplify correct Bodes of beh&viorT""  There is inherent danger in the use of such general phrase# in a body of regu┬¼  lations. Under the emotional stresses which ooour in any crisis situation,  it is almost inevitable that such a provision will be need to formulate what  is thought of a man's conduct by those who disapprove of him, without refer┬¼  ence to more objective standards which might be applied by those who are in  no way involved. Furthermore, the language is so vague as to permit virtually  any interpretation. If there are to be charges against a member of the faculty  let them be directed toward something wrong done rather than to the rubric  under which the wrong done might be placed.    Recommendations The Association recommends deletion of IV. B. 1. b.    VI. QUALIFICATIONS FOR FACULTY RANKS. The training and experience...    1 Professor, 2 Associate professor. Your regulations sure somewhat more  precise than is customary with respect to degrees and years of experience.  Although this area is not fundamentally related to the principles with which  we are concerned, we thought it might be helpful to suggest that less  precise indications would give you greater flexibility.    VI. 2 Associate professor. ""The earned doctor's degree or its genuine  equivalent..."" ... ""genuine equivalent is construed as completion of all  academic requirements for the doctorate except the dissertation and out┬¼  standing scholarly achievement as evidenced by publications or else recogni┬¼  tion by learned societies or of outstanding creative work in some field of  human endeavor."" Again, although the question does not relate to principles  which are our chief concern, it may be helpful to you to have our opinion  that some confusion exists here. It is quite true that learned publications  or creative work can be an equivalent for the doctorate, but to suggest that  the completion of course work - without the dissertation - is involved  would not, we think, meet the concept of ""genuine equivalent.""    VII. SALARY SCALE. As information we send you the 1961 report of  Committee Z of this Association on the economic status of the profession}    a copy of the 1962 report will be available thia summer and will be sent you.    XI. SICK LEAVES. B. ""Each employee shall be allowed one working day  sick leave for each month worked during the year."" The Association does  not comment on the numerical allowance. We do call to your attention the  fact that institutions which lack the financial resources to give sick  leave of the magnitude desired often permit a carrying of a professor's  work by his colleagues, provided that they voluntarily assume this responsi┬¼  bility} a limit to such an arrangement may properly be indicated.",2366,True,True,True,False,False,"['Special Char Artifacts', 'General Artifacts', 'Repeat Chars']","['┬¼', '┬¼', '┬¼', '┬¼', '┬¼', 'beh&viorT', 'o']"
"Letter to President Howard E. Wright from American Association of University Professors and Mr. Louis Joughin, February 9, 1962, Page 4","","McCray, John Henry, 1910-1987","1962-02-09 00:00:00","","Manuscripts; Accession 11294.","Allen University","","","A letter to President Howard E. Wright from American Association of University Professors and Mr. Louis Joughin sent on February 9, 1962.","1 item ; Page 4 of 4","John Henry McCray Papers, 1929-1989","https://digital.library.sc.edu/collections/john-henry-mccray-papers-1929-1989/","University of South Carolina. South Caroliniana Library","Copyright Not Evaluated.∩┐╜For further information please contact The University of South Carolina, South Caroliniana Library, Columbia, SC 29208.","Civil Rights Era (1955-1969)","Columbia, Richland County, South Carolina, United States","English","300ppi, 24-bit depth color, Epson Expression 11000 XL flatbed scanner with SilverFast scanning software, primary archival file is a TIFF","2017-01","Text","image/jpeg","Documents (object genre)","mccrayjh04-32-006","","Joshua Schutzenhofer","","2021-11-16","2021-11-16","http://cdm17173.contentdm.oclc.org/cdm/ref/collection/p17173coll38/id/6092",6092.0,"6702.jp2","/p17173coll38/image/6702.jp2","1962","-5-    Do cum ent ary Note    For your use we enclose with this analysis several documents, in the numbers  indicated.    1940 Statement of Principles on Academic Freedom and Tenure (50 copies)    1958 Statement on Procedural Standards in Faculty Dismissa",204,False,False,False,False,True,"[]","[]"
"Annual African Methodist Episcopal Founder's Day Benefit Luncheon Program, March 10, 1962, Page 1","","McCray, John Henry, 1910-1987","1962-03-10 00:00:00","","Manuscripts; Accession 11294.","Allen University","","","A program Annual African Methodist Episcopal Founder's Day Benefit Luncheon on March 10, 1962.","1 item ; Page 1 of 4","John Henry McCray Papers, 1929-1989","https://digital.library.sc.edu/collections/john-henry-mccray-papers-1929-1989/","University of South Carolina. South Caroliniana Library","Copyright Not Evaluated.∩┐╜For further information please contact The University of South Carolina, South Caroliniana Library, Columbia, SC 29208.","Civil Rights Era (1955-1969)","Columbia, Richland County, South Carolina, United States","English","300ppi, 24-bit depth color, Epson Expression 11000 XL flatbed scanner with SilverFast scanning software, primary archival file is a TIFF","2017-01","Text","image/jpeg","Documents (object genre)","mccrayjh04-32-007","","Joshua Schutzenhofer","","2021-11-16","2021-11-16","http://cdm17173.contentdm.oclc.org/cdm/ref/collection/p17173coll38/id/6093",6093.0,"6703.jp2","/p17173coll38/image/6703.jp2","1962","92nd ANNIVERSARY OF ALLEN UNIVERSITY    BENEFIT LUNCHEON        Sponsored by    of Long Island, New York    I    I    SATURDAY, MARCH 10, 1962        ┬ú            LATE RIGHT REVEREND RICHARD ALLEN  Founder African Methodist Episcopal Church        e THE ALLEN UNIVERSITY ALUMNI CHAPTER        Annual African Methodist Episcopal  Founder's Day    HOTEL CONCOURSE PLAZA - GRAND BALLROOM    Giend Concourse at 161st Street, Bronx 51, N.Y.",318,True,False,False,False,False,"['Special Char Artifacts']","['┬ú']"
"Annual African Methodist Episcopal Founder's Day Benefit Luncheon Program, March 10, 1962, Page 2","","McCray, John Henry, 1910-1987","1962-03-10 00:00:00","","Manuscripts; Accession 11294.","Allen University","","","A program Annual African Methodist Episcopal Founder's Day Benefit Luncheon on March 10, 1962.","1 item ; Page 2 of 4","John Henry McCray Papers, 1929-1989","https://digital.library.sc.edu/collections/john-henry-mccray-papers-1929-1989/","University of South Carolina. South Caroliniana Library","Copyright Not Evaluated.∩┐╜For further information please contact The University of South Carolina, South Caroliniana Library, Columbia, SC 29208.","Civil Rights Era (1955-1969)","Columbia, Richland County, South Carolina, United States","English","300ppi, 24-bit depth color, Epson Expression 11000 XL flatbed scanner with SilverFast scanning software, primary archival file is a TIFF","2017-01","Text","image/jpeg","Documents (object genre)","mccrayjh04-32-008","","Joshua Schutzenhofer","","2021-11-16","2021-11-16","http://cdm17173.contentdm.oclc.org/cdm/ref/collection/p17173coll38/id/6094",6094.0,"6704.jp2","/p17173coll38/image/6704.jp2","1962","3    $                            f",3,False,False,False,True,False,"['Low Char Count']","[]"
"Annual African Methodist Episcopal Founder's Day Benefit Luncheon Program, March 10, 1962, Page 3","","McCray, John Henry, 1910-1987","1962-03-10 00:00:00","","Manuscripts; Accession 11294.","Allen University","","","A program Annual African Methodist Episcopal Founder's Day Benefit Luncheon on March 10, 1962.","1 item ; Page 3 of 4","John Henry McCray Papers, 1929-1989","https://digital.library.sc.edu/collections/john-henry-mccray-papers-1929-1989/","University of South Carolina. South Caroliniana Library","Copyright Not Evaluated.∩┐╜For further information please contact The University of South Carolina, South Caroliniana Library, Columbia, SC 29208.","Civil Rights Era (1955-1969)","Columbia, Richland County, South Carolina, United States","English","300ppi, 24-bit depth color, Epson Expression 11000 XL flatbed scanner with SilverFast scanning software, primary archival file is a TIFF","2017-01","Text","image/jpeg","Documents (object genre)","mccrayjh04-32-009","","Joshua Schutzenhofer","","2021-11-16","2021-11-16","http://cdm17173.contentdm.oclc.org/cdm/ref/collection/p17173coll38/id/6095",6095.0,"6705.jp2","/p17173coll38/image/6705.jp2","1962","a    ∩┐╝    LUNCH    ∩┐╝         Mrs. Lula Williams    SOLO.∩┐╝    )        .Rev. W. L. Freeman    a    ∩┐╝ ∩┐╝            II    SOLO∩┐╝  INTRODUCTION OF GUEST SPEAKER.  ADDRESS∩┐╝  SOLO∩┐╝      ACKNOWLEDGEMENTS  ALMA MATER    BENEDICTION∩┐╝                *3              .Mrs. Minnie Harold  ..Mrs. Jennie Henningway McCoy   Dr. Howard E. Wright   Mrs. Lula Williams    Reverend J. A. DeLaine     Mr. Leroy Frazier    At the Piano    Miss Corris Murdaugh    I!    Presiding    Miss Marguerite Virginia Pyatt, President    NATIONAL ANTHEM    INVOCATION∩┐╝     WELCOME∩┐╝    INTRODUCTION OF DAIS GUESTS    Supreme of Fruit Plaza  Salad de Allen Maxed Green  French Dressing  Columbia Pot Roast  Charleston Potatoes Greenville Vegetables    Georgetown Rolls Bishopville Butter    De Howard Ice Cream  Spartanburg Coffee    GREETINGS:    Presiding Bishop of the First Episcopal District    THE RT. REV. GEORGE WILBUR BABER    President of Brotherhood of Sleeping Car Porters    MR. A. PHILIP RANDOLPH    Executive Manager, Borough of Manhattan    ATTORNEY RICHARD P. JONES    African Methodist Episcopal MinisterΓÇÖs Alliance    REV. G. G. CRUMPLY    National Allen University Alumni Association    REV. H. R. HUGHES",887,True,False,False,False,False,"['Special Char Artifacts']","['∩┐╝', '∩┐╝', '∩┐╝', '∩┐╝', '∩┐╝', '∩┐╝', '∩┐╝', '∩┐╝', '∩┐╝', '∩┐╝', '∩┐╝', 'ΓÇÖ']"
"Annual African Methodist Episcopal Founder's Day Benefit Luncheon Program, March 10, 1962, Page 4","","McCray, John Henry, 1910-1987","1962-03-10 00:00:00","","Manuscripts; Accession 11294.","Allen University","","","A program Annual African Methodist Episcopal Founder's Day Benefit Luncheon on March 10, 1962.","1 item ; Page 4 of 4","John Henry McCray Papers, 1929-1989","https://digital.library.sc.edu/collections/john-henry-mccray-papers-1929-1989/","University of South Carolina. South Caroliniana Library","Copyright Not Evaluated.∩┐╜For further information please contact The University of South Carolina, South Caroliniana Library, Columbia, SC 29208.","Civil Rights Era (1955-1969)","Columbia, Richland County, South Carolina, United States","English","300ppi, 24-bit depth color, Epson Expression 11000 XL flatbed scanner with SilverFast scanning software, primary archival file is a TIFF","2017-01","Text","image/jpeg","Documents (object genre)","mccrayjh04-32-010","","Joshua Schutzenhofer","","2021-11-16","2021-11-16","http://cdm17173.contentdm.oclc.org/cdm/ref/collection/p17173coll38/id/6096",6096.0,"6706.jp2","/p17173coll38/image/6706.jp2","1962","ALLEN UNIVERSITY ALMA MATER        I                I    When other sons so true and daughters loyal  Shall to their alma mater shout praises free, We too  shall ever stand at thy side and sing aloud for ever;  Allen, fair mother, we pledge our love to thee.  Allen, fair mother, we pledge our love to thee.    Allen to thee we lift our hearts and voices,    Allen to thee lifeΓÇÖs choicest gifts we pray, And ever as we  leave thy dear walks and halls so steeped in glory,  Guard well thy children, and guide us on our way.        !!    it    Mr. David Levine    Miss Lavonnie Brinkley    Mrs. Carolyn Fein    Mr. and Mrs. Walter Oldham    Miss Marie Williams    Miss Sellina Bouknight    Miss Georgia McCargo    Mr. Gilbert Ames    Mr. William Rivers    Mr. Willie N. Fulsonn    Mr. Leroy Rhette    Mr. George Spielman    Mrs. Mary Kitt    Mr. Charles Collins    Mrs. Theodosia Chapman    Mrs. Dorothy Lonon    Mr. Leroy Chapman    Mr. and Mrs. Louis Pyatt    Mrs. Lyla Johnson    Miss Nellie Williams    Mr. and Mrs. Arnold Liss    Mr. Sidney Clark    Mindy and David Liss    Mr. Rodney Lannon    Miss Phylis A. Fellner    Mr. George Holton    Mrs. Virginia Williamson    Mr. and Mrs. John Pyatt    Miss Mary Yoda    Mr. and Mrs. Wayne Fannin    Miss Claytie Carethere    Rev. Robert E. Jones    Mr. Cydney C. Peimer    Miss Mildred Nesbitt    Mrs. Florence Washington    Miss Thelma Hill    Mr. Benjamin Frasier    Mrs. Maybell Hunter    Miss Mary Robinson    Mr. William Cox    Mrs. Inez Singleton    Mrs. Sannie Mann    Mr. and Mrs. John Nesbitt    Dr. Duban    Dr. Mestel    Dr. Chang    Miss Ash    Miss McGwevy    Dr. Turan    Miss Lowler    Mrs. Gitman",1205,True,False,False,False,False,"['Special Char Artifacts']","['ΓÇÖ']"
"Letter to Dr. J. A. Bacoats, April 29, 1962, Page 1","","McCray, John Henry, 1910-1987","1962-04-29 00:00:00","","Manuscripts; Accession 11294.","Allen University","","","A letter to Dr. J. A. Bacoats sent on April 29, 1962.","1 item ; Page 1 of 5","John Henry McCray Papers, 1929-1989","https://digital.library.sc.edu/collections/john-henry-mccray-papers-1929-1989/","University of South Carolina. South Caroliniana Library","Copyright Not Evaluated.∩┐╜For further information please contact The University of South Carolina, South Caroliniana Library, Columbia, SC 29208.","Civil Rights Era (1955-1969)","Columbia, Richland County, South Carolina, United States","English","300ppi, 24-bit depth color, Epson Expression 11000 XL flatbed scanner with SilverFast scanning software, primary archival file is a TIFF","2017-01","Text","image/jpeg","Documents (object genre)","mccrayjh04-32-011","","Joshua Schutzenhofer","","2021-11-16","2021-11-16","http://cdm17173.contentdm.oclc.org/cdm/ref/collection/p17173coll38/id/6097",6097.0,"6707.jp2","/p17173coll38/image/6707.jp2","1962","Dr. J.A. Bacoats, President  Benedict College    Columbia, South Carolina    April 29, 1962    Dear Dr. Bacoats:    Since your call earlier this morning I have read the  item in THE STATE, re: Allen University and the American  Association of University Professors. I have also checked  back over other matters you mentioned and, especially,  into the background of the AAUP situation with emphasis on  what precipitated it.    I thought to write you this personal letter so that  in the future you may be enabled to understand my pro┬¼  fessional role more clearly and spared the factor of  suspicion and distrust - if you wish it that way.    I neither claim, nor disclaim, credit for or connection  with the item in THE STATE. However, I find it properly done  and factual, but in style and reportorial language unlike  mine. IΓÇÖm presuming that the writer maXEhEdxfants simply  did thd logical thing: meld facts from the AUUP action in  Chicago with other documented and wellknown facts, which  involved both Allen and Benedict College, and also the  GovernorΓÇÖs office. I do not detect anywhere the slightest  basis for suspecting that the reporter writing the story  may have slanted his account to the benefit of either  college, or went beyond normal limits in reporting on a  situation which affected and involved both of the colleges.    In following this procedure the reporter employed the  same kind of freedom in his or her profession which seems  to be the substance of the AAUPΓÇÖs position in its censures  of both Allen and Benedict. Moreover, the two colleges are  inseparably connected in the issue of the dismissed pro┬¼  fessors; to the extent even that both colleges employed the  services of most or all of these persons in a joint faculty  operation program for some classes. Both colleges were put  under pressure by the State, for the same reasons, and both  colleges dismissed the men - perhaps, reluctantly and regret┬¼  fully at the time. Both were subsequently hauled onto the  AAUP carpet.    I setforth all of this that you might understand how  BenedictΓÇÖs name got intxb the story.    For some time I have been wanting to evaluate this  entire matter. I believe I know it better than anyone else,  including even Governor Timmerman, Jr. and the college presi┬¼  dents he put under pfassure. I have never written this story,  and perhaps never will - for publication, but oddly, it all""  began with Benedict College, a fact you may rnnii recall.",2012,True,False,False,False,False,"['Special Char Artifacts']","['┬¼', 'ΓÇÖ', 'ΓÇÖ', 'ΓÇÖ', '┬¼', '┬¼', 'ΓÇÖ', '┬¼']"
"Letter to Dr. J. A. Bacoats, April 29, 1962, Page 2","","McCray, John Henry, 1910-1987","1962-04-29 00:00:00","","Manuscripts; Accession 11294.","Allen University","","","A letter to Dr. J. A. Bacoats sent on April 29, 1962.","1 item ; Page 2 of 5","John Henry McCray Papers, 1929-1989","https://digital.library.sc.edu/collections/john-henry-mccray-papers-1929-1989/","University of South Carolina. South Caroliniana Library","Copyright Not Evaluated.∩┐╜For further information please contact The University of South Carolina, South Caroliniana Library, Columbia, SC 29208.","Civil Rights Era (1955-1969)","Columbia, Richland County, South Carolina, United States","English","300ppi, 24-bit depth color, Epson Expression 11000 XL flatbed scanner with SilverFast scanning software, primary archival file is a TIFF","2017-01","Text","image/jpeg","Documents (object genre)","mccrayjh04-32-012","","Joshua Schutzenhofer","","2021-11-16","2021-11-16","http://cdm17173.contentdm.oclc.org/cdm/ref/collection/p17173coll38/id/6098",6098.0,"6708.jp2","/p17173coll38/image/6708.jp2","1962","At the urgent insistence of a xshkeh Federal source with  which I had contact, I came to you during the 1955-56.academic  year to give this confidential information for your guidance  and protection, heforehand:    Gov. Timmerman had ordered special SLED agents to visit  you with the view to having certain professors at Benedict  fired. The Governor's action Was two-fold: He was-trying to  prove that communism dominated Negro life and leadership in  South Carolina; he planned then a higher political'post and  this issue could give him a splendid boost with little likeli┬¼  hood of reprisal of any significance. During his campaign for  the office he then held he had circulated about the state  printed copies of House UnAmerican Activities CommitteeΓÇÖs  listings of, oddly enough, a Benedict College graduate. This  explainswhy he elected to move first against Benedict.    I acted only as a messenger for this conference with you.  I recall reporting to you that the Federal source for which  I was doing the favor wished you to know that ferreting our  Communists - if there were any - was the responsibility of  the Federal government, and not that of the State.    Later, I learned by phone that, as had been indicated,  the agents did appear and you sent them away empty handed,  which was the course our Federal source considered proper.    However, something else occured simultaneously, which  I now believe created an atmosphere which made it impossible  for either the professors or the administration to function  thereafter in mutual confidence and respect. It was this:    The evening after my daytime conference with you, President  Higgins called me at home. He was obviously disturbed and asked  details about the report he'd just received saying I had con┬¼  ferred with you during the day for facts and material for a  story I was writing ""About Communists Teaching at Alien and  Benedict."" My meeting with you, as you recall, was confi┬¼  dential. I spoke to nobody other than my Federal source, which  could not afford to talk anywhere.    I also had a call the same night from Attorney Harold R.  Boulware making an inquiry similar to that of Dr. Higgins. Then,  I learned from certain agents that several, or all, of the  professors at both colleges Timmerman was after, were holding  a lengthy meeting of some kind in the home of the Benedict  College graduate whose citations had been circulated by  Timmerman during his campaign. Later, we were to learn that  during this meeting? and in subsequent ones, a strategy and  plan of counter-action were perfected.    The Federal source, whose only interest was to spare the  college harm from the hands of bigots going out of their way  to increase political fortunes, as well as myself, felt very  skxxxn chagrined that apparently what was to have a most con┬¼  fidential bit of information had now become public gossipc  I, particularly, and even now was to missxfzHS classified as  an enemy of the two colleges and of integrated college families.",2472,True,False,True,False,False,"['Special Char Artifacts', 'Repeat Chars']","['┬¼', 'ΓÇÖ', '┬¼', '┬¼', '┬¼', 'x']"
"Letter to Dr. J. A. Bacoats, April 29, 1962, Page 3","","McCray, John Henry, 1910-1987","1962-04-29 00:00:00","","Manuscripts; Accession 11294.","Allen University","","","A letter to Dr. J. A. Bacoats sent on April 29, 1962.","1 item ; Page 3 of 5","John Henry McCray Papers, 1929-1989","https://digital.library.sc.edu/collections/john-henry-mccray-papers-1929-1989/","University of South Carolina. South Caroliniana Library","Copyright Not Evaluated.∩┐╜For further information please contact The University of South Carolina, South Caroliniana Library, Columbia, SC 29208.","Civil Rights Era (1955-1969)","Columbia, Richland County, South Carolina, United States","English","300ppi, 24-bit depth color, Epson Expression 11000 XL flatbed scanner with SilverFast scanning software, primary archival file is a TIFF","2017-01","Text","image/jpeg","Documents (object genre)","mccrayjh04-32-013","","Joshua Schutzenhofer","","2021-11-16","2021-11-16","http://cdm17173.contentdm.oclc.org/cdm/ref/collection/p17173coll38/id/6099",6099.0,"6709.jp2","/p17173coll38/image/6709.jp2","1962","page three    The State, meanwhile, worked from another angle. It dis┬¼  patched SLED agents to Conneticut, Minnesota, New York;, to  Washington and several other places. The agents were seeking,  piece-meal fashion, detailed accounts of the professors at the  two colleges. They discovered nothing of evidence. I might add,  theyΓÇÖve yet to discover evidence, per se, despite even subse┬¼  quent claims of proof Gov. Timmerman said he had, explained  a little later in this letter.    By the 1956-57 academic year Allen had a new President,  one not familiar with the StateΓÇÖs campaign.    My source again came to report that SLED agents were  scheduled to contact the Allen president with this kind of  motivation:    ΓÇÖΓÇÖThey figure they can get cooperation of some kind at  Allen. If they can thejr they have already decided they are  going give Dr. Bacoats at Benedict hell. They didnΓÇÖt like  his attitude towards them. They said he wonΓÇÖt play ball.'*  (These words, as best I recall, are correctly quoted).    Neither of us actually knew Dr. Veal, the new President,  to the etxtent that either would venture to approach him  ahead of the agents as had been done with you the year before.  After careful discussion, however, and after IΓÇÖd first done  some feeling out, we decided that we could and should warn  him.    Through devisive means we had been able to obtain the  confidential reports on the six professors Timmerman was  after. I made longhand notes from the records at my home  at night, returned them to their proper source, then typed  into cogent form the information I had gathered.    I was sworn to secrecy and confidence with the material  which, the following day, was loaned to Dr. Veal in order that  he might have benefit of real facts aifid solid information for  any eventuality which developed. He was advised not to have this  classified information photographed or copied, and to return  it to me after M) hours.    Late that same night, my Federal source telephoned to  report that the classified information had been turned over  to SLED agents, who had photographed and returned it shortly  after I personally delivered the material to Dr. Veal. I  reclaimed the copies from Dr. Veal the next morning, without  informing him why and my Federal source and I met on the  outskirts of town, checked and discovered they had been  photographed. We then destroyed them in each otherΓÇÖs  presence.    The records we had had access to were in custody of a veteran  Federal agent who had reluctantly violated regulations in letting  us see them. But he, too, felt that it Was vitally important to  protect the two colleges against the onslaught against them. More┬¼  over, the records themselves contained nothing of evidence  to suuport a charge of communism. They were listings of speeches,  writings, meetings, memberships and associates of the involved",2356,True,False,False,False,False,"['Special Char Artifacts']","['┬¼', 'ΓÇÖ', '┬¼', 'ΓÇÖ', 'ΓÇÖΓÇÖ', 'ΓÇÖ', 'ΓÇÖ', 'ΓÇÖ', 'ΓÇÖ', '┬¼']"
"Letter to Dr. J. A. Bacoats, April 29, 1962, Page 4","","McCray, John Henry, 1910-1987","1962-04-29 00:00:00","","Manuscripts; Accession 11294.","Allen University","","","A letter to Dr. J. A. Bacoats sent on April 29, 1962.","1 item ; Page 4 of 5","John Henry McCray Papers, 1929-1989","https://digital.library.sc.edu/collections/john-henry-mccray-papers-1929-1989/","University of South Carolina. South Caroliniana Library","Copyright Not Evaluated.∩┐╜For further information please contact The University of South Carolina, South Caroliniana Library, Columbia, SC 29208.","Civil Rights Era (1955-1969)","Columbia, Richland County, South Carolina, United States","English","300ppi, 24-bit depth color, Epson Expression 11000 XL flatbed scanner with SilverFast scanning software, primary archival file is a TIFF","2017-01","Text","image/jpeg","Documents (object genre)","mccrayjh04-32-014","","Joshua Schutzenhofer","","2021-11-16","2021-11-16","http://cdm17173.contentdm.oclc.org/cdm/ref/collection/p17173coll38/id/6100",6100.0,"6710.jp2","/p17173coll38/image/6710.jp2","1962","page four    persons. Yet, they were complete and valuable for propaganda  purposes. They were also assembled data no other source on  earth had.    Ironically, one of the SLED agents who did the photographing  of the records, ^sx┬▒xdxihHx┬úEXKr informed the involved Federal  agent earlier in the evening and prior to the call I got that  he had finally gotten the information heΓÇÖd been trying for  months to get. Bits of the ┬▒nfxxma┬▒┬▒nn details of the informat┬¼  ion the SLED man boasted heΓÇÖd finally gotten - and how he had  obtained it - convinced the Federal agent quickly that heΓÇÖd  been thrown a curve. In desperation he made a deal of some  sort with the SLED agent, details of which IΓÇÖve never gotten.  However, I was told the SLED man had assured him he had per┬¼  sonally destroyed the copies heΓÇÖd photographed, but some months  later Gov. Timmerman used verbatim sentences from the copied  material. I wrote them myself and quickly recognized my own  words.    I made personal remonstrations against the use Gov.  Timmerman had made of the information to Lt. Shorter of SLED,  to SLED Chief J.P. Strom and to John Mason, then TimmermanΓÇÖs  executive or legislative secretary. All of these professed  ignorance of the matter. All of them knew, however.    At one point I was on the verge of making public how Gov.  Timmerman came into possession of the information given in  part to the General ^Assembly and at a subsequent press con┬¼  ference. I demurred this action after realizing that to do so  would further burdens of the already beseiged colleges. However,  I still h&ve the notes from which the copies were made that  were loaned to SLED.    Needless to say, the Federal agent who had tried to be┬¼  friend, and who had lived in Columbia for some 15 years, se┬¼  cured a transfer to another section of the country, taking  along his family, preventing an investigation against him  and saving his secure position.    To this point it had become clear that the administration at  neither college protected those providing confidential and  classified information pertaining to the problem confronting them.    Too, paid or otherwise renumerated stool pigeons were  given assignments on both campuses, making prompt and regular  Reports to SLED and others on activities of the six persons  involved. The Allen SLED informer, an ordained minister who  pastored a city congregation and also was on the faculty, was  paid regularly $50 weekly, plus additionally if he incurred  extra expense. The informer who worked the Benedict side was  a young ministerial student. I wasn't able to learn whether  he was paid money, or since he was a parolee at the time,  given certain other consideration. However, I am certain of  the operations of both men. The Benedict gentleman admitted  his activity to me, which was verified by an investigation  made by my federal source.",2362,True,False,False,False,False,"['Special Char Artifacts']","['┬▒', '┬ú', 'ΓÇÖ', '┬▒', '┬▒┬▒', '┬¼', 'ΓÇÖ', 'ΓÇÖ', 'ΓÇÖ', '┬¼', 'ΓÇÖ', 'ΓÇÖ', '┬¼', '┬¼', '┬¼']"
"Letter to Dr. J. A. Bacoats, April 29, 1962, Page 5","","McCray, John Henry, 1910-1987","1962-04-29 00:00:00","","Manuscripts; Accession 11294.","Allen University","","","A letter to Dr. J. A. Bacoats sent on April 29, 1962.","1 item ; Page 5 of 5","John Henry McCray Papers, 1929-1989","https://digital.library.sc.edu/collections/john-henry-mccray-papers-1929-1989/","University of South Carolina. South Caroliniana Library","Copyright Not Evaluated.∩┐╜For further information please contact The University of South Carolina, South Caroliniana Library, Columbia, SC 29208.","Civil Rights Era (1955-1969)","Columbia, Richland County, South Carolina, United States","English","300ppi, 24-bit depth color, Epson Expression 11000 XL flatbed scanner with SilverFast scanning software, primary archival file is a TIFF","2017-01","Text","image/jpeg","Documents (object genre)","mccrayjh04-32-015","","Joshua Schutzenhofer","","2021-11-16","2021-11-16","http://cdm17173.contentdm.oclc.org/cdm/ref/collection/p17173coll38/id/6101",6101.0,"6711.jp2","/p17173coll38/image/6711.jp2","1962","page five    It had ""been concluded by now that it was dangerous to try  further to prepare the administrations for what was coming. For  one thing the paid informers talked often to others than SLED.  By now, the professors themselves operated contacts which kept  their faction informed. It was unfortunate that this was the  case because there was still opportunity to defeat the campaign  against the colleges - and no matter how it is otherwise stated,  those making the attack had no concern over the probable damage  being done to the colleges themselves.    There are two developments along this line I report.    First, the actual discreditation of graduates in teaching  at Allen was never planned. What happened was that a scheme  was decided on, under which a letter threatening discreditation  was to be sent to AllenΓÇÖs administration which could in private  be used as compulsion for the dismissals sought at that college.  It was expressly understood that the letter was never to have  been made public, for the proposed action would likely provoke  reactions dangerous to the personal program of the Governor.    However, by an unusual development, contents of the letter  became public information even before it reached its intended  source at Allen. This infuriated Gov. Timmerman who left office  still uncertain as to how or where the leak came. He both  accused Allen of breaking its word, and at the same time, fired  his office aide, Charles Wickenberg - then a former reporter -  whom he suspected of leaking the matter to former co-workers.  Actually, Mr. Wickenberg was innocent.    Gov. Timmerman was now backed into a corner. If Allen didnΓÇÖt  dismiss its professors the threat of the mandate had to be obeyed.  For certain reasons, Allen demurred again on firing the three men  in question. Finally, the discreditation came and continued  until the men were relieved of their positions.    Since the spring of 19%, the GovernorΓÇÖs office had also had  assistance and cooperation from a white source which, for years,  had been considered influential with certain Negroes. This white  man, a lawyer, was placed on the Trustee Board of South Carolina  State College when a Board member from Sumter county died in the  spring of 19%. The manΓÇÖs firm had represented Allen University  for many years. He was also most influential with two Negro  members of the Benedict College Trustee Board. It appears that  we used both of his connections to the benefit of the Governor  in the Columbia disputes.    Once the Allen dismissals neared attainment, great pressures  were applied on certain Benedict Trustees, who in turn made certain  representations upon its President who, as pointed out earlier,  had irritated the Governor in refusing to play ball. Details of  this maneuver, of how both white and colored trustees were  bludgeoned - largely by the white attorney - into forcing the  dismissals at Benedict is both interesting and unique.",2432,True,False,False,False,False,"['Special Char Artifacts']","['ΓÇÖ', 'ΓÇÖ', 'ΓÇÖ', 'ΓÇÖ']"
"Annual Banquet of Dickerson Literary Society In Honor of Graduating Seniors of Dickerson Theological Seminary Program, May 3, 1962, Page 1","","McCray, John Henry, 1910-1987","1962-05-02 00:00:00","","Manuscripts; Accession 11294.","Allen University","","","A program for the Annual Banquet of Dickerson Literary Society In Honor of Graduating Seniors of Dickerson Theological Seminary on May 3, 1962.","1 item ; Page 1 of 3","John Henry McCray Papers, 1929-1989","https://digital.library.sc.edu/collections/john-henry-mccray-papers-1929-1989/","University of South Carolina. South Caroliniana Library","Copyright Not Evaluated.∩┐╜For further information please contact The University of South Carolina, South Caroliniana Library, Columbia, SC 29208.","Civil Rights Era (1955-1969)","Columbia, Richland County, South Carolina, United States","English","300ppi, 24-bit depth color, Epson Expression 11000 XL flatbed scanner with SilverFast scanning software, primary archival file is a TIFF","2017-01","Text","image/jpeg","Documents (object genre)","mccrayjh04-32-016","","Joshua Schutzenhofer","","2021-11-16","2021-11-16","http://cdm17173.contentdm.oclc.org/cdm/ref/collection/p17173coll38/id/6102",6102.0,"6712.jp2","/p17173coll38/image/6712.jp2","1962","A N NU A. L. B A N Q UE T    OF    DICKERSON LITERARY' SOCIETY    IN HONOR OF GRADUATING SENIORS    OF    DICKERSON THEOLOGICAL SEMINARY    AT,TEN UNIVERSITY - DINING HALL    Thursday, May 3, 19&2    8:00 P.M",150,False,True,False,False,False,"['General Artifacts']","['19&2']"
"Annual Banquet of Dickerson Literary Society In Honor of Graduating Seniors of Dickerson Theological Seminary Program, May 3, 1962, Page 2","","McCray, John Henry, 1910-1987","1962-05-02 00:00:00","","Manuscripts; Accession 11294.","Allen University","","","A program for the Annual Banquet of Dickerson Literary Society In Honor of Graduating Seniors of Dickerson Theological Seminary on May 3, 1962.","1 item ; Page 2 of 3","John Henry McCray Papers, 1929-1989","https://digital.library.sc.edu/collections/john-henry-mccray-papers-1929-1989/","University of South Carolina. South Caroliniana Library","Copyright Not Evaluated.∩┐╜For further information please contact The University of South Carolina, South Caroliniana Library, Columbia, SC 29208.","Civil Rights Era (1955-1969)","Columbia, Richland County, South Carolina, United States","English","300ppi, 24-bit depth color, Epson Expression 11000 XL flatbed scanner with SilverFast scanning software, primary archival file is a TIFF","2017-01","Text","image/jpeg","Documents (object genre)","mccrayjh04-32-017","","Joshua Schutzenhofer","","2021-11-16","2021-11-16","http://cdm17173.contentdm.oclc.org/cdm/ref/collection/p17173coll38/id/6103",6103.0,"6713.jp2","/p17173coll38/image/6713.jp2","1962","*** PROGRAMS ┬╗**  i Γûá    Rev. W. H. Abel, Presiding    SONG    INVOCATION Rev. Joseph Frazier    WELCOME Rev. J.C. Gasque    SOLO    INTRODUCTION OF SPEAKER Rev. Willie Utsey    SPEAKER Rev. James Holmes, Pastor-Bethel A.M.E.Church  Laurens, S. C,  (Class of ΓÇÖ56 - Dickerson Seminary)    SOLO    PRESENTATION OF SENIORS    FRESENTA.TION GF PRRqTTENTΓÇöDickerson Literary Society    PRESENTATION OF:    College Presidents    Seminary Deans    ┬╗#┬½**%*#┬╗*%%***┬½┬╗*    +++ M E N U +++    Frost Cocktail    Sauce a la King    Boned a' la Paprika Fryei    Delmonica Potatoes    Peas Continental    Dinner Rolls DeLuxe    Pineapple Mousse Salad    , Brick La Nilla Ice Cream    Mints    M-E-M-B-E-R-S    r ΓÇó    Peanuts    Orange Pokoe Ice Tea    OFFICERS:    President∩┐╝John H. Gillison  Vice-President∩┐╝William W. Cooper  Secretary∩┐╝Franklin K. Richardson  Assistant Secretary∩┐╝Alvin J. Blake  Treasurer...∩┐╝.'...Joseph P. Frazier  Reporter∩┐╝Willie Olando-Price  Chaplain∩┐╝John C. Gasque    ∩┐╝ ∩┐╝    Wendel Abel  Julius Steed    Wallace McKnight  Frank M. Maddox  Johnny Rouse  Arthur Robinson  Leroy Weathers    ∩┐╝ ∩┐╝    Johnny Yeadon  Willie Utsey  Antonio Bonner  James A. Green  Joseph C. Roache  Raymond Strom  Cornelius Herbert",969,True,True,False,False,False,"['Special Char Artifacts', 'General Artifacts']","['***', '┬╗**', 'Γûá', 'ΓÇÖ', 'ΓÇö', '┬╗#┬½**%*#┬╗*%%***┬½┬╗*', '+++', '+++', 'ΓÇó', '∩┐╝', '∩┐╝', '∩┐╝', '∩┐╝', '∩┐╝', '∩┐╝', '∩┐╝', '∩┐╝', '∩┐╝', '∩┐╝', '∩┐╝', '½**%*#┬╗*%%***┬½']"
"Annual Banquet of Dickerson Literary Society In Honor of Graduating Seniors of Dickerson Theological Seminary Program, May 3, 1962, Page 3","","McCray, John Henry, 1910-1987","1962-05-02 00:00:00","","Manuscripts; Accession 11294.","Allen University","","","A program for the Annual Banquet of Dickerson Literary Society In Honor of Graduating Seniors of Dickerson Theological Seminary on May 3, 1962.","1 item ; Page 3 of 3","John Henry McCray Papers, 1929-1989","https://digital.library.sc.edu/collections/john-henry-mccray-papers-1929-1989/","University of South Carolina. South Caroliniana Library","Copyright Not Evaluated.∩┐╜For further information please contact The University of South Carolina, South Caroliniana Library, Columbia, SC 29208.","Civil Rights Era (1955-1969)","Columbia, Richland County, South Carolina, United States","English","300ppi, 24-bit depth color, Epson Expression 11000 XL flatbed scanner with SilverFast scanning software, primary archival file is a TIFF","2017-01","Text","image/jpeg","Documents (object genre)","mccrayjh04-32-018","","Joshua Schutzenhofer","","2021-11-16","2021-11-16","http://cdm17173.contentdm.oclc.org/cdm/ref/collection/p17173coll38/id/6104",6104.0,"6714.jp2","/p17173coll38/image/6714.jp2","1962","A-D-V-I-S-O-R-S    Dr. E.F.G. Dent,, .Dean    Rev. L. E. Crumlin    Dr. Julius Holman",65,False,False,False,False,True,"[]","[]"
"Letter to Dr. Wright from John H. McCray, May 18, 1962","","McCray, John Henry, 1910-1987","1962-05-17 00:00:00","","Manuscripts; Accession 11294.","Allen University","","","A letter to Dr. Wright from John H. McCray sent on May 18, 1962.","1 item","John Henry McCray Papers, 1929-1989","https://digital.library.sc.edu/collections/john-henry-mccray-papers-1929-1989/","University of South Carolina. South Caroliniana Library","Copyright Not Evaluated.∩┐╜For further information please contact The University of South Carolina, South Caroliniana Library, Columbia, SC 29208.","Civil Rights Era (1955-1969)","Columbia, Richland County, South Carolina, United States","English","300ppi, 24-bit depth color, Epson Expression 11000 XL flatbed scanner with SilverFast scanning software, primary archival file is a TIFF","2017-01","Text","image/jpeg","Documents (object genre)","mccrayjh04-32-019","","Joshua Schutzenhofer","","2021-11-16","2021-11-16","http://cdm17173.contentdm.oclc.org/cdm/ref/collection/p17173coll38/id/6105",6105.0,"6715.jp2","/p17173coll38/image/6715.jp2","1962","May 18, 1962    Dear Dr, Wright*    Yesterday we paid Rev, Roscoe Wilson in full  the 118,67 1)111 for services in the Dining Hall  May 9th and express our fullest appreciation that  you so kindly helped us with this project.    We were pleased with the preparation and  service of the food. We greatly over-ordered and  Instructed Rev, Wilson to turn over to the uni┬¼  versity both the prepared food left and also  that which had not been cooked. The two amounted  to approximately two-thirds of what we or erod.    We also advise, however, that we believe our  future arrangements for similar occasions would  be more satisfactca'y to all concerned were we per┬¼  mitted to make those through your office or through  the business department.    ΓÇÖ Sincerely,    John II, McCray    Dr. oward . Wright, Presi ent  Allen University    Columbia, South Carolina",685,True,False,False,False,False,"['Special Char Artifacts']","['┬¼', '┬¼', 'ΓÇÖ']"
"Ninety-second Commencement Exercises Invitation, May 24, 1962, Page 1","","McCray, John Henry, 1910-1987","1962-05-23 00:00:00","","Manuscripts; Accession 11294.","Allen University","","","An invitation to the Ninety-second Commencement Exercises on May 25, 1962 from the trustees, faculty and graduating classes.","1 item ; Page 1 of 2","John Henry McCray Papers, 1929-1989","https://digital.library.sc.edu/collections/john-henry-mccray-papers-1929-1989/","University of South Carolina. South Caroliniana Library","Copyright Not Evaluated.∩┐╜For further information please contact The University of South Carolina, South Caroliniana Library, Columbia, SC 29208.","Civil Rights Era (1955-1969)","Columbia, Richland County, South Carolina, United States","English","300ppi, 24-bit depth color, Epson Expression 11000 XL flatbed scanner with SilverFast scanning software, primary archival file is a TIFF","2017-01","Text","image/jpeg","Documents (object genre)","mccrayjh04-32-020","","Joshua Schutzenhofer","","2021-11-16","2021-11-16","http://cdm17173.contentdm.oclc.org/cdm/ref/collection/p17173coll38/id/6106",6106.0,"6716.jp2","/p17173coll38/image/6716.jp2","1962","┬«lje trustees, Sjacultu anb  05rabuating (Class  of Allen Mmfrersity  request fife pleasure of gour presence    at tljeir  ^inetg.seconb  (Commencement ^Exercises  tKljursbag morning, JHag tfoentg-fonrt!]  nineteen Ifunbreb anb sixig-tfuo  at ten ttjirtg oΓÇÖclock  ^niberstig ^Aubitorium  (Eolumbfa, ^outl] (Karolina",269,True,False,False,False,False,"['Special Char Artifacts']","['┬«', 'ΓÇÖ']"
"Letter to Mr. John H. McCray from H. E. Wright, May 28, 1962","","McCray, John Henry, 1910-1987","1962-05-27 00:00:00","","Manuscripts; Accession 11294.","Allen University","","","A letter to Mr. John H. McCray from H. E. Wright sent on May 28, 1962.","1 item","John Henry McCray Papers, 1929-1989","https://digital.library.sc.edu/collections/john-henry-mccray-papers-1929-1989/","University of South Carolina. South Caroliniana Library","Copyright Not Evaluated.∩┐╜For further information please contact The University of South Carolina, South Caroliniana Library, Columbia, SC 29208.","Civil Rights Era (1955-1969)","Columbia, Richland County, South Carolina, United States","English","300ppi, 24-bit depth color, Epson Expression 11000 XL flatbed scanner with SilverFast scanning software, primary archival file is a TIFF","2017-01","Text","image/jpeg","Documents (object genre)","mccrayjh04-32-022","","Joshua Schutzenhofer","","2021-11-16","2021-11-16","http://cdm17173.contentdm.oclc.org/cdm/ref/collection/p17173coll38/id/6108",6108.0,"6718.jp2","/p17173coll38/image/6718.jp2","1962","HOWARD E. WRIGHT  PRESIDENT    UNDER THE AUSPICES OF THE  AFRICAN METHODIST EPISCOPAL CHURCH    Allen Mnibersxty    (finhimhia 4, SΓÇÖnnth (Carolina    OFFICE OF THE PRESIDENT    May 28, 1962    Mr. John H. McCray  Post Office Box 4011  Columbia, South Carolina    Dear Mr. McCray:    I shall be out of the city for the next day  or two, but wish to have the opportunity of dis┬¼  cussing a probable solution to the matter of  publicity for Allen University. Will you kindly  think with me on this, and let me know a suitable  time for a conference.    /McC",430,True,False,False,False,False,"['Special Char Artifacts']","['ΓÇÖ', '┬¼']"
"Allen University Student Loan Fund Account Balance, Mr. Thomas McCray, May 31, 1962","","McCray, John Henry, 1910-1987","1962-05-30 00:00:00","","Manuscripts; Accession 11294.","Allen University","","","The Allen University Student Loan Fund account balance of Mr. Thomas McCray made on May 31, 1962.","1 item","John Henry McCray Papers, 1929-1989","https://digital.library.sc.edu/collections/john-henry-mccray-papers-1929-1989/","University of South Carolina. South Caroliniana Library","Copyright Not Evaluated.∩┐╜For further information please contact The University of South Carolina, South Caroliniana Library, Columbia, SC 29208.","Civil Rights Era (1955-1969)","Columbia, Richland County, South Carolina, United States","English","300ppi, 24-bit depth color, Epson Expression 11000 XL flatbed scanner with SilverFast scanning software, primary archival file is a TIFF","2017-01","Text","image/jpeg","Documents (object genre)","mccrayjh04-32-023","","Joshua Schutzenhofer","","2021-11-16","2021-11-16","http://cdm17173.contentdm.oclc.org/cdm/ref/collection/p17173coll38/id/6109",6109.0,"6719.jp2","/p17173coll38/image/6719.jp2","1962","M AY 311962    TELEPHONEΓÇöALphine 6-8032 19    Mr. Thomas McCray     2459 Waites Road     Columbia, South Carolina    IN ACCOUNT WITH    ALLEN UNIVERSITY    Columbia 4, South Carolina            BALANCE            100    00                                                                    ALL    LffiLEVPlT? QTr    r v                        STUDENT LOAN FUND                                ΓÇö    ..                              If this statement is    T'T in                            agreement with your    please notify ou-r a    DERRICK, STUBBS &    ecoros                                                        I 1 ┬½ 1 1                            1 UUliv ┬½    P. 0. BOX 363, COLUMBIA    I, s. c.                            Phone    ΓÇÖ-6366                        accrue one year after graduation. The prin-                            cipal repayment period begins one year                            after graduation and payments of 10 per                            cent of principal and accrued interest there┬¼  on is payable during each year thereafter  until note is satisfied.",517,True,False,False,False,False,"['Special Char Artifacts']","['ΓÇö', 'ΓÇö', '┬½', '┬½', 'ΓÇÖ', '┬¼']"
"Allen University Contract of Employment, Mrs. Mittie G. McCray, June 21, 1962","","McCray, John Henry, 1910-1987","1962-06-20 00:00:00","","Manuscripts; Accession 11294.","Allen University","","","The Allen University contract of employment of Mrs. Mittie G. McCray made on June 21, 1962.","1 item","John Henry McCray Papers, 1929-1989","https://digital.library.sc.edu/collections/john-henry-mccray-papers-1929-1989/","University of South Carolina. South Caroliniana Library","Copyright Not Evaluated.∩┐╜For further information please contact The University of South Carolina, South Caroliniana Library, Columbia, SC 29208.","Civil Rights Era (1955-1969)","Columbia, Richland County, South Carolina, United States","English","300ppi, 24-bit depth color, Epson Expression 11000 XL flatbed scanner with SilverFast scanning software, primary archival file is a TIFF","2017-01","Text","image/jpeg","Documents (object genre)","mccrayjh04-32-024","","Joshua Schutzenhofer","","2021-11-16","2021-11-16","http://cdm17173.contentdm.oclc.org/cdm/ref/collection/p17173coll38/id/6110",6110.0,"6720.jp2","/p17173coll38/image/6720.jp2","1962","ALLEN UNIVERSITY Columbia, South Carolina    State of South Carolina    County of Richland    CONTRACT OF EMPLOYMENT    This agreement made and entered into on the day of∩┐╝JΓÇöJI┬«∩┐╝19_ΓÇ₧by and between the Trustees∩┐╝  of Allen University, a church-related Corporation with offices located at Columbia, Richland County, South Carolina, represented  by the President, the First Party, hereinafter called the University, and G_.__McCray__, the Second Party,    hereinafter called the Apoin+ee. Appointee    WITNESSETH, that the parties hereto agree as follows:    1- The Appointee s _McCr_ay_ accepts employment as / ΓÇö.Secretary∩┐╝ in the    ∩┐╝ Pres id ent * s-0Lffi_ce.∩┐╝ at the University for a period of 12 months, beginning on the -let-∩┐╝ day of    JuneΓÇö, 19-62., and ending on the∩┐╝3Lst_ day of∩┐╝ ; 19__63_. The Appointee is to receive a    salary in the amount of ΓÇö$3000,00∩┐╝, payable in∩┐╝12.∩┐╝equal monthly installments of∩┐╝$_25Q∩┐╝, provided,  however, that the Appointee meets all usual and proper obligations imposed by the University.    2. The Appointee further agrees to devote all required time in performance of the duties for the above mentioned position  well and faithfully; to enter into the activities of the University, extra-curricula or otherwise, in a manner to encourage and build  the morale of the student body, consonant with the regulations and policies of the Board of Trustees as administered by the President  of the University.    3. It is further agreed by and between the parties hereto that this contract shall terminate immediately in the event of death  of the Appointee, or disability of such a nature as to prevent performance of service obligations of this Contract; and further,  if the Appointee breaks this agreement or causes it to be broken during the session at a time that inconveniences the ordinary pro┬¼  cedure of the University, then the Appointee shall forfeit all rights to any unpaid salary as liquidated damages.    4. Either contracting party may at any time, for just cause, terminate this agreement by giving thirty (30) days notice in  writing to the other party fully setting forth said reasons.    5. The University reserves the right upon judgement of the President to terminate, without advance notice, the services of  the Appointee for wilful neglect of duty, incompetence, physical or mental disability, dishonesty, grave personal misconduct, failure  to continue or to improve scholarship, insubordination, persistent violation or refusal to obey the laws and regulations promulgated  by the Board of Trustees or any directives of the said Trustee Board or the violation of any State, County or municipal laws,  statutes or ordinances or the laws of the United States that would bring discredit upon the University.    IN WITNESS WHEREOF, the parties hereto, in the capacity and under the authority aforesaid, have hereunto affixed their    signatures the day' and year first above written.",2465,True,True,False,False,False,"['Special Char Artifacts', 'General Artifacts']","['∩┐╝', 'ΓÇö', '┬«∩┐╝', 'ΓÇ₧', '∩┐╝', 'ΓÇö', '∩┐╝', '∩┐╝', '∩┐╝', '∩┐╝', 'ΓÇö', '∩┐╝', '∩┐╝', 'ΓÇö$', '∩┐╝', '∩┐╝', '∩┐╝', '∩┐╝$', '∩┐╝', '┬¼', 'Apoin+ee', 'ΓÇö$3000,00', 'of∩┐╝$_25Q']"
"The Ninety-Second Commencement Exercises program, May 24, 1962, Page 1","","McCray, John Henry, 1910-1987","1962-05-23 00:00:00","","Manuscripts; Accession 11294.","Allen University","","","The program for the Ninety-Second Commencement on May 24, 1962.","1 item ; Page 1 of 4","John Henry McCray Papers, 1929-1989","https://digital.library.sc.edu/collections/john-henry-mccray-papers-1929-1989/","University of South Carolina. South Caroliniana Library","Copyright Not Evaluated.∩┐╜For further information please contact The University of South Carolina, South Caroliniana Library, Columbia, SC 29208.","Civil Rights Era (1955-1969)","Columbia, Richland County, South Carolina, United States","English","300ppi, 24-bit depth color, Epson Expression 11000 XL flatbed scanner with SilverFast scanning software, primary archival file is a TIFF","2017-01","Text","image/jpeg","Documents (object genre)","mccrayjh04-32-025","","Joshua Schutzenhofer","","2021-11-16","2021-11-16","http://cdm17173.contentdm.oclc.org/cdm/ref/collection/p17173coll38/id/6111",6111.0,"6721.jp2","/p17173coll38/image/6721.jp2","1962","(ttammentement jderrtscs    Thursday Morning, May 24, 1962    TEN-THIRTY OΓÇÖCLOCK    Allen University Auditorium",93,True,False,False,False,False,"['Special Char Artifacts']","['ΓÇÖ']"
"The Ninety-Second Commencement Exercises program, May 24, 1962, Page 2","","McCray, John Henry, 1910-1987","1962-05-23 00:00:00","","Manuscripts; Accession 11294.","Allen University","","","The program for the Ninety-Second Commencement on May 24, 1962.","1 item ; Page 2 of 4","John Henry McCray Papers, 1929-1989","https://digital.library.sc.edu/collections/john-henry-mccray-papers-1929-1989/","University of South Carolina. South Caroliniana Library","Copyright Not Evaluated.∩┐╜For further information please contact The University of South Carolina, South Caroliniana Library, Columbia, SC 29208.","Civil Rights Era (1955-1969)","Columbia, Richland County, South Carolina, United States","English","300ppi, 24-bit depth color, Epson Expression 11000 XL flatbed scanner with SilverFast scanning software, primary archival file is a TIFF","2017-01","Text","image/jpeg","Documents (object genre)","mccrayjh04-32-026","","Joshua Schutzenhofer","","2021-11-16","2021-11-16","http://cdm17173.contentdm.oclc.org/cdm/ref/collection/p17173coll38/id/6112",6112.0,"6722.jp2","/p17173coll38/image/6722.jp2","1962","Programme    PRESIDENT H. E. WRIGHTΓÇöPresiding    PROCESSIONALΓÇöΓÇ£War March of the PriestsΓÇ¥ ∩┐╝ Mendelssohn    HYMN 0 God, Our Help In Ages Past    INVOCATION ∩┐╝ Dr. F. C. James  SCRIPTURE ∩┐╝ Dr. H. B. Butler  CHORAL RESPONSE    MUSICΓÇöΓÇ£Sang and RejoiceΓÇ¥ ∩┐╝ James  Allen University Choir    INTRODUCTION OF SPEAKER∩┐╝President H. E. Wright  ADDRESS Attorney John H. Wheeler∩┐╝    President, Mechanics and Farmers Bank  Durham, North Carolina  MUSICΓÇöΓÇ£I Will Give ThanksΓÇ¥ ∩┐╝ Rossini  Pauline Harper, Soloist  Allen University Choir    CONFERRING OF DEGREES    MUSIC ∩┐╝ΓÇö∩┐╝ ΓÇ£Fare Ye WellΓÇ¥    Allen University Choir  John Singleton, Soloist    PRESENTATION OF BISHOP CARY A. GIBBS    President H. E. Wright  Chairman, Board of Trustees    ANNOUNCEMENTS    MUSICΓÇöΓÇ£The Hallelujah ChorusΓÇ¥ (From the ΓÇ£MessiahΓÇ¥)ΓÇöHandel  Allen University Choir    BENEDICTION Bishop C. A. Gibbs    RECESSIONAL    (Audience Please Remain Seated)    ∩┐╝    ∩┐╝    ∩┐╝ ΓÇÿO God Our Help in Ages PastΓÇ¥    0 God, our help in ages past,    Our hope for years to come,    Our shelter from the stormy blast,  And our eternal home:    Before the hills in order stood,  Or earth received her frame,  From everlasting thou art God,  To endless years the same.    O God, our help in ages past,    Our hope for years to come,    Be thou our guard while life shall last,  And our perpetual home!    ALLEN UNIVERSITY ALMA MATER    Allen, to thee we lift our hearts and Voices.    Allen, to thee lifeΓÇÖs choicest gifts we pray,    And ever as we leave thy dear walls and halls so steeped in glory  Guard well thy children; guard and guide us on our way.    Guard well thy children; guard and guide us on our way.    When other sons so true and daughters loyal    Shall to their Alma Mater shout praises free,    We too shall ever stand at thy side and sing aloud forever:    Allen, fair Mother, we pledge our love to thee,    Allen, fair Mother, we pledge our love to thee.",1542,True,False,False,False,False,"['Special Char Artifacts']","['ΓÇö', 'ΓÇöΓÇ£', 'ΓÇ¥', '∩┐╝', '∩┐╝', '∩┐╝', 'ΓÇöΓÇ£', 'ΓÇ¥', '∩┐╝', '∩┐╝', '∩┐╝', 'ΓÇöΓÇ£', 'ΓÇ¥', '∩┐╝', '∩┐╝ΓÇö∩┐╝', 'ΓÇ£', 'ΓÇ¥', 'ΓÇöΓÇ£', 'ΓÇ¥', 'ΓÇ£', 'ΓÇ¥', 'ΓÇö', '∩┐╝', '∩┐╝', '∩┐╝', 'ΓÇÿ', 'ΓÇ¥', 'ΓÇÖ']"
"The Ninety-Second Commencement Exercises program, May 24, 1962, Page 3","","McCray, John Henry, 1910-1987","1962-05-23 00:00:00","","Manuscripts; Accession 11294.","Allen University","","","The program for the Ninety-Second Commencement on May 24, 1962.","1 item ; Page 3 of 4","John Henry McCray Papers, 1929-1989","https://digital.library.sc.edu/collections/john-henry-mccray-papers-1929-1989/","University of South Carolina. South Caroliniana Library","Copyright Not Evaluated.∩┐╜For further information please contact The University of South Carolina, South Caroliniana Library, Columbia, SC 29208.","Civil Rights Era (1955-1969)","Columbia, Richland County, South Carolina, United States","English","300ppi, 24-bit depth color, Epson Expression 11000 XL flatbed scanner with SilverFast scanning software, primary archival file is a TIFF","2017-01","Text","image/jpeg","Documents (object genre)","mccrayjh04-32-027","","Joshua Schutzenhofer","","2021-11-16","2021-11-16","http://cdm17173.contentdm.oclc.org/cdm/ref/collection/p17173coll38/id/6113",6113.0,"6723.jp2","/p17173coll38/image/6723.jp2","1962","I    CANDIDATES FOR GRADUATIONΓÇöMAY 1962    BACHELOR OF ARTS    Pearline Vivian Amaker  Billy Matthew Bean  Antonio Maceo Bonner  Nettie Mae Brogdon  Eddie Dwane Ford  Miniam Eliza Frederick  Leotha Hilton Gipson  *ΓÇöCarl Baynes Hughes  George Drummond Hamilton  Ruth Loretta Jenkins  *ΓÇöEloise Jones    BACHELOR    Dorthulla Anderson  Georgianna Anderson  Elizabeth Clotelle Ashford  *ΓÇöTheola White Baylor ,  Ernest Belton  Agnes Etta Boyd  Sarah Jean Bromell  Betty Jean Bryant  Francina Bryant    Francella Burroughs  John Burrows, Jr.  *ΓÇöFrederick Adetokunbo    Christian    Isabel Washington Coleman  Mary Ila Couser    William Roland Drummond  Shirley Ann Earle  Richard Elmore  Joan Barbara Foard    Rupert Augustus Brown, Jr.  Patricia Moore Fulmore  Joseph Elias Grant  Andrew Gray, Jr.    Woodrow Ted Lewis  Evelyn Gail McIntosh  Frank Maddox, Jr.    Virginia Lucille Montgomery  *ΓÇöYvonne Robinson  Dorothy Albertine Ryan  *ΓÇöNecia Patricia Smith  Evelyn Ruth Walker  *ΓÇöAudrey Sterlita Weaver  Gardenia Elizabeth Wilson    OF SCIENCE    Carolyn Lamar Lyles    *ΓÇöFrances Virginia McCardell  Abraham McGill  Reddrick Linwood Martin  Sue Roella Martin  Gloria Jean Massey  Elijah Joshua Millsaps, Jr.  John Wesley Moore  Emily Newton    Leila Gertrude Owens  Chester Delaine Paige  Oliver King Perry, Jr.    Maceo Sylvester Pickett  Margaret Elizabeth Rabb  Henry Sylvester Reeder  Rhudine Washington Robinson  James Hamilton Scott  Gertie Bell Simmons  Emma Wright Singletary  Josh Smith, Jr.    Anna Brown Thaxton  **ΓÇöPearl Patricia Tatum  *ΓÇöCharles John Thomas",1279,True,False,False,False,False,"['Special Char Artifacts']","['ΓÇö', '*ΓÇö', '*ΓÇö', '*ΓÇö', '*ΓÇö', '*ΓÇö', '*ΓÇö', '*ΓÇö', '*ΓÇö', '**ΓÇö', '*ΓÇö']"
"The Ninety-Second Commencement Exercises program, May 24, 1962, Page 4","","McCray, John Henry, 1910-1987","1962-05-23 00:00:00","","Manuscripts; Accession 11294.","Allen University","","","The program for the Ninety-Second Commencement on May 24, 1962.","1 item ; Page 4 of 4","John Henry McCray Papers, 1929-1989","https://digital.library.sc.edu/collections/john-henry-mccray-papers-1929-1989/","University of South Carolina. South Caroliniana Library","Copyright Not Evaluated.∩┐╜For further information please contact The University of South Carolina, South Caroliniana Library, Columbia, SC 29208.","Civil Rights Era (1955-1969)","Columbia, Richland County, South Carolina, United States","English","300ppi, 24-bit depth color, Epson Expression 11000 XL flatbed scanner with SilverFast scanning software, primary archival file is a TIFF","2017-01","Text","image/jpeg","Documents (object genre)","mccrayjh04-32-028","","Joshua Schutzenhofer","","2021-11-16","2021-11-16","http://cdm17173.contentdm.oclc.org/cdm/ref/collection/p17173coll38/id/6114",6114.0,"6724.jp2","/p17173coll38/image/6724.jp2","1962","Marguerite Guess    Thomas Nelson Hall    *'ΓÇöMary Lee Haynes    Walter Howell    Lawrence Hughes, Jr.    Alex Humphrey, Jr.    *ΓÇöVeronica Hope Hunter    John Wesley Jackson, Jr.    *ΓÇöPhoebe Rubens Johnson  Kedric Edward Jones. Jr.    Frank Kennedy    Gallant Lee    *ΓÇöWendell Louis Thompson  Marthenia Tisdale    Margaret Laverne Tucker    Juanita Veal    Mae Frances Waring    Shirley Washington    Carrol Watson    Forest Randolph Williams    Gladys Ann Williams    Martha Louise Williams    Tommy Lee Williams    Bobby Ray Young    BACHELOR OF DIVINITY    *ΓÇöRichard Daniel Ansah    *-ΓÇöWilliam Wash Cooper    *ΓÇóΓÇöJohn Harold Gillison    James Elliott Moody  ***ΓÇöWillie Olando-Price    CANDIDATES FOR HONORARY DEGREES    DOCTOR OF LETTERS    Lewis C. Dowdy    DOCTOR OF HUMANITIES    Miller Hamilton Johnson    *ΓÇöCum Laude    **ΓÇöCum Laude with the highest average    ***ΓÇöMagna Cum Laude",696,True,False,False,False,False,"['Special Char Artifacts']","['ΓÇö', '*ΓÇö', '*ΓÇö', '*ΓÇö', '*ΓÇö', 'ΓÇö', '*ΓÇóΓÇö', '***ΓÇö', '*ΓÇö', '**ΓÇö', '***ΓÇö']"
"Letter to Mr. John McCray from Howard E. Right, September 21, 1962","","McCray, John Henry, 1910-1987","1962-09-20 00:00:00","","Manuscripts; Accession 11294.","Allen University","","","A letter to Mr. John H. McCray from Howard E. Right sent on September 21, 1962.","1 item","John Henry McCray Papers, 1929-1989","https://digital.library.sc.edu/collections/john-henry-mccray-papers-1929-1989/","University of South Carolina. South Caroliniana Library","Copyright Not Evaluated.∩┐╜For further information please contact The University of South Carolina, South Caroliniana Library, Columbia, SC 29208.","Civil Rights Era (1955-1969)","Columbia, Richland County, South Carolina, United States","English","300ppi, 24-bit depth color, Epson Expression 11000 XL flatbed scanner with SilverFast scanning software, primary archival file is a TIFF","2017-01","Text","image/jpeg","Documents (object genre)","mccrayjh04-32-029","","Joshua Schutzenhofer","","2021-11-16","2021-11-16","http://cdm17173.contentdm.oclc.org/cdm/ref/collection/p17173coll38/id/6115",6115.0,"6725.jp2","/p17173coll38/image/6725.jp2","1962","HOWARD E. WRIGHT    UNDER THE AUSPICES OF THE  AFRICAN METHODIST EPISCOPAL CHURCH    PRESIDENT    Allini llmfrcrsrtu    (Enlunihia 4, ^nuih (Carolina    OFFICE OF THE PRESIDENT    September 21, 1962    Mr. John McCray    P. O. Box l|011    Columbia, South Carolina    Dear Friend:    Enclosed is a complimentary season-ticket to all home-games  played by the Allen University football team.    We trust you will enjoy these games with us.    77 ΓÇö    Howard E. Wright    Howard E. Wright  President    HEW/a    Encl.",391,True,True,False,False,False,"['Special Char Artifacts', 'General Artifacts']","['ΓÇö', 'l|011']"
"Letter to Mr. McCray from H. E. Wright, October 2, 1962","","McCray, John Henry, 1910-1987","1962-10-01 00:00:00","","Manuscripts; Accession 11294.","Allen University","","","A letter to Mr. McCray from H. E. Wright sent on October 2, 1962.","1 item","John Henry McCray Papers, 1929-1989","https://digital.library.sc.edu/collections/john-henry-mccray-papers-1929-1989/","University of South Carolina. South Caroliniana Library","Copyright Not Evaluated.∩┐╜For further information please contact The University of South Carolina, South Caroliniana Library, Columbia, SC 29208.","Civil Rights Era (1955-1969)","Columbia, Richland County, South Carolina, United States","English","300ppi, 24-bit depth color, Epson Expression 11000 XL flatbed scanner with SilverFast scanning software, primary archival file is a TIFF","2017-01","Text","image/jpeg","Documents (object genre)","mccrayjh04-32-030","","Joshua Schutzenhofer","","2021-11-16","2021-11-16","http://cdm17173.contentdm.oclc.org/cdm/ref/collection/p17173coll38/id/6116",6116.0,"6726.jp2","/p17173coll38/image/6726.jp2","1962","TO: Mr. McCray    FROM: H. E. Wright    October 2, 1962    JOTTINGS FOR NEWS ARTICLE    Allen UniversityΓÇÖs indebtedness has been reduced by $103,000.    A $30,000 withholding tax has been paid to the government    $15,000 has been repaid to the Allen University Endowment Fund.    (This money had been borrowed for current operating expenses previously)    Over $4,000 had been borrowed from the plant fund. This has been repaid.    The summer of 1961, $25,000 had been borrowed to run the school during  the summer, which was paid during the first year of my administration.    Allen owend $67,000 to the merchants and its credit was not the very best,  but in this past year $40,000 has been paid on these back debts, reducing  the accounts payable to $27,000 while maintaining and paying all current  obligations.",655,True,False,False,False,False,"['Special Char Artifacts']","['ΓÇÖ']"
"Allen University Athletic Pass, Mr. & Mrs. John H. McCray, Page 1","","McCray, John Henry, 1910-1987","","","Manuscripts; Accession 11294.","Allen University","","","The Allen University Athletic Pass of Mr. and Mrs. John H. McCray.","1 item ; Page 1 of 2","John Henry McCray Papers, 1929-1989","https://digital.library.sc.edu/collections/john-henry-mccray-papers-1929-1989/","University of South Carolina. South Caroliniana Library","Copyright Not Evaluated.∩┐╜For further information please contact The University of South Carolina, South Caroliniana Library, Columbia, SC 29208.","Civil Rights Era (1955-1969)","Columbia, Richland County, South Carolina, United States","English","300ppi, 24-bit depth color, Epson Expression 11000 XL flatbed scanner with SilverFast scanning software, primary archival file is a TIFF","2017-01","Text","image/jpeg","Documents (object genre)","mccrayjh04-32-031","","Joshua Schutzenhofer","","2021-11-16","2021-11-16","http://cdm17173.contentdm.oclc.org/cdm/ref/collection/p17173coll38/id/6117",6117.0,"6727.jp2","/p17173coll38/image/6727.jp2","","1962 Athletic Pass 1963    Allen Univer    ΓÇö Columbia, S. C.    IS ADMITTED TO  ALLEN U    L ATHLETIC CONTESTS OF    VERSITY PLAYED OM    HURST ALUMNI FIELD.    ji y Swinton director of athletics    CHAIRMAN OF ATHLETIC COMMITTEE",172,True,False,False,False,False,"['Special Char Artifacts']","['ΓÇö']"
"Immediate Release, Department of Public Information, Allen University, October 15, 1962, Page 1","","McCray, John Henry, 1910-1987","1962-10-14 00:00:00","","Manuscripts; Accession 11294.","Allen University","","","An immediate release from the Allen University Department of Public Information made on October 15, 1962.","1 item ; Page 1 of 2","John Henry McCray Papers, 1929-1989","https://digital.library.sc.edu/collections/john-henry-mccray-papers-1929-1989/","University of South Carolina. South Caroliniana Library","Copyright Not Evaluated.∩┐╜For further information please contact The University of South Carolina, South Caroliniana Library, Columbia, SC 29208.","Civil Rights Era (1955-1969)","Columbia, Richland County, South Carolina, United States","English","300ppi, 24-bit depth color, Epson Expression 11000 XL flatbed scanner with SilverFast scanning software, primary archival file is a TIFF","2017-01","Text","image/jpeg","Documents (object genre)","mccrayjh04-32-034","","Joshua Schutzenhofer","","2021-11-16","2021-11-16","http://cdm17173.contentdm.oclc.org/cdm/ref/collection/p17173coll38/id/6120",6120.0,"6730.jp2","/p17173coll38/image/6730.jp2","1962","FOR IMMEDIATE RELEASE    FROM: DEPERTMENT OF PUBLIC INFORMATION  ALLEN UNIVERSITY  COLUMBIA, SOUTH CAROLINA    OCTOBER 17, 1962    COLUMBIA, S.C. ΓÇö Alldn University has launched a  campaign to build a menΓÇÖs dormitory, possibly by the end    of 1963, Dr. Howard E. Wright, president, announced Monday.    The new dormitory, which will house 276 students, will    located near the site of Higgins Hall, destroyed earlier this {  Γûá&gt;    year by fire, rhn Higgins Hall itself was the principal    building of the old DeLoache Sanitorium, which had been con┬¼    veyed to the university several years earlier.    The dormitory is to be financed jointly by a loan and    other funds contributed by friends and the African Methodist    Church which sponsors the university. The Allen University    Alumni Association, t gether with Dr. Wright, is presently",687,True,True,False,False,False,"['Special Char Artifacts', 'General Artifacts']","['ΓÇö', 'ΓÇÖ', 'Γûá&', '┬¼', 'Γûá&gt']"
"Immediate Release, Department of Public Information, Allen University, October 16, 1962","","McCray, John Henry, 1910-1987","1962-10-15 00:00:00","","Manuscripts; Accession 11294.","Allen University","","","An immediate release from the Allen University Department of Public Information made on October 16, 1962.","1 item","John Henry McCray Papers, 1929-1989","https://digital.library.sc.edu/collections/john-henry-mccray-papers-1929-1989/","University of South Carolina. South Caroliniana Library","Copyright Not Evaluated.∩┐╜For further information please contact The University of South Carolina, South Caroliniana Library, Columbia, SC 29208.","Civil Rights Era (1955-1969)","Columbia, Richland County, South Carolina, United States","English","300ppi, 24-bit depth color, Epson Expression 11000 XL flatbed scanner with SilverFast scanning software, primary archival file is a TIFF","2017-01","Text","image/jpeg","Documents (object genre)","mccrayjh04-32-036","","Joshua Schutzenhofer","","2021-11-16","2021-11-16","http://cdm17173.contentdm.oclc.org/cdm/ref/collection/p17173coll38/id/6122",6122.0,"6732.jp2","/p17173coll38/image/6732.jp2","1962","FOR IMMEDIATE RELEASE    FROM: DEPARTMENT OF PUBLIC INFORMATION    ALLEN UNIVERSITY    COLUMBIA, SOUTH CAROLINA    October 16, 1962    COLUMBIA, S.C. -- J. Otis Haywood, Jr., native of St. Helena  Island and an experienced college business executive, has been  appointed Administrative Dean of Allen University, Dr. Howard E.  Wright, president, announced today.    Dean Haywood comes to the University from Miami, Florida, where  he was Assistant Administrative Dean of the Dade County Junior  College. Prior to that position he was Business Manager for the  Vocational Division of Dade County.    He had been Accountant at Tougaloo College, Tougaloo, Miss.,  worked at Leland College, Baker, La. and held other prior posts.    Completing graduate training in College Management, Dean  Haywood was educated in the New York City public schools, Voorhees  Junior College, Denmark, S.C.; Hampton Institute, Hampton, Va.;  the University of Omaha, Omaha, Neb.; and has studied at Louisiana  State University, Baton Rouge, La; and the University of Miami,  Coral Gables, Fla.    He is married to the former Miss Ora Lee Nottage. They have  three children.    -30-",947,False,False,False,False,True,"[]","[]"
"Immediate Release, Department of Public Information, Allen University, October 16, 1962, Page 1","","McCray, John Henry, 1910-1987","1962-10-15 00:00:00","","Manuscripts; Accession 11294.","Allen University","","","An immediate release from the Allen University Department of Public Information made on October 16, 1962.","1 item ; Page 1 of 2","John Henry McCray Papers, 1929-1989","https://digital.library.sc.edu/collections/john-henry-mccray-papers-1929-1989/","University of South Carolina. South Caroliniana Library","Copyright Not Evaluated.∩┐╜For further information please contact The University of South Carolina, South Caroliniana Library, Columbia, SC 29208.","Civil Rights Era (1955-1969)","Columbia, Richland County, South Carolina, United States","English","300ppi, 24-bit depth color, Epson Expression 11000 XL flatbed scanner with SilverFast scanning software, primary archival file is a TIFF","2017-01","Text","image/jpeg","Documents (object genre)","mccrayjh04-32-037","","Joshua Schutzenhofer","","2021-11-16","2021-11-16","http://cdm17173.contentdm.oclc.org/cdm/ref/collection/p17173coll38/id/6123",6123.0,"6733.jp2","/p17173coll38/image/6733.jp2","1962","FOR IMMEDIATE RELEASE    From: DEPARTMENT OF PUBLIC INFORMATION  ALLEN UNIVERSITY  COLUMBIA, SOUTH CAROLINA    October 16, 1962    COLUMBIA, S.C. ΓÇö J. Otis Haywood, native of St. Helena    Island and an experienced College business executive, has    been appointed administrative dean of Allen University, Dr.    Howard E. Wright, president, announced today.    Dean Haywood cones to the university from Miami,Fla.,    where he was assistant administrative dean of the Dade County    Junior College. Prior to that position he was business manager    for the Vocational Division of Dade County,    He had been accountant at Tongaloo College, Tougaloo, Miss.,    worked at Leland College, Baker, La. and held other prior posts.    Holding the Master De ree in College Management, Dean    Haywood was educated in the Now York City public schools,",680,True,False,False,False,False,"['Special Char Artifacts']","['ΓÇö']"
"Immediate Release, Department of Public Information, Allen University, October 16, 1962, Page 2","","McCray, John Henry, 1910-1987","1962-10-15 00:00:00","","Manuscripts; Accession 11294.","Allen University","","","An immediate release from the Allen University Department of Public Information made on October 16, 1962.","1 item ; Page 2 of 2","John Henry McCray Papers, 1929-1989","https://digital.library.sc.edu/collections/john-henry-mccray-papers-1929-1989/","University of South Carolina. South Caroliniana Library","Copyright Not Evaluated.∩┐╜For further information please contact The University of South Carolina, South Caroliniana Library, Columbia, SC 29208.","Civil Rights Era (1955-1969)","Columbia, Richland County, South Carolina, United States","English","300ppi, 24-bit depth color, Epson Expression 11000 XL flatbed scanner with SilverFast scanning software, primary archival file is a TIFF","2017-01","Text","image/jpeg","Documents (object genre)","mccrayjh04-32-038","","Joshua Schutzenhofer","","2021-11-16","2021-11-16","http://cdm17173.contentdm.oclc.org/cdm/ref/collection/p17173coll38/id/6124",6124.0,"6734.jp2","/p17173coll38/image/6734.jp2","1962","dean haywood page two    Voorhees Junior College, Denmark; Hampton Institute, Hampton,Va,;  the University of Omaha, Omaha, Neb,; and has studied at  Louisiana State University, Baton Rouge, La.; and the University  of Miami, Coral Gables, Fla.    He is married to the former Miss Ora Lee Nottage. They  have three children.    - 30 -",270,False,False,False,False,True,"[]","[]"
"Immediate Release, Department of Public Information, Allen University, October 16, 1962, Page 1","","McCray, John Henry, 1910-1987","1962-10-15 00:00:00","","Manuscripts; Accession 11294.","Allen University","","","An immediate release from the Allen University Department of Public Information made on October 16, 1962.","1 item ; Page 1 of 2","John Henry McCray Papers, 1929-1989","https://digital.library.sc.edu/collections/john-henry-mccray-papers-1929-1989/","University of South Carolina. South Caroliniana Library","Copyright Not Evaluated.∩┐╜For further information please contact The University of South Carolina, South Caroliniana Library, Columbia, SC 29208.","Civil Rights Era (1955-1969)","Columbia, Richland County, South Carolina, United States","English","300ppi, 24-bit depth color, Epson Expression 11000 XL flatbed scanner with SilverFast scanning software, primary archival file is a TIFF","2017-01","Text","image/jpeg","Documents (object genre)","mccrayjh04-32-039","","Joshua Schutzenhofer","","2021-11-16","2021-11-16","http://cdm17173.contentdm.oclc.org/cdm/ref/collection/p17173coll38/id/6125",6125.0,"6735.jp2","/p17173coll38/image/6735.jp2","1962","FOR ^MEDIATE RELEASE    Front DEPARTMENT OF PUBLIC INFORMATION  ALLEN UNIVERSITY  COLUMBIA, SOUTH CAROLINA    October 16, 1962    COLUMBIA, S.C. ΓÇö Plans for construction of a new menΓÇÖs  dormitory, capable of house 271* students, were announced today  by Dr, Howard E, Wright, president, at Allen University.    The new building, to be located adjacent to Higgins Hall  / *    which was destroyed earlier this year by fire, will cost ap┬¼    proximately $!&lt;00,000. A campaign to raise $125,000 of this  total is already underway, being spearheaded by the Greater  Allen University Alumni Association and the universityΓÇÖs  president among the six annual conferences of the African  Methodist Curch in South Carolina, The AME Church operates    Allen.    IHA and other federal fund loans are expected to provide    for other construction costs",689,True,False,False,False,False,"['Special Char Artifacts']","['ΓÇö', 'ΓÇÖ', '┬¼', 'ΓÇÖ']"
"Immediate Release, Department of Public Information, Allen University, October 16, 1962, Page 2","","McCray, John Henry, 1910-1987","1962-10-15 00:00:00","","Manuscripts; Accession 11294.","Allen University","","","An immediate release from the Allen University Department of Public Information made on October 16, 1962.","1 item ; Page 2 of 2","John Henry McCray Papers, 1929-1989","https://digital.library.sc.edu/collections/john-henry-mccray-papers-1929-1989/","University of South Carolina. South Caroliniana Library","Copyright Not Evaluated.∩┐╜For further information please contact The University of South Carolina, South Caroliniana Library, Columbia, SC 29208.","Civil Rights Era (1955-1969)","Columbia, Richland County, South Carolina, United States","English","300ppi, 24-bit depth color, Epson Expression 11000 XL flatbed scanner with SilverFast scanning software, primary archival file is a TIFF","2017-01","Text","image/jpeg","Documents (object genre)","mccrayjh04-32-040","","Joshua Schutzenhofer","","2021-11-16","2021-11-16","http://cdm17173.contentdm.oclc.org/cdm/ref/collection/p17173coll38/id/6126",6126.0,"6736.jp2","/p17173coll38/image/6736.jp2","1962","page two - new dorm    ""We hope to he able to complete this urgently needed    dormitory with a year,"" Dr. Wright said. Inaddition to the    loss in dormitory space which resulted when Higgins Hall  !    burned, Dr. Wright said a steadily increasing enrolment aC    ItaDcyi&MZfflS&KX the last several years ""has made this new  housing space long overdue."" Alien enrolls a little over  700 students this current year. It also hosts scores of  groups which also use the universityΓÇÖs facilities.    Plans for the new building were prepared by the    Maynard Pearlstine ante: architectural firm of Columbia",485,True,True,False,False,False,"['Special Char Artifacts', 'General Artifacts']","['ΓÇÖ', 'ItaDcyi&MZfflS&KX']"
"Immediate Release, Department of Public Information, Allen University, October 16, 1962, Page 1","","McCray, John Henry, 1910-1987","1962-10-15 00:00:00","","Manuscripts; Accession 11294.","Allen University","","","An immediate release from the Allen University Department of Public Information made on October 16, 1962.","1 item ; Page 1 of 3","John Henry McCray Papers, 1929-1989","https://digital.library.sc.edu/collections/john-henry-mccray-papers-1929-1989/","University of South Carolina. South Caroliniana Library","Copyright Not Evaluated.∩┐╜For further information please contact The University of South Carolina, South Caroliniana Library, Columbia, SC 29208.","Civil Rights Era (1955-1969)","Columbia, Richland County, South Carolina, United States","English","300ppi, 24-bit depth color, Epson Expression 11000 XL flatbed scanner with SilverFast scanning software, primary archival file is a TIFF","2017-01","Text","image/jpeg","Documents (object genre)","mccrayjh04-32-041","","Joshua Schutzenhofer","","2021-11-16","2021-11-16","http://cdm17173.contentdm.oclc.org/cdm/ref/collection/p17173coll38/id/6127",6127.0,"6737.jp2","/p17173coll38/image/6737.jp2","1962","FOR IMMEDIATE RELEASE    From: DEPARTMENT OF PUBLIC INFORMATION  ALLEN UNIVERSITY  COLUMBIA, SOUTH CAROLINA    October .16, 1962    COLUMBIA, S. C. -- Plans for construction of a new menΓÇÖs  dormitory, capable of housing 274 students, were announced today  by Dr. Howard E. Wright, President, at Allen University.    The new building, to be located adjacent to Higgins Hall  which was destroyed earlier this year by fire, will cost approxi*  mately $4000,000.    A campaign to raise $125,000 of this total is already under*  way, spearheaded by the Greater Alumni Association of the Univer*  sity.    The presidentΓÇÖs office, alumni and friends throughout the  state and country are assisting in the drive. Allen is operated  by the African Methodist Episcopal Church.    HHFA and other federal loan funds are expected to provide  for other construction costs,    ""We hope to be able to complete this urgently needed dorm┬¼  itory within a year,"" Dr. Wright said.    In addition to the loss of dormitory space which resulted    when Higgins Hall was burned, Dr. Wright said a steadily increas-",886,True,False,False,False,False,"['Special Char Artifacts']","['ΓÇÖ', 'ΓÇÖ', '┬¼']"
"Immediate Release, Department of Public Information, Allen University, October 16, 1962, Page 2","","McCray, John Henry, 1910-1987","1962-10-15 00:00:00","","Manuscripts; Accession 11294.","Allen University","","","An immediate release from the Allen University Department of Public Information made on October 16, 1962.","1 item ; Page 2 of 3","John Henry McCray Papers, 1929-1989","https://digital.library.sc.edu/collections/john-henry-mccray-papers-1929-1989/","University of South Carolina. South Caroliniana Library","Copyright Not Evaluated.∩┐╜For further information please contact The University of South Carolina, South Caroliniana Library, Columbia, SC 29208.","Civil Rights Era (1955-1969)","Columbia, Richland County, South Carolina, United States","English","300ppi, 24-bit depth color, Epson Expression 11000 XL flatbed scanner with SilverFast scanning software, primary archival file is a TIFF","2017-01","Text","image/jpeg","Documents (object genre)","mccrayjh04-32-042","","Joshua Schutzenhofer","","2021-11-16","2021-11-16","http://cdm17173.contentdm.oclc.org/cdm/ref/collection/p17173coll38/id/6128",6128.0,"6738.jp2","/p17173coll38/image/6738.jp2","1962","page two    ing enrollment the last several years ΓÇÖΓÇÖhas made this new housing  space long overdue.ΓÇ¥    Allen enrolls a little over 700 students this year. It also  hosts scores of groups which periodically use the UniversityΓÇÖs  facilities.    Plans for the new building were prepared by the Maynard  Pearlstine architectural firm of Columbia.    -30-",290,True,False,False,False,False,"['Special Char Artifacts']","['ΓÇÖΓÇÖ', 'ΓÇ¥', 'ΓÇÖ']"
"Letter to Dr. Howard E. Wright from George W. Hopkins, October 21, 1962, Page 1","","McCray, John Henry, 1910-1987","1962-10-20 00:00:00","","Manuscripts; Accession 11294.","Allen University","","","A letter to Dr. Howard E. Wright from George W. Hopkins sent on October 21, 1962.","1 item ; Page 1 of 2","John Henry McCray Papers, 1929-1989","https://digital.library.sc.edu/collections/john-henry-mccray-papers-1929-1989/","University of South Carolina. South Caroliniana Library","Copyright Not Evaluated.∩┐╜For further information please contact The University of South Carolina, South Caroliniana Library, Columbia, SC 29208.","Civil Rights Era (1955-1969)","Columbia, Richland County, South Carolina, United States","English","300ppi, 24-bit depth color, Epson Expression 11000 XL flatbed scanner with SilverFast scanning software, primary archival file is a TIFF","2017-01","Text","image/jpeg","Documents (object genre)","mccrayjh04-32-044","","Joshua Schutzenhofer","","2021-11-16","2021-11-16","http://cdm17173.contentdm.oclc.org/cdm/ref/collection/p17173coll38/id/6130",6130.0,"6740.jp2","/p17173coll38/image/6740.jp2","1962","Dear Dr, Wright:    Dr. Howard J.. Wright, Pi    Allee tnivprat'y    Co! i- South Ca oI tnw    I have completed the ferwatiou of the committee to visi  Hl&lt;ΓÇÖ&gt; are as follows:    en University.    Dr. W. V. i^ggins    Prole mir of Education  Furman University  Greenville, S. C.    Dr. WiI lard Daiis. Dean  College of Arts and Science  University of South Carolina  Columbia, S, C.    . ferny Anderson    Prefwws-ir of Education    State (allege  Orangeburg, S, fi.    Dr. Evaretta Rutherford. Chairman    Department of Education    Benedict College    Columbia, &gt;S. C.    Dr. I. C. McArthur  Superintendent yf schools    Sumter, S. C,    Dr. George W. Hopkins, Director  Division of Teacher Ed. & Certification  atate Department of I (location    We expect to arrive at your institution at Iti. iO the morning oi November 16.  Would you be good enough to set aside a meeting rear, for us and to let each  member of the committee know of the meeting place and some direction as to  how to jjer there. I expect most of these people will be driving. Wo would  like about thirty minutes alone is a committee to get our plans organized.  Following this, we would like to have you in to make a presentation of what  has happened at Allen during yxr administration. I think you should tell  them of the things you hare included in your letter to me and the nice things  you have planned for this-year and the coming years. Following this, I expect  re will want to see the deans, business managers, and heads of departments.  At some time or other we would like to interview each individual inemher of  your staff ind!vidually. At the time of the interviews the conrod tier should  hove in its hands bepic* of the staff members* transcripts, 1 would also  suggest that you set Aside ┬╗ time to ┬½bow the committee through all parts  of the school plant. We will wxr.t to inspect the physical faeilitieo  available far all aapeeta of year program. This will include dorxitorira.",1569,True,True,False,False,False,"['Special Char Artifacts', 'General Artifacts']","['ΓÇÖ&', '┬╗', '┬½', 'Hl&lt;ΓÇÖ&gt', 'i^ggins']"
"Letter to Dr. Howard E. Wright from George W. Hopkins, October 21, 1962, Page 2","","McCray, John Henry, 1910-1987","1962-10-20 00:00:00","","Manuscripts; Accession 11294.","Allen University","","","A letter to Dr. Howard E. Wright from George W. Hopkins sent on October 21, 1962.","1 item ; Page 2 of 2","John Henry McCray Papers, 1929-1989","https://digital.library.sc.edu/collections/john-henry-mccray-papers-1929-1989/","University of South Carolina. South Caroliniana Library","Copyright Not Evaluated.∩┐╜For further information please contact The University of South Carolina, South Caroliniana Library, Columbia, SC 29208.","Civil Rights Era (1955-1969)","Columbia, Richland County, South Carolina, United States","English","300ppi, 24-bit depth color, Epson Expression 11000 XL flatbed scanner with SilverFast scanning software, primary archival file is a TIFF","2017-01","Text","image/jpeg","Documents (object genre)","mccrayjh04-32-045","","Joshua Schutzenhofer","","2021-11-16","2021-11-16","http://cdm17173.contentdm.oclc.org/cdm/ref/collection/p17173coll38/id/6131",6131.0,"6741.jp2","/p17173coll38/image/6741.jp2","1962","of ft        SirWH: hb    4c to Br. W. I , (.&lt;oggiT┬╗ss    Wi Hard Davis    . G, UcAi thuz  irov Anderson    Rutherford",82,True,False,False,False,False,"['Special Char Artifacts']","['┬╗']"
"Letter to Dr. Howard E. Wright from John H. McCray, November 9, 1962","","McCray, John Henry, 1910-1987","1962-11-09 00:00:00","","Manuscripts; Accession 11294.","Allen University","","","A letter to Dr. Howard E. Wright from John H. McCray sent on November 9, 1962.","1 item","John Henry McCray Papers, 1929-1989","https://digital.library.sc.edu/collections/john-henry-mccray-papers-1929-1989/","University of South Carolina. South Caroliniana Library","Copyright Not Evaluated.∩┐╜For further information please contact The University of South Carolina, South Caroliniana Library, Columbia, SC 29208.","Civil Rights Era (1955-1969)","Columbia, Richland County, South Carolina, United States","English","300ppi, 24-bit depth color, Epson Expression 11000 XL flatbed scanner with SilverFast scanning software, primary archival file is a TIFF","2017-01","Text","image/jpeg","Documents (object genre)","mccrayjh04-32-046","","Joshua Schutzenhofer","","2021-11-16","2021-11-16","http://cdm17173.contentdm.oclc.org/cdm/ref/collection/p17173coll38/id/6132",6132.0,"6742.jp2","/p17173coll38/image/6742.jp2","1962","Largest Negro Weekly  Newspaper in the World    CCPMyter)    Published by The Pittsburgh Courier Publishing Company &gt; Inc.    Member of the Audit  Bureau of Circulations    POST OFFICE BOX 1828    MUseum 3-2000    PITTSBURGH 30. PA.    November 9, 1962    Dear Dr, Wright:    If I am satisfactory thus far and you wish that I  proceed al ;ng lines weΓÇÖve talked* especially towards de┬¼  veloping an effective Public Relations program, I would  consider any payment your budget permits starting with the  minimum of $100.00 per month.    As perhaps with you, this is entirely a new area  of work with me and trying t┬« evaluate it is difficult.  Feel assured, however, that even were no compensation  possible I would continue to assist you.    Respectfully,    &lt;Tohn H, McCray    Dr, Howard E, Wright    Allen University  Columbia, S.C.",664,True,False,False,False,False,"['Special Char Artifacts']","['ΓÇÖ', '┬¼', '┬«']"
"Letter to John from Howard E. Wright, December 4, 1962","","McCray, John Henry, 1910-1987","1962-12-04 00:00:00","","Manuscripts; Accession 11294.","Allen University","","","A letter to John from Howard E. Wright sent on December 4, 1962.","1 item","John Henry McCray Papers, 1929-1989","https://digital.library.sc.edu/collections/john-henry-mccray-papers-1929-1989/","University of South Carolina. South Caroliniana Library","Copyright Not Evaluated.∩┐╜For further information please contact The University of South Carolina, South Caroliniana Library, Columbia, SC 29208.","Civil Rights Era (1955-1969)","Columbia, Richland County, South Carolina, United States","English","300ppi, 24-bit depth color, Epson Expression 11000 XL flatbed scanner with SilverFast scanning software, primary archival file is a TIFF","2017-01","Text","image/jpeg","Documents (object genre)","mccrayjh04-32-047","","Joshua Schutzenhofer","","2021-11-16","2021-11-16","http://cdm17173.contentdm.oclc.org/cdm/ref/collection/p17173coll38/id/6133",6133.0,"6743.jp2","/p17173coll38/image/6743.jp2","1962","HOWARD E. WRIGHT  PRESIDENT    OFFICE OF THE PRESIDENT    Alien Mnibersitu    (Enhmthia 4, (Earnlma    UNDER THE AUSPICES OF THE  AFRICAN METHODIST EPISCOPAL CHURCH    December 4, 1962    My dear John:    I hasten to get this off to you, and regret the delay  caused by my being out of the city.    Allen University has been seen through your articles in  all sections of the United States, and the results are evi┬¼  denced from the letters I receive from the alumni. I am  personally grateful to you.    Sincerely,    /McC    Howard E. Wright  President",427,True,False,False,False,False,"['Special Char Artifacts']","['┬¼']"
"Publicity Stories and Services","","McCray, John Henry, 1910-1987","","","Manuscripts; Accession 11294.","Allen University","","","A document with the description publicity stories and services.","1 item","John Henry McCray Papers, 1929-1989","https://digital.library.sc.edu/collections/john-henry-mccray-papers-1929-1989/","University of South Carolina. South Caroliniana Library","Copyright Not Evaluated.∩┐╜For further information please contact The University of South Carolina, South Caroliniana Library, Columbia, SC 29208.","Civil Rights Era (1955-1969)","Columbia, Richland County, South Carolina, United States","English","300ppi, 24-bit depth color, Epson Expression 11000 XL flatbed scanner with SilverFast scanning software, primary archival file is a TIFF","2017-01","Text","image/jpeg","Documents (object genre)","mccrayjh04-32-048","","Joshua Schutzenhofer","","2021-11-16","2021-11-16","http://cdm17173.contentdm.oclc.org/cdm/ref/collection/p17173coll38/id/6134",6134.0,"6744.jp2","/p17173coll38/image/6744.jp2","","DESCRIPTION    Publicity stories and Services    Detach    BEFORE    Cashing",57,False,False,False,False,True,"[]","[]"
"Immediate Release, Department of Public Information, Allen University, December 5, 1962, Page 1","","McCray, John Henry, 1910-1987","1962-12-05 00:00:00","","Manuscripts; Accession 11294.","Allen University","","","An immediate release from the Allen University Department of Public Information on December 5, 1962.","1 item ; Page 1 of 2","John Henry McCray Papers, 1929-1989","https://digital.library.sc.edu/collections/john-henry-mccray-papers-1929-1989/","University of South Carolina. South Caroliniana Library","Copyright Not Evaluated.∩┐╜For further information please contact The University of South Carolina, South Caroliniana Library, Columbia, SC 29208.","Civil Rights Era (1955-1969)","Columbia, Richland County, South Carolina, United States","English","300ppi, 24-bit depth color, Epson Expression 11000 XL flatbed scanner with SilverFast scanning software, primary archival file is a TIFF","2017-01","Text","image/jpeg","Documents (object genre)","mccrayjh04-32-049","","Joshua Schutzenhofer","","2021-11-16","2021-11-16","http://cdm17173.contentdm.oclc.org/cdm/ref/collection/p17173coll38/id/6135",6135.0,"6745.jp2","/p17173coll38/image/6745.jp2","1962","FOR IMMEDIATE RELEASE    FROM: DEPARTMENT OF PUBLIC INFORMATION  ALLEN UNIVERSITY  COLUMBIA, SOUTH CAROLINA    DECEMBER 5, 1962    It was all ""go"" at Allen University this week as enthusiastic faculty  and staff members prepared to begin an immediate self-study which could mean  regional accreditation of the AME Church operated institution by the end  of 1963.    Dr. Howard E. Wright, Allen president, said permission for the self-  study, which should be completed by next spring, has been permitted by  Dr. J. B. Ezell of Atlanta, Ga., assistant secretary to the Southern Associa┬¼    tion of Colleges and Schools, a rating agency which dominates southern colleges    and high schools. Dr. Wright attended the 1962 meeting of this organization    in Dallas, Texas last week.    Impetus to the project was given by the Association of Colleges and    Secondary Schools, which has volunteered consultants to assist in its prepara┬¼    tion. Allen is o┬╗e of six schools selected by the Association",811,True,False,False,False,False,"['Special Char Artifacts']","['┬¼', '┬¼', '┬╗']"
"Immediate Release, Department of Public Information, Allen University, December 5, 1962, Page 2","","McCray, John Henry, 1910-1987","1962-12-05 00:00:00","","Manuscripts; Accession 11294.","Allen University","","","An immediate release from the Allen University Department of Public Information on December 5, 1962.","1 item ; Page 2 of 2","John Henry McCray Papers, 1929-1989","https://digital.library.sc.edu/collections/john-henry-mccray-papers-1929-1989/","University of South Carolina. South Caroliniana Library","Copyright Not Evaluated.∩┐╜For further information please contact The University of South Carolina, South Caroliniana Library, Columbia, SC 29208.","Civil Rights Era (1955-1969)","Columbia, Richland County, South Carolina, United States","English","300ppi, 24-bit depth color, Epson Expression 11000 XL flatbed scanner with SilverFast scanning software, primary archival file is a TIFF","2017-01","Text","image/jpeg","Documents (object genre)","mccrayjh04-32-050","","Joshua Schutzenhofer","","2021-11-16","2021-11-16","http://cdm17173.contentdm.oclc.org/cdm/ref/collection/p17173coll38/id/6136",6136.0,"6746.jp2","/p17173coll38/image/6746.jp2","1962","-2-    The self-study is the second recently initiated move at Allen to gain  accredited rating. Allen did not meet enough standards of the rating agency  two years ago. Dr. Wright reported even more rigid regulations were adopted  at the Dallas meeting. He added, however: ""I am confident our self-study will  win approval and we will be in position to gain accreditation by the end of  next year if all goes well.""    Allen also underwent a checkup by a special study commission organized by    the State Department of Education in mid-November, a final report on which is    pending. This study was directed by Dr. George W. Hopkins of the State    Department of Education, a routine project for unaccredited colleges producing    teachers for stateΓÇóschools.    -30-",623,True,False,False,False,False,"['Special Char Artifacts']","['ΓÇó']"
"Letter to Allen University, December 8, 1962","","McCray, John Henry, 1910-1987","1962-12-08 00:00:00","","Manuscripts; Accession 11294.","Allen University","","","A letter to Allen University sent on December 8, 1962.","1 item","John Henry McCray Papers, 1929-1989","https://digital.library.sc.edu/collections/john-henry-mccray-papers-1929-1989/","University of South Carolina. South Caroliniana Library","Copyright Not Evaluated.∩┐╜For further information please contact The University of South Carolina, South Caroliniana Library, Columbia, SC 29208.","Civil Rights Era (1955-1969)","Columbia, Richland County, South Carolina, United States","English","300ppi, 24-bit depth color, Epson Expression 11000 XL flatbed scanner with SilverFast scanning software, primary archival file is a TIFF","2017-01","Text","image/jpeg","Documents (object genre)","mccrayjh04-32-051","","Joshua Schutzenhofer","","2021-11-16","2021-11-16","http://cdm17173.contentdm.oclc.org/cdm/ref/collection/p17173coll38/id/6137",6137.0,"6747.jp2","/p17173coll38/image/6747.jp2","1962","Dece her 8, 1962    TO ALLEN UNIVERSITY    c/o Dr. Howarc I . Wright, President    News Services to December 1, 1962    OKE HUNDRED ($100.00) AND N0/100 DOLLARS    JHMcC",128,False,False,False,False,True,"[]","[]"
"Letter to Dr. Howard E. Wright from George W. Hopkins, December 19, 1962","","McCray, John Henry, 1910-1987","1962-12-19 00:00:00","","Manuscripts; Accession 11294.","Allen University","","","A letter to Dr. Howard E. Wright from George W. Hopkins sent on December 19, 1962.","1 item","John Henry McCray Papers, 1929-1989","https://digital.library.sc.edu/collections/john-henry-mccray-papers-1929-1989/","University of South Carolina. South Caroliniana Library","Copyright Not Evaluated.∩┐╜For further information please contact The University of South Carolina, South Caroliniana Library, Columbia, SC 29208.","Civil Rights Era (1955-1969)","Columbia, Richland County, South Carolina, United States","English","300ppi, 24-bit depth color, Epson Expression 11000 XL flatbed scanner with SilverFast scanning software, primary archival file is a TIFF","2017-01","Text","image/jpeg","Documents (object genre)","mccrayjh04-32-052","","Joshua Schutzenhofer","","2021-11-16","2021-11-16","http://cdm17173.contentdm.oclc.org/cdm/ref/collection/p17173coll38/id/6138",6138.0,"6748.jp2","/p17173coll38/image/6748.jp2","1962","JSΓÇÖiate of JJouth Carolina    JE0SE T. ANDERSON  STATE SUPERINTENDENT OF EDUCATION    department of ^bitratton    COLUMBIA, s. c.    December 19, 1962    Dr. Howard E. Wright    President, Allen University  Columbia, South Carolina    Dear Dr. Wright:    This letter is to inform you that the State Board of Education at its regular  meeting on Friday, December 14, considered the report of the Committee which  visited Allen University on November 16 and 17 and approved the recommendation  of the Committee as follows:    ""After a study of the curriculum and organization of the institution  and in the light of a considerably improved financial situation and  an improvement in the physical features of the campus, the Committee  recommends to the State Board of Education that Allen University be  approved for the training of teachers, both elementary and secondary,  for the school years 1962-63 and 1963-64, subject to a re-evaluation  of the institution in the spring of 1964. ^The purpose of the 1964  evaluation shall be to ascertain the extent to which the recommenda┬¼  tions of the Committee have been implemented.""^    I am sending you several copies of the proposal which went to the Board  and which was accepted by the Board.    Yours very truly,    George W. Hopkins, Director    Division of Teacher Education and Certification    GWH:mb",1094,True,False,False,False,False,"['Special Char Artifacts']","['ΓÇÖ', '┬¼']"
"Calender of Events, Commencement-1962, Allen University, Page 1","","McCray, John Henry, 1910-1987","","","Manuscripts; Accession 11294.","Allen University","","","A calender of events for the Allen University Commencement in 1962.","1 item ; Page 1 of 2","John Henry McCray Papers, 1929-1989","https://digital.library.sc.edu/collections/john-henry-mccray-papers-1929-1989/","University of South Carolina. South Caroliniana Library","Copyright Not Evaluated.∩┐╜For further information please contact The University of South Carolina, South Caroliniana Library, Columbia, SC 29208.","Civil Rights Era (1955-1969)","Columbia, Richland County, South Carolina, United States","English","300ppi, 24-bit depth color, Epson Expression 11000 XL flatbed scanner with SilverFast scanning software, primary archival file is a TIFF","2017-01","Text","image/jpeg","Documents (object genre)","mccrayjh04-32-053","","Joshua Schutzenhofer","","2021-11-16","2021-11-16","http://cdm17173.contentdm.oclc.org/cdm/ref/collection/p17173coll38/id/6139",6139.0,"6749.jp2","/p17173coll38/image/6749.jp2","","ΓÇöCALENDAR OF EVENTSΓÇö    COMMENCEMENT ΓÇö1962    ALLEN UNIVERSITY    Columbia, South Carolina",78,True,False,False,False,False,"['Special Char Artifacts']","['ΓÇö', 'ΓÇö', 'ΓÇö']"
"Calender of Events, Commencement-1962, Allen University, Page 2","","McCray, John Henry, 1910-1987","","","Manuscripts; Accession 11294.","Allen University","","","A calender of events for the Allen University Commencement in 1962.","1 item ; Page 2 of 2","John Henry McCray Papers, 1929-1989","https://digital.library.sc.edu/collections/john-henry-mccray-papers-1929-1989/","University of South Carolina. South Caroliniana Library","Copyright Not Evaluated.∩┐╜For further information please contact The University of South Carolina, South Caroliniana Library, Columbia, SC 29208.","Civil Rights Era (1955-1969)","Columbia, Richland County, South Carolina, United States","English","300ppi, 24-bit depth color, Epson Expression 11000 XL flatbed scanner with SilverFast scanning software, primary archival file is a TIFF","2017-01","Text","image/jpeg","Documents (object genre)","mccrayjh04-32-054","","Joshua Schutzenhofer","","2021-11-16","2021-11-16","http://cdm17173.contentdm.oclc.org/cdm/ref/collection/p17173coll38/id/6140",6140.0,"6750.jp2","/p17173coll38/image/6750.jp2","","ΓÖªΓÇöWEDNESDAY, MAY 2ΓÇö7:30 P.M.    Freshman Bible Reading Contest    THURSDAY, MAY 3ΓÇö8:00 P.M.    Banquet for Dickerson Theological Seminary Graduates,  given by Dickerson Literary Society in the University  Dining RoomΓÇöThe Rev. J. A. Holmes, Bethel A.M.E. Church  Laurens, South Carolina, Speaker.    ΓÖªΓÇöWEDNESDAY, MAY 9ΓÇö7:30 P.M.    Religious Societies Service.    The Rev. J. C. Williams, Bethel A.M.E. Church    Atlanta, Georgia, speaker    ΓÖªΓÇöWEDNESDAY, MAY 16ΓÇö12 Noon    Achievement and Award Day    WEDNESDAY, MAY 16ΓÇö7:30 P.M.    Senior Consecration Service in Bishops Memorial    A.M.E. Church, Dr. L. L. Farmer, Presiding Elder of  Mt. Pleasant District, speaker    ΓÖªΓÇöFRIDAY, MAY 18ΓÇö7:30 P.M.    May Queen Contest    ΓÖªΓÇöSATURDAY. MAY 19ΓÇö7:30 P.M.    Senior Class Night    SUNDAY, MAY 20-4-00 P.M.    Baccalaureate Service, Township Auditorium  Dr. George A. Singleton, of Philadelphia, Pa.,  Editor of the A.M.E. REVIEW, speaker    MONDAY, MAY 21ΓÇö8:00 P.M.    Senior Class and parents at home with President and  Mrs. Wright, Episcopal Residence    ΓÖªΓÇöTUESDAY, MAY 22ΓÇö7:30 P.M.    Literary Societies. Miller H. Johnson, Administrator  Florida A. and M. Hospital, speaker    ΓÖªΓÇöWEDNESDAY, MAY 23ΓÇö10:30 A.M.    Trustee Board Meeting    ΓÖªΓÇöWEDNESDAY, MAY 23ΓÇö7:30 P.M.    Alumni Pregram    L. K. Dowdy, Acting President A. and T. College    Greensboro, North Carolina, speaker    ΓÖªΓÇöTHURSDAY, MAY 24ΓÇö10:30 A.M.    Commencement Exercises    Attorney J hn Wheeler, President of the MechanicsΓÇö  Farmers B nk of Durham, North Carolina, speaker    'ΓÇöHeld in Chappelle Auditorium",1322,True,False,False,False,False,"['Special Char Artifacts']","['ΓÖªΓÇö', 'ΓÇö', 'ΓÇö', 'ΓÇö', 'ΓÖªΓÇö', 'ΓÇö', 'ΓÖªΓÇö', 'ΓÇö', 'ΓÇö', 'ΓÖªΓÇö', 'ΓÇö', 'ΓÖªΓÇö', 'ΓÇö', 'ΓÇö', 'ΓÖªΓÇö', 'ΓÇö', 'ΓÖªΓÇö', 'ΓÇö', 'ΓÖªΓÇö', 'ΓÇö', 'ΓÖªΓÇö', 'ΓÇö', 'ΓÇö', 'ΓÇö']"
"Improvements which have been made on buildings and grounds during school year 1961-62, Page 1","","McCray, John Henry, 1910-1987","","","Manuscripts; Accession 11294.","Allen University","","","The improvements which have been made on buildings and grounds during school year 1961-62.","1 item ; Page 1 of 2","John Henry McCray Papers, 1929-1989","https://digital.library.sc.edu/collections/john-henry-mccray-papers-1929-1989/","University of South Carolina. South Caroliniana Library","Copyright Not Evaluated.∩┐╜For further information please contact The University of South Carolina, South Caroliniana Library, Columbia, SC 29208.","Civil Rights Era (1955-1969)","Columbia, Richland County, South Carolina, United States","English","300ppi, 24-bit depth color, Epson Expression 11000 XL flatbed scanner with SilverFast scanning software, primary archival file is a TIFF","2017-01","Text","image/jpeg","Documents (object genre)","mccrayjh04-32-055","","Joshua Schutzenhofer","","2021-11-16","2021-11-16","http://cdm17173.contentdm.oclc.org/cdm/ref/collection/p17173coll38/id/6141",6141.0,"6751.jp2","/p17173coll38/image/6751.jp2","","IMPROVEMENTS WHICH HAVE BEEN MADE ON BUILDING AND GROUNDS DURING  SCHOOL YEAR 1961-62    1. Arnett Ha*l--Work was completed on entire building inside and    outside consisting of installation of new shower  stalls, floor and wall t.ΓÇÿ. 1? and two complete  bath fixtures. Repaired roof and installed gut┬¼  ters and all plumbing and beating where needed.    Installed a new Cast Iron Boiler complete with  jacket and trim.    2. Negotiated contract with Boiler Sales Company to keep heating    systems in good working order at all times dur┬¼  ing year. Extensive repairs and improvements  have been made in this area as several of the  boilers are very old and outdated and require  constant attention in order to give satisfactory  service.    3. Repaired, painted and redecorated the Official Residence.    U. Replaced gutters around Administration Building, leveled  steeple, recovered platform, replaced worn  shingles and rotten woodwork and installed new  sewage line from building to water line.    5. Installed new electrical wiring where needed around campus.    6. Repaired and replaced plumbing in all buildings where necessary.    7. Extensive repairs on gutters and roof of Richard Allen Apart┬¼    ments .    8. Installed new water system and water lines to Chemistry De┬¼    partment with 16 new sinks and copper piping  in Laboratories; new bath fixtures also.    9* Remodeled gym with plywood around 1st floor; repainted floor  and sealed playing area.    10o Repaired and installed new locks in Boys Dormitory; made new  keys for all dormitories and other repairs as  needed.    11. Complete landscaping of campus proper including Reid Hall and    Practice House. Replaced and painted front  porch of Practice House.    12. Repaired and put in working condition pipe organ and installed    proper motor so that all pipes and stops will  now play.    13. Built choir stand for stage.    ll|. Had all neon signs (Allen University) repaired on campus and  put in working condition.",1612,True,True,False,False,False,"['Special Char Artifacts', 'General Artifacts']","['ΓÇÿ', '┬¼', '┬¼', '┬¼', '┬¼', 'Ha*l--Work']"
"Improvements which have been made on buildings and grounds during school year 1961-62, Page 2","","McCray, John Henry, 1910-1987","","","Manuscripts; Accession 11294.","Allen University","","","The improvements which have been made on buildings and grounds during school year 1961-62.","1 item ; Page 2 of 2","John Henry McCray Papers, 1929-1989","https://digital.library.sc.edu/collections/john-henry-mccray-papers-1929-1989/","University of South Carolina. South Caroliniana Library","Copyright Not Evaluated.∩┐╜For further information please contact The University of South Carolina, South Caroliniana Library, Columbia, SC 29208.","Civil Rights Era (1955-1969)","Columbia, Richland County, South Carolina, United States","English","300ppi, 24-bit depth color, Epson Expression 11000 XL flatbed scanner with SilverFast scanning software, primary archival file is a TIFF","2017-01","Text","image/jpeg","Documents (object genre)","mccrayjh04-32-056","","Joshua Schutzenhofer","","2021-11-16","2021-11-16","http://cdm17173.contentdm.oclc.org/cdm/ref/collection/p17173coll38/id/6142",6142.0,"6752.jp2","/p17173coll38/image/6752.jp2","","IMPROVEMENTS CONTINUED ∩┐╝    15. Fixed floor and installed tile on floor and counter in Business  Office.    TOTAL ESTIMATED COST OF THE ABOVE REPAIRS WERE $23,292.65.    NOTE: At end of fiscal year May 31/ 1961, our Accounts Payable    balance was $67,773.1+5. As of December, 1961, the  Accounts Payable balance was $1+0,000 not including several  bills not yet received.    This shows that the above repairs were done and paid  for plus a reduction in the old Accounts Payable balance  $27,000. In addition to this, we are now making deposi┬¼  tary receipts to the Federal Government on Payroll taxes  and F.I.C.A. and keeping all mortgage payments up-to-date  including annual payments due Housing and Home Finance  Agency on Coppin Hall and the Dining Hall. The annual  payment ΓÇó, for this account alone was $6,1+30.00.    XXXXXXXXXX    LIABILITIES AND FUND PRINCIPALS    CURRENT FUND    Accounts Payable - Schedule 5    May 31,*61    $ 67,773.U5    Payroll Taxes Accrued and Withheld (Includes  Penalties and Interest on Past Due Taxes) 26,2)|3.16    Student Deposits for 1961 School Year    Accrued Salaries    Accrued Interest    Funds Held for Others    Due to Plant Fund    Due to Endowment Fund    Long-Term L&lt;abi1ities-Bonds Payable (Note    2^.50    38,978.75    313.33    293.53    3,l|10.iil    12,023.89    1) 1 OU,000&gt;00  $ 253,261.02    Feb. 28/6;    $ 1+1,2011.09    -0-  (29,890.37  ?    ?    313.33    293.53  11+2. l+l  12,023.89  93,000.00    SUMMARY OF MAJOR EXPENDITURES    1. Repairs    2. Bank Note (Borrowed in July) Paid in full    3. Accounts Payable    !+ΓÇó Back Taxes Paid    Total    $ 23,292.65    25,000.00    27,000.00    29,800.37    $ 105,183.02",1307,True,True,True,False,False,"['Special Char Artifacts', 'General Artifacts', 'Repeat Chars']","['∩┐╝', '┬¼', 'ΓÇó', '+ΓÇó', '67,773.1+5', '1+0,000', '6,1+30.00', '31,*61', '26,2)|3.16', 'L&lt;abi1ities-Bonds', '2^.50', '3,l|10.iil', 'OU,000&gt;00', '1+1,2011.09', '11+2', 'l+l', 'X']"
"President Howard E. Wright, Personal Engagements","","McCray, John Henry, 1910-1987","","","Manuscripts; Accession 11294.","Allen University","","","A document listing the personal engagements of President Howard E. Wright.","1 item","John Henry McCray Papers, 1929-1989","https://digital.library.sc.edu/collections/john-henry-mccray-papers-1929-1989/","University of South Carolina. South Caroliniana Library","Copyright Not Evaluated.∩┐╜For further information please contact The University of South Carolina, South Caroliniana Library, Columbia, SC 29208.","Civil Rights Era (1955-1969)","Columbia, Richland County, South Carolina, United States","English","300ppi, 24-bit depth color, Epson Expression 11000 XL flatbed scanner with SilverFast scanning software, primary archival file is a TIFF","2017-01","Text","image/jpeg","Documents (object genre)","mccrayjh04-32-057","","Joshua Schutzenhofer","","2021-11-16","2021-11-16","http://cdm17173.contentdm.oclc.org/cdm/ref/collection/p17173coll38/id/6143",6143.0,"6753.jp2","/p17173coll38/image/6753.jp2","","PRESIDENT HOWARD E. WRIGHT    Personal Engagements    OCTOBER    20 Freedom Awards Dinner, Frogmore, So C.    NEA: Richland Teachers Association, Allen University    21 Wesley Methodist Church, Columbia, So C.    25 Trinity AME Church, Spartanburg (Columbia Conference)    ΓÇó 28 Campbell AME Church, Washington, D. C.    NOVEMBER    8 Mt. Zion AME Church, Charleston (So C. Conference)    11 Tomlinson High School, Kingstree (OmegaΓÇÖs Achievement Week)    12 North Carolina College (American Education Week)    14 Fairfield High School, Winnsboro (American Education Week)    15 Weston Chapel AME Church, Abbeville (Piedmont Conference)    16-17 So C. State Department officials    18 Augusta, Georgia (Omegas)    22 Bethel AME Church, St. Matthews (Central Conference)    26-28 Southern Association of Secondary Schools and Colleges, Dallas,  Texas    29-30 Association of Colleges and Secondary Schools, Morristown, Tenn.",751,True,False,False,False,False,"['Special Char Artifacts']","['ΓÇó', 'ΓÇÖ']"
"Annual Report of the President, 1961-1962, Page 1","","McCray, John Henry, 1910-1987","","","Manuscripts; Accession 11294.","Allen University","","","An annual report of the President for 1961-1962.","1 item ; Page 1 of 36","John Henry McCray Papers, 1929-1989","https://digital.library.sc.edu/collections/john-henry-mccray-papers-1929-1989/","University of South Carolina. South Caroliniana Library","Copyright Not Evaluated.∩┐╜For further information please contact The University of South Carolina, South Caroliniana Library, Columbia, SC 29208.","Civil Rights Era (1955-1969)","Columbia, Richland County, South Carolina, United States","English","300ppi, 24-bit depth color, Epson Expression 11000 XL flatbed scanner with SilverFast scanning software, primary archival file is a TIFF","2017-01","Text","image/jpeg","Documents (object genre)","mccrayjh04-32-058","","Joshua Schutzenhofer","","2021-11-16","2021-11-16","http://cdm17173.contentdm.oclc.org/cdm/ref/collection/p17173coll38/id/6144",6144.0,"6754.jp2","/p17173coll38/image/6754.jp2","","annual report     *f the     PRESIDENT    1961-1962",35,False,False,False,False,True,"[]","[]"
"Annual Report of the President, 1961-1962, Page 2","","McCray, John Henry, 1910-1987","","","Manuscripts; Accession 11294.","Allen University","","","An annual report of the President for 1961-1962.","1 item ; Page 2 of 36","John Henry McCray Papers, 1929-1989","https://digital.library.sc.edu/collections/john-henry-mccray-papers-1929-1989/","University of South Carolina. South Caroliniana Library","Copyright Not Evaluated.∩┐╜For further information please contact The University of South Carolina, South Caroliniana Library, Columbia, SC 29208.","Civil Rights Era (1955-1969)","Columbia, Richland County, South Carolina, United States","English","300ppi, 24-bit depth color, Epson Expression 11000 XL flatbed scanner with SilverFast scanning software, primary archival file is a TIFF","2017-01","Text","image/jpeg","Documents (object genre)","mccrayjh04-32-059","","Joshua Schutzenhofer","","2021-11-16","2021-11-16","http://cdm17173.contentdm.oclc.org/cdm/ref/collection/p17173coll38/id/6145",6145.0,"6755.jp2","/p17173coll38/image/6755.jp2","","FOREWORD    Most universities have a tower. Tall or massive, soaring  or brooding, graceful or ungainly, it presides over the campus  as the symbol of a seat of learning.    Tradition could inspire no better symbol for the  University. A tower is a place to see in every direction be┬¼  hind and ahead. It beckons the wanderer and guides the  uncertain. Our tower is the clock which has been repainted  and partially repaired. Anchored solidly, it has an upward  thrust that calls with inspiration and promise.    In Allen University man has created--ln fact the African  Methodist Episcopal Church has created--his mechanism for pre┬¼  serving and understanding his Christian heritage in order to  serve his present and future needs. It has delivered to each  generation the steadily growing heritage of the past. On this  foundation each generation has built, imperfectly, yet often  well.    It is proper for each generationΓÇöand this one perhaps  more than any otherΓÇöto inquire into its university, to test  its excellence, to question its progress, and to search its  motive. No less does the University deserve the thoughtful  attention of society, for its cause is ultimately the cause  of man, neglected or taken for granted at his peril.",1022,True,False,False,False,False,"['Special Char Artifacts']","['┬¼', '┬¼', 'ΓÇö', 'ΓÇö']"
"Annual Report of the President, 1961-1962, Page 3","","McCray, John Henry, 1910-1987","","","Manuscripts; Accession 11294.","Allen University","","","An annual report of the President for 1961-1962.","1 item ; Page 3 of 36","John Henry McCray Papers, 1929-1989","https://digital.library.sc.edu/collections/john-henry-mccray-papers-1929-1989/","University of South Carolina. South Caroliniana Library","Copyright Not Evaluated.∩┐╜For further information please contact The University of South Carolina, South Caroliniana Library, Columbia, SC 29208.","Civil Rights Era (1955-1969)","Columbia, Richland County, South Carolina, United States","English","300ppi, 24-bit depth color, Epson Expression 11000 XL flatbed scanner with SilverFast scanning software, primary archival file is a TIFF","2017-01","Text","image/jpeg","Documents (object genre)","mccrayjh04-32-060","","Joshua Schutzenhofer","","2021-11-16","2021-11-16","http://cdm17173.contentdm.oclc.org/cdm/ref/collection/p17173coll38/id/6146",6146.0,"6756.jp2","/p17173coll38/image/6756.jp2","","We hope to give a brief accounting of what Allen  University is and why, some understanding of its character  and aims, some sense of the excitement and purpose that flow  through its company of students and teachers.    As is true in all universities, teaching is central to  Allen. The student is its final justification and proudest  concern. Arcund him and his teachers surge great intellectual  currents--the drive to understand and preserve the past, the  diligent search for todayΓÇÖs truth, the march of the mind to┬¼  ward all the tomorrows.    As it ought to be, Allen is dedicated to the development  of the individual, the progress of society, the extension of  freedom, the respect for Intelligence, the achievements of man,  and the application of learning. Uniquely in our society,  universities are free to devote their energies to these things.  It has a lively interest in todayΓÇÖs world and eagerly plays  its triple role of servant, leader, critic. We hope it to be  a place where learning earns its own respect and is a cause  to capture able men and women. We move along with other  universities today in the great tradition, seeking in a  changing world the worthy means to reach enduring ends. Our  tower can rise only as high in the minds of the world and ou*  people as the dictates of practicality and economy permit. We  stand as a timeless institution whose statue is beyond manΓÇÖs  measure, whose only upward limit is the truthΓÇöthe topless  towers of our hard won civilization.",1231,True,False,False,False,False,"['Special Char Artifacts']","['ΓÇÖ', '┬¼', 'ΓÇÖ', 'ΓÇÖ', 'ΓÇö']"
"Annual Report of the President, 1961-1962, Page 4","","McCray, John Henry, 1910-1987","","","Manuscripts; Accession 11294.","Allen University","","","An annual report of the President for 1961-1962.","1 item ; Page 4 of 36","John Henry McCray Papers, 1929-1989","https://digital.library.sc.edu/collections/john-henry-mccray-papers-1929-1989/","University of South Carolina. South Caroliniana Library","Copyright Not Evaluated.∩┐╜For further information please contact The University of South Carolina, South Caroliniana Library, Columbia, SC 29208.","Civil Rights Era (1955-1969)","Columbia, Richland County, South Carolina, United States","English","300ppi, 24-bit depth color, Epson Expression 11000 XL flatbed scanner with SilverFast scanning software, primary archival file is a TIFF","2017-01","Text","image/jpeg","Documents (object genre)","mccrayjh04-32-061","","Joshua Schutzenhofer","","2021-11-16","2021-11-16","http://cdm17173.contentdm.oclc.org/cdm/ref/collection/p17173coll38/id/6147",6147.0,"6757.jp2","/p17173coll38/image/6757.jp2","","FINANCIAL OPERATION    An essential part of our effort to offer a teaching pro┬¼  gram of quality is a provision of needed funds and facilities  at the right times and in the right places. How well we  handle the UniversityΓÇÖs physical resources can, and does affect  what happens in our classrooms and laboratories. Thus, while  a great deal of attention must be paid to attracting income  by gift or otherwise it is equally important that there be  careful scrutiny Γûá&gt;!' how that income is spent.    Budgetary planning, based on intensive analysis of  existing and proposed program, has been and must continue to  be a year-round task at Allen University. It is not an easy  one. With a limited number of dollars available for such a  large and extensive program, we must often make difficult  choices. In reaching our decisions, we must combine prudence  with perspicacity. That these officers of administration have  been doing their Job well is reflected in the greatly improved  fiscal condition of the University.    MAJOR GIFTS CONTRIBUTED TO THE SCHOOL THIS YEAR    FounderΓÇÖs Day   58,177.28  May Day (King & Queen Rally)  1,1+71.97  QueenΓÇÖs Contest (Statewide)    2,908.65  Grants received from Alumni    Chapters           As Allen University moves forward in the years ahead, the  Institution will have to spend more money for some purposes  and perhaps less for others. On an overall basis, however, a  rising total of expenditures seem inevitable If the University  is to meet its many and varied obligations. This undoubtedly",1255,True,True,False,False,False,"['Special Char Artifacts', 'General Artifacts']","['┬¼', 'ΓÇÖ', 'Γûá&', 'ΓÇÖ', 'ΓÇÖ', 'Γûá&gt', '1,1+71.97']"
"Annual Report of the President, 1961-1962, Page 5","","McCray, John Henry, 1910-1987","","","Manuscripts; Accession 11294.","Allen University","","","An annual report of the President for 1961-1962.","1 item ; Page 5 of 36","John Henry McCray Papers, 1929-1989","https://digital.library.sc.edu/collections/john-henry-mccray-papers-1929-1989/","University of South Carolina. South Caroliniana Library","Copyright Not Evaluated.∩┐╜For further information please contact The University of South Carolina, South Caroliniana Library, Columbia, SC 29208.","Civil Rights Era (1955-1969)","Columbia, Richland County, South Carolina, United States","English","300ppi, 24-bit depth color, Epson Expression 11000 XL flatbed scanner with SilverFast scanning software, primary archival file is a TIFF","2017-01","Text","image/jpeg","Documents (object genre)","mccrayjh04-32-062","","Joshua Schutzenhofer","","2021-11-16","2021-11-16","http://cdm17173.contentdm.oclc.org/cdm/ref/collection/p17173coll38/id/6148",6148.0,"6758.jp2","/p17173coll38/image/6758.jp2","","will require some raising of financial sights by those who  administer and support the University. ""The price of progress  is going upΓÇ¥: but, considering its potential results the cost  will continue to be relatively modest. In terms of human  betterment, it will continue to be one of the wisest possible  investments.    FINANCING THE UNIVERSITY    In the business cf education, all the conventional  physical methods are modified to two basic realities. Allen  has an annual operating budget of over $702,000 the source of  these funds and the detail of their expenditure is:    INCOME:    AMOUNT (11 months)    PERCENT    Tuition and fees    $ 250,279.00    371    Endowment and Other Income    23,21+2.86    31    Gifts and Grants    156,783.67    231    Auxiliary Activities    232,905.71+    351    EXPENSES:    $ 663,211.27    AMOUNT (11 months)    100    PERCENT    Administration and General    $ 108,357.67    211    Instructional    143,398.93    28    Operation of Physical Plant    213,921+. 22    23    Auxiliary Activities    111,455.39    221    Academic and Foreign Scholarships    (Student Loan l/9th & Ministerial)    26,765.86    $ 503,922.07    5    100    These figures do not call attention to two facts that",935,True,True,False,False,False,"['Special Char Artifacts', 'General Artifacts']","['ΓÇ¥', '23,21+2.86']"
"Annual Report of the President, 1961-1962, Page 6","","McCray, John Henry, 1910-1987","","","Manuscripts; Accession 11294.","Allen University","","","An annual report of the President for 1961-1962.","1 item ; Page 6 of 36","John Henry McCray Papers, 1929-1989","https://digital.library.sc.edu/collections/john-henry-mccray-papers-1929-1989/","University of South Carolina. South Caroliniana Library","Copyright Not Evaluated.∩┐╜For further information please contact The University of South Carolina, South Caroliniana Library, Columbia, SC 29208.","Civil Rights Era (1955-1969)","Columbia, Richland County, South Carolina, United States","English","300ppi, 24-bit depth color, Epson Expression 11000 XL flatbed scanner with SilverFast scanning software, primary archival file is a TIFF","2017-01","Text","image/jpeg","Documents (object genre)","mccrayjh04-32-063","","Joshua Schutzenhofer","","2021-11-16","2021-11-16","http://cdm17173.contentdm.oclc.org/cdm/ref/collection/p17173coll38/id/6149",6149.0,"6759.jp2","/p17173coll38/image/6759.jp2","","deeply affect the University's physical operation. First,  Allen sells its services for far less than it costs, A stu┬¼  dent's tuition and fees cover only about 37i percent of the  total cost of the education he gets. Secondly, the University  program is run at precisely the level which its income permits.  From year to year this program must assume new dimensions as  Allen moves to meet its growing responsibilities.    These are the realities that lead Allen and its sister  institutions into the continuing task of raising funds, a  task that has become integral to successful administration of  private universities. The alternatives are limited and rather  clear: charge students the full cost and thereby limit enroll┬¼  ment to the economically qualified, or placidly accept  deterioration in education and ignore the challenges that lead  civilization onward, hbither choice is consistent with the  purposes of Allen nor with the University's role. The  University is not Immune to the inexorable increase in the cost  of goods and services. It is in fact particularly vulnerable  since it does not have the economic flexibility of a business  enterprise. This factor, plus the cost of improving the pro┬¼  grams and the unrelenting pressures supplied by the increasing  complexity of teaching and research, has steadily driven  operating costs upward. This trend explains the accompanying  rise in tuition and fees, reluctantly imposed but essential  to solvency.    Despite the problems and the certainty that they will  multiply rather than abate, Allen is striving to be soundly  financed. The University is operating in the black. It has an",1370,True,False,False,False,False,"['Special Char Artifacts']","['┬¼', '┬¼', '┬¼']"
"Annual Report of the President, 1961-1962, Page 7","","McCray, John Henry, 1910-1987","","","Manuscripts; Accession 11294.","Allen University","","","An annual report of the President for 1961-1962.","1 item ; Page 7 of 36","John Henry McCray Papers, 1929-1989","https://digital.library.sc.edu/collections/john-henry-mccray-papers-1929-1989/","University of South Carolina. South Caroliniana Library","Copyright Not Evaluated.∩┐╜For further information please contact The University of South Carolina, South Caroliniana Library, Columbia, SC 29208.","Civil Rights Era (1955-1969)","Columbia, Richland County, South Carolina, United States","English","300ppi, 24-bit depth color, Epson Expression 11000 XL flatbed scanner with SilverFast scanning software, primary archival file is a TIFF","2017-01","Text","image/jpeg","Documents (object genre)","mccrayjh04-32-064","","Joshua Schutzenhofer","","2021-11-16","2021-11-16","http://cdm17173.contentdm.oclc.org/cdm/ref/collection/p17173coll38/id/6150",6150.0,"6760.jp2","/p17173coll38/image/6760.jp2","","endowment and other Invested funds with a market value exceed┬¼  ing $319,790.72 producing an average yearly income of    $21|,000. It buildings and equipment are valued at more than  $1,296,302.00. The foresighted generosity of thousands of  supporters is an asset of incalculable worth as Allen seeks  to meet the great opportunities and needs which await.",298,True,True,False,False,False,"['Special Char Artifacts', 'General Artifacts']","['┬¼', '21|,000']"
"Annual Report of the President, 1961-1962, Page 8","","McCray, John Henry, 1910-1987","","","Manuscripts; Accession 11294.","Allen University","","","An annual report of the President for 1961-1962.","1 item ; Page 8 of 36","John Henry McCray Papers, 1929-1989","https://digital.library.sc.edu/collections/john-henry-mccray-papers-1929-1989/","University of South Carolina. South Caroliniana Library","Copyright Not Evaluated.∩┐╜For further information please contact The University of South Carolina, South Caroliniana Library, Columbia, SC 29208.","Civil Rights Era (1955-1969)","Columbia, Richland County, South Carolina, United States","English","300ppi, 24-bit depth color, Epson Expression 11000 XL flatbed scanner with SilverFast scanning software, primary archival file is a TIFF","2017-01","Text","image/jpeg","Documents (object genre)","mccrayjh04-32-065","","Joshua Schutzenhofer","","2021-11-16","2021-11-16","http://cdm17173.contentdm.oclc.org/cdm/ref/collection/p17173coll38/id/6151",6151.0,"6761.jp2","/p17173coll38/image/6761.jp2","","ADMINISTRATIVE OFFICES    Accomplishments, needs, and recommendations have been  submitted for consideration and approval from the following  administrative offices:    BUSINESS OFFICE:    1. Accomplishments    a. Budget was made and in operation during the year  1961-62 (Began in September)    b. Minutes of Beard of Trustees Meeting are on file    c. Inventories have been submitted from all areas  (Few not in but. will be by May 15)    d. Investments listed in names other than Allen  University Endowment have been changed to proper  name.    e. Agreements and contracts on file in Office    f. Student aid lists have been approved by President  and presented by person in charge of same to  office for credits to individual accounts and  charged to departments rather than general    g. Retirement of several staggering debts such as  payroll taxes, Mortgages, etc.    2. Needs    / a. Additional worker for Business Office is a must so    that the Business Manager will have more time to  devote to the Business transactions of the  University especially in the area of buying, pre┬¼  serving and the improvement of supplies,  equipment and buildings and grounds.    b. Business office needs more space for effective  operation: (a) files are too crowded; (b) Book┬¼  keeping office entirely too small and not enough  room for adequate record keeping.",1094,True,False,False,False,False,"['Special Char Artifacts']","['┬¼', '┬¼']"
"Annual Report of the President, 1961-1962, Page 9","","McCray, John Henry, 1910-1987","","","Manuscripts; Accession 11294.","Allen University","","","An annual report of the President for 1961-1962.","1 item ; Page 9 of 36","John Henry McCray Papers, 1929-1989","https://digital.library.sc.edu/collections/john-henry-mccray-papers-1929-1989/","University of South Carolina. South Caroliniana Library","Copyright Not Evaluated.∩┐╜For further information please contact The University of South Carolina, South Caroliniana Library, Columbia, SC 29208.","Civil Rights Era (1955-1969)","Columbia, Richland County, South Carolina, United States","English","300ppi, 24-bit depth color, Epson Expression 11000 XL flatbed scanner with SilverFast scanning software, primary archival file is a TIFF","2017-01","Text","image/jpeg","Documents (object genre)","mccrayjh04-32-066","","Joshua Schutzenhofer","","2021-11-16","2021-11-16","http://cdm17173.contentdm.oclc.org/cdm/ref/collection/p17173coll38/id/6152",6152.0,"6762.jp2","/p17173coll38/image/6762.jp2","","REGISTRARΓÇÖS OFFICE    1. Accomplishments    a. Have checked 1962-63 seniors    b. Processed seniors for Commencement    c. Recorded courses on senior cards so that we may  send records to the State Department immediately  after graduation.    d. In the process of mimeographing a letter to all  applicants who have applied for next year. (Have  on file 103 applications for admission)    2. Needs    a. Electric typewriter    b. Addressograph Machine    c. 1-Four drawer filing cabinet    d. 2-three drawer filing cabinets    e. tile floor and counter    3. Recommendation    a. That one secretary be hired (additional)    STUDENT PERSONNEL OFFICE:    1. Accomplishments    a. The cultural level of the college has been raised.    b. The Allen spirit has been restored.    c. Follow-up has been made concerning the inquiry of  extra curricula activities on application blanks.    d. The personnel committee has decreased the number  of minor activities.    2. Needs    a. One large, filing metal cabinet    b. Two reams of memo paper (8f by 11)    c. Air conditioner be moved from vacant office in  Education Department and installed in Student  Personnel Office.",918,True,False,False,False,False,"['Special Char Artifacts']","['ΓÇÖ']"
"Annual Report of the President, 1961-1962, Page 10","","McCray, John Henry, 1910-1987","","","Manuscripts; Accession 11294.","Allen University","","","An annual report of the President for 1961-1962.","1 item ; Page 10 of 36","John Henry McCray Papers, 1929-1989","https://digital.library.sc.edu/collections/john-henry-mccray-papers-1929-1989/","University of South Carolina. South Caroliniana Library","Copyright Not Evaluated.∩┐╜For further information please contact The University of South Carolina, South Caroliniana Library, Columbia, SC 29208.","Civil Rights Era (1955-1969)","Columbia, Richland County, South Carolina, United States","English","300ppi, 24-bit depth color, Epson Expression 11000 XL flatbed scanner with SilverFast scanning software, primary archival file is a TIFF","2017-01","Text","image/jpeg","Documents (object genre)","mccrayjh04-32-067","","Joshua Schutzenhofer","","2021-11-16","2021-11-16","http://cdm17173.contentdm.oclc.org/cdm/ref/collection/p17173coll38/id/6153",6153.0,"6763.jp2","/p17173coll38/image/6763.jp2","","3. Recommendation    Better cooperation with faculty members and advisors  in sponsoring activities so that there will not be a  conflict; and that all faculty sponsors process  blanks as to the activities on campus and away.    This will aid greatly in compiling my annual activi┬¼  ties report.    DEAN OF WOMEN:    1. Accomplishments    a. An improvement in the cultural tone, through  experiences provided by a ""Charm Clinic"".    b. Literature and instructional lectures in the  social graces.    c. A formal tea    d. Dormitory ""Chit Chat"" hour.    e. Much improvement has been made in cleanliness  and residence hall management in two dormitories  There is much to be desired for Coppin Hall.    2. Needs    a. More qualified office assistants and dormitory  directors.    b. An increase in the budget for cultural and edu┬¼  cational activities.    c. A decrease in teaching hours to 3 per week, so  that the Dean of Women may have more time for  personnel work.    3. Recommendation    The re-incorporation of the orientation course  in the curriculum would provide an excellent  opportunity for personnel officers to give to  new students vitally important academic, social  and cultural guidance and experiences.",977,True,False,False,False,False,"['Special Char Artifacts']","['┬¼', '┬¼']"
"Annual Report of the President, 1961-1962, Page 11","","McCray, John Henry, 1910-1987","","","Manuscripts; Accession 11294.","Allen University","","","An annual report of the President for 1961-1962.","1 item ; Page 11 of 36","John Henry McCray Papers, 1929-1989","https://digital.library.sc.edu/collections/john-henry-mccray-papers-1929-1989/","University of South Carolina. South Caroliniana Library","Copyright Not Evaluated.∩┐╜For further information please contact The University of South Carolina, South Caroliniana Library, Columbia, SC 29208.","Civil Rights Era (1955-1969)","Columbia, Richland County, South Carolina, United States","English","300ppi, 24-bit depth color, Epson Expression 11000 XL flatbed scanner with SilverFast scanning software, primary archival file is a TIFF","2017-01","Text","image/jpeg","Documents (object genre)","mccrayjh04-32-068","","Joshua Schutzenhofer","","2021-11-16","2021-11-16","http://cdm17173.contentdm.oclc.org/cdm/ref/collection/p17173coll38/id/6154",6154.0,"6764.jp2","/p17173coll38/image/6764.jp2","","OFFICE OF THE DEAN:    1. Accomplishments    a. Improved method of registration by use of a  scattergram board.    b. Guidance Program for all major and minor students.    c. Centralization of social activities to office of  student personnel.    d. New filing system to improve information in re┬¼  search.    2. Needs    a. One metal typist desk, one secretary chair    bb. One desk, chair, and chair mat for DeanΓÇÖs Office.    c. 1-four drawer file    d. Two index card files, one metal table, one metal  book case    e. One Royal electric typewriter.    ALUMNI-PUBLIC RELATIONS    1. Accomplishments    a. Spear-headed successful Homecoming and FounderΓÇÖs  Day Drives    b. Assisted fifty-nine (59) 1961 Graduates to se┬¼  cure jobs    c. Kept in close contact with 1|3 Alumni Clubs    d. Secured voting machines for 1962 Student election.    2. Needs    a. Full time secretary    b. Addressograph machine    c. New covering for floor in Alumni Office",746,True,True,False,False,False,"['Special Char Artifacts', 'General Artifacts']","['┬¼', 'ΓÇÖ', 'ΓÇÖ', '┬¼', '1|3']"
"Annual Report of the President, 1961-1962, Page 12","","McCray, John Henry, 1910-1987","","","Manuscripts; Accession 11294.","Allen University","","","An annual report of the President for 1961-1962.","1 item ; Page 12 of 36","John Henry McCray Papers, 1929-1989","https://digital.library.sc.edu/collections/john-henry-mccray-papers-1929-1989/","University of South Carolina. South Caroliniana Library","Copyright Not Evaluated.∩┐╜For further information please contact The University of South Carolina, South Caroliniana Library, Columbia, SC 29208.","Civil Rights Era (1955-1969)","Columbia, Richland County, South Carolina, United States","English","300ppi, 24-bit depth color, Epson Expression 11000 XL flatbed scanner with SilverFast scanning software, primary archival file is a TIFF","2017-01","Text","image/jpeg","Documents (object genre)","mccrayjh04-32-069","","Joshua Schutzenhofer","","2021-11-16","2021-11-16","http://cdm17173.contentdm.oclc.org/cdm/ref/collection/p17173coll38/id/6155",6155.0,"6765.jp2","/p17173coll38/image/6765.jp2","","of Trustees, the officers, the faculty, the students and the  alumni, and all those who make this great Institution what it  is.    For there is greatness in Allen University, in its  traditions, in its current program, and in its future. As  the needs for its services grow, so will its human and physical  resources. It will continue to play an even more important  role and make, this a better community, a better State, and a  better nation.    PREFACE  to    APPROVED PROCEDURES FOR REORGANIZATION    OF TRUSTEE BOARDS IN    AFRICAN METHODIST EPISCOPAL CHURCH COLLEGES    We will most likely be faced with the problem as to  whether the Board meets the requirement for operation as  listed in number 1 under Approved Procedures, namely, that  each trustee board in A. M. E. colleges shall be affected so as  to conform to the requirements of standard 2 of the Standards  for Operation of A. M. E. Colleges. This material is placed  in the hands of each board member for personal reference and  study prior to the consideration of this topic in the future.",850,False,False,False,False,True,"[]","[]"
"Annual Report of the President, 1961-1962, Page 13","","McCray, John Henry, 1910-1987","","","Manuscripts; Accession 11294.","Allen University","","","An annual report of the President for 1961-1962.","1 item ; Page 13 of 36","John Henry McCray Papers, 1929-1989","https://digital.library.sc.edu/collections/john-henry-mccray-papers-1929-1989/","University of South Carolina. South Caroliniana Library","Copyright Not Evaluated.∩┐╜For further information please contact The University of South Carolina, South Caroliniana Library, Columbia, SC 29208.","Civil Rights Era (1955-1969)","Columbia, Richland County, South Carolina, United States","English","300ppi, 24-bit depth color, Epson Expression 11000 XL flatbed scanner with SilverFast scanning software, primary archival file is a TIFF","2017-01","Text","image/jpeg","Documents (object genre)","mccrayjh04-32-070","","Joshua Schutzenhofer","","2021-11-16","2021-11-16","http://cdm17173.contentdm.oclc.org/cdm/ref/collection/p17173coll38/id/6156",6156.0,"6766.jp2","/p17173coll38/image/6766.jp2","","BOARD OF TRUSTEES    Allen University is, among other things, an educational  corporation governed by a Board of Trustees. The UniversityΓÇÖs  property is vested in this body, which also has a number of  other important responsibilities, including the appointment of  all officers of the corporation, and establishing every major  development affecting the UniversityΓÇÖs future by review and  approval.    The Trustees role is an active one. They are a primary  source of counsel and support, sharing in the administration  of the Institution. Among their tasks are supervision of  educational policies and the physical plant, investing of  endowment, and approval of the overall budget.    It is evident that the TrusteesΓÇÖ duties require a great  deal of broad gauge experience and penetrating judgment, along  with special qualities of insight and foresight. That the  UniversityΓÇÖs Board has these qualities in abundance is demon┬¼  strated by the InstitutionΓÇÖs remarkable progress, which is  being accelerated on a more solid foundation. We are deeply  grateful for their voluntary labors under the leadership of  our chairman and Chancellor, Bishop Carey A. Gibbs.    I have greatly enjoyed my association with all segments  of the University family. This year of direct affiliation  has been both stimulating and taxing, but fulfilling. Whatever  I have been able to contribute to the UniversityΓÇÖs advancement  has been the result of encouragement and support from the Board",1235,True,False,False,False,False,"['Special Char Artifacts']","['ΓÇÖ', 'ΓÇÖ', 'ΓÇÖ', 'ΓÇÖ', '┬¼', 'ΓÇÖ', 'ΓÇÖ']"
"Annual Report of the President, 1961-1962, Page 14","","McCray, John Henry, 1910-1987","","","Manuscripts; Accession 11294.","Allen University","","","An annual report of the President for 1961-1962.","1 item ; Page 14 of 36","John Henry McCray Papers, 1929-1989","https://digital.library.sc.edu/collections/john-henry-mccray-papers-1929-1989/","University of South Carolina. South Caroliniana Library","Copyright Not Evaluated.∩┐╜For further information please contact The University of South Carolina, South Caroliniana Library, Columbia, SC 29208.","Civil Rights Era (1955-1969)","Columbia, Richland County, South Carolina, United States","English","300ppi, 24-bit depth color, Epson Expression 11000 XL flatbed scanner with SilverFast scanning software, primary archival file is a TIFF","2017-01","Text","image/jpeg","Documents (object genre)","mccrayjh04-32-071","","Joshua Schutzenhofer","","2021-11-16","2021-11-16","http://cdm17173.contentdm.oclc.org/cdm/ref/collection/p17173coll38/id/6157",6157.0,"6767.jp2","/p17173coll38/image/6767.jp2","","approved procedures for reorganization  of trustee boards in  AFRICAN METHODIST EPISCOPAL CHURCH COLLEGES    1. The reorganization of the trustee board in each African  Methodist Episcopal Church College shall be effected so  as to conform to the requirements of Standard Two of  ΓÇÖΓÇÖStandards For Colleges Of The African Methodist  Episcopal Church.ΓÇ¥    2. Excluding the chairman of the Board of Trustees, who  will be the presiding bishop of the episcopal district  in which the college is situated, a total of either 16  or 20 trustees will be elected. In the case of 16  trustees, there will be four trustees in each of four  classes. Where 20 trustees are elected, there will be  five trustees in each of the four classes.    3┬╗ The four classes of trustee board members will be or┬¼  ganized in the following manner: (1) class one, elected  to a one-year term; (2) class two, elected to a two-year  term; (3) class three, elected to a three-year term; and  (10 class four, elected to a four-year term.    1^. The board members shall be selected from a wide variety  of occupational endeavors such as the ministry,  insurance, law, social work, business, education, medi┬¼  cine, public relations, fraternal orders, and so on.",1006,True,False,False,False,False,"['Special Char Artifacts']","['ΓÇÖΓÇÖ', 'ΓÇ¥', '┬╗', '┬¼', '┬¼']"
"Annual Report of the President, 1961-1962, Page 15","","McCray, John Henry, 1910-1987","","","Manuscripts; Accession 11294.","Allen University","","","An annual report of the President for 1961-1962.","1 item ; Page 15 of 36","John Henry McCray Papers, 1929-1989","https://digital.library.sc.edu/collections/john-henry-mccray-papers-1929-1989/","University of South Carolina. South Caroliniana Library","Copyright Not Evaluated.∩┐╜For further information please contact The University of South Carolina, South Caroliniana Library, Columbia, SC 29208.","Civil Rights Era (1955-1969)","Columbia, Richland County, South Carolina, United States","English","300ppi, 24-bit depth color, Epson Expression 11000 XL flatbed scanner with SilverFast scanning software, primary archival file is a TIFF","2017-01","Text","image/jpeg","Documents (object genre)","mccrayjh04-32-072","","Joshua Schutzenhofer","","2021-11-16","2021-11-16","http://cdm17173.contentdm.oclc.org/cdm/ref/collection/p17173coll38/id/6158",6158.0,"6768.jp2","/p17173coll38/image/6768.jp2","","Also, the persons elected as board members shall display  an objective insight and understanding into the problems    of higher education,    5. Twice the number of persons to be elected as board mem┬¼  bers will be nominated by a five-man committee including  the president of the college, the chairman of the board  of trustees, a faculty representative, an alumni repre┬¼  sentative, and a member-at-large. The president of the  college shall be the chairman of this group.    6, Choice of board members shall not be restricted to mem┬¼  bership in an annual conference or episcopal district,  race, sex or creed. This Is in line with the fact that  all African Methodist Episcopal Church colleges are now  connectional Institutions. A majority of these board  members, however, shall be members of the African  Methodist Episcopal Church, Further, the college and  its board shall be forever amenable to the discipline  and the General Conference of the African Methodist  Episcopal Church.    7. Only delegates to annual conferences, for the current  year will be eligible to vote for trustee board members.  Thirty days prior to the election date, an announcement  of the list of nominees will be mailed to each eligible  delegate. A brief description of the training, ex┬¼  perience, and accomplishments of each nominee will be  submitted with the name of each nominee.",1127,True,False,False,False,False,"['Special Char Artifacts']","['┬¼', '┬¼', '┬¼', '┬¼']"
"Annual Report of the President, 1961-1962, Page 16","","McCray, John Henry, 1910-1987","","","Manuscripts; Accession 11294.","Allen University","","","An annual report of the President for 1961-1962.","1 item ; Page 16 of 36","John Henry McCray Papers, 1929-1989","https://digital.library.sc.edu/collections/john-henry-mccray-papers-1929-1989/","University of South Carolina. South Caroliniana Library","Copyright Not Evaluated.∩┐╜For further information please contact The University of South Carolina, South Caroliniana Library, Columbia, SC 29208.","Civil Rights Era (1955-1969)","Columbia, Richland County, South Carolina, United States","English","300ppi, 24-bit depth color, Epson Expression 11000 XL flatbed scanner with SilverFast scanning software, primary archival file is a TIFF","2017-01","Text","image/jpeg","Documents (object genre)","mccrayjh04-32-073","","Joshua Schutzenhofer","","2021-11-16","2021-11-16","http://cdm17173.contentdm.oclc.org/cdm/ref/collection/p17173coll38/id/6159",6159.0,"6769.jp2","/p17173coll38/image/6769.jp2","","8. The election of trustee board members shall be held by  secret ballot. Each delegate shall vote for the required  number of nominees listed on the ballot and return to  the secretary of the nominating committee. The secre┬¼  tary of the nominating committee shall submit the sealed  ballots received to the existing board of trustees in  session* The ballots will then be opened, tabulated,  and the names of the nominees elected shall be announced.  The four ( in the case of 16 member boards ) or five    ( in the case of 20 member boards ) trustees receiving  the highest number of votes shall be declared class four  to serve a term of four years; the four or five receiving  the next highest number of votes shall be declared class  three for a term of three years, and so on. Thereafter,  four trustees shall be elected each year for a term of  four years. The elected trustees shall be certified by  the president of the college to the office of the  Commissioner of Education within fifteen days after the  election.    9. Any questions, arising out of the election of trustee  board members, can be referred to a special committee  composed of the Commissioner of Education, the chairman  and secretary of the Executive Commission on  Educational Institutions.    10. Vacancies occuring on the board, caused by resignation  or death, will be filled temporarily by the regular  nominating committee, until the annual election at which",1172,True,False,False,False,False,"['Special Char Artifacts']","['┬¼']"
"Annual Report of the President, 1961-1962, Page 17","","McCray, John Henry, 1910-1987","","","Manuscripts; Accession 11294.","Allen University","","","An annual report of the President for 1961-1962.","1 item ; Page 17 of 36","John Henry McCray Papers, 1929-1989","https://digital.library.sc.edu/collections/john-henry-mccray-papers-1929-1989/","University of South Carolina. South Caroliniana Library","Copyright Not Evaluated.∩┐╜For further information please contact The University of South Carolina, South Caroliniana Library, Columbia, SC 29208.","Civil Rights Era (1955-1969)","Columbia, Richland County, South Carolina, United States","English","300ppi, 24-bit depth color, Epson Expression 11000 XL flatbed scanner with SilverFast scanning software, primary archival file is a TIFF","2017-01","Text","image/jpeg","Documents (object genre)","mccrayjh04-32-074","","Joshua Schutzenhofer","","2021-11-16","2021-11-16","http://cdm17173.contentdm.oclc.org/cdm/ref/collection/p17173coll38/id/6160",6160.0,"6770.jp2","/p17173coll38/image/6770.jp2","","time the usual procedure will be followed in filling  the vacancy.    11. The chief duties and functions of the board of trustees  are to determine policies for the college and to see  that these policies are carried out by duly elected  administrative officers.    12. In order to accomplish its work effectively, the trustee'  board shall organize Itself into such essential  committees as executive, finance, personnel, physical  plant, and the like. The PresidentΓÇÖs Report and recom┬¼  mendations to the board will suggest the agenda and    procedure for the meetings",469,True,False,False,False,False,"['Special Char Artifacts']","['ΓÇÖ', '┬¼']"
"Annual Report of the President, 1961-1962, Page 18","","McCray, John Henry, 1910-1987","","","Manuscripts; Accession 11294.","Allen University","","","An annual report of the President for 1961-1962.","1 item ; Page 18 of 36","John Henry McCray Papers, 1929-1989","https://digital.library.sc.edu/collections/john-henry-mccray-papers-1929-1989/","University of South Carolina. South Caroliniana Library","Copyright Not Evaluated.∩┐╜For further information please contact The University of South Carolina, South Caroliniana Library, Columbia, SC 29208.","Civil Rights Era (1955-1969)","Columbia, Richland County, South Carolina, United States","English","300ppi, 24-bit depth color, Epson Expression 11000 XL flatbed scanner with SilverFast scanning software, primary archival file is a TIFF","2017-01","Text","image/jpeg","Documents (object genre)","mccrayjh04-32-075","","Joshua Schutzenhofer","","2021-11-16","2021-11-16","http://cdm17173.contentdm.oclc.org/cdm/ref/collection/p17173coll38/id/6161",6161.0,"6771.jp2","/p17173coll38/image/6771.jp2","","The following faculty members are recommended for the 1962-63  school term:    ORGANISATION FOR ACADEMIC PURPOSES    Howard E. Wright,A. B┬½, M. A., I'h.D., President    James S. Stuart, A. B., M. A., Ph.D., Executive Vice President    Mrs. Emma S. Abel, B. S., Business Manager    DEPARTMENTS AND DIVISIONS OF INSTRUCTION OF ACADEMIC  PROGRAM    SOCIAL SCIENCES    Dr. Mark Schafer, Ph.D.  Mr. T. V. Swinton, M. A.  Dr. J. S. Part, Ph.D.    Mr. F. N. Fitzpatrick, M. A.    Mr. A. T. Butler, M. A.    NATURAL SCIENCES    Mrs. L. d. Nelson, M. A.    Mr. J. W. Bentley, M. S.  Mr. W. D. Hill, M. S.  Miss Lin Lang Lu, M. A.    EDUCATION AND PSYCHOLOGY    M┬╗' .* ┬ú┬úmuel Wr? gift?"" ΓÇÖM. A.    Mrs. 0. D. Haile, M. A.    Mr. J. B. Haile, M. A.    Mr. C. A. Johnson, A. B.    Mr. A. D. Greene, 1-1. A.    Dr. I. Norden. Ph.D  Mrs. K. Dixson, M. A.*  Mrs. V. 0. Hurley, M.L.S.  Mrs. E. R. Holmes, M.L.S.  Miss G. E. Cooke, B.L.S.    RELIGION AND PHILOSOPHY    Dr. C. E. Ashanin, Ph.D.    Dr. E. Dent, S. T. M.    Mr. L. E. Crumlin, S.T.M.    Rev. J. Holman    PHYSICAL EDUC ATI ON    Mr. T. B. Nelson, M. A.    Mr. M, D. Hunter, M. A.    Mr. M. I. Evans, M.A.    BUSINESS EDUCATION    Mr. J. W. Hairston, M.A.    Mr. T^lmadge Anderson,    M.A.    Mr. J. A. Johnson, M. A.    HUMANITIES    Dr. Rolle Talcott, Ph.D  Mrs. A. S. Hollis    Mr. H. Hunter, M. S.  Mrs. T. II. Fisher, M. A.  Mr. R. S. Turner, M. A.    Mr. G. C. Traylor, M. A.    Dr. Walter Yeh, Ph.D.    Dr. J. W. Hunter, M. A.    Miss F. Fair, M. A.    Mr. R. Morris, A. B.",1121,True,True,False,False,False,"['Special Char Artifacts', 'General Artifacts']","['┬½', '┬╗', '┬ú┬ú', 'ΓÇÖ', 'T^lmadge']"
"Annual Report of the President, 1961-1962, Page 19","","McCray, John Henry, 1910-1987","","","Manuscripts; Accession 11294.","Allen University","","","An annual report of the President for 1961-1962.","1 item ; Page 19 of 36","John Henry McCray Papers, 1929-1989","https://digital.library.sc.edu/collections/john-henry-mccray-papers-1929-1989/","University of South Carolina. South Caroliniana Library","Copyright Not Evaluated.∩┐╜For further information please contact The University of South Carolina, South Caroliniana Library, Columbia, SC 29208.","Civil Rights Era (1955-1969)","Columbia, Richland County, South Carolina, United States","English","300ppi, 24-bit depth color, Epson Expression 11000 XL flatbed scanner with SilverFast scanning software, primary archival file is a TIFF","2017-01","Text","image/jpeg","Documents (object genre)","mccrayjh04-32-076","","Joshua Schutzenhofer","","2021-11-16","2021-11-16","http://cdm17173.contentdm.oclc.org/cdm/ref/collection/p17173coll38/id/6162",6162.0,"6772.jp2","/p17173coll38/image/6772.jp2","","In order to bring our faculty and staff up to the desired    standard we should seek additional instructors who are the recipi-  F    ents of the advanced degrees listed in the following areas:    Division of Education - Educational Testing Ph.D.    Natural,Sciences ~ Chemistry Ph.D.    Romance Languages - French, Spanish, etc. Ph.D.    Fine Arts - Advanced Art Courses    Business Education - Accounting and Economics    Elementary Education - Experience in Teacher Training M.A.    Business Education - Teaching Skill Subjects M.A.    Natural Sciences - Chemistry M.A.    Mathematics - Advanced Mathematics M.A.    Psychology M.A.    Special emphasis is placed on the need of a Ph.D. to serve  as Executive Vice President, to strengthen Department of Business,  serve in advisory capacity as accountant in Business Office, im-  rove curriculum, study faculty leadership, faculty self-study,  explore fund-raising improvements, seek aid from foundations,  philanthropies, and business foundations. In addition, an Execu┬¼  tive Vice President will assist in setting up for Allen University  a foundation similar to that of the Wilberforce Foundation, design┬¼  ed as an instrument to raise, invest, and distribute funds for  specific and general projects. This will contribute greatly to┬¼  ward liquidating indebtedness, adding physical facilities, and  improving financial stability of the institution.    The Foundation members should include prominent S. C. citizens  of diversified religious, racial, and political backgrounds, touch┬¼  ing friends who have never been brought to AllenΓÇÖs attention.    The Board of Trustees and the Allen University Foundation may  join in establishing an Allen University Development Fund for more  intensive and extensive financial support of the institution. Its  purposes would be: (1) To assure the continued high quality of  education. (2) To maintain and improve faculty (3) To help deserv┬¼  ing students, and to (4) improve facilities.",1642,True,False,False,False,False,"['Special Char Artifacts']","['┬¼', '┬¼', '┬¼', '┬¼', 'ΓÇÖ', '┬¼']"
"Annual Report of the President, 1961-1962, Page 20","","McCray, John Henry, 1910-1987","","","Manuscripts; Accession 11294.","Allen University","","","An annual report of the President for 1961-1962.","1 item ; Page 20 of 36","John Henry McCray Papers, 1929-1989","https://digital.library.sc.edu/collections/john-henry-mccray-papers-1929-1989/","University of South Carolina. South Caroliniana Library","Copyright Not Evaluated.∩┐╜For further information please contact The University of South Carolina, South Caroliniana Library, Columbia, SC 29208.","Civil Rights Era (1955-1969)","Columbia, Richland County, South Carolina, United States","English","300ppi, 24-bit depth color, Epson Expression 11000 XL flatbed scanner with SilverFast scanning software, primary archival file is a TIFF","2017-01","Text","image/jpeg","Documents (object genre)","mccrayjh04-32-077","","Joshua Schutzenhofer","","2021-11-16","2021-11-16","http://cdm17173.contentdm.oclc.org/cdm/ref/collection/p17173coll38/id/6163",6163.0,"6773.jp2","/p17173coll38/image/6773.jp2","","Most urgent would be assisting in building Higgins Hall,    Manae and Arnett Halls.    renovating    PERSONAL APPEARANCES OF THE PRESIDENT IN BEHALF OF  ALLEN UNIVERSITY    OCTOBER:    6 - Palmetto Conference, Charleston; 9 - Testimonial, Durham,  North Carolina; 13 - N. E. Conference, Conway; 25 - S. C.  Conference, Columbia; 27 - Conference, Newberry    NOVEMBER:    5 - S. C. State College, Oiangeburg; 9 - Farrow Road PTA,  Columbia; 10 - American. Association of Colleges and Secondary  Schools, Atlanta; 18 - Dennis High School, Bishopville, S. C.    17 - Conference, Clinton, S. C.; 19 - Omega Psi Phi Frater┬¼  nity, Columbia.    DECEMBER    3 - District Alumni, Newberry    6 - Association of Colleges & Secondary Schools, Miami Beach;    9 - Laymens Conference, Columbia;    JANUARY    14 - Joint Vespers, Benedict College;    23 - Boys Club, Columbia    FEBRUARY    9 - Emmanuel Church (Friends of All*┬╗n), Charleston; 11 -  Emmanuel AWE Chur ch, Columbia. (A. M.) Manning, S. C. (P. M.)  13 - Friends of Allen, Laurens; 22 - Bishops Council. Wash┬¼  ington, D. C.; 25 - Mens Day, St. Stephens AWE Church,    Georgetown; 28 - Mt. Pisgah AME Church, Sumter (A.M.)  Wysacki, S. C., Friends of Allen, (P.M.)    MARCH    1 - YWCA, USO, Columbia; 2 - Booker T. Washington High School,  Columbia; 4 - Little Mountain, S. C.; 10 - New York Chapter  of Allen University Alumni, at Hotel Concourse Plaza, New York  City; 21 - Methodist Center, Columbia; 23 - C.    APRIL    5 - Palmetto Education Association, Columbia; 7 - Mayor,  Columbia, S. C.; 11 - NAAOP, 7ion Baptist Church, Columbia;    13 - State Music Festival, Benedict College, Columbia;    16 - Convocation of Church and Community Life Relationships,  Wilson High School, Florence, S. C.",1390,True,True,False,False,False,"['Special Char Artifacts', 'General Artifacts']","['┬¼', '*┬╗', '┬¼', 'All*┬╗n']"
"Annual Report of the President, 1961-1962, Page 21","","McCray, John Henry, 1910-1987","","","Manuscripts; Accession 11294.","Allen University","","","An annual report of the President for 1961-1962.","1 item ; Page 21 of 36","John Henry McCray Papers, 1929-1989","https://digital.library.sc.edu/collections/john-henry-mccray-papers-1929-1989/","University of South Carolina. South Caroliniana Library","Copyright Not Evaluated.∩┐╜For further information please contact The University of South Carolina, South Caroliniana Library, Columbia, SC 29208.","Civil Rights Era (1955-1969)","Columbia, Richland County, South Carolina, United States","English","300ppi, 24-bit depth color, Epson Expression 11000 XL flatbed scanner with SilverFast scanning software, primary archival file is a TIFF","2017-01","Text","image/jpeg","Documents (object genre)","mccrayjh04-32-078","","Joshua Schutzenhofer","","2021-11-16","2021-11-16","http://cdm17173.contentdm.oclc.org/cdm/ref/collection/p17173coll38/id/6164",6164.0,"6774.jp2","/p17173coll38/image/6774.jp2","","APRIL (continued)    17 - Fort Jackson, Columbia, S. C.; 18 - Spartanburg County  Teachers Association; 20 - St. Josephs AWE Church, Durham,  N. C.; 22 - Turner Memorial AME Church, Washington, D. C.;  24-25 - Executive Commission, Jacksonville, Florida; 29 -  Allen AME Church, Jamaica, New York    MAY    8 - Lake City, 1 day Conference; 9 - Sumter, 1-day Conference;    10 - Lexington, 1-day Conference; 11 - Walterboro, 1-day  Conference; 12 - NAACD Mid-Year Conference, Allen University;    13 - St. Mark Episcopal Church; 15 - Abbeville, 1-day Confer┬¼  ence; 17 - Elloree, L-dav Conference; (A.M.) Columbia  Teachers Association, Carver Elene School, Columbia (P.M.)  22 - Bonds-Wilson High School, Charleston.    APPEARANCES TO BE MADE    MAY    28 - C. A. Johnson High School, Columbia; 29 - Jackson High  School, Camden; 27 - Aiken, S. C,, Scofield High School.    JUNE    2 - Lincoln University, Pennsylvania; 10 - Mullins, S. C.    5 - Friendship Junior College, Rock Hill, S. C.    JULY    4 - General Board, Greater Luke AME Church, New York City  5-6, Bishops Council, New York City; 10-13, Connectional  Christian Education Congress, Louisville, Kentucky; 25-28,  ATA Convention, Miami, Florida    TO DATE: Appearances made: 48    Appearances scheduled: 10",1022,True,False,False,False,False,"['Special Char Artifacts']","['┬¼']"
"Annual Report of the President, 1961-1962, Page 22","","McCray, John Henry, 1910-1987","","","Manuscripts; Accession 11294.","Allen University","","","An annual report of the President for 1961-1962.","1 item ; Page 22 of 36","John Henry McCray Papers, 1929-1989","https://digital.library.sc.edu/collections/john-henry-mccray-papers-1929-1989/","University of South Carolina. South Caroliniana Library","Copyright Not Evaluated.∩┐╜For further information please contact The University of South Carolina, South Caroliniana Library, Columbia, SC 29208.","Civil Rights Era (1955-1969)","Columbia, Richland County, South Carolina, United States","English","300ppi, 24-bit depth color, Epson Expression 11000 XL flatbed scanner with SilverFast scanning software, primary archival file is a TIFF","2017-01","Text","image/jpeg","Documents (object genre)","mccrayjh04-32-079","","Joshua Schutzenhofer","","2021-11-16","2021-11-16","http://cdm17173.contentdm.oclc.org/cdm/ref/collection/p17173coll38/id/6165",6165.0,"6775.jp2","/p17173coll38/image/6775.jp2","","IMPROVEMENTS WHICH HAVE BEEN MADE ON BUILDINGS AND GROUND"" DUR┬¼  ING SCHOOL YEAR J9&1-62    1. Arnette Hall--Work vat completed on entirt building inside    and outside consisting of installation of new  shower stalls* floor and wall tile and two com┬¼  plete bath finturcs. Repaired roof and installed  gutters and all plumbing and heating where needed.    2. Negotiated contract with Boiler Sale# Company to keep    heating systems in good working order at al! times  during year. Extensive repairs and improvements  have been made in this area as several of the  boilers are very ┬⌐id and outdated and require con┬¼  stant attention in order to give satisfactory  service.    Installed a new cast iron boiler complete with  Jacket and trim.    3. Repaired, painted and redecorated the Official ResiJ-""""w c.    L|,. Replaced gutters around Administration Building, ΓÇÖev* &lt;┬½-'i  steeple, recovered platform, replaced wort,  shingles and rotten woodwork and installed new  sewage line from building to water line.    5. Installed new electrical wiring where needed around campu.s-    6. Repaired and replaced plumbing in all buildings where    necessary.    7. Extensive repair┬« on gutters and roof of Richard Allen    Apartments.    8. Installed new water system and water lines to Chemistry    Department with 16 new sinks and copper piping  in Laboratories; new bath fixtures also.    9. Remodeled gym with plywood around first floor; repp, in* cd    floor and sealed playing area.    10. Repaired and installed new locks in boys dormitory; ma^c    new keys for all dormitories and other repairs a?  needed,    11. Complete landscaping of campus proper including Reid HaΓÇÖl    and Practice House. Replaced and painted front  porch of Practice House.    12. Repaired and put in working condition pipe organ and in┬¼    stalled proper motor so that all pipes and stoor  will now play.",1526,True,True,False,False,False,"['Special Char Artifacts', 'General Artifacts']","['┬¼', '┬¼', '┬⌐', '┬¼', 'ΓÇÖ', '┬½', '┬«', 'ΓÇÖ', '┬¼', 'J9&1-62', 'ma^c']"
"Annual Report of the President, 1961-1962, Page 23","","McCray, John Henry, 1910-1987","","","Manuscripts; Accession 11294.","Allen University","","","An annual report of the President for 1961-1962.","1 item ; Page 23 of 36","John Henry McCray Papers, 1929-1989","https://digital.library.sc.edu/collections/john-henry-mccray-papers-1929-1989/","University of South Carolina. South Caroliniana Library","Copyright Not Evaluated.∩┐╜For further information please contact The University of South Carolina, South Caroliniana Library, Columbia, SC 29208.","Civil Rights Era (1955-1969)","Columbia, Richland County, South Carolina, United States","English","300ppi, 24-bit depth color, Epson Expression 11000 XL flatbed scanner with SilverFast scanning software, primary archival file is a TIFF","2017-01","Text","image/jpeg","Documents (object genre)","mccrayjh04-32-080","","Joshua Schutzenhofer","","2021-11-16","2021-11-16","http://cdm17173.contentdm.oclc.org/cdm/ref/collection/p17173coll38/id/6166",6166.0,"6776.jp2","/p17173coll38/image/6776.jp2","","13. Built choir stand for stage.    II4.. Had all neon signs (Allen University) repaired on campus  and put in working condition.    15. Fixed floor and installed tile on floor and counter in  Business Office.    TOTAL ESTIMATED COST OF THE ABOVE REPAIRS WAS '. $23,292.65.  NOTE: At end of fiscal year May 31, 1961, our Accounts    Payable balance was $67,773.U┬ú┬½ As of December,  1961, the Accounts Payable balance was $1^.0,000 not  including several bills not yet received.    This shows that the above repairs were done  and paid for plus a reduction in the old Accounts  Payable balance $27,000. In addition to this, we  are now making depository receipts to the Federal  Government on Payroll taxes and F.I.C.A, and Jzeep-  ing all mortgage payments up-to-date including  annual payments due Housing and Home Finance  Agency on Coppin Hall and the Dining Hall, The  annual payment for this account alone was $6,L3O.    ADDITIONAL IMPROVEMENTS OF ALLEN UNIVERSITY DURING THE SCHOOL  YEAR 1961-62    1. Appointment of a self-study committee the results of which  will be evaluated during the summer.    2. Revision of the faculty and staff handbook and removal of  censure from Allen University by the American  Association of University Professors.    3. Raising of facultyΓÇÖs salaries to a median of better than  $L|.,000 for 1962-63.    I4.. Strengthening of the instructional staff by eliminating  or providing for replacement of the eight bachelors  on the faculty and the adding of sufficient doc┬¼  torates to bring the faculty up to the 25%  requirement for faculty accreditation. In com-",1303,True,True,False,False,False,"['Special Char Artifacts', 'General Artifacts']","['┬ú┬½', 'ΓÇÖ', '┬¼', '1^.0,000', 'L|.,000']"
"Annual Report of the President, 1961-1962, Page 24","","McCray, John Henry, 1910-1987","","","Manuscripts; Accession 11294.","Allen University","","","An annual report of the President for 1961-1962.","1 item ; Page 24 of 36","John Henry McCray Papers, 1929-1989","https://digital.library.sc.edu/collections/john-henry-mccray-papers-1929-1989/","University of South Carolina. South Caroliniana Library","Copyright Not Evaluated.∩┐╜For further information please contact The University of South Carolina, South Caroliniana Library, Columbia, SC 29208.","Civil Rights Era (1955-1969)","Columbia, Richland County, South Carolina, United States","English","300ppi, 24-bit depth color, Epson Expression 11000 XL flatbed scanner with SilverFast scanning software, primary archival file is a TIFF","2017-01","Text","image/jpeg","Documents (object genre)","mccrayjh04-32-081","","Joshua Schutzenhofer","","2021-11-16","2021-11-16","http://cdm17173.contentdm.oclc.org/cdm/ref/collection/p17173coll38/id/6167",6167.0,"6777.jp2","/p17173coll38/image/6777.jp2","","renting on this, one teacher is on leave of absence  to get her master*s this second semester, three  more expect to get the masterΓÇÖs degree during the  coming summer. Two have been given leaves of ab┬¼  sence, and two others will probably attempt to do  the same during the current year. We will have no  person teaching with a bachelorΓÇÖs degree except a  bandmaster for whom special approval has been  given by the Southern Association.    5. Development of a testing program which will give us more    adequate information as to the basic needs of the  students and means of helping students from failing  by giving special attention to the weaknesses shown  in basic English, vocabulary, grammar and  mathematics.    6. Improvement of Business Office procedures, designed to    expedite services and with the anticipated improve┬¼  ment this coming year, we should be able to lessen  employee cost with improved and efficient business  equipment and procedure.    7. Erecting of a cyclone fence around the rear of Higgins Hall    and beside Mance Hall which has definitely staked  off our property showing much more than appeared  to be before the fence was there and protecting  the property and the lumber which is being salvaged  by the dismantling of Higgins Hall.    6. Reduction of the indebtedness of the school as is shown in  another chart.    9, Strengthening the position of the Alumni Secretary which  is designed for improved alumni communication and  relations as well as fund-raising.    10, A new catalog is being printed with several improvements,    clarifications, and corrections.    11. Much has been achieved by close scrutiny to the plant, and    to insure the better functioning of the school.  Consideration was given to such matters as:    a. Cleaning up the entire campus, planting grass  this winter; this is to be improved this sum-  mer--painting of the Dining Hall and making  provisions for painting the outside of every  building on the campus.    b. Raising salaries of faculty and staff.    c. Intense vocational counseling.    d. Restudying the purposes and aims of the  Institution to make certain that they were",1741,True,False,False,False,False,"['Special Char Artifacts']","['ΓÇÖ', '┬¼', 'ΓÇÖ', '┬¼']"
"Annual Report of the President, 1961-1962, Page 25","","McCray, John Henry, 1910-1987","","","Manuscripts; Accession 11294.","Allen University","","","An annual report of the President for 1961-1962.","1 item ; Page 25 of 36","John Henry McCray Papers, 1929-1989","https://digital.library.sc.edu/collections/john-henry-mccray-papers-1929-1989/","University of South Carolina. South Caroliniana Library","Copyright Not Evaluated.∩┐╜For further information please contact The University of South Carolina, South Caroliniana Library, Columbia, SC 29208.","Civil Rights Era (1955-1969)","Columbia, Richland County, South Carolina, United States","English","300ppi, 24-bit depth color, Epson Expression 11000 XL flatbed scanner with SilverFast scanning software, primary archival file is a TIFF","2017-01","Text","image/jpeg","Documents (object genre)","mccrayjh04-32-082","","Joshua Schutzenhofer","","2021-11-16","2021-11-16","http://cdm17173.contentdm.oclc.org/cdm/ref/collection/p17173coll38/id/6168",6168.0,"6778.jp2","/p17173coll38/image/6778.jp2","","clearly understood by both faculty and staff.    e. Planning for extensive use of business  machines in the accounting system,    f. Strengthening curricula offerings, especially  the general education program.    g. Cleaning up and getting the physical plant  and grounds in order and contracting for im┬¼  proved janitoral and custodial services which  are designed to keep the administration, class┬¼  room and dormitory facilities clean at all  times.    h. Development of design to clear up indebted┬¼  ness,    i. Strengthening the advisory and counseling  program.    Our major project now is to work toward greater achieve┬¼  ment. We must devote our time and efforts to that end. We  shall attempt to render the most worthwhile service to the  type of student who comes to us for help by taking him where  we find him and leading him to the highest degree of efficiency  and thoroughness possible in his chosen field of preparation.  A large number of our students come from underprivileged areas  and with comparatively poor backgrounds. Many of them have  good minds that have never had the opportunity for the optimum  growth and development. After they have been with us for a  year or perhaps three or four, it should be possible for them  to develop to the point where they may and actually do go on  to graduate or professional schools or are prepared to teach,  do social work, enter the ministry, or become leaders in  various fields. It is possible for Allen to render a distinc┬¼  tive service for a type of student that perhaps would other┬¼  wise never have had a chance to achieve any degree of  proficiency. Therefore we are happy and proud to devote our",1359,True,False,False,False,False,"['Special Char Artifacts']","['┬¼', '┬¼', '┬¼', '┬¼', '┬¼', '┬¼']"
"Annual Report of the President, 1961-1962, Page 26","","McCray, John Henry, 1910-1987","","","Manuscripts; Accession 11294.","Allen University","","","An annual report of the President for 1961-1962.","1 item ; Page 26 of 36","John Henry McCray Papers, 1929-1989","https://digital.library.sc.edu/collections/john-henry-mccray-papers-1929-1989/","University of South Carolina. South Caroliniana Library","Copyright Not Evaluated.∩┐╜For further information please contact The University of South Carolina, South Caroliniana Library, Columbia, SC 29208.","Civil Rights Era (1955-1969)","Columbia, Richland County, South Carolina, United States","English","300ppi, 24-bit depth color, Epson Expression 11000 XL flatbed scanner with SilverFast scanning software, primary archival file is a TIFF","2017-01","Text","image/jpeg","Documents (object genre)","mccrayjh04-32-083","","Joshua Schutzenhofer","","2021-11-16","2021-11-16","http://cdm17173.contentdm.oclc.org/cdm/ref/collection/p17173coll38/id/6169",6169.0,"6779.jp2","/p17173coll38/image/6779.jp2","","talents to the strivings of such students    A FIVE YEAR PROJECTION    PROGRAM    It is hoped that with the inclusion of an executive vice  president to assist the chief administrator in developing and  organizing the program, that we will this year embark upon a  program designed to study the enrollment and size from a  period of several years in the past in order to anticipate  trends.    The purpose will be designed to determine the probable  enrollment over a period of the next five years, the number  of students of ability to be expected, and a concern for the  full employment of present enrollment facilities and adjust┬¼  ments which may probably be contemplated.    PHYSICAL FACILITIES    We plan to improve the quality of the physical facilities.  The Board has already approved the idea of assembling figures,  facts and information relative to the construction of a new  boyΓÇÖs dormitory, renovation of Arnett Hall for women and the  placing of young men in Mance Hall. In the immediate future,  the continuation of extensive renovation of the physical  plant and the purchase of new equipment is projected. We have  been in contact with the Federal Housing and Finance Agency of  Washington, D. C. and will contact the Federal Home Finance  Agency of Chicago. When this is done a preliminary application  and plans will have to be approved for the necessary funds  and set aside pending approval of financial, legal and",1168,True,False,False,False,False,"['Special Char Artifacts']","['┬¼', 'ΓÇÖ']"
"Annual Report of the President, 1961-1962, Page 27","","McCray, John Henry, 1910-1987","","","Manuscripts; Accession 11294.","Allen University","","","An annual report of the President for 1961-1962.","1 item ; Page 27 of 36","John Henry McCray Papers, 1929-1989","https://digital.library.sc.edu/collections/john-henry-mccray-papers-1929-1989/","University of South Carolina. South Caroliniana Library","Copyright Not Evaluated.∩┐╜For further information please contact The University of South Carolina, South Caroliniana Library, Columbia, SC 29208.","Civil Rights Era (1955-1969)","Columbia, Richland County, South Carolina, United States","English","300ppi, 24-bit depth color, Epson Expression 11000 XL flatbed scanner with SilverFast scanning software, primary archival file is a TIFF","2017-01","Text","image/jpeg","Documents (object genre)","mccrayjh04-32-084","","Joshua Schutzenhofer","","2021-11-16","2021-11-16","http://cdm17173.contentdm.oclc.org/cdm/ref/collection/p17173coll38/id/6170",6170.0,"6780.jp2","/p17173coll38/image/6780.jp2","","engineering factors. We certainly look forward, hopefully, to  complete construction of a menΓÇÖs residence within a year.    DEVELOPMENT FUND    In order to assure the future growth of Allen University,  the Board is asked to give its approval to the idea of  developing an Allen University Foundation somewhat similar to  the successful plan initiated by Wilberforce University in  establishing a Wilberforce WbtateKbdon that is designed to work  in cooperation with the Board of Trustees and establish a  development fund seeking to raise monies from sources not  heretofore working in behalf of Allen University. We have made  preliminary Investigation of this area and such a foundation  should function somewhat independently of current fund-raising  agencies and would be designed to serve the following purposes:    Faculty salary increase  Faculty improvement  Science Laboratory renovations  Unrestricted gifts  Scholarships  Renovation of the physical plant where needed.    There may be annual reallocation of funds in these areas.  Our Job is to develop machinery for contacting foundations,  philanthropies, and business corporations. An important ele┬¼  ment in the success of fund-raising will be improved public  relations and the seeking of favorable press releases. We  anticipate the idea of fund raising luncheons in several large  cities of the country where alumni are now in large numbers.  It was my pleasure to speak to 200 persons at $6.75 a plate at  the Hotel Concourse Plaza in New York. This initial effort by    the Long Island Alumni Chapter of New York was very successful",1327,True,False,False,False,False,"['Special Char Artifacts']","['ΓÇÖ', '┬¼']"
"Annual Report of the President, 1961-1962, Page 28","","McCray, John Henry, 1910-1987","","","Manuscripts; Accession 11294.","Allen University","","","An annual report of the President for 1961-1962.","1 item ; Page 28 of 36","John Henry McCray Papers, 1929-1989","https://digital.library.sc.edu/collections/john-henry-mccray-papers-1929-1989/","University of South Carolina. South Caroliniana Library","Copyright Not Evaluated.∩┐╜For further information please contact The University of South Carolina, South Caroliniana Library, Columbia, SC 29208.","Civil Rights Era (1955-1969)","Columbia, Richland County, South Carolina, United States","English","300ppi, 24-bit depth color, Epson Expression 11000 XL flatbed scanner with SilverFast scanning software, primary archival file is a TIFF","2017-01","Text","image/jpeg","Documents (object genre)","mccrayjh04-32-085","","Joshua Schutzenhofer","","2021-11-16","2021-11-16","http://cdm17173.contentdm.oclc.org/cdm/ref/collection/p17173coll38/id/6171",6171.0,"6781.jp2","/p17173coll38/image/6781.jp2","","and raised $200 to $300 for Allen University. They hope to  make this an annual affair and to raise $1,000 the next time.    FUND-RAISING  we consider  It is incumbent/thatAdiscussions concerning the feasi┬¼  bility of employing a fund-raising company to give acceleration  to a development fund, which we would consider a contirroous  campaign, and to initiate a capital gifts campaign later.    While the annual contribution of a minimum of $116,000 by  the African Methodist Episcopal Church equals an endowment in  excess of $3,000,000, continuous efforts and attention need to  be directed to the eventual initiation of a program to increase  Allen UniversityΓÇÖs endowment fund to $1,000,000.    It is a plan of this administration to be able to know  within the next few months what are the detailed requirements  for job classification and specification in each area of the  ΓÇók  school and an estimate showing the cost per meal to feed the  student body, the unit cost of electricity and water and other  expense operations of the school so that the greatest good  may be extracted from every dollar we handle making an  efficient, effective, economical and sound administration.  Only then will we be able to plan as intelligently and as  effectively in building up a strong, sound operating  institution. Under this five year projection plan, the image  of Allen University is that of a small liberal arts, Christian  college deliberately pursuing greater excellence as well as  the following:",1236,True,False,False,False,False,"['Special Char Artifacts']","['┬¼', 'ΓÇÖ', 'ΓÇó']"
"Annual Report of the President, 1961-1962, Page 29","","McCray, John Henry, 1910-1987","","","Manuscripts; Accession 11294.","Allen University","","","An annual report of the President for 1961-1962.","1 item ; Page 29 of 36","John Henry McCray Papers, 1929-1989","https://digital.library.sc.edu/collections/john-henry-mccray-papers-1929-1989/","University of South Carolina. South Caroliniana Library","Copyright Not Evaluated.∩┐╜For further information please contact The University of South Carolina, South Caroliniana Library, Columbia, SC 29208.","Civil Rights Era (1955-1969)","Columbia, Richland County, South Carolina, United States","English","300ppi, 24-bit depth color, Epson Expression 11000 XL flatbed scanner with SilverFast scanning software, primary archival file is a TIFF","2017-01","Text","image/jpeg","Documents (object genre)","mccrayjh04-32-086","","Joshua Schutzenhofer","","2021-11-16","2021-11-16","http://cdm17173.contentdm.oclc.org/cdm/ref/collection/p17173coll38/id/6172",6172.0,"6782.jp2","/p17173coll38/image/6782.jp2","","SPECIFIC GOALS    1. To be a quality liberal arts Gol'Lege *    2. Regional accreditation    3. Selectivity of students based on academic  tests and likelihood of both ability and  determination to profit from a studious,  Christian atmosphere.    Concern for enriching our denomination  through higher Christian education.    In light of our growing concern for quality we will need    to have an enrollment prediction for the coming years. Our  concern now is a full employment of present enrollment facili┬¼  ties for the immediate future.    SUMMARY OF THIS REPORT    THE TRUSTEES:    Evidence has been given to show that the Trustee Board  under its able chairman, has supported the administration and  has given encouragement and authority for executing the  policies of the Board.    THE ADMINISTRATION:    The administration or primarily the chief administrative  officer has established rapport with educational agencies  such as the Southern Association, the State Department of  Education, the American Association of University Professors,  The administration has met the approbation of the Southern  Association and has presented the new image of Allen in more  than 50 public appearances. The auditor reports that the    books are in the best shape they have ever been during the 25",1054,True,False,False,False,False,"['Special Char Artifacts']","['┬¼']"
"Annual Report of the President, 1961-1962, Page 30","","McCray, John Henry, 1910-1987","","","Manuscripts; Accession 11294.","Allen University","","","An annual report of the President for 1961-1962.","1 item ; Page 30 of 36","John Henry McCray Papers, 1929-1989","https://digital.library.sc.edu/collections/john-henry-mccray-papers-1929-1989/","University of South Carolina. South Caroliniana Library","Copyright Not Evaluated.∩┐╜For further information please contact The University of South Carolina, South Caroliniana Library, Columbia, SC 29208.","Civil Rights Era (1955-1969)","Columbia, Richland County, South Carolina, United States","English","300ppi, 24-bit depth color, Epson Expression 11000 XL flatbed scanner with SilverFast scanning software, primary archival file is a TIFF","2017-01","Text","image/jpeg","Documents (object genre)","mccrayjh04-32-087","","Joshua Schutzenhofer","","2021-11-16","2021-11-16","http://cdm17173.contentdm.oclc.org/cdm/ref/collection/p17173coll38/id/6173",6173.0,"6783.jp2","/p17173coll38/image/6783.jp2","","years that the firm of Derrick, Stubbs and Stith have been  auditing Allen UniversityΓÇÖs account.    THE FACULTY:    Failure on this standard weighed heavily against Allen  UniversityΓÇÖs being accredited. Only five doctorates and  eight (8) bachelors weighed against us. We need at least 11  doctorates, 25% of the staff and have made provision for re┬¼  placing the eight bachelors with masterΓÇÖs degrees. This brings  the faculty up to the minimum quality as measured quantitatively  for  which is a requisite/approbation and accreditation.    THE STUDENT BODY┬ú    AllenΓÇÖs enrollment dropped to 610 the first semester but  came up above 700 the second semester. The uncollected  student accounts last year was $28,000. Under this administra┬¼  tion, all student accounts were collected. There is great  demand on the part of students to enter Allen University.  Already we have more than 100 applications for the Fall. The  deficit on athletics last year was $50,000, This year it is  $12,000. Under our new policy, athletics is to be made self-  supporting, This means a drastic reduction in the number of  full scholarships given to athletes and others. Our policy  will be to award grants-in-aid and self-help for students first.  This means the primary concern of Allen University is to  develop persons who come for serious study. The fact that they  possess musical, dramatic, or athletic talents will be secon┬¼  dary to the emphasis upon scholarly development.",1215,True,False,False,False,False,"['Special Char Artifacts']","['ΓÇÖ', 'ΓÇÖ', '┬¼', 'ΓÇÖ', '┬ú', 'ΓÇÖ', '┬¼', '┬¼']"
"Annual Report of the President, 1961-1962, Page 31","","McCray, John Henry, 1910-1987","","","Manuscripts; Accession 11294.","Allen University","","","An annual report of the President for 1961-1962.","1 item ; Page 31 of 36","John Henry McCray Papers, 1929-1989","https://digital.library.sc.edu/collections/john-henry-mccray-papers-1929-1989/","University of South Carolina. South Caroliniana Library","Copyright Not Evaluated.∩┐╜For further information please contact The University of South Carolina, South Caroliniana Library, Columbia, SC 29208.","Civil Rights Era (1955-1969)","Columbia, Richland County, South Carolina, United States","English","300ppi, 24-bit depth color, Epson Expression 11000 XL flatbed scanner with SilverFast scanning software, primary archival file is a TIFF","2017-01","Text","image/jpeg","Documents (object genre)","mccrayjh04-32-088","","Joshua Schutzenhofer","","2021-11-16","2021-11-16","http://cdm17173.contentdm.oclc.org/cdm/ref/collection/p17173coll38/id/6174",6174.0,"6784.jp2","/p17173coll38/image/6784.jp2","","STUDENT PERSONNEL:    Attention has been given to the reorganizing program of  student activities, eliminating conflicts, cutting out ex┬¼  cessive minor social activities and an attempt to raise the  moral and cultural level of the student body through co┬¼  operation of the Dean of Men, Dean of Women and Director of  Student Personnel. Continued attention will be directed to  this area looking towards more definitive policies and pro┬¼  cedures to regulate upward the campus and student life. The  Dean of WomenΓÇÖs Office has recommended that the dormitories  be under the direction of college graduates who are trained  in student personnel in which they may give special attention  to the guidance and development of the cultural, moral and  spiritual environment of our student body.    RELIGIOUS LIFE:    Under the influence of an active Religious Activities  Committee, we have had weekday chapel programs given to  meditation, devotion and moral development, weekly Wednesday  Night Prayer Meeting, Sunday School, morning worship at  Bishop Memorial Church where the choir sings and the 6:00  Sunday Evening vespers. All has gone well and we plan to  give special stress to a better Sunday School program for this  year. Religious Emphasis Week saw many of our students coming  for special prayer. The guest speaker was Dr. Hubert Robinson  of Detroit, Michigan.    THE CURRICULUM:    Some attention has been given to rethinking the",1189,True,False,False,False,False,"['Special Char Artifacts']","['┬¼', '┬¼', '┬¼', 'ΓÇÖ']"
"Annual Report of the President, 1961-1962, Page 32","","McCray, John Henry, 1910-1987","","","Manuscripts; Accession 11294.","Allen University","","","An annual report of the President for 1961-1962.","1 item ; Page 32 of 36","John Henry McCray Papers, 1929-1989","https://digital.library.sc.edu/collections/john-henry-mccray-papers-1929-1989/","University of South Carolina. South Caroliniana Library","Copyright Not Evaluated.∩┐╜For further information please contact The University of South Carolina, South Caroliniana Library, Columbia, SC 29208.","Civil Rights Era (1955-1969)","Columbia, Richland County, South Carolina, United States","English","300ppi, 24-bit depth color, Epson Expression 11000 XL flatbed scanner with SilverFast scanning software, primary archival file is a TIFF","2017-01","Text","image/jpeg","Documents (object genre)","mccrayjh04-32-089","","Joshua Schutzenhofer","","2021-11-16","2021-11-16","http://cdm17173.contentdm.oclc.org/cdm/ref/collection/p17173coll38/id/6175",6175.0,"6785.jp2","/p17173coll38/image/6785.jp2","","curriculum. However, the faculty will be organized into  committees during the Fall so that every aspect of the teach┬¼  ing and instructional program will be rethought to bring us  into line with not only the soundest educational procedures  but to intelligently appraise and adjust our own course of  offering and allocations of teachers and classes to be both  economically feasible and also academically cc Crnj'e;. * .    THE LIBRARY:    $10,000 was spent in library books. During the interim  from May 25 to June U the entire collection of books will be  reaccessioned. With the addition of new shelving and the  proposal for meeting library needs in the Fall, it is reason┬¼  able to be sure that this area will not again *    listed by the Southern Association as being ΓÇÖΓÇÖweak.ΓÇ¥ What has  been done this year and in the Fall will remove us from doubt  in this area. The Library has been strengthened by gifts left  in the wills of Mrs. A. B. King and the personal library of  the late Bishop S. R. Higgins.    SPECIAL EVENTS:    Unprecedented support and interest in the future of Allen  University was shown by Trustees, alumni, faculty, students  and friends. $56,000 was raised on FounderΓÇÖs Day. The Mayor  of the City, Lester Bates, spoke and gave $1,000.' He also  pledged hisΓÇÖ future assistance. We hope to enlist around him  a hitherto untouched group of supporters which will probably  lead to the developraent of the Allen University Foundation for",1197,True,False,False,False,False,"['Special Char Artifacts']","['┬¼', '┬¼', 'ΓÇÖΓÇÖ', 'ΓÇ¥', 'ΓÇÖ', 'ΓÇÖ']"
"Annual Report of the President, 1961-1962, Page 33","","McCray, John Henry, 1910-1987","","","Manuscripts; Accession 11294.","Allen University","","","An annual report of the President for 1961-1962.","1 item ; Page 33 of 36","John Henry McCray Papers, 1929-1989","https://digital.library.sc.edu/collections/john-henry-mccray-papers-1929-1989/","University of South Carolina. South Caroliniana Library","Copyright Not Evaluated.∩┐╜For further information please contact The University of South Carolina, South Caroliniana Library, Columbia, SC 29208.","Civil Rights Era (1955-1969)","Columbia, Richland County, South Carolina, United States","English","300ppi, 24-bit depth color, Epson Expression 11000 XL flatbed scanner with SilverFast scanning software, primary archival file is a TIFF","2017-01","Text","image/jpeg","Documents (object genre)","mccrayjh04-32-090","","Joshua Schutzenhofer","","2021-11-16","2021-11-16","http://cdm17173.contentdm.oclc.org/cdm/ref/collection/p17173coll38/id/6176",6176.0,"6786.jp2","/p17173coll38/image/6786.jp2","","fund-raising. The women of the Church and alumni were  organized into a QueerJs Contest and raised over $2900 along  with a May Day King and Queen Contest among the students  netting $1178 and a painting project was started which has  seen the painting of the Dining Hall, Faith Hall and by summer  the entire campus will be painted. Over $62,000 has been  raised by special drives and gifts.    HONORARY DEGREES:    In keeping with good policy, a value is placed upon  ,by    Honorary Degrees/not cheapening them. The Alumni Association  has recommended two distinguished sons of Allen for Honorary  Degrees, namely, Miller Johnson, Administrator of the Million  Dollar Hospital at Florida A. & M. in Tallahassee and Louis  K. Dowdy, Acting President of A. & T. College in Greensboro,  North Carolina.    THE ECOMONICS OF ALLEN:    It has been proved that intelligent and efficient  administration will stretch the money Allen receives. In any  analysis, of course, and with reference to the use of either  tuition or gift funds, all would agree that care must be  taken that waste is eliminated. To apply limited resources  effectively to their ends is economy, all of which underlies,  the continually dynamic character of the decisions which are  made by the President, the faculty and the Trustees. The  salvation of our Institution can come partly through innovation.  Educators and the public alike must be reconciled to some  major breaks with traditional methodology and policy yet there",1222,False,False,False,False,True,"[]","[]"
"Annual Report of the President, 1961-1962, Page 34","","McCray, John Henry, 1910-1987","","","Manuscripts; Accession 11294.","Allen University","","","An annual report of the President for 1961-1962.","1 item ; Page 34 of 36","John Henry McCray Papers, 1929-1989","https://digital.library.sc.edu/collections/john-henry-mccray-papers-1929-1989/","University of South Carolina. South Caroliniana Library","Copyright Not Evaluated.∩┐╜For further information please contact The University of South Carolina, South Caroliniana Library, Columbia, SC 29208.","Civil Rights Era (1955-1969)","Columbia, Richland County, South Carolina, United States","English","300ppi, 24-bit depth color, Epson Expression 11000 XL flatbed scanner with SilverFast scanning software, primary archival file is a TIFF","2017-01","Text","image/jpeg","Documents (object genre)","mccrayjh04-32-091","","Joshua Schutzenhofer","","2021-11-16","2021-11-16","http://cdm17173.contentdm.oclc.org/cdm/ref/collection/p17173coll38/id/6177",6177.0,"6787.jp2","/p17173coll38/image/6787.jp2","","is a definite limit to the usefulness of such administrative  devices as adjustments of program and manipulations of staff.    The President is vividly aware of the yearning of all  groups related to Allen for increased financial support. It  is therefore incumbent upon him to make this fact clear to  all who bear any relationship to or responsibility for the  CollegeΓÇÖs future as well as to who in the past have derived  or now derives some benefit from the educational, cultural,  and moral influence of the College. Thus Allen makes honorable^  justifiable, and direct appeal to trustees, faculty, students,  alumni, parents, churches, corporations, partnerships and other  business firms, citizens of the immediate community, the State  anti* the Nation to contribute to the College now and in the  future and where applicable to plan from oneΓÇÖs estate by  bequest something honorable, reasonable and generous indicative  of awareness that this college is for all those named a, if  not the, reasonable channel for benevolence in the area of  .. ' . .much    higher education. ""From him to whom much is given/Is requir┬¼  edΓÇÖΓÇ¥ may seem applicable only to the very well-to-do yet it is  applicable to all. Gifts to Allen University, however,  great or small, will be accepted with thanks.    Respectfully submitted,    H. E. Wright, President",1112,True,False,False,False,False,"['Special Char Artifacts']","['ΓÇÖ', 'ΓÇÖ', '┬¼', 'ΓÇÖΓÇ¥']"
"Annual Report of the President, 1961-1962, Page 35","","McCray, John Henry, 1910-1987","","","Manuscripts; Accession 11294.","Allen University","","","An annual report of the President for 1961-1962.","1 item ; Page 35 of 36","John Henry McCray Papers, 1929-1989","https://digital.library.sc.edu/collections/john-henry-mccray-papers-1929-1989/","University of South Carolina. South Caroliniana Library","Copyright Not Evaluated.∩┐╜For further information please contact The University of South Carolina, South Caroliniana Library, Columbia, SC 29208.","Civil Rights Era (1955-1969)","Columbia, Richland County, South Carolina, United States","English","300ppi, 24-bit depth color, Epson Expression 11000 XL flatbed scanner with SilverFast scanning software, primary archival file is a TIFF","2017-01","Text","image/jpeg","Documents (object genre)","mccrayjh04-32-092","","Joshua Schutzenhofer","","2021-11-16","2021-11-16","http://cdm17173.contentdm.oclc.org/cdm/ref/collection/p17173coll38/id/6178",6178.0,"6788.jp2","/p17173coll38/image/6788.jp2","","LIABILITIES AND FUND PRINCIPALS    CURRENT FUND    Accounts Payable - Schedule 5    Payroll Taxes Accnued and Withheld  (Includes Penalties and Interest on  Past Due Taxes)    Student Deposits for 1961 School Year    Accrued Salaries    Accrued Interest  Funds Held for Others  Due to Plent Fund    Due to Endowment Fund    Hay 311 1961    $ 67,773.45    26,243.16    29,890.37    244.50    38,978.75    313.33    293.53    3,410.41  12,023.89    Long-Term Liabilities - Dcnds Payable (Note 1)104,000.00  Bond and Interest Retirement Sinking Fund    April 30, 1962  $34,299.60    -0-    ?    313.33    293.53    -0-    -0-    99,000.00 (Debit)    4,630.75 (Credit)",494,False,False,False,False,True,"[]","[]"
"Annual Report of the President, 1961-1962, Page 36","","McCray, John Henry, 1910-1987","","","Manuscripts; Accession 11294.","Allen University","","","An annual report of the President for 1961-1962.","1 item ; Page 36 of 36","John Henry McCray Papers, 1929-1989","https://digital.library.sc.edu/collections/john-henry-mccray-papers-1929-1989/","University of South Carolina. South Caroliniana Library","Copyright Not Evaluated.∩┐╜For further information please contact The University of South Carolina, South Caroliniana Library, Columbia, SC 29208.","Civil Rights Era (1955-1969)","Columbia, Richland County, South Carolina, United States","English","300ppi, 24-bit depth color, Epson Expression 11000 XL flatbed scanner with SilverFast scanning software, primary archival file is a TIFF","2017-01","Text","image/jpeg","Documents (object genre)","mccrayjh04-32-093","","Joshua Schutzenhofer","","2021-11-16","2021-11-16","http://cdm17173.contentdm.oclc.org/cdm/ref/collection/p17173coll38/id/6179",6179.0,"6789.jp2","/p17173coll38/image/6789.jp2","","ALLEN UNIVERSITY, COLUMBIA, $. C,    SUMMARY OF GENERAL FUND OPERATIONS    1961-62 BUDGET AND ELEVEN MONTH'S ACTUAL OPERATIONS    1962-63 PROPOSED BUDGET    ∩┐╝1961-62  1962-63    11 Months Proposed    INCOME Budget Operations* Budget    Educational and General    Student Fees    Gifts and Grants    Other    Total Educational and General    Auxiliary Activities    Total Income    DEDUCT, EXPENSES    Educational and General    $ 240,135.00 $ 250,279.00 $ 275,900.00    221,125.00 156,733.67 163,000.00    36,300.00 23,242.36 34,350.00    $ 497,560.00 $ 430,305.53 $ 473,250.00    204,330.00 232,905.74 242,175.00    $ 702,440.00 $ 663,211.27 $ 720,425.00    General and Administrative $ 37,353.00 $ 33,676.10 $ 55,150.00    General Expenses    Student Services 45,332.00 37,420.72 50,117.00    Staff Benefits 11,300.00 3,543.14 13,550.00    General Institutional Expenses 45,000.00 23,732.71 52,540.00    Instructional 232,235.00 143,393.93 250,345.36    Total Educational and General $ 371,270.00 $ 251,776.60 $ 422,202.36    Operation of Physical Plant 111,590.00 113,924.22 117,913.00    Auxiliary Activities 163,509.00 111,455.39 143,313.13    Academic Scholarships and Aid 26,400.00 26,765.36 20,300.00    Total Expenses $ 672,769.00 $ 503,922.07 $ 704,733.54    NET INCOME    $ . 29.671,00 $ 159,239.20*$ 15.691.46    *These are actual figures shown in the records not adjusted for prepaid or  deferred items. However, it is anticipated that income will substantially  exceed expenses for the year ending May 31, 1962 thus providing funds for  reduction in the Current Fund Deficit and debts.",1295,True,False,False,False,False,"['Special Char Artifacts']","['∩┐╝', '*$']"
"Allen University, Columbia, S. C., Year ended May 31, 1962, Page 1","","McCray, John Henry, 1910-1987","1962-05-30 00:00:00","","Manuscripts; Accession 11294.","Allen University","","","A document about the Allen University school year that ended on May 31, 1962.","1 item ; Page 1 of 33","John Henry McCray Papers, 1929-1989","https://digital.library.sc.edu/collections/john-henry-mccray-papers-1929-1989/","University of South Carolina. South Caroliniana Library","Copyright Not Evaluated.∩┐╜For further information please contact The University of South Carolina, South Caroliniana Library, Columbia, SC 29208.","Civil Rights Era (1955-1969)","Columbia, Richland County, South Carolina, United States","English","300ppi, 24-bit depth color, Epson Expression 11000 XL flatbed scanner with SilverFast scanning software, primary archival file is a TIFF","2017-01","Text","image/jpeg","Documents (object genre)","mccrayjh04-32-094","","Joshua Schutzenhofer","","2021-11-16","2021-11-16","http://cdm17173.contentdm.oclc.org/cdm/ref/collection/p17173coll38/id/6180",6180.0,"6790.jp2","/p17173coll38/image/6790.jp2","1962","ALLEN UNIVERSITY    COLUMBIA, So C,    YEAR ENDED MAY 31, 1962",47,False,False,False,False,True,"[]","[]"
"Allen University, Columbia, S. C., Year ended May 31, 1962, Page 2","","McCray, John Henry, 1910-1987","1962-05-30 00:00:00","","Manuscripts; Accession 11294.","Allen University","","","A document about the Allen University school year that ended on May 31, 1962.","1 item ; Page 2 of 33","John Henry McCray Papers, 1929-1989","https://digital.library.sc.edu/collections/john-henry-mccray-papers-1929-1989/","University of South Carolina. South Caroliniana Library","Copyright Not Evaluated.∩┐╜For further information please contact The University of South Carolina, South Caroliniana Library, Columbia, SC 29208.","Civil Rights Era (1955-1969)","Columbia, Richland County, South Carolina, United States","English","300ppi, 24-bit depth color, Epson Expression 11000 XL flatbed scanner with SilverFast scanning software, primary archival file is a TIFF","2017-01","Text","image/jpeg","Documents (object genre)","mccrayjh04-32-095","","Joshua Schutzenhofer","","2021-11-16","2021-11-16","http://cdm17173.contentdm.oclc.org/cdm/ref/collection/p17173coll38/id/6181",6181.0,"6791.jp2","/p17173coll38/image/6791.jp2","1962","ALLEN UNIVERSITY    COLUMBIA, So Co    YEAR ENDED MAY 31, 1962",47,False,False,False,False,True,"[]","[]"
"Allen University, Columbia, S. C., Year ended May 31, 1962, Page 3","","McCray, John Henry, 1910-1987","1962-05-30 00:00:00","","Manuscripts; Accession 11294.","Allen University","","","A document about the Allen University school year that ended on May 31, 1962.","1 item ; Page 3 of 33","John Henry McCray Papers, 1929-1989","https://digital.library.sc.edu/collections/john-henry-mccray-papers-1929-1989/","University of South Carolina. South Caroliniana Library","Copyright Not Evaluated.∩┐╜For further information please contact The University of South Carolina, South Caroliniana Library, Columbia, SC 29208.","Civil Rights Era (1955-1969)","Columbia, Richland County, South Carolina, United States","English","300ppi, 24-bit depth color, Epson Expression 11000 XL flatbed scanner with SilverFast scanning software, primary archival file is a TIFF","2017-01","Text","image/jpeg","Documents (object genre)","mccrayjh04-32-096","","Joshua Schutzenhofer","","2021-11-16","2021-11-16","http://cdm17173.contentdm.oclc.org/cdm/ref/collection/p17173coll38/id/6182",6182.0,"6792.jp2","/p17173coll38/image/6792.jp2","1962","ALLEN UNIVERSITY, COLUMBIA, S, C    INDEX TO THE REPORT    YEAR ENDED MAY 31, 1962    COMMENTS    EXHIBITS    A STATEMENT OF ASSETS, LIABILITIES AND FUND PRINCIPALS    AA CONDENSED COMPARATIVE STATEMENT OF ASSETS, LIABILITIES AND    FUND PRINCIPALS    B CURRENT FUND BUDGET AND ACTUAL INCOME, EXPENSES AND FUND    DEFICIT    C PLANT FUND PRINCIPAL AND ASSETS    D ENDOWMENT FUND PRINCIPAL AND INVESTMENTS    E STUDENT LOAN FUND PRINCIPAL    SCHEDULES    1    CURRENT FUND BUDGETED AND ACTUAL    INCOME    2    CURRENT FUND BUDGETED AND ACTUAL  EXPENSES    GENERAL ADMINISTRATIVE    3    CURRENT FUND BUDGETED AND ACTUAL    GENERAL EXPENSES    4    CURRENT FUND BUDGETED AND ACTUAL    INSTRUCTION EXPENSES    5    CURRENT FUND BUDGETED AND ACTUAL  PLANT EXPENSES    OPERATION OF PHYSICAL    6    CURRENT FUND BUDGETED AND ACTUAL  EXPENSES    AUXILIARY ACTIVITIES    7    CURRENT FUND BUDGETED AND ACTUAL  AND AID EXPENSES    ACADEMIC SCHOLARSHIPS    8    CERTAIN ACCOUNTS RECEIVABLE",740,False,False,False,False,True,"[]","[]"
"Allen University, Columbia, S. C., Year ended May 31, 1962, Page 4","","McCray, John Henry, 1910-1987","1962-05-30 00:00:00","","Manuscripts; Accession 11294.","Allen University","","","A document about the Allen University school year that ended on May 31, 1962.","1 item ; Page 4 of 33","John Henry McCray Papers, 1929-1989","https://digital.library.sc.edu/collections/john-henry-mccray-papers-1929-1989/","University of South Carolina. South Caroliniana Library","Copyright Not Evaluated.∩┐╜For further information please contact The University of South Carolina, South Caroliniana Library, Columbia, SC 29208.","Civil Rights Era (1955-1969)","Columbia, Richland County, South Carolina, United States","English","300ppi, 24-bit depth color, Epson Expression 11000 XL flatbed scanner with SilverFast scanning software, primary archival file is a TIFF","2017-01","Text","image/jpeg","Documents (object genre)","mccrayjh04-32-097","","Joshua Schutzenhofer","","2021-11-16","2021-11-16","http://cdm17173.contentdm.oclc.org/cdm/ref/collection/p17173coll38/id/6183",6183.0,"6793.jp2","/p17173coll38/image/6793.jp2","1962","N. E. DERRICK, C. P. A.    w. j. Stubbs, jr., C. p. a.    H. TALCOTT STITH, JR., C. P. A.    RALPH H. MOORE, JR., CΓÇ₧ P. A.    JOSEPH KEELS, JR., C. P. A.  OLIVER W. MCDADE, C. P. A.  Robert E. Rogers, C. p. a.  Ernest S. McGrew, C. p. a.    DERRICK, STUBBS & STITH    Certified Public Accountants    COLUMBIA. SOUTH CAROLINA    August 21, 1962    Telephone 252-6366  2835 Devine Street  post Office Box 363    The Board of Trustees,  Allen University,  Columbia, S. C.    Dear Sirs:    We have examined the accompanying financial statements of Allen  University as indexed for the year ended May 31, 1962. Our examination  was made in accordance with generally accepted auditing standards and  accordingly included such tests of the accounting records and such other  auditing procedures as we considered necessary in the circumstances  except that we did not make physical tests of inventory quantities or  independently confirm contributions. The latter procedure was not  considered practicable. Limitations to effective examination and re┬¼  porting were (1) the early plant fund records (which can only be over┬¼  come by a revaluation of all fixed assets - see Note 4 in Exhibit A)  and (2) the $ 11,017.40 questionable loans carried in the Endowment Fund  (see notes in Exhibit D); these items are presented in this report as  carried in the records.    There was substantial improvement in the processing of the schoolΓÇÖs  accounting records and we shall work with the administration in those  areas where further improvements are needed.    Exhibit A sets forth the assets and liabilities of the various funds  at May 31, 1962 while Exhibits B, C, D and E present details of changes  in the various funds for the year then ended. Schedules 1 through S  give supplemental details to the exhibits. Expenses and income have been    set forth by departments except that physical plant operating costs have  not been allocated in the accompanying schedules. To facilitate comparison",1601,True,False,False,False,False,"['Special Char Artifacts']","['ΓÇ₧', '┬¼', '┬¼', 'ΓÇÖ']"
"Allen University, Columbia, S. C., Year ended May 31, 1962, Page 5","","McCray, John Henry, 1910-1987","1962-05-30 00:00:00","","Manuscripts; Accession 11294.","Allen University","","","A document about the Allen University school year that ended on May 31, 1962.","1 item ; Page 5 of 33","John Henry McCray Papers, 1929-1989","https://digital.library.sc.edu/collections/john-henry-mccray-papers-1929-1989/","University of South Carolina. South Caroliniana Library","Copyright Not Evaluated.∩┐╜For further information please contact The University of South Carolina, South Caroliniana Library, Columbia, SC 29208.","Civil Rights Era (1955-1969)","Columbia, Richland County, South Carolina, United States","English","300ppi, 24-bit depth color, Epson Expression 11000 XL flatbed scanner with SilverFast scanning software, primary archival file is a TIFF","2017-01","Text","image/jpeg","Documents (object genre)","mccrayjh04-32-098","","Joshua Schutzenhofer","","2021-11-16","2021-11-16","http://cdm17173.contentdm.oclc.org/cdm/ref/collection/p17173coll38/id/6184",6184.0,"6794.jp2","/p17173coll38/image/6794.jp2","1962","Page 2  the current yearΓÇÖs and the proposed 1962-63 budget have been incorporated  in this report together with current year actual amounts.    SUMMARY    Exhibit AA is a condensed comparative statement of assets, lia┬¼  bilities and fund principals which summarizes the highly successful  financial results of the year in the face of loss of the probationary  accreditation by the Southern Association of Colleges and Secondary  Schools:    1. A $ 103,962.09 excess of current fund income over expenses which  was used to increase operating assets $ 13,533.32 and reduce debt    $ 90,373*77. This reduced the current fund deficit from $ 225,364.16  to $ 121,402.07 including the $ 99,000.00 long-term bonds.    2. A $ 150,695.26 increase in loan funds to $ 301,603.04.    3. A $ 3,933.01 net decrease in equity in plant fund assets as a  result of $ 6,266.99 additions by the current fund less the    $ 10,250.00 net equity in Higgins Hall destroyed by fire ($ 25,250.00  cost less $ 15,000.00 mortgage). See Note 4 in Exhibit A.    4. A $ 24,433.03 increase in the endowment fund to $ 264,377.60  excluding certain plant fund real property allowed as an endowment  asset included in the plant assets.    CURRENT FUND    Exhibit B summarizes the schoolΓÇÖs income and expenses resulting in  net income of $ 103,962.09 for the year ended May 31, 1962. Details are  shown in Schedules 1 thru 7.    Expenditures include $ 6,266.99 for new furniture and equipment.    In accord with generally accepted accounting principles for eleemosynary  organizations these additions have been charged to expense and no pro┬¼  vision for depreciation has been made. Expenditures also include a  $ 15,052.33 transfer to the student loan fund.",1402,True,True,False,False,False,"['Special Char Artifacts', 'General Artifacts']","['ΓÇÖ', '┬¼', 'ΓÇÖ', '┬¼', '90,373*77']"
"Allen University, Columbia, S. C., Year ended May 31, 1962, Page 6","","McCray, John Henry, 1910-1987","1962-05-30 00:00:00","","Manuscripts; Accession 11294.","Allen University","","","A document about the Allen University school year that ended on May 31, 1962.","1 item ; Page 6 of 33","John Henry McCray Papers, 1929-1989","https://digital.library.sc.edu/collections/john-henry-mccray-papers-1929-1989/","University of South Carolina. South Caroliniana Library","Copyright Not Evaluated.∩┐╜For further information please contact The University of South Carolina, South Caroliniana Library, Columbia, SC 29208.","Civil Rights Era (1955-1969)","Columbia, Richland County, South Carolina, United States","English","300ppi, 24-bit depth color, Epson Expression 11000 XL flatbed scanner with SilverFast scanning software, primary archival file is a TIFF","2017-01","Text","image/jpeg","Documents (object genre)","mccrayjh04-32-099","","Joshua Schutzenhofer","","2021-11-16","2021-11-16","http://cdm17173.contentdm.oclc.org/cdm/ref/collection/p17173coll38/id/6185",6185.0,"6795.jp2","/p17173coll38/image/6795.jp2","1962","Page 3    The following is a summary of transaction resulting from the fire    which partially destroyed Higgins Hall:    Insurance Proceeds Received For -    Building $ 17,021.32    Furniture and Equipment 1,000.00 $ 13,021.#2    Insurance Proceeds Used to    Retire Outstanding Mortgage $ 15,000.00    Pay Accrued Interest on Mortgage 337.50    Raze Building 629.12 16,516.62    Net Proceeds Reflected in Current Fund Income $ 1,505.20    The foregoing does not reflect estimated $ 1,000.00 material sal┬¼    vaged or repairs to damaged furniture and equipment. The building and  equipment was carried in the plant fund at an estimated $ 10,250.00  equity ($ 25,250.00 cost less a $ 15,000.00 mortgage).    A comparison of certain of the schoolΓÇÖs auxiliary activities fol┬¼    lows:    Income    Direct  Expenses    Bookstore    $ 11,099.35 $    11,431.64    Athletics    6,575.75    26,344.97(1)    Print Shop    3,076.57    3,571.69    Nurserie s    10,431.24    11,319.15(2)    Canteen    2,356.30(3)    2,147.54    (1) Does not include physical education but    does include athletic    scholarships. Salaries of personnel utilized as coaches and also  instructors in physical education department are charged 2/3 to  physical education and 1/3 to athletics.    (2) Includes $ 1,200.00 rent in endowment fund income.    (3) Operated by school only part of period.    The following is a comparison of the income and direct expenses of  the nursery operated at Allen University with the one operated in the    Greenview Section:",1203,True,True,False,False,False,"['Special Char Artifacts', 'General Artifacts']","['┬¼', 'ΓÇÖ', '┬¼', '13,021.#2']"
"Allen University, Columbia, S. C., Year ended May 31, 1962, Page 7","","McCray, John Henry, 1910-1987","1962-05-30 00:00:00","","Manuscripts; Accession 11294.","Allen University","","","A document about the Allen University school year that ended on May 31, 1962.","1 item ; Page 7 of 33","John Henry McCray Papers, 1929-1989","https://digital.library.sc.edu/collections/john-henry-mccray-papers-1929-1989/","University of South Carolina. South Caroliniana Library","Copyright Not Evaluated.∩┐╜For further information please contact The University of South Carolina, South Caroliniana Library, Columbia, SC 29208.","Civil Rights Era (1955-1969)","Columbia, Richland County, South Carolina, United States","English","300ppi, 24-bit depth color, Epson Expression 11000 XL flatbed scanner with SilverFast scanning software, primary archival file is a TIFF","2017-01","Text","image/jpeg","Documents (object genre)","mccrayjh04-32-100","","Joshua Schutzenhofer","","2021-11-16","2021-11-16","http://cdm17173.contentdm.oclc.org/cdm/ref/collection/p17173coll38/id/6186",6186.0,"6796.jp2","/p17173coll38/image/6796.jp2","1962","Page 4    Allen    University Greenview Total    Income $ 5,612.37 $ 4,^68.37 -t 10,481.24    Direct Expenses    Salaries $ 5,099.50 $ 3,157.00 $ 3,256.50    Telephone - 203.23 203.23    Supplies 93.33 170.61 264.44    Food 304.42 529.23 1,333.62    Rent 1,200.00* 1,200.00*    Other 33.63 27.65 61.31    $ 7,231.38 $ 4,087.77 $ 11,319.15    Excess of Direct Expenses Over    Income $( 1,618.51)*    Excess of Income Over Direct Expenses $ 78O.6O    Net Excess of Direct Expenses Over Income $( 837.91)    * Includes $ 1,200.00 rent in endowment fund income.    The following proration of salaries of personnel    teaching and also    serving in administrative or athletic departments has been made:    Dean of Women    Dean of Men    Director of Student Personnel    Alumni Secretary-    Print Shop Manager    Athletic Coaches    Amount Charged  To Instruction    The $ 99,000.00 bonds payable are carried in rhe    current fund sec┬¼    tion of Exhibit A since the proceeds of the bonds    were used for repairs    and renovation rather than new construction.    The $ 162,907.25 total    current fund liabilities in Exhibit A does not include the $ 18,862.33  plant fund mortgage.    The large reduction in the schools deficit puts the school in a more  favorable financial condition although the remaining deficit will make    operating the    school on a current basis quite difficult.    STUDENT LOAN FUND    An additional $ 135,469.00 was received from the government under  the National Defense Student Loan Program, $ 15,052.33 was transferred  from the current fund and $ 173.93 interest income was received, making  a total of $ 301,603.04 in this fund as of May 31, 1962. Loans of  $ 241,619.69 were outstanding at May 31, 1962. See.Exhibit E for other    comments.",1388,True,True,False,False,False,"['Special Char Artifacts', 'General Artifacts']","['┬¼', '4,^68.37']"
"Allen University, Columbia, S. C., Year ended May 31, 1962, Page 8","","McCray, John Henry, 1910-1987","1962-05-30 00:00:00","","Manuscripts; Accession 11294.","Allen University","","","A document about the Allen University school year that ended on May 31, 1962.","1 item ; Page 8 of 33","John Henry McCray Papers, 1929-1989","https://digital.library.sc.edu/collections/john-henry-mccray-papers-1929-1989/","University of South Carolina. South Caroliniana Library","Copyright Not Evaluated.∩┐╜For further information please contact The University of South Carolina, South Caroliniana Library, Columbia, SC 29208.","Civil Rights Era (1955-1969)","Columbia, Richland County, South Carolina, United States","English","300ppi, 24-bit depth color, Epson Expression 11000 XL flatbed scanner with SilverFast scanning software, primary archival file is a TIFF","2017-01","Text","image/jpeg","Documents (object genre)","mccrayjh04-32-101","","Joshua Schutzenhofer","","2021-11-16","2021-11-16","http://cdm17173.contentdm.oclc.org/cdm/ref/collection/p17173coll38/id/6187",6187.0,"6797.jp2","/p17173coll38/image/6797.jp2","1962","Page 5    PLANT FUND    Allen University is the outgrowth of a school founded by members  of the AME Church in 1670. It is located near the center of the City  of Columbia, and on its approximately 15 acre campus there are sixteen  buildings which house the full range of activities conducted by the  University. It also owns other properties over the state.    Exhibit C sets forth the changes in the plant fund principal and  gives details of the physical plant assets. New equipment costing  $ 6,266.99 was purchased with current funds and Higgins Hall was partially  destroyed by fire and subsequently razed (see previous comments) bringing  the net equity in physical properties down to $ 1,256,666.64. Total  plant assets are carried at $ 1,277,319.35 less $ 16,662.33 mortgages.    Early plant fund records are not available to verify the basis of  property acquired prior to 1946. In the absence of adequate plant values  we have not attempted to show a comparison of such values with insurance  coverage. See Note 5 in Exhibit A for details of insurance coverage.    ENDOWMENT FUND    Exhibit D presents details of the endowment fund portfolio and  changes in investments and the fund principal which increased $ 24,463.03  to $ 264,377.60. This total includes $ 132,500.00 contributed ($65,000.00  in 1956-7 and $ 67,500.00 in 1957-6) by the Ford Foundation with the  stipulation that the income therefrom be used for faculty salaries for  ten years, after which the principal is available for such use as the  board of trustees sees fit. The current yearΓÇÖs change resulted from  contributions, mutual fund stock distributions and gains on securities  sold. Proceeds from the securities sold were reinvested in Winchester  Graham, Inc. 6% debentures. Current funds totaling $ 1,766.36 have been  used by the endowment fund.",1503,True,False,False,False,False,"['Special Char Artifacts']","['ΓÇÖ']"
"Allen University, Columbia, S. C., Year ended May 31, 1962, Page 9","","McCray, John Henry, 1910-1987","1962-05-30 00:00:00","","Manuscripts; Accession 11294.","Allen University","","","A document about the Allen University school year that ended on May 31, 1962.","1 item ; Page 9 of 33","John Henry McCray Papers, 1929-1989","https://digital.library.sc.edu/collections/john-henry-mccray-papers-1929-1989/","University of South Carolina. South Caroliniana Library","Copyright Not Evaluated.∩┐╜For further information please contact The University of South Carolina, South Caroliniana Library, Columbia, SC 29208.","Civil Rights Era (1955-1969)","Columbia, Richland County, South Carolina, United States","English","300ppi, 24-bit depth color, Epson Expression 11000 XL flatbed scanner with SilverFast scanning software, primary archival file is a TIFF","2017-01","Text","image/jpeg","Documents (object genre)","mccrayjh04-32-102","","Joshua Schutzenhofer","","2021-11-16","2021-11-16","http://cdm17173.contentdm.oclc.org/cdm/ref/collection/p17173coll38/id/6188",6188.0,"6798.jp2","/p17173coll38/image/6798.jp2","1962","Page 6    Certain income producing property whose cost is carried in the  plant fund is also shown as endowment fund property for accrediting  purposes. Neither depreciation nor maintenance expense is charged  against the endowment fund income in Exhibit Do To properly set-up  these properties in the endowment fund records, the board should have  the entire plant appraised and designate the specific items as endowment  fund property and require complete separation of the related income and  expenses in the records.    OPINION LIMITATION    In our opinion, subject to any changes which may result from the  items not effectively examined as set forth in page one of these comments,  the accompanying financial statements present fairly Allen UniversityΓÇÖs  financial position as of May 31, 1962 and the results of its operations  for the year then ended in accordance with generally accepted accounting  principles applied on a basis consistent with that of the preceding year.    Very cordially yours,  DERRICK, STUBBS & STITH  Certified Public Accountants    By; ∩┐╝    H? Talcott Stith, Jr.s C.P.A.",909,True,False,False,False,False,"['Special Char Artifacts']","['ΓÇÖ', '∩┐╝']"
"Allen University, Columbia, S. C., Year ended May 31, 1962, Page 10","","McCray, John Henry, 1910-1987","1962-05-30 00:00:00","","Manuscripts; Accession 11294.","Allen University","","","A document about the Allen University school year that ended on May 31, 1962.","1 item ; Page 10 of 33","John Henry McCray Papers, 1929-1989","https://digital.library.sc.edu/collections/john-henry-mccray-papers-1929-1989/","University of South Carolina. South Caroliniana Library","Copyright Not Evaluated.∩┐╜For further information please contact The University of South Carolina, South Caroliniana Library, Columbia, SC 29208.","Civil Rights Era (1955-1969)","Columbia, Richland County, South Carolina, United States","English","300ppi, 24-bit depth color, Epson Expression 11000 XL flatbed scanner with SilverFast scanning software, primary archival file is a TIFF","2017-01","Text","image/jpeg","Documents (object genre)","mccrayjh04-32-103","","Joshua Schutzenhofer","","2021-11-16","2021-11-16","http://cdm17173.contentdm.oclc.org/cdm/ref/collection/p17173coll38/id/6189",6189.0,"6799.jp2","/p17173coll38/image/6799.jp2","1962","ALLEN UNIVERSITY, COLUMBIA, S. C,  STATEMENT OF ASSETS, LIABILITIES AND FUND PRINCIPALS    MAY 31, 1962    ASSETS    CURRENT FUND    Cash On Hand $    Petty Cash Fund    Demand Deposits    The South Carolina National Bank    Regular Account    (Overdraft) $( 1,510.17)    Payroll Account 6,375.85    Victory Savings Bank    FoundersΓÇÖ Day Drive 101.06    Special Fund 12,751.35    Savings Deposit - The C. & S. National    Bank - Activity Fund    Accounts Receivable    Students $ 5,072.6#    Advances to Employees-Sch. 8 1,782.68    Returned Checks-Sch. 8 1,880.95    Other Receivables-Sch. 8 1,498.75    $ 10,235.06    Less, Allowance for Doubtful    Accounts 3,500.00    Inventories (Note 2)    Books $ 3,625.00    Supplies 1,500.00    Dining Hall 500.00    Canteen 50.00    Print Shop 975.00    Unexpired Insurance    Prepaid Interest    Due from Endowment Fund    Bond and Interest Retirement Sinking Fund -    The South Carolina National Bank (Note 1)    1,2%.19    5.28    17,718.09    5.00    6,735.06    6,650.00    2,252.97    437.46    1,768.38    4,638.75 $    41,505.18    STUDENT LOAN FUND    Demand Deposit - The First National    Bank of South Carolina $ 59,9#3.35    National Defense Student Loans Receivable 241,619.69    301,603.04    PLANT FUND    Demand Deposit - The South Carolina National    Bank - Athletic Fund $ 117.51    Due From Current Fund 292.31    Physical Properties - Exhibit C    (Notes 3, 4 & 5) 1,277,319.35    ENDOWMENT FUND    Investments - Exhibit D (Note 6) $ 266,145.98    1,277,729.17    266,145.98    $ 1,^86,983.37    EXHIBIT A  Sheet I    LIABILITIES AND FUND PRINCIPALS    CURRENT FUND    Accounts Payable $ 27,522.63    Payroll Taxes Accrued and Withheld 602.55    Student Deposits for 1962 School Year 267.00    Accrued Salaries 34,637.86    Accrued Interest 226.88    Funds Held for Others 358.02    Bonds Due Within One Year (Note 1) 5,000.00    Due to Plant Fund 292.31    Total Current Liabilities $ 68,907.25    Long-Term Liabilities - Bonds Payable (Note 1) 94,000.00    Total Current Fund Liabilities $ 162,907.25    Current Fund Deficit - Exhibit B ( 121,402.07)    STUDENT LOAN FUND    National Defense Student Loan Fund  Principal - Exhibit E    PLANT FUND    First Mortgage on Richard Allen Apartm  (Payable $ 326.80 Monthly)    Plant Fund Principal - Exhibit C    ents    ENDOWMENT FUND    Due to Current Fund    Endowment Fund Principal - Exhibit D     $ 41,505.18    $ 301,603.04      3 01,603.04    $ 18,862.33    1,258.866.84     1,277,729.17    $ 1,768.38    264,377.60 266,145.98    $ 1,886.983.37",1935,True,True,False,False,False,"['Special Char Artifacts', 'General Artifacts']","['ΓÇÖ', '1,2%.19', '59,9#3.35', '1,^86,983.37']"
"Allen University, Columbia, S. C., Year ended May 31, 1962, Page 11","","McCray, John Henry, 1910-1987","1962-05-30 00:00:00","","Manuscripts; Accession 11294.","Allen University","","","A document about the Allen University school year that ended on May 31, 1962.","1 item ; Page 11 of 33","John Henry McCray Papers, 1929-1989","https://digital.library.sc.edu/collections/john-henry-mccray-papers-1929-1989/","University of South Carolina. South Caroliniana Library","Copyright Not Evaluated.∩┐╜For further information please contact The University of South Carolina, South Caroliniana Library, Columbia, SC 29208.","Civil Rights Era (1955-1969)","Columbia, Richland County, South Carolina, United States","English","300ppi, 24-bit depth color, Epson Expression 11000 XL flatbed scanner with SilverFast scanning software, primary archival file is a TIFF","2017-01","Text","image/jpeg","Documents (object genre)","mccrayjh04-32-104","","Joshua Schutzenhofer","","2021-11-16","2021-11-16","http://cdm17173.contentdm.oclc.org/cdm/ref/collection/p17173coll38/id/6190",6190.0,"6800.jp2","/p17173coll38/image/6800.jp2","1962","ALLEN UNIVERSITY, COLUMBIA, 5. C.    NOTES TO FINANCIAL STATEMENTS    MAY 31, 1962    EXHIBIT A    Sheet 2    1. Bonds are payable in annual installments on November 1st:    $ 5,000.00, 1962-65; $ 6,000.00, 1966-71; $ 7,000.00, 1972-76;  $ 8,000.00, 1977; Total $ 99,000.00. Secured by a mortgage on  Chappelle Administration Building and Coppin Hall Dormitory and  pledges of revenues from the dining hall and Coppin Hall. In  lieu of the requirements for the cushion and other funds by the  bond indenture, the bondholders have agreed to the deposit of  monthly amounts with the trustee as are necessary to meet the  interest and principal payments as they come due.    2. Inventories based on quantities and prices furnished by management  adjusted to estimated values.    3. Certain buildings pledged to secure bonds and mortgage notes -  see contra.    4. The values at which the various buildings and equipment items are  carried in the records are accumulations over a number of years  and cannot be effectively verified. Too, no adjustment has been  made for abandonments over the years. A complete inventory and  appraisal should be made and entered in the records after approval  by the Board of Trustees.    5. In addition to $ 1,353,150 fire and extended coverage insurance on  buildings and contents there is in force $ 100,000.00 boiler ex┬¼  plosion, $ 10,000./ $ 20,000./ $ 5,000. liability on the bus,  station wagon, i960 Ford truck and 1961 Ford car, and comprehensive  and collision based on actual cash value with deductible clauses of  $ 50.00 on the Buick Station Wagon, $ 100.00 deductible on the I960  Ford truck, $ 250.00 deductible on the bus and comprehensive and  collision on the 1961 Ford car. There is a $ 10,000.00 blanket  bond on all employees plus $ 40,000.00 additional on the president  and business manager, coupled with loss of money, etc. up to    $ 5,000.00 within the premises and $ 15,000.00 outside the premises.  There was also in force workmenΓÇÖs compensation coverage.    As required by the bond indenture, there is carried fire and extend┬¼  ed coverage insurance on $ 12,000.00 rents from Coppin Hall and  $ 35,000.00 income from the dining hall.    6. See Exhibit D for details of real estate carried in plant fund but  allowed as an endowmentfund asset.    7. The annexed comments are an integral part of this statement.",1920,True,False,False,False,False,"['Special Char Artifacts']","['┬¼', 'ΓÇÖ', '┬¼']"
"Allen University, Columbia, S. C., Year ended May 31, 1962, Page 12","","McCray, John Henry, 1910-1987","1962-05-30 00:00:00","","Manuscripts; Accession 11294.","Allen University","","","A document about the Allen University school year that ended on May 31, 1962.","1 item ; Page 12 of 33","John Henry McCray Papers, 1929-1989","https://digital.library.sc.edu/collections/john-henry-mccray-papers-1929-1989/","University of South Carolina. South Caroliniana Library","Copyright Not Evaluated.∩┐╜For further information please contact The University of South Carolina, South Caroliniana Library, Columbia, SC 29208.","Civil Rights Era (1955-1969)","Columbia, Richland County, South Carolina, United States","English","300ppi, 24-bit depth color, Epson Expression 11000 XL flatbed scanner with SilverFast scanning software, primary archival file is a TIFF","2017-01","Text","image/jpeg","Documents (object genre)","mccrayjh04-32-105","","Joshua Schutzenhofer","","2021-11-16","2021-11-16","http://cdm17173.contentdm.oclc.org/cdm/ref/collection/p17173coll38/id/6191",6191.0,"6801.jp2","/p17173coll38/image/6801.jp2","1962","EXHIBIT AA    ALLEN UNIVERSITY, COLUMBIA, S. C.    CONDENSED COMPARATIVE STATEMENT OF ASSETS, LIABILITIES AND FUND PRINCIPALS    MAY 31, 1961 AND MAY 31, 1962    CURRENT FUND    May 31, 1961 May 31, 1962    Assets    Cash on Hand and in Banks  Accounts Receivable - Net  Inventories    Prepaid Expenses    Due from Other Funds    Bond Sinking Fund    $    4,115.86  10,905.03    5,775.00    2,175.97    4.945.00    $    19,022.56    6,735.06    6,650.00    2,690.43    1,768.38    4,638.75    Total Assets    $    27.916.86    $    41.505.18    Liabilities        Accounts Payable    Payroll Taxes    Accrued Salaries    Bonds Due Within One Year    Due to Other Funds    Other Current Liabilities    $    67,773.45    26,243.16    33,978.75    5,000.00    15,434.30    851.36    $    27,522.63    602.55    34,637.86    5,000.00    292.31    851.90    Total Current Liabilities  Bonds Due After One Year    $    154,281.02    99,000.00    $    68,907.25    94.000.00    Total Current Fund        Liabilities    Current Fund Deficit    $    253,281.02    225,364.16    $    162,907.25    121,402.07    Total Liabilities Less Deficit $    27.916.86    $    41.505.18    STUDENT LOAN FUND        Cash in Bank  Loans Outstanding    $    335.70    150,572.08    $    59,983.35    241.619.69    Fund Principal    $    , _15O.9O7.78    $    301.603.04    PLANT FUND        Funds Not Invested  Invested in Plant    $    3,527.92    1,296.302.36    $    409.82    1,277.319.35    Total Assets    Deduct, Mortgages Payable    $    1,299,830.28    36,980.43    $    1,277,729.17    18,862.33    Equity in Plant    $    1,262,849.85    $    1,258,866,84    Increase  (Decrease)    $ 14,906.70    ( 4,169.97)    375.00    514.46    1,763.33    ( 3.06,25)    $ 13,588.32    $( 40,250.82)    ( 25,640.61)    ( 4,340.89)    ( 15,141.99)     .54    $( 85,373.77)    ( 5,000.00)    $( 90,373.77)    (103.962.09)    $ 13,588.32    $ 59,647.65    91,047.61    $ 150,695.26    $( 3,118.10)    ( 18,983.01)    $( 22,101.11)    ( 18,118.10)    $( 3.983,01)    ENDOWMENT FUND    Assets $    Less, Due (to) From Other Funds    Fund Principal $    227,870.68 $ 266,145.98 $ 33,275.30    ∩┐╝12.023.89 ( 1,768.38) ( 13,792.27)    239,894.57 $ ∩┐╝ 264,377.60 $ 24,483,03    The annexed comments are an integral part of this statement",1597,True,False,False,False,False,"['Special Char Artifacts']","['∩┐╝', '∩┐╝']"
"Allen University, Columbia, S. C., Year ended May 31, 1962, Page 13","","McCray, John Henry, 1910-1987","1962-05-30 00:00:00","","Manuscripts; Accession 11294.","Allen University","","","A document about the Allen University school year that ended on May 31, 1962.","1 item ; Page 13 of 33","John Henry McCray Papers, 1929-1989","https://digital.library.sc.edu/collections/john-henry-mccray-papers-1929-1989/","University of South Carolina. South Caroliniana Library","Copyright Not Evaluated.∩┐╜For further information please contact The University of South Carolina, South Caroliniana Library, Columbia, SC 29208.","Civil Rights Era (1955-1969)","Columbia, Richland County, South Carolina, United States","English","300ppi, 24-bit depth color, Epson Expression 11000 XL flatbed scanner with SilverFast scanning software, primary archival file is a TIFF","2017-01","Text","image/jpeg","Documents (object genre)","mccrayjh04-32-106","","Joshua Schutzenhofer","","2021-11-16","2021-11-16","http://cdm17173.contentdm.oclc.org/cdm/ref/collection/p17173coll38/id/6192",6192.0,"6802.jp2","/p17173coll38/image/6802.jp2","1962","EXHIBIT B  ALLEN UNIVERSITY, COLUMBIA, S. C.    CURRENT FUND BUDGETED AND ACTUAL INCOME, EXPENSES AND FUND DEFICIT    YEAR ENDED MAY 31, 1962    1962-63    ∩┐╝1961-62   Proposed    INCOME - Schedule 1 Budget Actual Budget    Educational and General    Student Fees $ 240,135.00 $ 251,674.01 $ 276,200.00    Gifts and Grants 221,125.00 133,561.32 173,200.00    Other 36,300.00 53,064.67 29,400.00    Total Educational and General $ 497,560.00 $ 433,300.00 $ 473,300.00    Auxiliary Activities 204,330.00 212,513.32 245,150.00    Total Income $ 702,440.00 $ 700,313.32 $ 723,950.00.    DEDUCT, EXPENSES    Educational and General    General Administration - Sch.2 $ 37,353.00 $ 33,367.33 $ 50,323.00    General Expenses - Schedule 3    Student Services 45,332.00 43,111.60 49,342.00    Staff Benefits 11,300.00 10,576.17 12,500.00    General Institutional Expenses 45,000.00 35,564.62 47,740.00    Instruction - Schedule 4 232,235.00 196,109.37 253,145.34    Total Educational and General $ 371,270.00 $ 323,729.59 $ 413,550.34    Operation of Physical Plant -    Schedule 5 $ 111,590.00 121,479.79 123,753.00    Auxiliary Activities - Sch. 6 163,509.00 124,^90.99 140,393.16    Academic Scholarships and Aid -    Schedule 7 26,400.00 26,755.36 13,000.00    Total Expenses $ 672,769.00 $ 596,356.23 $ 696,196.50    EXCESS OF BUDGETED INCOME OVER    BUDGETED EXPENSES $ 29,671,00 $ 27,753.50    EXCESS OF CURRENT FUND ACTUAL INCOME    OVER ACTUAL EXPENSES $ 103,962.09    CURRENT FUND PRINCIPAL (DEFICIT) MAY 31, 1961 (225,364.16)    CURRENT FUND PRINCIPAL (DEFICIT) MAY 31, 1962 -    To Exhibit A $(121,402.07)    The annexed comments are an integral part of this statement.",1347,True,True,False,False,False,"['Special Char Artifacts', 'General Artifacts']","['∩┐╝', '124,^90.99']"
"Allen University, Columbia, S. C., Year ended May 31, 1962, Page 14","","McCray, John Henry, 1910-1987","1962-05-30 00:00:00","","Manuscripts; Accession 11294.","Allen University","","","A document about the Allen University school year that ended on May 31, 1962.","1 item ; Page 14 of 33","John Henry McCray Papers, 1929-1989","https://digital.library.sc.edu/collections/john-henry-mccray-papers-1929-1989/","University of South Carolina. South Caroliniana Library","Copyright Not Evaluated.∩┐╜For further information please contact The University of South Carolina, South Caroliniana Library, Columbia, SC 29208.","Civil Rights Era (1955-1969)","Columbia, Richland County, South Carolina, United States","English","300ppi, 24-bit depth color, Epson Expression 11000 XL flatbed scanner with SilverFast scanning software, primary archival file is a TIFF","2017-01","Text","image/jpeg","Documents (object genre)","mccrayjh04-32-107","","Joshua Schutzenhofer","","2021-11-16","2021-11-16","http://cdm17173.contentdm.oclc.org/cdm/ref/collection/p17173coll38/id/6193",6193.0,"6803.jp2","/p17173coll38/image/6803.jp2","1962","EXHIBIT C    ALLEN UNIVERSITY, COLUMBIA, S. C,  PLANT FUND PRINCIPAL AND ASSETS    YEAR ENDED MAY 31, 1962    FUND PRINCIPAL MAY 31, 1961    $ 1,262,849.85    ADDITIONS DURING PERIOD - Below    Physical Property Additions from Current Funds -  PresidentΓÇÖs Office Equipment $ 75.09    Automobile 2,962.85    Library Equipment 1,794.47    General Equipment 1,434.58 6,266.99    DELETIONS    Equity in Higgins Hall Partially Destroyed  by Fire - Building Subsequently Razed ( 10,250.00)    FUND PRINCIPAL MAY 31, 1962 - To Exhibit A    PHYSICAL PROPERTIES (See Note 4 in Exhibit A)    $ 1,258,866.84    C    10,351.50    6.997.62    Charleston, S  $ 14,000.00  59.947.57    Reid Center    Lot    Building    Reid Dormitory    Higgins Hall - Land    and Building  U.S.O. Building    Less, Land Sold  Flipper Library and    Equipment    Library Annex  Mance Hall  Church - Bishopville, S. C.  Gymnasium and Equipment  Faith Hall    Richard Allen Apartments and    Equipment    Other Land and Buildings  Printing Equipment  Beauty Parlor Equipment  Organ    Tower Clock    Automobile and Bus    Athletic Field Equipment  Fence (Hurst - Alumni Field)  Reid Center Equipment (Part of  Church Building Lot in Eau Cla  Other Furniture and Equipment    Total - To Exhibit A    Balance    Additions    Balance     5/31/61     (Deletions)     5/31/62     $ 73,947.57    $ $    73,947.57    133,287.22        133,287.22    70,772.00    (25,000.00)    45,772.00    3,353.38        3,353.88    56,005.45    1,794.47    57,799.92    3,333.95        8,333.95    66,457.91        66,457.91    1,200.00        1,200.00    36,672.84        36,672.84    34,640.25        34,640.25    69,496.13        69,496.13    472,524.89        472,524.89    3,537.50        8,537.50    1,219.45        1,219.45    1,026.75        1,026.75    2,841.12        2,841.12    25,453.94    2,962.85    28,421.79    18,649.58        18,649.58    11,253.00        11,253.00    Cost) 2,350.00        2,350.00    .re 850.00        850.00    197,423.93)    1,509.67 (    198,683.60    )    ( 250.00.) (        $ 1.296,302.36    $(18.983.01)$ 1    .277.319.35    The annexed comments are an integral part of this statement",1545,True,False,False,False,False,"['Special Char Artifacts']","['ΓÇÖ']"
"Allen University, Columbia, S. C., Year ended May 31, 1962, Page 15","","McCray, John Henry, 1910-1987","1962-05-30 00:00:00","","Manuscripts; Accession 11294.","Allen University","","","A document about the Allen University school year that ended on May 31, 1962.","1 item ; Page 15 of 33","John Henry McCray Papers, 1929-1989","https://digital.library.sc.edu/collections/john-henry-mccray-papers-1929-1989/","University of South Carolina. South Caroliniana Library","Copyright Not Evaluated.∩┐╜For further information please contact The University of South Carolina, South Caroliniana Library, Columbia, SC 29208.","Civil Rights Era (1955-1969)","Columbia, Richland County, South Carolina, United States","English","300ppi, 24-bit depth color, Epson Expression 11000 XL flatbed scanner with SilverFast scanning software, primary archival file is a TIFF","2017-01","Text","image/jpeg","Documents (object genre)","mccrayjh04-32-108","","Joshua Schutzenhofer","","2021-11-16","2021-11-16","http://cdm17173.contentdm.oclc.org/cdm/ref/collection/p17173coll38/id/6194",6194.0,"6804.jp2","/p17173coll38/image/6804.jp2","1962","ALLEN UNIVERSITY, COLUMBIA, S, C.    ENDOWMENT FUND PRINCIPAL AND INVESTMENTS    YEAR ENDED MAY 31, 1962    EXHIBIT D    Sheet 1    FUND PRINCIPAL MAY 31, 1961    $    239,894.57    Add, Contributions            Cash    $ 10.00        Stock (20 shares Armour & Co. )    990.00        Mutual Fund Stock Distributions    6,355.86        Gains on Securities Sold - Sheet 2    16,627.17        FUND PRINCIPAL MAY 31, 1962 - To Exhibit A    $    264,377.60    INVESTMENTS HELD BY ENDOWMENT FUND    Gross Income        Book Value(5)    Received    Savings Accounts            Standard Building and Loan Association    $ 5,000.00 $    4.00    Security Federal Savings and Loan Association    9,429.67    7.83    Standard Building and Loan Association    7.84(1)    .30    Bonds            U. S. Treasury, Series E (2) N/0 C. F. Flipper 100.00(2)    Matured    U. S. Treasury, Series E    18.75    ΓÇö    The Claussen Bakeries, Inc. 6% Debentures    300.00    48.00    Winchester Graham, Inc. 6% Debentures    40,000.00    400.00    Common Stocks            4448 Shares Massachusetts Investors Trust    39,505.21    1,691.07    100 Shares The S. C. National Bank of        ΓÇó    Charleston    2,153.85    306.00    -0- Shares Southern Fire and Casualty Co.    *    12.24    -0- Shares The Value Line Income Fund, Inc.    *    169.26    -0- Shares The C. & S. National Bank of S. C.        65.25    500 Shares Sonoco Products Company    11,412.16    714.00    -0- Shares Incorporated Income Fund    *    29.83    250 Shares The Claussen Bakeries, Inc.    1,458.33    37.50    3556 Shares Wellington Fund, Inc.    51,989.54    3,484.83    200 Shares Ford Motor Company    11,193.61    63O.OO    646 Shares Fundamental Investors, Inc.    5,851.03    152.39    -0- Shares Consolidated Cement Corporation    *    5.40    200 Shares The First National Bank of S. C.    4,200.00    295.00    5429 Shares The George Putnam Fund of Boston    71,345.42    2,239.63    -0- Shares Sears, Roebuck and Co.    *    155.00    -0- Shares American Stores Company    jjc    59.81    9 Shares McCrory Corporation    663.12    ΓÇö    Other Endowment Receipts        30.70    Second Mortgages (Note 3)            Chappelle Memorial Station (4%)    4,000.00    ΓÇö    Reid Church, Greenview (3%)    7,017.40    ΓÇö    Total - To Exhibit A Forward to Sheet 2    $ 266,145.98 $    10,583.09    *Sold during current fiscal year",1674,True,False,False,False,False,"['Special Char Artifacts']","['ΓÇö', 'ΓÇó', 'ΓÇö', 'ΓÇö', 'ΓÇö']"
"Allen University, Columbia, S. C., Year ended May 31, 1962, Page 16","","McCray, John Henry, 1910-1987","1962-05-30 00:00:00","","Manuscripts; Accession 11294.","Allen University","","","A document about the Allen University school year that ended on May 31, 1962.","1 item ; Page 16 of 33","John Henry McCray Papers, 1929-1989","https://digital.library.sc.edu/collections/john-henry-mccray-papers-1929-1989/","University of South Carolina. South Caroliniana Library","Copyright Not Evaluated.∩┐╜For further information please contact The University of South Carolina, South Caroliniana Library, Columbia, SC 29208.","Civil Rights Era (1955-1969)","Columbia, Richland County, South Carolina, United States","English","300ppi, 24-bit depth color, Epson Expression 11000 XL flatbed scanner with SilverFast scanning software, primary archival file is a TIFF","2017-01","Text","image/jpeg","Documents (object genre)","mccrayjh04-32-109","","Joshua Schutzenhofer","","2021-11-16","2021-11-16","http://cdm17173.contentdm.oclc.org/cdm/ref/collection/p17173coll38/id/6195",6195.0,"6805.jp2","/p17173coll38/image/6805.jp2","1962","ALLEN UNIVERSITY, COLUMBIA, 8. C.    ENDOWMENT FUND PRINCIPAL AND INVESTMENTS    EXHIBIT D  Sheet 2    YEAR ENDED MAY 31, 1962    Total - Forwarded from Sheet 1    1953    102,728.00    3,805.00    LOSSES ON SECURITIES SOLD    $ 16,627.17    21,644.81    38,271.98    (Used as    73,947.57    43,300.00    2,418.33(4)    1,500.00    Book Value    266,145.98    Gross Income  Received  | 10,5^8.09    GAINS AND    Number    Net Gain - To Sheet 1    REAL ESTATE ALLOWED AS ENDOWMENT ASSETS    (Cost carried in Plant Fund)    Reid Center, Charleston, S. C. (Brick    Building used as Community Recreation    Center) - Cost    U.S.O. Building - Brick - Appraised Value    Mance Hall - Brick (Used as Dormitory,    TeachersΓÇÖ Residence and Nursery)- Appraised    Value 1953    Frame TeachersΓÇÖ Apartments    and TeachersΓÇÖ Residence) - Appraised Value  1953    Richard Allen Apartments - Cost    30,418.00    69,496.13    910.00    7.265.25    Total    Assets Allowed    $ 586,035.68        Total    Income - To Schedule 1    $    26.486.67    of    Shares    Description    Date    Net  Proceeds    Gain  (Loss)    of    Sale    Book Value    10    American Stores    Company    4 /18/62    $ 380.00    $ 821.31 $    441.31    200    The First National  Bank of S. C.    4 /    6/62    4,200.00    7,296.28    3,096.28    214    Sonoco Products    Company    4 /    6/62    4,884.34    7,272.64    2,388.30    146    The South Carolina  National Bank    4 /    6/62    3,146.15    7,077.84    3,931.69    153    Southern Fire and    Casualty Company    4 / 6/62    1,237.50    935.58 (    301.92    403    Value Line Income  Fund    4 /    6/62    2,664.57    2,208.44 (    456.13    29    Citizens & Southern    National Bank of    S. C.    4 4    6/62    887.50    2,753.76    1,866.26    100    Sears, Roebuck & Co.    4 /    6/62    2,678.25    8,220.23    5,541.98    56    Incorporated Income  Fund    4 /    6/62    462.50    542.64    80.14    4    General Portland  Cement Co.    4 /    6/62    114.00    99.29 (    14.71    20    Armour & Company    4 /    6/62    990.00    .Jj.Q41a.27     UJ7",1406,True,True,False,False,False,"['Special Char Artifacts', 'General Artifacts']","['ΓÇÖ', 'ΓÇÖ', 'ΓÇÖ', '10,5^8.09']"
"Allen University, Columbia, S. C., Year ended May 31, 1962, Page 17","","McCray, John Henry, 1910-1987","1962-05-30 00:00:00","","Manuscripts; Accession 11294.","Allen University","","","A document about the Allen University school year that ended on May 31, 1962.","1 item ; Page 17 of 33","John Henry McCray Papers, 1929-1989","https://digital.library.sc.edu/collections/john-henry-mccray-papers-1929-1989/","University of South Carolina. South Caroliniana Library","Copyright Not Evaluated.∩┐╜For further information please contact The University of South Carolina, South Caroliniana Library, Columbia, SC 29208.","Civil Rights Era (1955-1969)","Columbia, Richland County, South Carolina, United States","English","300ppi, 24-bit depth color, Epson Expression 11000 XL flatbed scanner with SilverFast scanning software, primary archival file is a TIFF","2017-01","Text","image/jpeg","Documents (object genre)","mccrayjh04-32-110","","Joshua Schutzenhofer","","2021-11-16","2021-11-16","http://cdm17173.contentdm.oclc.org/cdm/ref/collection/p17173coll38/id/6196",6196.0,"6806.jp2","/p17173coll38/image/6806.jp2","1962","ALLEN UNIVERSITY, COLUMBIA, S. C,  ENDOWMENT FUND PRINCIPAL AND INVESTMENTS    YEAR ENDED MAY 31, 1962    EXHIBIT D    Sheet 3    NOTES    1. Registered in the name of Allen University Foundation. This  should be corrected.    2. There is some question regarding the redemption of these bonds  since they are not transferable.    3. No documentary evidence or confirmation of these balances  available - probably uncollectible.    4. Rent reduced to $ 215.43 per month as of September 1961. There  remains a balance of $ 250.00 due for the year ended May 31,  I960 and $ 270.54 for the current year.    5. Original cost without reference to current market.    6. The annexed comments are an integral part of this statement.",573,False,False,False,False,True,"[]","[]"
"Allen University, Columbia, S. C., Year ended May 31, 1962, Page 18","","McCray, John Henry, 1910-1987","1962-05-30 00:00:00","","Manuscripts; Accession 11294.","Allen University","","","A document about the Allen University school year that ended on May 31, 1962.","1 item ; Page 18 of 33","John Henry McCray Papers, 1929-1989","https://digital.library.sc.edu/collections/john-henry-mccray-papers-1929-1989/","University of South Carolina. South Caroliniana Library","Copyright Not Evaluated.∩┐╜For further information please contact The University of South Carolina, South Caroliniana Library, Columbia, SC 29208.","Civil Rights Era (1955-1969)","Columbia, Richland County, South Carolina, United States","English","300ppi, 24-bit depth color, Epson Expression 11000 XL flatbed scanner with SilverFast scanning software, primary archival file is a TIFF","2017-01","Text","image/jpeg","Documents (object genre)","mccrayjh04-32-111","","Joshua Schutzenhofer","","2021-11-16","2021-11-16","http://cdm17173.contentdm.oclc.org/cdm/ref/collection/p17173coll38/id/6197",6197.0,"6807.jp2","/p17173coll38/image/6807.jp2","1962","ALLEN UNIVERSITY, COLUMBIA, S. C.    STUDENT LOAN FUND PRINCIPAL    YEAR ENDED MAY 31, 1962    EXHIBIT E    NATIONAL DEFENSE  MAY 31, 1961    STUDENT LOAN FUND PRINCIPAL    ADDITIONS DURING THE PERIOD    Allocations Received Under the National  Defense Student Loan Fund Program    Transfer from Current Fund for College  Share Under Requirements of Act    Interest Income    NATIONAL DEFENSE STUDENT LOAN FUND PRINCIPAL  May 31, 1962 - To Exhibit A    $ 150,907.7^    $ 135,469.00    15,052.33    ΓûáA73-.93    150,695.26    $ 301.603,04    NOTES:    1. $ 555.56 excess of requirements was transferred by the school to  this fund in the previous fiscal year and is available as an off┬¼  set against any future contributions by the government.    2. As this fund continually increases each year more work will be re┬¼  quired to maintain the necessary records and data. A number of the  outstanding loans are now due and each year the number gets larger.  Diligent follow-ups on these loans is imperative to keep all loans  current in accord with applicable repayment regulations. Also, the  errors noted in the actual loan accounts should be corrected  immediately.    3. The annexed comments are an integral part of this statement.",976,True,False,False,False,False,"['Special Char Artifacts']","['Γûá', '┬¼', '┬¼']"
"Allen University, Columbia, S. C., Year ended May 31, 1962, Page 19","","McCray, John Henry, 1910-1987","1962-05-30 00:00:00","","Manuscripts; Accession 11294.","Allen University","","","A document about the Allen University school year that ended on May 31, 1962.","1 item ; Page 19 of 33","John Henry McCray Papers, 1929-1989","https://digital.library.sc.edu/collections/john-henry-mccray-papers-1929-1989/","University of South Carolina. South Caroliniana Library","Copyright Not Evaluated.∩┐╜For further information please contact The University of South Carolina, South Caroliniana Library, Columbia, SC 29208.","Civil Rights Era (1955-1969)","Columbia, Richland County, South Carolina, United States","English","300ppi, 24-bit depth color, Epson Expression 11000 XL flatbed scanner with SilverFast scanning software, primary archival file is a TIFF","2017-01","Text","image/jpeg","Documents (object genre)","mccrayjh04-32-112","","Joshua Schutzenhofer","","2021-11-16","2021-11-16","http://cdm17173.contentdm.oclc.org/cdm/ref/collection/p17173coll38/id/6198",6198.0,"6808.jp2","/p17173coll38/image/6808.jp2","1962","SCHEDULE 1    Sheet 1    ALLEN UNIVERSITY, COLUMBIA, So C.    CURRENT FUND BUDGETED AND ACTUAL INCOME    YEAR ENDED MAY 31, 1962    EDUCATIONAL AND GENERAL INCOME    1962-63    ∩┐╝ 1961-62  Proposed    Student Fees Budget Actual Budget    3001 Tuition and Basic Fees Charged    all Students    $ 211,120.00 $ 226,165.01 $ 260,000.00    3002 Matriculation    1,800.00 1,055.00 1,200.00    3003 Late Registration    1,200.00 1,741.00 1,500.00    3004 Music    2,400.00 2,166.75 2,400.00    3005 Science Laboratory    7,000.00 6,248.50    3006 Business Education Laboratory 1,315-00 1,043-00 1,500.00    3OO7 Practice Teaching    3,700.00 3,055-00 3,100.00    3008 Graduation    3,300.00 2,680.00 3,000.00    3009 Art    700.00 519-00 700.00    3010 Education    1,100.00 654.00    3011 Physical Education    3,500.00 3,576.75    3012 Extra Hours    3,000.00 2,770.00 2,800.00    Total Student Fees - To        Exhibit B    $ 240,135.00 $ 251,674-01 $ 276,200.00    Gifts and Grants        3030 General Board of Education        Regular    $ 116,000.00 $ 114,787.51 $ 113,000.00    3031 General Board of Education    ΓÇö    Seminary    3,600.00 3,350.01 3,700.00    3033 FoundersΓÇÖ Day Collections    * 15,300.46 10,000.00    3034 Homecoming Drive    * 204.00    3035 TrusteesΓÇÖ Dues and Contributions 500.00 555.00 500.00    3036 Foundation Gifts    1,025.00 118.20 1,000.00    Paint Project Gifts    668.70    3049 Other Gifts (*0ne Drive)    100.000.00 48.077.44 45.000.00    Total Gifts and Grants -        To Exhibit B    $ 221,125.00 $ 183,561.32 $ 173,200.00    Other Income        3050 Income from Endowment        Fund Assets    $ 27,700.00 $ 26,486.67 $ 20,000.00    ΓÇó 3070 Recoveries on Accounts        Charged Off    1,000.00 1,099.73 2,000.00    3071 Library Fines    100.00 22.13 50.00    3072 Transcript Fees    500.00 670.11 600.00",1384,True,False,False,False,False,"['Special Char Artifacts']","['∩┐╝', 'ΓÇö', 'ΓÇÖ', 'ΓÇÖ', 'ΓÇó']"
"Allen University, Columbia, S. C., Year ended May 31, 1962, Page 20","","McCray, John Henry, 1910-1987","1962-05-30 00:00:00","","Manuscripts; Accession 11294.","Allen University","","","A document about the Allen University school year that ended on May 31, 1962.","1 item ; Page 20 of 33","John Henry McCray Papers, 1929-1989","https://digital.library.sc.edu/collections/john-henry-mccray-papers-1929-1989/","University of South Carolina. South Caroliniana Library","Copyright Not Evaluated.∩┐╜For further information please contact The University of South Carolina, South Caroliniana Library, Columbia, SC 29208.","Civil Rights Era (1955-1969)","Columbia, Richland County, South Carolina, United States","English","300ppi, 24-bit depth color, Epson Expression 11000 XL flatbed scanner with SilverFast scanning software, primary archival file is a TIFF","2017-01","Text","image/jpeg","Documents (object genre)","mccrayjh04-32-113","","Joshua Schutzenhofer","","2021-11-16","2021-11-16","http://cdm17173.contentdm.oclc.org/cdm/ref/collection/p17173coll38/id/6199",6199.0,"6809.jp2","/p17173coll38/image/6809.jp2","1962","SCHEDULE 1    Sheet 2    ALLEN UNIVERSITY, COLUMBIA, S. C.    CURRENT FUND BUDGETED AND ACTUAL INCOME    YEAR ENDED MAY 31, 1962    EDUCATIONAL AND GENERAL INCOME (CONTINUED)    AUXILIARY ACTIVITIES INCOME        -62    1962-63    Proposed    Budget     1961    Other Income (Continued): Budget    Actual    3073 Handling Charges For Veterans    Administration $ 500.00    $ 263.00    $ 250.00    3079 Insurance Proceeds from Higgins  Hall Fire    3079 Other Income (Business Department  Exchange Fee) 6,500.00    Total Other Income - To  Exhibit B $ 36,300.00    13,021.32    6,501.16    $ 53,064.67    6,500.00    $ 29,400.00    Total Educational and    General $ 497,560,00    $ 433,300.00    $ 473.300.00    3030 Dining Hall - Students $ 102,000.00 $    3031 Dining Hall - Others 3,000.00    Total Dining Hall $ 105,000.00 3    3090 Room Rentals - Students $ 30,400.00 3    3100 Room Rentals - Faculty 2,300.00    3110 Room Rentals - Other 1,000.00    3120 Other Rentals 1,225.00    3130 Other Charges to Dormitory    Students 13,500.00    Total Room Rental $ 43,925.00 3    3140 Bookstore - Sales $ 11,300.00    3150 Athletics Income 7,000.00    3160 Print Shop Sales 4,000.00    3161 Print Shop - Interdepartmental    Charges 3,500.00    3170 Summer School - Net 12,500.00    3130 Choir    3190 Nurseries 6,000.00    3200 Canteen Sales and Rental 500.00    3220 Vending Machine Commissions 300.00    3299 Other 355.00    ! 105,000.50 4    3.582.25    &gt; 103,532.75    5 29,136.50 4    1,373.75    706.00    1,155.00    15,629.26    5 48.500.51 n    5 11,099.35    6,575.75    3,155.03    4,921.46    12,624.39    2,403.94    10,431.24    2,356.30    1,172.52    639.53    5 113,125.00  3,300.00    5 121,425.00    ? 40,500.00  3,000.00  700.00  1,225.00    15,000.00    |5 60,425.00    12,000.00  3,000.00  3,000.00    5,000.00    13,000.00  2,000.00  10,000.00  3,500.00  1,000.00  300.00    Total Other Auxiliary    Activities $ 50,955.00    Total Auxiliary Activities -    To Exhibit B $ 204,330.00    l&gt; 55.435.06 i    212.513,32 J    h 63,300.00    245.150.00    The annexed comments are an integral part of this statement",1584,False,False,False,False,True,"[]","[]"
"Allen University, Columbia, S. C., Year ended May 31, 1962, Page 21","","McCray, John Henry, 1910-1987","1962-05-30 00:00:00","","Manuscripts; Accession 11294.","Allen University","","","A document about the Allen University school year that ended on May 31, 1962.","1 item ; Page 21 of 33","John Henry McCray Papers, 1929-1989","https://digital.library.sc.edu/collections/john-henry-mccray-papers-1929-1989/","University of South Carolina. South Caroliniana Library","Copyright Not Evaluated.∩┐╜For further information please contact The University of South Carolina, South Caroliniana Library, Columbia, SC 29208.","Civil Rights Era (1955-1969)","Columbia, Richland County, South Carolina, United States","English","300ppi, 24-bit depth color, Epson Expression 11000 XL flatbed scanner with SilverFast scanning software, primary archival file is a TIFF","2017-01","Text","image/jpeg","Documents (object genre)","mccrayjh04-32-114","","Joshua Schutzenhofer","","2021-11-16","2021-11-16","http://cdm17173.contentdm.oclc.org/cdm/ref/collection/p17173coll38/id/6200",6200.0,"6810.jp2","/p17173coll38/image/6810.jp2","1962","SCHEDULE 2    ALLEN UNIVERSITY, COLUMBIA, So C.    CURRENT FUND BUDGETED AND ACTUAL GENERAL ADMINISTRATIVE EX PENS ES    YEAR ENDED MAY 31, 1962    Board of Trustees Expenses    1961-62    1962-63  Proposed  Budget    Budget    Actual    4001 Board of Trustees - Travel    $ 1,600.00    $ 1,583.03    $ 1,650.00    4002 SecretaryΓÇÖs Salary    1.425.00    1.500.00    1.500.00    Total Board of Trustees    $ 3,025.00    $ 3,033.03    $ 3,150.00    PresidentΓÇÖs Office                4010 Salaries    $ 13,136.00    $ 14,920o7S    $ 18,500.00    4011 Student Aid    900.00    450.00    300.00    4012 Telephone    505.00    415.75    400.00    4013 Office Supplies    400.00    52S.35    600.00    4014 Travel    500.00    654.17    700.00    4015 Equipment Repairs and Replacements 300.00    29.91    500.00    4016 Equipment Additions    600.00    268.42    500.00    4019 Other Expenses    550.00     1^.77    500.00    Total PresidentΓÇÖs Office    $ 16,891.00    $ 17,423.15    $ 22,000.00    Executive Vice-PresidentΓÇÖs Office                4030 Salary    $ 1,150.00    $ 1,145.32    $ 4,773.00    4033 Office Supplies    ΓÇö    ΓÇö&gt;    200.00    4045 Equipment, Repairs and                Replacements    ΓÇö        300.00    Total Executive Vice-                PresidentΓÇÖs Office    $ 1,150.00    $ 1,145.32    $ 5,273.00    Business Office    4040    4041    4042    4043    4044    4045    4049    Salaries (Includes TreasurerΓÇÖs) $ 13,917.00    Student Aid 300.00    Telephone 250.00    Office Supplies 1,000.00    Travel 100.00    Equipment Repairs and Replacements 520.00    Other Expenses 200.00    $    14,042.92    300.00    245.66    1,442.94    41.68    591.62    50.51    $    16,250.00    300.00    250.00    2,000.00    100.00    1,300.00    200.00        Total Business Office    $    16,287.00    $    16,715.33    $    20,400.00        Total General Administra┬¼  tion - To Exhibit B    $    37.353.00    $    38.367,33    $    50.823.00    The annexed comments are an integral part of this statement",1374,True,True,False,False,False,"['Special Char Artifacts', 'General Artifacts']","['ΓÇÖ', 'ΓÇÖ', 'ΓÇÖ', 'ΓÇÖ', 'ΓÇö', 'ΓÇö&', 'ΓÇö', 'ΓÇÖ', 'ΓÇÖ', '┬¼', '1^.77', 'ΓÇö&gt']"
"Allen University, Columbia, S. C., Year ended May 31, 1962, Page 22","","McCray, John Henry, 1910-1987","1962-05-30 00:00:00","","Manuscripts; Accession 11294.","Allen University","","","A document about the Allen University school year that ended on May 31, 1962.","1 item ; Page 22 of 33","John Henry McCray Papers, 1929-1989","https://digital.library.sc.edu/collections/john-henry-mccray-papers-1929-1989/","University of South Carolina. South Caroliniana Library","Copyright Not Evaluated.∩┐╜For further information please contact The University of South Carolina, South Caroliniana Library, Columbia, SC 29208.","Civil Rights Era (1955-1969)","Columbia, Richland County, South Carolina, United States","English","300ppi, 24-bit depth color, Epson Expression 11000 XL flatbed scanner with SilverFast scanning software, primary archival file is a TIFF","2017-01","Text","image/jpeg","Documents (object genre)","mccrayjh04-32-115","","Joshua Schutzenhofer","","2021-11-16","2021-11-16","http://cdm17173.contentdm.oclc.org/cdm/ref/collection/p17173coll38/id/6201",6201.0,"6811.jp2","/p17173coll38/image/6811.jp2","1962","SCHEDULE 3    Sheet 1    ALLEN UNIVERSITY, COLUMBIA, S, C.    CURRENT FUND BUDGETED AND ACTUAL GENERAL EXPENSES    YEAR ENDED MAY 31, 1962    1961-63     1961-62  Proposed    Director of Student Personnel's Office    STUDENT SERVICES    Budget    Actual    Budget    Registrar's Office                4100 Salaries    $ 5,700.00    $ 5,679.15    $ 5,900.00    4101 Student Aid    ΓÇö    ΓÇö    200.00    4103 Office Supplies    1,000.00    1,551.94    1,600.00    4104 Travel    ΓÇö    34.67    100.00    4105 Equipment Repairs    and Replacements 150.00    64.51    150.00    4106 Equipment Additions 100.00    ΓÇö    150.00    4109 Other Expenses    50.00    3.00    150.00    Total Registrar    's Office $ 7,000.00    $ 7,3^3.27    $ 3,250.00    Dean of Women's Office                4110 Salaries    $ 1,420.00    $ 1,917.56    $ 1,420.00    4111 Student Aid    1,200.00    1,250.00    600.00    4112 Telephone    100.00    6.39    25.00    4113 Office Supplies    100.00    169.11    200.00    4114 Travel    50.00    43.71    100.00    4115 Equipment Repairs    and Replacements 10.00        50.00    4119 Other Expenses    25.00    3.15    25.00    Total Dean of Women's Office $ 2,905.00    $ 3,390.42    $ 2,420.00    Dean of Men's Office                4120 Salaries    $ 1,500.00    $ 1,500.00    $ 1,500.00    4121 Student Aid    SOO.00    730.00    300.00    4122 Telephone    100.00    4.33    25.00    4123 Office Supplies    25.00    5.39    50.00    4124 Travel    50.00    2.20    50.00    4125 Equipment Repairs    and Replacements 10.00    ΓÇö    75.00    4129 Other Expenses    25.00    12.50    25.00    Total Dean of Men's Office $ 2,510.00    $ 2,304.42    $ 2,025.00    4130    Salary    $ 1,333.00 $    1,466.34 $    1,333.00    4131    Student Aid    ΓÇö    ΓÇö    200.00    4132    Telephone    ΓÇö    ΓÇö    25.00    4133    Office Supplies    100.00    33.33    200.00    4134    Travel    ΓÇö    ΓÇö    100.00    4135    Equipment Repairs and Replacements    ΓÇö    50.00    4139    Other Expenses    25.00    12.00    50.00        Total Director of Student                    Personnel's Office    $ 1,453.00 $    1,562.17 $    1,953.00",1410,True,True,False,False,False,"['Special Char Artifacts', 'General Artifacts']","['ΓÇö', 'ΓÇö', 'ΓÇö', 'ΓÇö', 'ΓÇö', 'ΓÇö', 'ΓÇö', 'ΓÇö', 'ΓÇö', 'ΓÇö', 'ΓÇö', 'ΓÇö', '7,3^3.27']"
"Allen University, Columbia, S. C., Year ended May 31, 1962, Page 23","","McCray, John Henry, 1910-1987","1962-05-30 00:00:00","","Manuscripts; Accession 11294.","Allen University","","","A document about the Allen University school year that ended on May 31, 1962.","1 item ; Page 23 of 33","John Henry McCray Papers, 1929-1989","https://digital.library.sc.edu/collections/john-henry-mccray-papers-1929-1989/","University of South Carolina. South Caroliniana Library","Copyright Not Evaluated.∩┐╜For further information please contact The University of South Carolina, South Caroliniana Library, Columbia, SC 29208.","Civil Rights Era (1955-1969)","Columbia, Richland County, South Carolina, United States","English","300ppi, 24-bit depth color, Epson Expression 11000 XL flatbed scanner with SilverFast scanning software, primary archival file is a TIFF","2017-01","Text","image/jpeg","Documents (object genre)","mccrayjh04-32-116","","Joshua Schutzenhofer","","2021-11-16","2021-11-16","http://cdm17173.contentdm.oclc.org/cdm/ref/collection/p17173coll38/id/6202",6202.0,"6812.jp2","/p17173coll38/image/6812.jp2","1962","SCHEDULE 3    Sheet 2    ALLEN UNIVERSITY, COLUMBIA, S. C,    CURRENT FUND BUDGETED AND ACTUAL GENERAL EXPENSES    YEAR ENDED MAY 31, 1962    1962-63    1961-62 Proposed    STUDENT SERVICES (CONTINUED) Budget Actual Budget    Other Student Services    GENERAL INSTITUTIONAL EXPENSES    4170    MatronΓÇÖs Salaries    $ 11,484.00 $    8,954.25 $    12,329.    00    4175    Physician    1,860.00    1,912.00    1,860.    00    4176    Medical    3,215.00    1,931.09    2,500.    00    4180    Student Insurance    8,400.00    8,165.50    8,400.    00    4185    FounderΓÇÖs Day    300.00    595.03    500.    00    4186    Student Annual    4,500.00    5,252.56    6,000.    00    4187    Lyceum, Religious Week, etc.    500.00    624.63    1,000.    00    4188    Allen Journal    400.00    150.70    400.    00    4189    Student Identification Cards    600.00    596.73    700.    00    4190    Religious Act. and Emphasis Week    ΓÇö    500.    00    4191    Student Council    ΓÇö    ΓÇö    250.    00    4195    Other Student Activities    200.00    288.83    250.    00        Total Other Student Services    $ 31,459.00 $    28,471.32 $    34,689.    00        Total Student Services -                        To Exhibit B    $ 45.332.00 $    43.111.60 $    49.342,    00    STAFF    BENEFITS                    4196    Social Security Taxes    $ 10,000.00 $    9,006.54 $    11,000.    00    4197    Group Life Insurance    600.00    796.75    700.    00    4198    Group Hospitalization Insurance 700.00    772.88    800.    00        Total Staff Benefits -                        To Exhibit B    $ 11.300,00 $    10,576.17 $    12,500,        Alumni    Secretary and Public Relations    Office    4200    Salary    $ 1,233.00 $ 1,284.75 $ 4,200.00    4201    4202    4203    4204    4205    4207    4208    4209    Student Aid 300.00 300.00 300.00  Telephone - - 10.00  Office Supplies 150.00 100.70 150.00  Travel 100.00 57.96 100.00    Equipment Repairs and Replacements - - 50.00  Printing and Engraving 475.00 65.61 300.00  Postage - Public Relations 150.00 11.82 100.00  Other Expenses 100.00 29.76 100.00    Total Alumni Secretary and    Public Relations Office $ 2,508.00 $ 1,850.60 $ 5,310.00",1462,True,False,False,False,False,"['Special Char Artifacts']","['ΓÇÖ', 'ΓÇÖ', 'ΓÇö', 'ΓÇö', 'ΓÇö']"
"Allen University, Columbia, S. C., Year ended May 31, 1962, Page 24","","McCray, John Henry, 1910-1987","1962-05-30 00:00:00","","Manuscripts; Accession 11294.","Allen University","","","A document about the Allen University school year that ended on May 31, 1962.","1 item ; Page 24 of 33","John Henry McCray Papers, 1929-1989","https://digital.library.sc.edu/collections/john-henry-mccray-papers-1929-1989/","University of South Carolina. South Caroliniana Library","Copyright Not Evaluated.∩┐╜For further information please contact The University of South Carolina, South Caroliniana Library, Columbia, SC 29208.","Civil Rights Era (1955-1969)","Columbia, Richland County, South Carolina, United States","English","300ppi, 24-bit depth color, Epson Expression 11000 XL flatbed scanner with SilverFast scanning software, primary archival file is a TIFF","2017-01","Text","image/jpeg","Documents (object genre)","mccrayjh04-32-117","","Joshua Schutzenhofer","","2021-11-16","2021-11-16","http://cdm17173.contentdm.oclc.org/cdm/ref/collection/p17173coll38/id/6203",6203.0,"6813.jp2","/p17173coll38/image/6813.jp2","1962","SCHEDULE 3  Sheet 3~    ALLEN UNIVERSITY, COLUMBIA, S, C.    CURRENT FUND BUDGETED AND ACTUAL GENERAL EXPENSES    YEAR ENDED MAY 31, 1962    1962-63    ∩┐╝1961-62  Proposed    Budget Actual Budget    GENERAL INSTITUTIONAL EXPENSES (CONTINUE!))      Other General Institutional Expenses    4210    Alumni Bulletin ?    700.00 $    ΓÇö    $    400.00    4211    Catalogue    2,500.00            2,500.00    4212    Career Day and Recruiting    250.00    140.56        200.00    4213    Public Relations    750.00    273.2S        400.00    4214    Entertainment    1,350.00    567.90        1,000.00    4215    Commencement    1,SOO.00    1,934.96        1,500.00    4216    Youth Congress    3,000.00    1,199.S2        2,000.00    4220    Motor Vehicles - Gas and Oil    1,300.00    S09.S9        1,000.00    4221    Motor Vehicles - Repairs and                        Upkeep    2,000.00    1,9S2.1S        2,000.00    4222    Motor Vehicles - Purchase    ΓÇö    2,962.S5        2,000.00    4225    General Travel Expense    500.00    6S5.92        1,000.00    4230    Dues and Subscriptions    S25.OO    477.00        SOO.00    4231    Telephone (Not Charged to                        Departments)    3,500.00    3,349.33        3,500.00    4232    Switchboard Salaries    1,467.00    1,355.7S        1,500.00    4233    Postage    2,000.00    1,233.67        1,300.00    4234    Professional Fees    3,SOO.00    2,253.50        3,300.00    4235    Interest    s,000.00    6,994.17        10,000.00    4236    Bank Charges    50.00    25.61        30.00    4237    Director of Stenographic Pool    ΓÇö    ΓÇö        2,400.00    423s    Student Aid - Switchboard    1,200.00    700.00        600.00    4245    Provision For Doubtful Accounts    6,000.00    5,346.30        4,000.00    4249    Other General Expenses    1,500.00    1,421.30        1,000.00        Total Other General Institu-                        tional Expenses $ 42,492.00 $    33.714.02    $    42,430.00        Total General Institution-                        al Expenses -                        To Exhibit B $ 45,000.00 $    35.564.62    $    47,740,00    The annexed comments are an integral part of this statement",1370,True,False,False,False,False,"['Special Char Artifacts']","['∩┐╝', 'ΓÇö', 'ΓÇö', 'ΓÇö', 'ΓÇö']"
"Allen University, Columbia, S. C., Year ended May 31, 1962, Page 25","","McCray, John Henry, 1910-1987","1962-05-30 00:00:00","","Manuscripts; Accession 11294.","Allen University","","","A document about the Allen University school year that ended on May 31, 1962.","1 item ; Page 25 of 33","John Henry McCray Papers, 1929-1989","https://digital.library.sc.edu/collections/john-henry-mccray-papers-1929-1989/","University of South Carolina. South Caroliniana Library","Copyright Not Evaluated.∩┐╜For further information please contact The University of South Carolina, South Caroliniana Library, Columbia, SC 29208.","Civil Rights Era (1955-1969)","Columbia, Richland County, South Carolina, United States","English","300ppi, 24-bit depth color, Epson Expression 11000 XL flatbed scanner with SilverFast scanning software, primary archival file is a TIFF","2017-01","Text","image/jpeg","Documents (object genre)","mccrayjh04-32-118","","Joshua Schutzenhofer","","2021-11-16","2021-11-16","http://cdm17173.contentdm.oclc.org/cdm/ref/collection/p17173coll38/id/6204",6204.0,"6814.jp2","/p17173coll38/image/6814.jp2","1962","ALLEN UNIVERSITY, COLUMBIA, S. C,    SCHEDULE 4    Sheet 1    CURRENT FUND BUDGETED AND ACTUAL INSTRUCTION EXPENSES    YEAR ENDED MAY 31, 1962    Science Department    Dean of Instruction Office    1961-62    1962-63  Proposed  Budget    Budget    Actual    4250 Salaries $    5,100.00    $ 5,003.50    $ 4,773.00    4251 Student Aid    450.00    225.00    200.00    4253 Office Supplies    75.00    261.S2    300.00    4254 Travel    100.00    S4.67    100.00    4255 Equipment Repairs and Replace-                ment s    120.00    ΓÇö.    200.00    4259 Other Expenses      75.00    ΓÇö    100.00    Total Dean of Instruction                Office $    5,920.00    $ 5.574.99    $ 5,673.00    4260    Salaries    $    25,600.00    $    15,615.37    $    23,000.00    4261    4262    4263    4264    4279    Student Aid    Classroom and Laboratory-    Supplies    Travel    Classroom and Laboratory    Equipment Repairs and  Replacements    Other Expenses        600.00    4,500.00    100.00    1,000.00    75.00        490.00    1,656.19    S3.26    72.S5    25.S2        300.00    2,500.00    150.00    900.00    75.00        Total Science Department    $    31.S75.OO    $    17,943.49    $    26,925.00    Humanities Department    Education Department    42S0    Salaries    $    25,S5O.OO $    15,724.02 $    31,300.00    42S1    Student Aid        ΓÇö    ΓÇö    100.00    42S2    Classroom Supplies        200.00    100.5S    300.00    42S3    Travel        100.00    *    100.00    42S4    Equipment Repairs and                        Replacements        ΓÇö    ΓÇö    100.00    42S9    Other Expenses        25.00    4.00    50.00        Total Humanities                        Department    $    26,175.00 $    15,S2S.6O $    31.950.00    4290 Salaries $ 36,O4S.OO    4291 Student Aid    4292 Classroom Supplies 1,130.00    4293 Travel 300.00    4294 Classroom Equipment Repairs    and Replacements 20.00    4296 Practice Teaching 3,000.00    4299 Other Expenses 25.00    32,425.34 $ 42,220.00    200.00    S3S.42 1,000.00    166.61 300.00    46.00 100.00    2,913.60 3,500.00    2.0S 50.00    Total Education Department$ 40,523,00 ?    36,392.05 3    47,370.00",1404,True,False,False,False,False,"['Special Char Artifacts']","['ΓÇö', 'ΓÇö', 'ΓÇö', 'ΓÇö', 'ΓÇö', 'ΓÇö']"
"Allen University, Columbia, S. C., Year ended May 31, 1962, Page 26","","McCray, John Henry, 1910-1987","1962-05-30 00:00:00","","Manuscripts; Accession 11294.","Allen University","","","A document about the Allen University school year that ended on May 31, 1962.","1 item ; Page 26 of 33","John Henry McCray Papers, 1929-1989","https://digital.library.sc.edu/collections/john-henry-mccray-papers-1929-1989/","University of South Carolina. South Caroliniana Library","Copyright Not Evaluated.∩┐╜For further information please contact The University of South Carolina, South Caroliniana Library, Columbia, SC 29208.","Civil Rights Era (1955-1969)","Columbia, Richland County, South Carolina, United States","English","300ppi, 24-bit depth color, Epson Expression 11000 XL flatbed scanner with SilverFast scanning software, primary archival file is a TIFF","2017-01","Text","image/jpeg","Documents (object genre)","mccrayjh04-32-119","","Joshua Schutzenhofer","","2021-11-16","2021-11-16","http://cdm17173.contentdm.oclc.org/cdm/ref/collection/p17173coll38/id/6205",6205.0,"6815.jp2","/p17173coll38/image/6815.jp2","1962","SCHEDULE 4    Sheet 2    ALLEN UNIVERSITY, COLUMBIA, S. C.    CURRENT FUND BUDGETED AND ACTUAL INSTRUCTION EXPENSES    YEAR ENDED MAY 31, 1962    Social    . Science Department    1961-62    1962-63  Proposed  Budget    Budget    Actual    4300    Salaries $    19,400.00 $    19,120.00 $    19,900.00    4301    Student Aid    200.00    *    100.00    4302    Classroom Supplies    95.00    60.64    200.00    4303    Travel    100.00    53.35    100.00    4309    Other Expenses    25.00    ΓÇö    50.00        Total Social Science                    Department $    19,320.00 $    19,233.99 $    20.350.00    Art Department                4310    Salaries $    4,460.00 $    4,450.00 $    3,460.00    4312    Classroom Supplies    300.00    396.31    600.00    4319    Other Expenses    25.00    ΓÇö    100.00        Total Art Department $    4,735.00 $    4,346.31 $    9,160.00    Music    Department                4320    Salaries $    14,450.00 $    14,330.96 $    19,150.00    4321    Student Aid    3,150.00    2,025.00    3,000.00    4322    Classroom Supplies    625.00    696.56    750.00    4324    Classroom Equipment Repairs                    and Replacements    100.00    251.52    300.00    4326    Choir and Band Travel    1,770.00    1,231.25    1,500.00    4329    Other Expenses    125.00    450.33    250.00        Total Music Department $    20,220.00 $    13,935.67 $    24,950.00    Business Department                4330    Salaries $    13,467.00 $    13,377.79 $    22,734.00    4332    Classroom Supplies    350.00    312.57    500.00    4333    Travel    100.00    ΓÇö    100.00    4334    Classroom Equipment Repairs                    and Replacements    350.00    163.33    400.00    4339    Other Expenses    25.00        100.00        Total Business Department $    19,292.00 $    19,354.24 $    23,334.00    Department of Religion and Philosophy                4340    Salaries $    17,150.00 $    17,252.76 $    15,400.00    4341    Student Aid    1,360.00    1,22g.15    1,400.00    4342    Classroom Supplies    900.00    33.37    400.00    4343    Travel    400.00    135.63    300.00",1335,True,False,False,False,False,"['Special Char Artifacts']","['ΓÇö', 'ΓÇö', 'ΓÇö']"
"Allen University, Columbia, S. C., Year ended May 31, 1962, Page 27","","McCray, John Henry, 1910-1987","1962-05-30 00:00:00","","Manuscripts; Accession 11294.","Allen University","","","A document about the Allen University school year that ended on May 31, 1962.","1 item ; Page 27 of 33","John Henry McCray Papers, 1929-1989","https://digital.library.sc.edu/collections/john-henry-mccray-papers-1929-1989/","University of South Carolina. South Caroliniana Library","Copyright Not Evaluated.∩┐╜For further information please contact The University of South Carolina, South Caroliniana Library, Columbia, SC 29208.","Civil Rights Era (1955-1969)","Columbia, Richland County, South Carolina, United States","English","300ppi, 24-bit depth color, Epson Expression 11000 XL flatbed scanner with SilverFast scanning software, primary archival file is a TIFF","2017-01","Text","image/jpeg","Documents (object genre)","mccrayjh04-32-120","","Joshua Schutzenhofer","","2021-11-16","2021-11-16","http://cdm17173.contentdm.oclc.org/cdm/ref/collection/p17173coll38/id/6206",6206.0,"6816.jp2","/p17173coll38/image/6816.jp2","1962","SCHEDULE 4    Sheet 3    ALLEN UNIVERSITY, COLUMBIA, S. C.    CURRENT FUND BUDGETED AND ACTUAL INSTRUCTION EXPENSES    YEAR ENDED MAY 31, 1962    1962-63    1961-62  Proposed    Extension Work at Reid House in Charleston        Budget    Actual    Budget    Department of Religion and Philosophy    (Continued)            4344 Classroom Equipment Repairs and            Replacements $    500.00 $    ΓÇö    $ 100.00    4349 Other Expenses    125.00    25.00    50.00    Total Department of                Religion and Philosophy $    20,935.00 $ .    1S.7SO.41    $ 17,650.00    Physical Education Department                4350 Salaries $    12,700.00 $    12,370.20    $ 16,433.34    4351 Student Aid    400.00    350.00    200.00    4352 Classroom Supplies    515.00    297.6S    500.00    4353 Travel    100.00    6S.92    100.00    4354 Classroom Equipment Repairs                and Replacements    20.00    ΓÇö    600.00    4359 Other Expenses    25.00    ΓÇö    50.00    Total Physical Education                Department $    13,760.00 $    13.OS6.SO    $ 17.SS3.34    Evening Classes                4361 Salaries $    4,500.00 $    5,559.00    $ 5,000.00    4362 Classroom Supplies    500.00    40. S6    150.00    Total Evening Classes $    5,000.00 $    5.599.86    $ 5,150.00    4370 Extension Salaries    $    100.00    $    100.00    $ -    Library                            4420 Salaries    4421 Student Aid    4422 Supplies    4423 Books and Periodicals    4424 Equipment Repairs and    Replacements    4425 Equipment Additions    4423 Travel    4439 Other Expenses    $    9,250.00    1,500.00    340.00    12,000.00    240.00    50.00    500.00    $    9,416ΓÇó44  1,325.04  241.33    7,497.30    76.40    1,794.47  30.00  1.93    $    10,600.00    1,000.00    300.00    9,000.00    1,000.00    100.00    200.00    Total Library    Total Instruction Expenses -    $    23,330.00    $    2O,3S3.46    $    22,200.00    To Exhibit B    $    232,235.00    $    196,109.37    $    253,145.34    The annexed comments are an integral part of this statement",1353,True,False,False,False,False,"['Special Char Artifacts']","['ΓÇö', 'ΓÇö', 'ΓÇö', 'ΓÇó']"
"Allen University, Columbia, S. C., Year ended May 31, 1962, Page 28","","McCray, John Henry, 1910-1987","1962-05-30 00:00:00","","Manuscripts; Accession 11294.","Allen University","","","A document about the Allen University school year that ended on May 31, 1962.","1 item ; Page 28 of 33","John Henry McCray Papers, 1929-1989","https://digital.library.sc.edu/collections/john-henry-mccray-papers-1929-1989/","University of South Carolina. South Caroliniana Library","Copyright Not Evaluated.∩┐╜For further information please contact The University of South Carolina, South Caroliniana Library, Columbia, SC 29208.","Civil Rights Era (1955-1969)","Columbia, Richland County, South Carolina, United States","English","300ppi, 24-bit depth color, Epson Expression 11000 XL flatbed scanner with SilverFast scanning software, primary archival file is a TIFF","2017-01","Text","image/jpeg","Documents (object genre)","mccrayjh04-32-121","","Joshua Schutzenhofer","","2021-11-16","2021-11-16","http://cdm17173.contentdm.oclc.org/cdm/ref/collection/p17173coll38/id/6207",6207.0,"6817.jp2","/p17173coll38/image/6817.jp2","1962","SCHEDULE 5    ALLEN UNIVERSITY, COLUMBIA, S. C.    CURRENT FUND BUDGETED AND ACTUAL OPERATION OF PHYSICAL PLANT EXPENSES    YEAR ENDED MAY 31, 1962    1962-63    1961-62 Proposed    Budget Actual Budget    4450    Salaries $    22,460.00 $    21,753.73 $    26,648.00    4451    Student Aid    3,000.00    2,034.75    1,500.00    4455    Office Supplies    75.00    10.44    25.00    4460    JanitorsΓÇÖ Supplies    2,500.00    3,331.66    4,500.00    4430    Repairs to Building and                    Equipment - Materials    15,000.00    10,223.72    10,000.00    4490    Repairs to Building and                    Equipment - Contract Work    12,000.00    17,057.93    20,000.00    4500    Maid Service in Dormitories    2,160.00    2,225.75    2,880.00    4510    Dormitory Linens and Laundry    6,500.00    6,353.32    6,500.00    4520    Water    3,250.00    3,270.28    3,200.00    4530    Electricity and Gas    12,600.00    12,101.92    12,000.00    4540    Fuel    15,000.00    12,362.55    13,000.00    4550    Insurance    7,545.00    6,529.25    7,000.00    4560    General Equipment Replacement    3,000.00    6,881.94    2,000.00    4570    General Equipment Additions    1,000.00    1,434.53    2,000.00    4590    Payment on Plant Fund Debt    5,000.00    15,000.00*    12,000.00    4599    Other Expenses    500.00    407.87    500.00        Total Operation of Physical                    Plant - To Exhibit B $    111.590,00 $    121.479.79 $    123.753.00    ^Payment of balance of Higgins Hall mortgage from insurance proceeds -  see comments for details.    The annexed comments are an integral part of this statement",1119,True,False,False,False,False,"['Special Char Artifacts']","['ΓÇÖ']"
"Allen University, Columbia, S. C., Year ended May 31, 1962, Page 29","","McCray, John Henry, 1910-1987","1962-05-30 00:00:00","","Manuscripts; Accession 11294.","Allen University","","","A document about the Allen University school year that ended on May 31, 1962.","1 item ; Page 29 of 33","John Henry McCray Papers, 1929-1989","https://digital.library.sc.edu/collections/john-henry-mccray-papers-1929-1989/","University of South Carolina. South Caroliniana Library","Copyright Not Evaluated.∩┐╜For further information please contact The University of South Carolina, South Caroliniana Library, Columbia, SC 29208.","Civil Rights Era (1955-1969)","Columbia, Richland County, South Carolina, United States","English","300ppi, 24-bit depth color, Epson Expression 11000 XL flatbed scanner with SilverFast scanning software, primary archival file is a TIFF","2017-01","Text","image/jpeg","Documents (object genre)","mccrayjh04-32-122","","Joshua Schutzenhofer","","2021-11-16","2021-11-16","http://cdm17173.contentdm.oclc.org/cdm/ref/collection/p17173coll38/id/6208",6208.0,"6818.jp2","/p17173coll38/image/6818.jp2","1962","SCHEDULE 6    Sheet 1    ALLEN UNIVERSITY, COLUMBIA, S. C.    CURRENT FUND BUDGETED AND ACTUAL AUXILIARY ACTIVITIES EXPENSES    YEAR ENDED MAY 31, 1962    Canteen    Dining Hall    1961-62    1962-63    Propo sed    Budget    Budget    Actual    4600 Salaries $    12,793.00 $    13,234.30    $ 13,700.00    4601 Student Aid    3,000.00    2,377.25    2,000.00    4602 Food    70,600.00    41,679.36    46,000.00    4603 Supplies    4,000.00    2,360.99    3,000.00    4604 Equipment Repairs and                Replacements    3,500.00    411.71    4,000.00    4605 Equipment Additions    7,500.00    ΓÇö    500.00    4609 Other Expenses    150.00    ΓÇö    100.00    Total Dining Hall $    101,543.00 $    61.113.61    $ 69,300.00    4610 Salaries    $    111 1 111    $    496.29    1,621.33    29.37    $    2,400.00    300.00    5,000.00    500.00    300.00    1,000.00    500.00    200.00    4611 Student Aid    4612 Purchases for Resale    4613 Supplies    4614 Telephone    4615 Equipment Repairs and    Replacements    4616 Equipment Additions    4619 Other Expenses    Total Canteen    $ .     ΓÇó     $ .        $    10,200.00    Bookstore        4620 Salaries    4621 Student Aid    4622 Books and Supplies For    4633 Supplies    4634 Equipment Repairs and    Replacements    4639 Other Expenses    $    Resale    1,150.00  300.00  10,000.00  75.00    150.00    $    1,317.50  300.00  9,796.37  1.03    16.74    $    2,000.00  300.00  9,000.00  50.00    200.00  50.00    Total Bookstore    Athletic Department    $    11,675.00    $    11,431.64    $    11,600.00    4640 Salaries    4642 Uniforms and Supplies    4643 Travel and Scouting    4644 Expenses of Games    4664 Telephone    4665 Equipment Repairs and    Replacement s    4667 Scholarships    $    2,600.00    700.00    335.00'    1,400.00    75.00    700.00  19,400.00    $    2,600.00    1,366.02    99.35    3,053.31    32.34    19,041.33    $    3,966.66    1,500.00    300.00    3,000.00    50.00    500.00  14,500.00",1339,True,False,False,False,False,"['Special Char Artifacts']","['ΓÇö', 'ΓÇö', 'ΓÇó']"
"Allen University, Columbia, S. C., Year ended May 31, 1962, Page 30","","McCray, John Henry, 1910-1987","1962-05-30 00:00:00","","Manuscripts; Accession 11294.","Allen University","","","A document about the Allen University school year that ended on May 31, 1962.","1 item ; Page 30 of 33","John Henry McCray Papers, 1929-1989","https://digital.library.sc.edu/collections/john-henry-mccray-papers-1929-1989/","University of South Carolina. South Caroliniana Library","Copyright Not Evaluated.∩┐╜For further information please contact The University of South Carolina, South Caroliniana Library, Columbia, SC 29208.","Civil Rights Era (1955-1969)","Columbia, Richland County, South Carolina, United States","English","300ppi, 24-bit depth color, Epson Expression 11000 XL flatbed scanner with SilverFast scanning software, primary archival file is a TIFF","2017-01","Text","image/jpeg","Documents (object genre)","mccrayjh04-32-123","","Joshua Schutzenhofer","","2021-11-16","2021-11-16","http://cdm17173.contentdm.oclc.org/cdm/ref/collection/p17173coll38/id/6209",6209.0,"6819.jp2","/p17173coll38/image/6819.jp2","1962","SCHEDULE 6    Sheet 2    ALLEN UNIVERSITY, COLUMBIA, S, C.    CURRENT FUND BUDGETED AND ACTUAL AUXILIARY ACTIVITIES EXPENSES    YEAR ENDED MAY 31, 1962    1962-63    ∩┐╝ 1961-62  Proposed    Budget Actual Budget    Athletic Department (Continued)    4.669 Other Expenses $ 58O.OO $ 146.57 $ 500,00    Total Athletic Department $ 26,290.00 $ 26,#44-*97 $ 24,316,66    Print Shop    4.670 Salaries    $    3,043.00    700.00    $    4,108.68    691.00    $    4,500.00    500.00    4.671 Student Aid    4.672 Paper, Supplies, Type, etc.    4.673 Equipment Repairs and    Replacements    4679 Other Expenses        7,100.00    800.00    60.00        1,713.76    2,058.25        2,600.00    2,800.00    100.00    Total Print Shop    $    11,703.00    $    8.571.69    $    10,500.00    Official Residence        4680 Salaries    4681 Student Aid    4682 Telephone    4683 Food    4684 Rent    4699 Other Expenses    $    90.00  1,800.00  125.00  50.00  750.00  300.00    $    90.00  2,161.00  277.27    42.43  750.00  141.69    $    1,000.00    300.00    150.00    500.00    1,200.00    200.00    Total Official Residence    $    3.115.00    $    3.462,39    $    3,350.00    Nursery *        470^ Salaries - Allen University  Greenview    4702 Telephone    4703 Supplies    4704 Food    4705 Rent    4706 Equipment Repairs and    Replacements    4709 Other Expenses    $    4,758.00    3,020.00    205.00    200.00    900.00    100.00    $    5,099.50    3,157.00    203.28    264.44    1,333.62    1,200.00    61.31    $    5,761.50    3,710.00    205.00    300.00    1,400.00    200.00    50.00    Total Nursery    $    9,183.00    $    _11,319.15    $    11,626.50    Total Auxiliary Activities -        To Exhibit B    $    163,509.00    $    124,890.99    $    140,893.16    * See comments for analysis by nursery.    The annexed comments are an integral part of this statement",1270,True,True,False,False,False,"['Special Char Artifacts', 'General Artifacts']","['∩┐╝', '26,#44-*97']"
"Allen University, Columbia, S. C., Year ended May 31, 1962, Page 31","","McCray, John Henry, 1910-1987","1962-05-30 00:00:00","","Manuscripts; Accession 11294.","Allen University","","","A document about the Allen University school year that ended on May 31, 1962.","1 item ; Page 31 of 33","John Henry McCray Papers, 1929-1989","https://digital.library.sc.edu/collections/john-henry-mccray-papers-1929-1989/","University of South Carolina. South Caroliniana Library","Copyright Not Evaluated.∩┐╜For further information please contact The University of South Carolina, South Caroliniana Library, Columbia, SC 29208.","Civil Rights Era (1955-1969)","Columbia, Richland County, South Carolina, United States","English","300ppi, 24-bit depth color, Epson Expression 11000 XL flatbed scanner with SilverFast scanning software, primary archival file is a TIFF","2017-01","Text","image/jpeg","Documents (object genre)","mccrayjh04-32-124","","Joshua Schutzenhofer","","2021-11-16","2021-11-16","http://cdm17173.contentdm.oclc.org/cdm/ref/collection/p17173coll38/id/6210",6210.0,"6820.jp2","/p17173coll38/image/6820.jp2","1962","SCHEDULE 7    ALLEN UNIVERSITY, COLUMBIA, So C.    CURRENT FUND BUDGETED AND ACTUAL ACADEMIC SCHOLARSHIPS AND AID EXPENSES    YEAR ENDED MAY 31, 1962   ~   1962-63  1961-62  Proposed    Budget Actual Budget    4800 Transfer to Student Loan Fund $ 15,000.00 $ 15,052.33 $ 10,000.00    4898 Scholarships - Foreign 7,000.00 5,593*62 3,000.00    4899 Scholarships - Other 1,000.00 3,018.50 2,000.00    5000 Scholarships - Ministerial    (Other Than Foreign) 3,400┬░00 3,091*41 3,000.00    Total Academic Scholarships -  To Exhibit B $ 26,400,00 $ 26,755,86 $ 18,000,00    The annexed comments are an integral part of this statement.",501,True,True,False,False,False,"['Special Char Artifacts', 'General Artifacts']","['┬░', '5,593*62', '3,091*41']"
"Allen University, Columbia, S. C., Year ended May 31, 1962, Page 32","","McCray, John Henry, 1910-1987","1962-05-30 00:00:00","","Manuscripts; Accession 11294.","Allen University","","","A document about the Allen University school year that ended on May 31, 1962.","1 item ; Page 32 of 33","John Henry McCray Papers, 1929-1989","https://digital.library.sc.edu/collections/john-henry-mccray-papers-1929-1989/","University of South Carolina. South Caroliniana Library","Copyright Not Evaluated.∩┐╜For further information please contact The University of South Carolina, South Caroliniana Library, Columbia, SC 29208.","Civil Rights Era (1955-1969)","Columbia, Richland County, South Carolina, United States","English","300ppi, 24-bit depth color, Epson Expression 11000 XL flatbed scanner with SilverFast scanning software, primary archival file is a TIFF","2017-01","Text","image/jpeg","Documents (object genre)","mccrayjh04-32-125","","Joshua Schutzenhofer","","2021-11-16","2021-11-16","http://cdm17173.contentdm.oclc.org/cdm/ref/collection/p17173coll38/id/6211",6211.0,"6821.jp2","/p17173coll38/image/6821.jp2","1962","ALLEN UNIVERSITY, COLUMBIA, S. C.    SCHEDULE 8    Sheet 1    CERTAIN ACCOUNTS RECEIVABLE, MAY 31, 1962    ADVANCES TO EMPLOYEES    Academic Caps and Gowns for Faculty  Anderson, Jacob  Bulter, A. T.  Curry, James  Fitzpatrick, Frank N.  Foard, Sarah  Greene, Arthur D.  Hollis, Annie Lo  Jackson, Ethel  Johnson, Joseph A.  McCray, Mittie G.  Martin, Montez  Mathis, William 0.  Maybank, Howard  Myers, Agnes Marie  Rivers, John  Robinson, Eunice P.  Simmons, Daisy  Wilson, Oscar    Total - To Exhibit A    RETURNED CHECKS    Andrews, Herbert  Bennett, Julius  Bobo, Elias  Brown, C. A.  Burgess, Rev. C. C.  Davenport, Clarence  Dewait, Bernice  General Alumni Association - Post Dated  Holman, A. W.  Holman, Julius  Hughes, Margaret  Hunter, J. D.  Jenkins, M. H.  Johnson, James B.  Knox, Charles E.  La Saine, Thomas  Levester, Nellie B.  McFadden, Italy  McKnight, W. B.  Mikell, James L., Jr.  Ragen, William M.  Reid Chapel Church    $ 134.50    10.00    ( 22.00)    50.00    ( 33.00)    37.50    57.24    500.00    72.73    330.35    13.31  150.00  125.00    20.00    30.00    40.00    31.50    45.00    140.00    $ 1.732.63    $    75.00    2.00    5.00    100.00    25.00    50.00    16.00    435.00    103.90    100.00    10.00    100.00    200.00    20.00    151.25    95.00    10.00    50.00    90.30    55.00    5.00    7.00",968,False,False,False,False,True,"[]","[]"
"Allen University, Columbia, S. C., Year ended May 31, 1962, Page 33","","McCray, John Henry, 1910-1987","1962-05-30 00:00:00","","Manuscripts; Accession 11294.","Allen University","","","A document about the Allen University school year that ended on May 31, 1962.","1 item ; Page 33 of 33","John Henry McCray Papers, 1929-1989","https://digital.library.sc.edu/collections/john-henry-mccray-papers-1929-1989/","University of South Carolina. South Caroliniana Library","Copyright Not Evaluated.∩┐╜For further information please contact The University of South Carolina, South Caroliniana Library, Columbia, SC 29208.","Civil Rights Era (1955-1969)","Columbia, Richland County, South Carolina, United States","English","300ppi, 24-bit depth color, Epson Expression 11000 XL flatbed scanner with SilverFast scanning software, primary archival file is a TIFF","2017-01","Text","image/jpeg","Documents (object genre)","mccrayjh04-32-126","","Joshua Schutzenhofer","","2021-11-16","2021-11-16","http://cdm17173.contentdm.oclc.org/cdm/ref/collection/p17173coll38/id/6212",6212.0,"6822.jp2","/p17173coll38/image/6822.jp2","1962","ALLEN UNIVERSITY, COLUMBIA, S. C.    SCHEDULE 3    Sheet 2    CERTAIN ACCOUNTS RECEIVABLE, MAY 31, 1962    RETURNED CHECKS (CONTINUED)    Rice, Vernie H.    Robinson, A. H.    Robinson, John    Ruff, Elizah    Sims, Hardy-    Spain, Gloria    Taylor, Bernice    Thomas, John W.    Toney, Mrs, A.    Truman, Vivian - Post Dated    Jefferson, James T.    Total - To Exhibit A    OTHER ACCOUNTS RECEIVABLE    Bishop, S, Ro Higgins    G. H. Crawford and Company  Greene, Dean A, D.    Hardison, Agnes Myers    Total - To Exhibit A    $ 15.00    5.00    10.00    5.00    10.00    2.00    60.00    5.00    2.00    55.00    1.00    $ -1.330.95    $    602.65    736.10    76.55     31-45    $ 1,493.75    The annexed comments are an integral part of this statement",528,False,False,False,False,True,"[]","[]"
"Service Engraving Co. Bill, Allen University","","McCray, John Henry, 1910-1987","","","Manuscripts; Accession 11294.","Allen University","","","A bill from the Service Engraving Company to Allen University for engraving and nats for $550.","1 item","John Henry McCray Papers, 1929-1989","https://digital.library.sc.edu/collections/john-henry-mccray-papers-1929-1989/","University of South Carolina. South Caroliniana Library","Copyright Not Evaluated.∩┐╜For further information please contact The University of South Carolina, South Caroliniana Library, Columbia, SC 29208.","Civil Rights Era (1955-1969)","Columbia, Richland County, South Carolina, United States","English","300ppi, 24-bit depth color, Epson Expression 11000 XL flatbed scanner with SilverFast scanning software, primary archival file is a TIFF","2017-01","Text","image/jpeg","Documents (object genre)","mccrayjh04-32-127","","Joshua Schutzenhofer","","2021-11-16","2021-11-16","http://cdm17173.contentdm.oclc.org/cdm/ref/collection/p17173coll38/id/6213",6213.0,"6823.jp2","/p17173coll38/image/6823.jp2","","MULTILITH PLATES    MATS    sold to Allen University    Engravings & mats    1322ΓÇÖZz MAIN ST. COLUMBIA, S. C.  PHONE AL 4-1392    $ $ ?0",101,True,False,False,False,False,"['Special Char Artifacts']","['ΓÇÖ']"
"Letter to Mr. McCray from Winston C. Shepard, May 23, 1950","","McCray, John Henry, 1910-1987","1950-05-22 00:00:00","","Manuscripts; Accession 11294.","Civil Rights","","","A letter to Mr. McCray from Winston C. Shepard sent on May 23, 1950.","1 item","John Henry McCray Papers, 1929-1989","https://digital.library.sc.edu/collections/john-henry-mccray-papers-1929-1989/","University of South Carolina. South Caroliniana Library","Copyright Not Evaluated.∩┐╜For further information please contact The University of South Carolina, South Caroliniana Library, Columbia, SC 29208.","Post-War America (1946-1954)","Iva, Anderson County, South Carolina, United States","English","300ppi, 24-bit depth color, Epson Expression 11000 XL flatbed scanner with SilverFast scanning software, primary archival file is a TIFF","2017-02","Text","image/jpeg","Documents (object genre)","mccrayjh04-46-006","","Joshua Schutzenhofer","","2021-11-16","2021-11-16","http://cdm17173.contentdm.oclc.org/cdm/ref/collection/p17173coll38/id/6241",6241.0,"6851.jp2","/p17173coll38/image/6851.jp2","1950","/",1,False,False,False,True,False,"['Low Char Count']","[]"
"Letter to Mrs. Liverman from E. E. Richburg, May 29, 1950","","McCray, John Henry, 1910-1987","1950-05-28 00:00:00","","Manuscripts; Accession 11294.","Civil Rights","","","A letter to Mrs. Liverman from E. E. Richburg sent on May 29, 1950.","1 item","John Henry McCray Papers, 1929-1989","https://digital.library.sc.edu/collections/john-henry-mccray-papers-1929-1989/","University of South Carolina. South Caroliniana Library","Copyright Not Evaluated.∩┐╜For further information please contact The University of South Carolina, South Caroliniana Library, Columbia, SC 29208.","Post-War America (1946-1954)","Summerton, Clarendon County, South Carolina, United States","English","300ppi, 24-bit depth color, Epson Expression 11000 XL flatbed scanner with SilverFast scanning software, primary archival file is a TIFF","2017-02","Text","image/jpeg","Documents (object genre)","mccrayjh04-46-032","","Joshua Schutzenhofer","","2021-11-16","2021-11-16","http://cdm17173.contentdm.oclc.org/cdm/ref/collection/p17173coll38/id/6267",6267.0,"6877.jp2","/p17173coll38/image/6877.jp2","1950","f",1,False,False,False,True,False,"['Low Char Count']","[]"
"Letter to Mrs. Liverman from the Marion County Progressive Democrats, May 17, 1950","","McCray, John Henry, 1910-1987","1950-05-16 00:00:00","","Manuscripts; Accession 11294.","Civil Rights","","","A letter to Mrs. Liverman from the Marion County Progressive Democrats sent on May 17, 1950.","1 item","John Henry McCray Papers, 1929-1989","https://digital.library.sc.edu/collections/john-henry-mccray-papers-1929-1989/","University of South Carolina. South Caroliniana Library","Copyright Not Evaluated.∩┐╜For further information please contact The University of South Carolina, South Caroliniana Library, Columbia, SC 29208.","Post-War America (1946-1954)","Mullins, Marion County, South Carolina, United States","English","300ppi, 24-bit depth color, Epson Expression 11000 XL flatbed scanner with SilverFast scanning software, primary archival file is a TIFF","2017-02","Text","image/jpeg","Documents (object genre)","mccrayjh04-46-105","","Joshua Schutzenhofer","","2021-11-16","2021-11-16","http://cdm17173.contentdm.oclc.org/cdm/ref/collection/p17173coll38/id/6340",6340.0,"6950.jp2","/p17173coll38/image/6950.jp2","1950","I",1,False,False,False,True,False,"['Low Char Count']","[]"
"Letter to Mr. John H. McCray from H. Simmons, June 21, 1950","","McCray, John Henry, 1910-1987","1950-06-20 00:00:00","","Manuscripts; Accession 11294.","Civil Rights","","","A letter to Mr. John H. McCray from H. Simmons sent on June 21, 1950.","1 item","John Henry McCray Papers, 1929-1989","https://digital.library.sc.edu/collections/john-henry-mccray-papers-1929-1989/","University of South Carolina. South Caroliniana Library","Copyright Not Evaluated.∩┐╜For further information please contact The University of South Carolina, South Caroliniana Library, Columbia, SC 29208.","Post-War America (1946-1954)","Charleston, Charleston County, South Carolina, United States","English","300ppi, 24-bit depth color, Epson Expression 11000 XL flatbed scanner with SilverFast scanning software, primary archival file is a TIFF","2017-02","Text","image/jpeg","Documents (object genre)","mccrayjh04-45-036","","Joshua Schutzenhofer","","2021-11-16","2021-11-16","http://cdm17173.contentdm.oclc.org/cdm/ref/collection/p17173coll38/id/6464",6464.0,"7074.jp2","/p17173coll38/image/7074.jp2","1950","/",1,False,False,False,True,False,"['Low Char Count']","[]"
"Letter to Mr. McCray from Harold T. Blackman, May 23, 1950","","McCray, John Henry, 1910-1987","1950-05-22 00:00:00","","Manuscripts; Accession 11294.","Civil Rights","","","A letter to Mr. McCray from Harold T. Blackman sent on May 23, 1950.","1 item","John Henry McCray Papers, 1929-1989","https://digital.library.sc.edu/collections/john-henry-mccray-papers-1929-1989/","University of South Carolina. South Caroliniana Library","Copyright Not Evaluated.∩┐╜For further information please contact The University of South Carolina, South Caroliniana Library, Columbia, SC 29208.","Post-War America (1946-1954)","Bennettsville, Marlboro County, South Carolina, United States;Columbia, Richland County, South Carolina, United States","English","300ppi, 24-bit depth color, Epson Expression 11000 XL flatbed scanner with SilverFast scanning software, primary archival file is a TIFF","2017-02","Text","image/jpeg","Documents (object genre)","mccrayjh04-47-059","","Joshua Schutzenhofer","","2021-11-16","2021-11-16","http://cdm17173.contentdm.oclc.org/cdm/ref/collection/p17173coll38/id/6580",6580.0,"7190.jp2","/p17173coll38/image/7190.jp2","1950","Γûá",3,True,False,False,True,False,"['Special Char Artifacts', 'Low Char Count']","['Γûá']"
"Letter to John from Arthur, May 6, 1946, Page 1","","John Henry McCray, 1910-1987","1946-05-05 00:00:00","","Manuscripts; Accession 11294.","","","","A letter to John from Arthur sent on May 6, 1946.","1 item ; Page 1 of 2","John Henry McCray Papers, 1929-1989","https://digital.library.sc.edu/collections/john-henry-mccray-papers-1929-1989/","University of South Carolina. South Caroliniana Library","Post-War America (1946-1954)","","Durham, Durham County, North Carolina, United States","English","300ppi, 24-bit depth color, Epson Expression 10000 XL flatbed scanner with SilverFast scanning software, primary archival file is a TIFF","2017-02","Text","image/jpeg","Documents (object genre)","mccrayjh03-13-036","","Joshua Schutzenhofer","","2021-11-18","2021-11-18","http://cdm17173.contentdm.oclc.org/cdm/ref/collection/p17173coll38/id/7071",7071.0,"7681.jp2","/p17173coll38/image/7681.jp2","1946","NORTH CAROLINA MUTUAL  LIFE INSURANCE COMPANY",39,False,False,False,False,True,"[]","[]"
"Letter to John from Arthur, July 22, 1946","","John Henry McCray, 1910-1987","1946-07-21 00:00:00","","Manuscripts; Accession 11294.","","","","A letter to John from Arthur sent on July 22, 1946.","1 item","John Henry McCray Papers, 1929-1989","https://digital.library.sc.edu/collections/john-henry-mccray-papers-1929-1989/","University of South Carolina. South Caroliniana Library","Post-War America (1946-1954)","","Durham, Durham County, North Carolina, United States","English","300ppi, 24-bit depth color, Epson Expression 10000 XL flatbed scanner with SilverFast scanning software, primary archival file is a TIFF","2017-02","Text","image/jpeg","Documents (object genre)","mccrayjh03-13-044","","Joshua Schutzenhofer","","2021-11-18","2021-11-18","http://cdm17173.contentdm.oclc.org/cdm/ref/collection/p17173coll38/id/7079",7079.0,"7689.jp2","/p17173coll38/image/7689.jp2","1946","North Carolina Mutual Life Insurance Company    OF DURHAM, N. C.",52,False,False,False,False,True,"[]","[]"
"Letter to Mr. John H. McCray from A. J. Clement, Jr., October 6, 1944","","John Henry McCray, 1910-1987","1944-10-05 00:00:00","","Manuscripts; Accession 11294.","North Carolina Mutual Life Insurance Company","","","A letter to Mr. John H. McCray from A. J. Clement, Jr. sent on October 6, 1944.","1 item","John Henry McCray Papers, 1929-1989","https://digital.library.sc.edu/collections/john-henry-mccray-papers-1929-1989/","University of South Carolina. South Caroliniana Library","Copyright Not Evaluated. For further information please contact The University of South Carolina, South Caroliniana Library, Columbia, SC 29208.","World War II (1939-1945)","","English","300ppi, 24-bit depth color, Epson Expression 10000 XL flatbed scanner with SilverFast scanning software, primary archival file is a TIFF","2017-02","Text","image/jpeg","Documents (object genre)","mccrayjh03-12-011","","Joshua Schutzenhofer","","2021-11-18","2021-11-18","http://cdm17173.contentdm.oclc.org/cdm/ref/collection/p17173coll38/id/7112",7112.0,"7722.jp2","/p17173coll38/image/7722.jp2","1944","NORTH CAROLINA MUTUAL  LIFE INSURANCE COMPANY",39,False,False,False,False,True,"[]","[]"
"Letter to Mr. John H. McCray from W. E. Prisleau, June 19, 1944","","McCray, John Henry, 1910-1987","1944-06-18 00:00:00","","Manuscripts; Accession 11294.","","","","A letter to Mr. John H. McCray from W. E. Prisleau sent on June 19, 1944.","1 item","John Henry McCray Papers, 1929-1989","https://digital.library.sc.edu/collections/john-henry-mccray-papers-1929-1989/","University of South Carolina. South Caroliniana Library","Copyright Not Evaluated. For further information please contact The University of South Carolina, South Caroliniana Library, Columbia, SC 29208.","World War II (1939-1945)","Columbia, Richland County, South Carolina, United States","English","300ppi, 24-bit depth color, Epson Expression 10000 XL flatbed scanner with SilverFast scanning software, primary archival file is a TIFF","2017-02","text","image/jpeg","Documents (object genre)","mccrayjh03-30-007","","Joshua Schutzenhofer","","2021-11-19","2021-11-19","http://cdm17173.contentdm.oclc.org/cdm/ref/collection/p17173coll38/id/7894",7894.0,"8504.jp2","/p17173coll38/image/8504.jp2","1944","Progressive Democratic Party        Columbia 20, S. C.",41,False,False,False,False,True,"[]","[]"
"Letter to Mr. John H. McCray from Charles A. Seele, September 23, 1948, Page 1","","McCray, John Henry, 1910-1987","1948-09-22 00:00:00","","Manuscripts; Accession 11294.","","","","A letter to Mr. John H. McCray from Charles A. Seele sent on September 23, 1948.","1 item ; Page 1 of 2","John Henry McCray Papers, 1929-1989","https://digital.library.sc.edu/collections/john-henry-mccray-papers-1929-1989/","University of South Carolina. South Caroliniana Library","Copyright Not Evaluated. For further information please contact The University of South Carolina, South Caroliniana Library, Columbia, SC 29208.","Post-War America (1946-1954)","Linconville, Charleston County, South Carolina, United States","English","300ppi, 24-bit depth color, Epson Expression 10000 XL flatbed scanner with SilverFast scanning software, primary archival file is a TIFF","2017-02","text","image/jpeg","Documents (object genre)","mccrayjh03-30-096","","Joshua Schutzenhofer","","2021-11-19","2021-11-19","http://cdm17173.contentdm.oclc.org/cdm/ref/collection/p17173coll38/id/7983",7983.0,"8593.jp2","/p17173coll38/image/8593.jp2","1948","I",1,False,False,False,True,False,"['Low Char Count']","[]"
"Letter to the Progressive Democratic Party Headquarters, May 19, 1944","","McCray, John Henry, 1910-1987","1944-05-18 00:00:00","","Manuscripts; Accession 11294.","","","","A letter to the Progressive Democratic Party Headquarters sent on May 19, 1944.","1 item","John Henry McCray Papers, 1929-1989","https://digital.library.sc.edu/collections/john-henry-mccray-papers-1929-1989/","University of South Carolina. South Caroliniana Library","Copyright Not Evaluated. For further information please contact The University of South Carolina, South Caroliniana Library, Columbia, SC 29208.","World War II (1939-1945)","Columbia, Richland County, South Carolina, United States","English","300ppi, 24-bit depth color, Epson Expression 10000 XL flatbed scanner with SilverFast scanning software, primary archival file is a TIFF","2017-02","text","image/jpeg","Documents (object genre)","mccrayjh03-25-002","","Joshua Schutzenhofer","","2021-11-19","2021-11-19","http://cdm17173.contentdm.oclc.org/cdm/ref/collection/p17173coll38/id/8259",8259.0,"8869.jp2","/p17173coll38/image/8869.jp2","1944","VOORHEES NORMAL AND INDUSTRIAL SCHOOL",33,False,False,False,False,True,"[]","[]"
"Letter to Mr. John H. McCray from T. H. Moore, May 21, 1944","","McCray, John Henry, 1910-1987","1944-05-20 00:00:00","","Manuscripts; Accession 11294.","","","","A letter to Mr. John H. McCray from T. H. Moore sent on May 21, 1944.","1 item","John Henry McCray Papers, 1929-1989","https://digital.library.sc.edu/collections/john-henry-mccray-papers-1929-1989/","University of South Carolina. South Caroliniana Library","Copyright Not Evaluated. For further information please contact The University of South Carolina, South Caroliniana Library, Columbia, SC 29208.","World War II (1939-1945)","Columbia, Richland County, South Carolina, United States","English","300ppi, 24-bit depth color, Epson Expression 10000 XL flatbed scanner with SilverFast scanning software, primary archival file is a TIFF","2017-02","text","image/jpeg","Documents (object genre)","mccrayjh03-25-003","","Joshua Schutzenhofer","","2021-11-19","2021-11-19","http://cdm17173.contentdm.oclc.org/cdm/ref/collection/p17173coll38/id/8260",8260.0,"8870.jp2","/p17173coll38/image/8870.jp2","1944","VOORHEES NORMAL AND INDUSTRIAL SCHOOL",33,False,False,False,False,True,"[]","[]"
"A Political Meeting, M. P. Kennedy","","McCray, John Henry, 1910-1987","","","Manuscripts; Accession 11294.","","","","A flyer about a political meeting and about voters remembering their birthright held by M. P. Kennedy.","1 item","John Henry McCray Papers, 1929-1989","https://digital.library.sc.edu/collections/john-henry-mccray-papers-1929-1989/","University of South Carolina. South Caroliniana Library","Copyright Not Evaluated. For further information please contact The University of South Carolina, South Caroliniana Library, Columbia, SC 29208.","","","English","300ppi, 24-bit depth color, Epson Expression 10000 XL flatbed scanner with SilverFast scanning software, primary archival file is a TIFF","2017-02","text","image/jpeg","Documents (object genre)","mccrayjh03-27-045","","Joshua Schutzenhofer","","2021-11-19","2021-11-19","http://cdm17173.contentdm.oclc.org/cdm/ref/collection/p17173coll38/id/8335",8335.0,"9032.jp2","/p17173coll38/image/9032.jp2","","VOTERS!    Remember Your  BIRTHRIGHT!    A Political    Meeting    Wesley M. E. Church    Friday Night, 8:30    M. P. Kennedy, M. D., Chmn.    Progressive Democratic Party",127,False,False,False,False,True,"[]","[]"
"A Political Meeting, M. P. Kennedy","","McCray, John Henry, 1910-1987","","","Manuscripts; Accession 11294.","","","","A flyer about a political meeting and about voters remembering their birthright held by M. P. Kennedy.","1 item","John Henry McCray Papers, 1929-1989","https://digital.library.sc.edu/collections/john-henry-mccray-papers-1929-1989/","University of South Carolina. South Caroliniana Library","Copyright Not Evaluated. For further information please contact The University of South Carolina, South Caroliniana Library, Columbia, SC 29208.","","","English","300ppi, 24-bit depth color, Epson Expression 10000 XL flatbed scanner with SilverFast scanning software, primary archival file is a TIFF","2017-02","text","image/jpeg","Documents (object genre)","mccrayjh03-27-046","","Joshua Schutzenhofer","","2021-11-19","2021-11-19","http://cdm17173.contentdm.oclc.org/cdm/ref/collection/p17173coll38/id/8336",8336.0,"9033.jp2","/p17173coll38/image/9033.jp2","","VOTERS!    Remember Your  BIRTHRIGHT!    A Political    Meeting    Wesley M. E. Church    Friday Night, 8:30    M. P. Kennedy, M. D., Chmn.    Progressive Democratic Party",127,False,False,False,False,True,"[]","[]"
"Letter to Mr. John H. McCray from J. L. Kennedy, October 13, 1948, Page 1","","McCray, John Henry, 1910-1987","1948-10-13 00:00:00","","Manuscripts; Accession 11294.","","","","A letter to Mr. John H. McCray from J. L. Kennedy sent on October 13, 1948.","1 item ; Page 1 of 2","John Henry McCray Papers, 1929-1989","https://digital.library.sc.edu/collections/john-henry-mccray-papers-1929-1989/","University of South Carolina, South Caroliniana Library","Copyright Not Evaluated. For further information please contact The University of South Carolina, South Caroliniana Library, Columbia, SC 29208.","Post-War America (1946-1954)","Timmonsville, Florence County, South Carolina, United States;Columbia, Richland County, South Carolina, United States","English","300ppi, 24-bit depth color, Epson Expression 10000 XL flatbed scanner with SilverFast scanning software, primary archival file is a TIFF","2017-11","Text","image/jpeg","Documents (object genre)","mccrayjh03-40-160","","Joshua Schutzenhofer","","2021-11-19","2021-11-19","http://cdm17173.contentdm.oclc.org/cdm/ref/collection/p17173coll38/id/8532",8532.0,"9229.jp2","/p17173coll38/image/9229.jp2","1948","i",1,False,False,False,True,False,"['Low Char Count']","[]"
"Letter to John from J. C. Brawn, Page 2","","McCray, John Henry, 1910-1987","","","Manuscripts; Accession 11294.","","","","A letter to John from J. C. Brawn.","1 item ; Page 2 of 2","John Henry McCray Papers, 1929-1989","https://digital.library.sc.edu/collections/john-henry-mccray-papers-1929-1989/","University of South Carolina, South Caroliniana Library","Copyright Not Evaluated. For further information please contact The University of South Carolina, South Caroliniana Library, Columbia, SC 29208.","","Florence, Florence County, South Carolina, United States","English","300ppi, 24-bit depth color, Epson Expression 10000 XL flatbed scanner with SilverFast scanning software, primary archival file is a TIFF","2017-11","Text","image/jpeg","Documents (object genre)","mccrayjh03-40-212","","Joshua Schutzenhofer","","2021-11-19","2021-11-19","http://cdm17173.contentdm.oclc.org/cdm/ref/collection/p17173coll38/id/8584",8584.0,"9281.jp2","/p17173coll38/image/9281.jp2","","CHAIRMAN J. C. BROWN  SIXTH CONGRESSIONAL DISTRICT  SOUTH CAROLINA    Ritz Casino, Palm Garden & Hotel    BILLIARDS - WINES - BEER AND TAXI    PHONE 9162 P. O. BOX B22",129,False,False,False,False,True,"[]","[]"
"Letter to John from J. C. Brawn, Page 1","","McCray, John Henry, 1910-1987","","","Manuscripts; Accession 11294.","","","","A letter to John from J. C. Brawn.","1 item ; Page 1 of 4","John Henry McCray Papers, 1929-1989","https://digital.library.sc.edu/collections/john-henry-mccray-papers-1929-1989/","University of South Carolina, South Caroliniana Library","Copyright Not Evaluated. For further information please contact The University of South Carolina, South Caroliniana Library, Columbia, SC 29208.","","Florence, Florence County, South Carolina, United States","English","300ppi, 24-bit depth color, Epson Expression 10000 XL flatbed scanner with SilverFast scanning software, primary archival file is a TIFF","2017-11","Text","image/jpeg","Documents (object genre)","mccrayjh03-40-213","","Joshua Schutzenhofer","","2021-11-19","2021-11-19","http://cdm17173.contentdm.oclc.org/cdm/ref/collection/p17173coll38/id/8585",8585.0,"9282.jp2","/p17173coll38/image/9282.jp2","","CHAIRMAN J. C. BROWN  SIXTH CONGRESSIONAL DISTRICT  SOUTH CAROLINA    Ritz Casino, Palm Garden & Hotel    BILLIARDS - WINES - BEER AND TAXI",110,False,False,False,False,True,"[]","[]"
"Letter to John from J. C. Brawn, Page 2","","McCray, John Henry, 1910-1987","","","Manuscripts; Accession 11294.","","","","A letter to John from J. C. Brawn.","1 item ; Page 2 of 4","John Henry McCray Papers, 1929-1989","https://digital.library.sc.edu/collections/john-henry-mccray-papers-1929-1989/","University of South Carolina, South Caroliniana Library","Copyright Not Evaluated. For further information please contact The University of South Carolina, South Caroliniana Library, Columbia, SC 29208.","","Florence, Florence County, South Carolina, United States","English","300ppi, 24-bit depth color, Epson Expression 10000 XL flatbed scanner with SilverFast scanning software, primary archival file is a TIFF","2017-11","Text","image/jpeg","Documents (object genre)","mccrayjh03-40-214","","Joshua Schutzenhofer","","2021-11-19","2021-11-19","http://cdm17173.contentdm.oclc.org/cdm/ref/collection/p17173coll38/id/8586",8586.0,"9283.jp2","/p17173coll38/image/9283.jp2","","CHAIRMAN J. C. BROWN  SIXTH CONGRESSIONAL DISTRICT  SOUTH CAROLINA    Ritz Casino, Palm Garden & Hotel    BILLIARDS - WINES - BEER AND TAXI    PHONE 9162 P. O. BOX B22",129,False,False,False,False,True,"[]","[]"
"Letter to John from J. C. Brawn, Page 3","","McCray, John Henry, 1910-1987","","","Manuscripts; Accession 11294.","","","","A letter to John from J. C. Brawn.","1 item ; Page 3 of 4","John Henry McCray Papers, 1929-1989","https://digital.library.sc.edu/collections/john-henry-mccray-papers-1929-1989/","University of South Carolina, South Caroliniana Library","Copyright Not Evaluated. For further information please contact The University of South Carolina, South Caroliniana Library, Columbia, SC 29208.","","Florence, Florence County, South Carolina, United States","English","300ppi, 24-bit depth color, Epson Expression 10000 XL flatbed scanner with SilverFast scanning software, primary archival file is a TIFF","2017-11","Text","image/jpeg","Documents (object genre)","mccrayjh03-40-215","","Joshua Schutzenhofer","","2021-11-19","2021-11-19","http://cdm17173.contentdm.oclc.org/cdm/ref/collection/p17173coll38/id/8587",8587.0,"9284.jp2","/p17173coll38/image/9284.jp2","","CHAIRMAN J. C. BROWN  SIXTH CONGRESSIONAL DISTRICT  SOUTH CAROLINA    Ritz Casino, Palm Garden & Hotel    BILLIARDS - WINES - BEER AND TAXI    PHONE 9162 P. O. BOX B22",129,False,False,False,False,True,"[]","[]"
"Letter to John from J. C. Brawn, Page 4","","McCray, John Henry, 1910-1987","","","Manuscripts; Accession 11294.","","","","A letter to John from J. C. Brawn.","1 item ; Page 4 of 4","John Henry McCray Papers, 1929-1989","https://digital.library.sc.edu/collections/john-henry-mccray-papers-1929-1989/","University of South Carolina, South Caroliniana Library","Copyright Not Evaluated. For further information please contact The University of South Carolina, South Caroliniana Library, Columbia, SC 29208.","","Florence, Florence County, South Carolina, United States","English","300ppi, 24-bit depth color, Epson Expression 10000 XL flatbed scanner with SilverFast scanning software, primary archival file is a TIFF","2017-11","Text","image/jpeg","Documents (object genre)","mccrayjh03-40-216","","Joshua Schutzenhofer","","2021-11-19","2021-11-19","http://cdm17173.contentdm.oclc.org/cdm/ref/collection/p17173coll38/id/8588",8588.0,"9285.jp2","/p17173coll38/image/9285.jp2","","CHAIRMAN J. C. BROWN  SIXTH CONGRESSIONAL DISTRICT  SOUTH CAROLINA    Ritz Casino, Palm Garden & Hotel    BILLIARDS - WINES - BEER AND TAXI",110,False,False,False,False,True,"[]","[]"
"Campaign to Re-elect Truman, Florence County","","McCray, John Henry, 1910-1987","","","Manuscripts; Accession 11294.","","","","A list of the people that have donated money to the campaign to re-elect Truman in Florence County.","1 item","John Henry McCray Papers, 1929-1989","https://digital.library.sc.edu/collections/john-henry-mccray-papers-1929-1989/","University of South Carolina, South Caroliniana Library","Copyright Not Evaluated. For further information please contact The University of South Carolina, South Caroliniana Library, Columbia, SC 29208.","","Florence County, South Carolina, United States","English","300ppi, 24-bit depth color, Epson Expression 10000 XL flatbed scanner with SilverFast scanning software, primary archival file is a TIFF","2017-11","Text","image/jpeg","Documents (object genre)","mccrayjh03-40-222","","Joshua Schutzenhofer","","2021-11-19","2021-11-19","http://cdm17173.contentdm.oclc.org/cdm/ref/collection/p17173coll38/id/8594",8594.0,"9291.jp2","/p17173coll38/image/9291.jp2","","I",1,False,False,False,True,False,"['Low Char Count']","[]"
"Letter to a dear friend from J. C. Brown, Page 2","","McCray, John Henry, 1910-1987","","","Manuscripts; Accession 11294.","","","","A letter to a dear friend from J. C. Brown.","1 item ; Page 2 of 5","John Henry McCray Papers, 1929-1989","https://digital.library.sc.edu/collections/john-henry-mccray-papers-1929-1989/","University of South Carolina, South Caroliniana Library","Copyright Not Evaluated. For further information please contact The University of South Carolina, South Caroliniana Library, Columbia, SC 29208.","","Florence County, South Carolina, United States","English","300ppi, 24-bit depth color, Epson Expression 10000 XL flatbed scanner with SilverFast scanning software, primary archival file is a TIFF","2017-11","Text","image/jpeg","Documents (object genre)","mccrayjh03-40-235","","Joshua Schutzenhofer","","2021-11-19","2021-11-19","http://cdm17173.contentdm.oclc.org/cdm/ref/collection/p17173coll38/id/8607",8607.0,"9304.jp2","/p17173coll38/image/9304.jp2","","CHAIRMAN J. C. BROWN  SIXTH CONGRESSIONAL DISTRICT  SOUTH CAROLINA    Ritz Casino, Palm Garden & Hotel    BILLIARDS - WINES - BEER AND TAXI    PHONE 9162 P. O. BOX 822",129,False,False,False,False,True,"[]","[]"
"Letter to a dear friend from J. C. Brown, Page 3","","McCray, John Henry, 1910-1987","","","Manuscripts; Accession 11294.","","","","A letter to a dear friend from J. C. Brown.","1 item ; Page 3 of 5","John Henry McCray Papers, 1929-1989","https://digital.library.sc.edu/collections/john-henry-mccray-papers-1929-1989/","University of South Carolina, South Caroliniana Library","Copyright Not Evaluated. For further information please contact The University of South Carolina, South Caroliniana Library, Columbia, SC 29208.","","Florence County, South Carolina, United States","English","300ppi, 24-bit depth color, Epson Expression 10000 XL flatbed scanner with SilverFast scanning software, primary archival file is a TIFF","2017-11","Text","image/jpeg","Documents (object genre)","mccrayjh03-40-236","","Joshua Schutzenhofer","","2021-11-19","2021-11-19","http://cdm17173.contentdm.oclc.org/cdm/ref/collection/p17173coll38/id/8608",8608.0,"9305.jp2","/p17173coll38/image/9305.jp2","","CHAIRMAN J. C. BROWN  SIXTH CONGRESSIONAL DISTRICT  SOUTH CAROLINA    Ritz Casino, Palm Garden & Hotel    BILLIARDS - WINES - BEER AND TAXI    PHONE 9162 P. O. BOX 822",129,False,False,False,False,True,"[]","[]"
"Letter to Mr. John H. McCray from W. M. Lytch, July 8, 1948","","McCray, John Henry, 1910-1987","1948-07-07 00:00:00","","Manuscripts; Accession 11294.","","","","A letter to Mr. John H. McCray from W. M. Lytch sent on July 8, 1948.","1 item","John Henry McCray Papers, 1929-1989","https://digital.library.sc.edu/collections/john-henry-mccray-papers-1929-1989/","University of South Carolina, South Caroliniana Library","Copyright Not Evaluated. For further information please contact The University of South Carolina, South Caroliniana Library, Columbia, SC 29208.","Post-War America (1946-1954)","Columbia, Richland County, South Carolina, United States","English","300ppi, 24-bit depth color, Epson Expression 10000 XL flatbed scanner with SilverFast scanning software, primary archival file is a TIFF","2017-03","Text","image/jpeg","Documents (object genre)","mccrayjh03-37-014","","Joshua Schutzenhofer","","2021-11-19","2021-11-19","http://cdm17173.contentdm.oclc.org/cdm/ref/collection/p17173coll38/id/8669",8669.0,"9366.jp2","/p17173coll38/image/9366.jp2","1948","NORTH CAROLINA MUTUAL  LIFE INSURANCE COMPANY",39,False,False,False,False,True,"[]","[]"
"Letter to Mr. John H. McCray from W. M. Lytch, September 18, 1948","","McCray, John Henry, 1910-1987","1948-09-17 00:00:00","","Manuscripts; Accession 11294.","","","","A letter to Mr. John H. McCray from W. M. Lytch sent on September 18, 1948.","1 item","John Henry McCray Papers, 1929-1989","https://digital.library.sc.edu/collections/john-henry-mccray-papers-1929-1989/","University of South Carolina, South Caroliniana Library","Copyright Not Evaluated. For further information please contact The University of South Carolina, South Caroliniana Library, Columbia, SC 29208.","Post-War America (1946-1954)","Columbia, Richland County, South Carolina, United States","English","300ppi, 24-bit depth color, Epson Expression 10000 XL flatbed scanner with SilverFast scanning software, primary archival file is a TIFF","2017-03","Text","image/jpeg","Documents (object genre)","mccrayjh03-37-018","","Joshua Schutzenhofer","","2021-11-19","2021-11-19","http://cdm17173.contentdm.oclc.org/cdm/ref/collection/p17173coll38/id/8673",8673.0,"9370.jp2","/p17173coll38/image/9370.jp2","1948","NORTH CAROLINA MUTUAL  LIFE INSURANCE COMPANY",39,False,False,False,False,True,"[]","[]"
"Letter to Mr. McCray","","McCray, John Henry, 1910-1987","","","Manuscripts; Accession 11294.","","","","A letter to Mr. McCray.","1 item","John Henry McCray Papers, 1929-1989","https://digital.library.sc.edu/collections/john-henry-mccray-papers-1929-1989/","University of South Carolina, South Caroliniana Library","Copyright Not Evaluated. For further information please contact The University of South Carolina, South Caroliniana Library, Columbia, SC 29208.","","","English","300ppi, 24-bit depth color, Epson Expression 10000 XL flatbed scanner with SilverFast scanning software, primary archival file is a TIFF","2017-03","Text","image/jpeg","Documents (object genre)","mccrayjh03-37-024","","Joshua Schutzenhofer","","2021-11-19","2021-11-19","http://cdm17173.contentdm.oclc.org/cdm/ref/collection/p17173coll38/id/8679",8679.0,"9376.jp2","/p17173coll38/image/9376.jp2","","NORTH CAROLINA MUTUAL  LIFE INSURANCE COMPANY",39,False,False,False,False,True,"[]","[]"
"Letter to his boss from G. S. Porcher, February 28, 1961, Page 3","","McCray, John Henry, 1910-1987","1961-03-28 00:00:00","","Manuscripts; Accession 11294.","","","","A letter to his boss from G. S. Porcher sent on February 28, 1961.","1 item ; Page 3 of 3","John Henry McCray Papers, 1929-1989","https://digital.library.sc.edu/collections/john-henry-mccray-papers-1929-1989/","University of South Carolina, South Caroliniana Library","Copyright Not Evaluated. For further information please contact The University of South Carolina, South Caroliniana Library, Columbia, SC 29208.","Civil Rights Era (1955-1969)","Georgetown, Georgetown County, South Carolina, United States","English","300ppi, 24-bit depth color, Epson Expression 10000 XL flatbed scanner with SilverFast scanning software, primary archival file is a TIFF","2017-11","Text","image/jpeg","Documents (object genre)","mccrayjh03-41-199","","Joshua Schutzenhofer","","2021-11-19","2021-11-19","http://cdm17173.contentdm.oclc.org/cdm/ref/collection/p17173coll38/id/8951",8951.0,"10014.jp2","/p17173coll38/image/10014.jp2","1961","┬ú",2,True,False,False,True,False,"['Special Char Artifacts', 'Low Char Count']","['┬ú']"
"Letter to Mr. John H. McCray from G. S. Porcher, April 29, 1961, Page 3","","McCray, John Henry, 1910-1987","1961-04-29 00:00:00","","Manuscripts; Accession 11294.","","","","A letter to Mr. John H. McCray from G. S. Porcher sent on April 29, 1961.","1 item ; Page 3 of 5","John Henry McCray Papers, 1929-1989","https://digital.library.sc.edu/collections/john-henry-mccray-papers-1929-1989/","University of South Carolina, South Caroliniana Library","Copyright Not Evaluated. For further information please contact The University of South Carolina, South Caroliniana Library, Columbia, SC 29208.","Civil Rights Era (1955-1969)","Georgetown, Georgetown County, South Carolina, United States;Columbia, Richland County, South Carolina, United States","English","300ppi, 24-bit depth color, Epson Expression 10000 XL flatbed scanner with SilverFast scanning software, primary archival file is a TIFF","2017-11","Text","image/jpeg","Documents (object genre)","mccrayjh03-41-205","","Joshua Schutzenhofer","","2021-11-19","2021-11-19","http://cdm17173.contentdm.oclc.org/cdm/ref/collection/p17173coll38/id/8957",8957.0,"10020.jp2","/p17173coll38/image/10020.jp2","1961","1",1,False,False,False,True,False,"['Low Char Count']","[]"
"Joe Doe Ballots","","McCray, John Henry, 1910-1987","","","Manuscripts; Accession 11294.","","","","A federal ballot called the Joe Doe Ballot.","1 item","John Henry McCray Papers, 1929-1989","https://digital.library.sc.edu/collections/john-henry-mccray-papers-1929-1989/","University of South Carolina, South Caroliniana Library","Copyright Not Evaluated. For further information please contact The University of South Carolina, South Caroliniana Library, Columbia, SC 29208.","","","English","300ppi, 24-bit depth color, Epson Expression 10000 XL flatbed scanner with SilverFast scanning software, primary archival file is a TIFF","2017-11","Text","image/jpeg","Documents (object genre)","mccrayjh03-41-252","","Joshua Schutzenhofer","","2021-11-19","2021-11-19","http://cdm17173.contentdm.oclc.org/cdm/ref/collection/p17173coll38/id/9004",9004.0,"10067.jp2","/p17173coll38/image/10067.jp2","","JOE DOE BALLOTS    FEDERAL BALLOT    UNITED STATES SENATE    JOHN DOE  HENRY MOE  WILLIE DOE  HARRY MOE    CHARLIE DOE    U. S. CONGRESS    JOHN MOE",105,False,False,False,False,True,"[]","[]"
"Joe Doe Ballots","","McCray, John Henry, 1910-1987","","","Manuscripts; Accession 11294.","","","","A federal ballot called the Joe Doe Ballot.","1 item","John Henry McCray Papers, 1929-1989","https://digital.library.sc.edu/collections/john-henry-mccray-papers-1929-1989/","University of South Carolina, South Caroliniana Library","Copyright Not Evaluated. For further information please contact The University of South Carolina, South Caroliniana Library, Columbia, SC 29208.","","","English","300ppi, 24-bit depth color, Epson Expression 10000 XL flatbed scanner with SilverFast scanning software, primary archival file is a TIFF","2017-11","Text","image/jpeg","Documents (object genre)","mccrayjh03-41-253","","Joshua Schutzenhofer","","2021-11-19","2021-11-19","http://cdm17173.contentdm.oclc.org/cdm/ref/collection/p17173coll38/id/9005",9005.0,"10068.jp2","/p17173coll38/image/10068.jp2","","JOE DOE BALLOTS    FEDERAL BALLOT    UNITED STATES SENATE    JOHN DOE  HENRY MOE  WILLIE DOE  HARRY MOE    CHARLIE DOE    U. S. CONGRESS    JOHN MOE",105,False,False,False,False,True,"[]","[]"
"Chairman Report, Page 4","","McCray, John Henry, 1910-1987","","","Manuscripts; Accession 11294.","","","","A chairman report about the election, voting, and the Progressive Democratic Party.","1 item ; Page 4 of 5","John Henry McCray Papers, 1929-1989","https://digital.library.sc.edu/collections/john-henry-mccray-papers-1929-1989/","University of South Carolina, South Caroliniana Library","Copyright Not Evaluated. For further information please contact The University of South Carolina, South Caroliniana Library, Columbia, SC 29208.","","","English","300ppi, 24-bit depth color, Epson Expression 10000 XL flatbed scanner with SilverFast scanning software, primary archival file is a TIFF","2017-11","Text","image/jpeg","Documents (object genre)","mccrayjh03-41-264","","Joshua Schutzenhofer","","2021-11-19","2021-11-19","http://cdm17173.contentdm.oclc.org/cdm/ref/collection/p17173coll38/id/9016",9016.0,"10079.jp2","/p17173coll38/image/10079.jp2","","I",1,False,False,False,True,False,"['Low Char Count']","[]"
"Letter from R. E. Lipscomb","","McCray, John Henry, 1910-1987","","","Manuscripts; Accession 11294.","","","","A letter from R. E. Lipscomb.","1 item","John Henry McCray Papers, 1929-1989","https://digital.library.sc.edu/collections/john-henry-mccray-papers-1929-1989/","University of South Carolina, South Caroliniana Library","Copyright Not Evaluated. For further information please contact The University of South Carolina, South Caroliniana Library, Columbia, SC 29208.","","","English","300ppi, 24-bit depth color, Epson Expression 10000 XL flatbed scanner with SilverFast scanning software, primary archival file is a TIFF","2017-11","Text","image/jpeg","Documents (object genre)","mccrayjh03-42-070","","Joshua Schutzenhofer","","2021-11-22","2021-11-22","http://cdm17173.contentdm.oclc.org/cdm/ref/collection/p17173coll38/id/9101",9101.0,"10347.jp2","/p17173coll38/image/10347.jp2","","t",1,False,False,False,True,False,"['Low Char Count']","[]"
"Letter to Mr. John H. McCray from G. S. Porcher, October 13, 1945","","McCray, John Henry, 1910-1987","1945-10-13 00:00:00","","Manuscripts; Accession 11294.","","","","A letter to Mr. John H. McCray from G. S. Porcher sent on May 13, 1945.","1 item","John Henry McCray Papers, 1929-1989","https://digital.library.sc.edu/collections/john-henry-mccray-papers-1929-1989/","University of South Carolina, South Caroliniana Library","Copyright Not Evaluated. For further information please contact The University of South Carolina, South Caroliniana Library, Columbia, SC 29208.","World War II (1939-1945)","Georgetown, Georgetown County, South Carolina, United States;Columbia, Richland County, South Carolina, United States","English","300ppi, 24-bit depth color, Epson Expression 10000 XL flatbed scanner with SilverFast scanning software, primary archival file is a TIFF","2017-11","Text","image/jpeg","Documents (object genre)","mccrayjh03-42-011","","Joshua Schutzenhofer","","2021-11-22","2021-11-22","http://cdm17173.contentdm.oclc.org/cdm/ref/collection/p17173coll38/id/9117",9117.0,"10363.jp2","/p17173coll38/image/10363.jp2","1945","/",1,False,False,False,True,False,"['Low Char Count']","[]"
"Pre-election Mass Meeting, City Municipal Election Run-off, December 11, 1961","","McCray, John Henry, 1910-1987","1961-12-11 00:00:00","","Manuscripts; Accession 11294.","","","","A flyer for the pre-election mass meeting about the city municipal election run-off on December 12, 1961.","1 item","John Henry McCray Papers, 1929-1989","https://digital.library.sc.edu/collections/john-henry-mccray-papers-1929-1989/","University of South Carolina, South Caroliniana Library","Copyright Not Evaluated. For further information please contact The University of South Carolina, South Caroliniana Library, Columbia, SC 29208.","Civil Rights Era (1955-1969)","Bethel, York County, South Carolina, United States","English","300ppi, 24-bit depth color, Epson Expression 10000 XL flatbed scanner with SilverFast scanning software, primary archival file is a TIFF","2017-11","Text","image/jpeg","Documents (object genre)","mccrayjh03-42-099","","Joshua Schutzenhofer","","2021-11-22","2021-11-22","http://cdm17173.contentdm.oclc.org/cdm/ref/collection/p17173coll38/id/9205",9205.0,"10451.jp2","/p17173coll38/image/10451.jp2","1961","Pre-Election Mass Meeting  City Municipal Election Run-Off    WHERE!    BETHEL A. M. E. CHURCH    WHEN!    MONDAY, DECEMBER 11, 1961ΓÇöAT 8:00 P. M.    WITH    The Reverend Arthur T. Fisher, pastor of the above  named church, who will bring to the voters the  pre-election run-off message. The Rev. H. B. But┬¼  ler, Jr., will instruct the voters. The ministers of  the city are asked to urge a large attendance.    Note:    We are extending invitations to the four can┬¼  didates for mayor and council to attend this meet┬¼  ing, and appear on the program. The public as  well as all voters are invited.    Sponsored by    THE PROGRESSIVE DEMOCRAB",507,True,False,False,False,False,"['Special Char Artifacts']","['ΓÇö', '┬¼', '┬¼', '┬¼']"
"Letter to a fellow citizen from John H. McCray, November 25, 1946","","McCray, John Henry, 1910-1987","1946-11-25 00:00:00","","Manuscripts; Accession 11294.","","","","A letter to a fellow citizen from John H. McCray sent on November 25, 1946.","1 item","John Henry McCray Papers, 1929-1989","https://digital.library.sc.edu/collections/john-henry-mccray-papers-1929-1989/","University of South Carolina, South Caroliniana Library","Copyright Not Evaluated. For further information please contact The University of South Carolina, South Caroliniana Library, Columbia, SC 29208.","Post-War America (1946-1954)","Columbia, Richland County, South Carolina, United States","English","300ppi, 24-bit depth color, Epson Expression 10000 XL flatbed scanner with SilverFast scanning software, primary archival file is a TIFF","2017-03","Text","image/jpeg","Documents (object genre)","mccrayjh03-38-055","","Joshua Schutzenhofer","","2021-11-30","2021-11-30","http://cdm17173.contentdm.oclc.org/cdm/ref/collection/p17173coll38/id/9307",9307.0,"12383.jp2","/p17173coll38/image/12383.jp2","1946","Progressive Democratic Party        Columbia 20, S. C.",41,False,False,False,False,True,"[]","[]"
"Statement of Civil Rights before Congressional Committees by John H. McCray, April 16, 1959, Page 4","","McCray, John Henry, 1910-1987","1959-04-16 00:00:00","","Manuscripts; Accession 11294.","Civil Rights","","","A statement of civil rights before congressional committees by John H. McCray on April 16, 1959.","1 item ; Page 4 of 12","John Henry McCray Papers, 1929-1989","https://digital.library.sc.edu/collections/john-henry-mccray-papers-1929-1989/","University of South Carolina. South Caroliniana Library","Copyright Not Evaluated. For further information please contact The University of South Carolina, South Caroliniana Library, Columbia, SC 29208.","Civil Rights Era (1955-1969)","","English","300ppi, 24-bit depth color, Epson Expression 10000 XL flatbed scanner with SilverFast scanning software, primary archival file is a TIFF","2016-08","Text","image/jpeg","Documents (object genre)","mccrayjh02-33-045","","Joshua Schutzenhofer","","2021-11-30","2021-11-30","http://cdm17173.contentdm.oclc.org/cdm/ref/collection/p17173coll38/id/9422",9422.0,"12498.jp2","/p17173coll38/image/12498.jp2","1959","-3-    In 1957, too, not far from Holly Hill and in the town of Elloree,  another colored man was sentenced to a year at hard labor on the  county chaingang. He had been arrested after he shot an Elloree  white man who had come into his yard and had beate",200,False,False,False,False,True,"[]","[]"
"Statement on Civil Rights before Congressional Committees by John H. McCray, April 16, 1959, Page 4","","McCray, John Henry, 1910-1987","1959-04-16 00:00:00","","Manuscripts; Accession 11294.","Civil Rights","","","A statement of civil rights before congressional committees by John H. McCray on April 16, 1959.","1 item ; Page 4 of 12","John Henry McCray Papers, 1929-1989","https://digital.library.sc.edu/collections/john-henry-mccray-papers-1929-1989/","University of South Carolina. South Caroliniana Library","Copyright Not Evaluated. For further information please contact The University of South Carolina, South Caroliniana Library, Columbia, SC 29208.","Civil Rights Era (1955-1969)","","English","300ppi, 24-bit depth color, Epson Expression 10000 XL flatbed scanner with SilverFast scanning software, primary archival file is a TIFF","2016-08","Text","image/jpeg","Documents (object genre)","mccrayjh02-33-060","","Joshua Schutzenhofer","","2021-11-30","2021-11-30","http://cdm17173.contentdm.oclc.org/cdm/ref/collection/p17173coll38/id/9437",9437.0,"12513.jp2","/p17173coll38/image/12513.jp2","1959","-3-    In 1957, too, not far from Holly Hill and in the town of Elloree,  another colored man was sentenced to a year at hard labor on the  county chaingang. He had been arrested after he shot an Elloree  white man who had come into his yard and had beate",200,False,False,False,False,True,"[]","[]"
"Letter from P.A. McCray to John McCray, May 5, 1943","McCray, P.A.","","1943-05-18 00:00:00","","Manuscripts; Accession 11294.","McCray, John Henry, 1910-1987","","","Letter from P.A. McCray to John McCray, asking about business, his family and how people can get  pictures printed in the paper.","1 item","John Henry McCray Papers, 1929-1989","https://digital.library.sc.edu/collections/john-henry-mccray-papers-1929-1989/","University of South Carolina. South Caroliniana Library","Copyright Not Evaluated. For further information please contact The University of South Carolina, South Caroliniana Library, Columbia, SC 29208.","World War II (1939-1945)","Summerville, Dorchester County, South Carolina, United States","English","300ppi, 24-bit depth color, Epson Expression 10000 XL flatbed scanner with SilverFast scanning software, primary archival file is a TIFF","2016-06-17 00:00:00","Text","image/jpeg","Documents (object genre)","mccrayjh01-02-017","","Chauna Carr","","2022-02-25","2022-02-25","http://cdm17173.contentdm.oclc.org/cdm/ref/collection/p17173coll38/id/9480",9480.0,"12556.jp2","/p17173coll38/image/12556.jp2","1943","i",1,False,False,False,True,False,"['Low Char Count']","[]"
"Drafts of two business advertisements","","McCray, John Henry, 1910-1987","","","Manuscripts; Accession 11294.","","Lighthouse and Informer (S.C.) (S.C.)","","Handwritten drafts of two business advertisements, one for Moore's Paradise Inn and the other for a Wood business","1 item","John Henry McCray Papers, 1929-1989","https://digital.library.sc.edu/collections/john-henry-mccray-papers-1929-1989/","University of South Carolina. South Caroliniana Library","Copyright Not Evaluated. For further information please contact The University of South Carolina, South Caroliniana Library, Columbia, SC 29208.","Post-War America (1946-1954)","Dillon, Dillon County, South Carolina, United States","English","300ppi, 24-bit depth color, Epson Expression 10000 XL flatbed scanner with SilverFast scanning software, primary archival file is a TIFF","2016-06","Text","image/jpeg","Documents (object genre)","mccrayjh01-15-062","","Chauna Carr","","2021-12-02","2021-12-02","http://cdm17173.contentdm.oclc.org/cdm/ref/collection/p17173coll38/id/9985",9985.0,"13061.jp2","/p17173coll38/image/13061.jp2","","Cc.",3,False,False,False,True,False,"['Low Char Count']","[]"
"Note from O'Kelley regarding packages of papers for Orangeburg, S.C., back","O'Kelley","McCray, John Henry, 1910-1987","1950-02-16 00:00:00","","Manuscripts; Accession 11294.","","Lighthouse and Informer (S.C.) (S.C.)","","Note from O'Kelley regarding packages of papers for Orangeburg, S.C.","1 item","John Henry McCray Papers, 1929-1989","https://digital.library.sc.edu/collections/john-henry-mccray-papers-1929-1989/","University of South Carolina. South Caroliniana Library","Copyright Not Evaluated. For further information please contact The University of South Carolina, South Caroliniana Library, Columbia, SC 29208.","Post-War America (1946-1954)","","English","300ppi, 24-bit depth color, Epson Expression 10000 XL flatbed scanner with SilverFast scanning software, primary archival file is a TIFF","2016-06","Text","image/jpeg","Documents (object genre)","mccrayjh01-16-061","","Chauna Carr","","2021-12-02","2021-12-02","http://cdm17173.contentdm.oclc.org/cdm/ref/collection/p17173coll38/id/10393",10393.0,"13469.jp2","/p17173coll38/image/13469.jp2","1950","i",1,False,False,False,True,False,"['Low Char Count']","[]"
"Purchase order from South Carolina Electric & Gas Co. for an advertisement in the Lighthouse & Informer, back","Meetze, G. C. (Purchasing Agent)","McCray, John Henry, 1910-1987","1948-06-08 00:00:00","","Manuscripts; Accession 11294.","","Lighthouse and Informer (S.C.) (S.C.)","","Conditions for the purchase order from South Carolina Electric & Gas Co.","1 item ; 2 pages","John Henry McCray Papers, 1929-1989","https://digital.library.sc.edu/collections/john-henry-mccray-papers-1929-1989/","1 item; 2 pages","1 item; 2 pages","1 item;2 pages","Columbia, Richland County, South Carolina, United States","English","300ppi, 24-bit depth color, Epson Expression 10000 XL flatbed scanner with SilverFast scanning software, primary archival file is a TIFF","2016-06","Text","image/jpeg","Documents (object genre)","mccrayjh01-14-077","","Chauna Carr","","2021-12-02","2021-12-02","http://cdm17173.contentdm.oclc.org/cdm/ref/collection/p17173coll38/id/10620",10620.0,"13696.jp2","/p17173coll38/image/13696.jp2","1948","CONDITIONS UNDER WHICH ORDER IS GIVEN AND AGREED TO  BY SELLING COMPANY    1. Render invoices within twenty-four hours after shipment; discount  period will be computed from date of receipt of invoice less reasonable time  allowance for mailing.    2. By accepting this order you hereby warrant to the purchaser that  the merchandise to be furnished hereunder will be in full conformity with  these specifications, drawing or sample, and agree that this warranty  shall survive acceptance of the merchandise, and that you will bear the  cost of inspecting merchandise rejected.    3. By accepting this order you hereby guarantee to and agree with  the purchaser that the merchandise to be furnished hereunder will not  infringe any valid patent or trade mark and that you will, at your own  expense, defend any or all suits charging such infringement, and will save  us, and those for whom we may act as agents in the purchase of said  merchandise, harmless in case of any such infringement.    4. Payments are made by voucher only. No drafts for purchases  made will be honored.    5. Voucher will be sent to address by mail.    6. Where manufacturers have distributing points in various parts  of the country, shipment is expected from nearest distributing point to  destination, and excess freight will be deducted from invoice when ship┬¼  ments are made greater distance.",1123,True,False,False,False,False,"['Special Char Artifacts']","['┬¼']"
"Purchase order from South Carolina Electric & Gas Co. for an advertisement in the Lighthouse & Informer, back","Meetze, G. C. (Purchasing Agent)","McCray, John Henry, 1910-1987","1948-06-22 00:00:00","","Manuscripts; Accession 11294.","","Lighthouse and Informer (S.C.) (S.C.)","","Conditions for the purchase order from South Carolina Electric & Gas Co.","1 item ; 2 pages","John Henry McCray Papers, 1929-1989","https://digital.library.sc.edu/collections/john-henry-mccray-papers-1929-1989/","University of South Carolina. South Caroliniana Library","Copyright Not Evaluated. For further information please contact The University of South Carolina, South Caroliniana Library, Columbia, SC 29208.","Post-War America (1946-1954)","Columbia, Richland County, South Carolina, United States","English","300ppi, 24-bit depth color, Epson Expression 10000 XL flatbed scanner with SilverFast scanning software, primary archival file is a TIFF","2016-06","Text","image/jpeg","Documents (object genre)","mccrayjh01-14-079","","Chauna Carr","","2021-12-02","2021-12-02","http://cdm17173.contentdm.oclc.org/cdm/ref/collection/p17173coll38/id/10622",10622.0,"13698.jp2","/p17173coll38/image/13698.jp2","1948","CONDITIONS UNDER WHICH ORDER IS GIVEN AND AGREED TO  BY SELLING COMPANY    1. Render invoices within twenty-four hours after shipment; discount  period will be computed from date of receipt of invoice less reasonable time  allowance for mailing.    2. By accepting this order you hereby warrant to the purchaser that  the merchandise to be furnished hereunder will be in full conformity with  these specifications, drawing or sample, and agree that this warranty  shall survive acceptance of the merchandise, and that you will bear the  cost of inspecting merchandise rejected.    3. By accepting this order you hereby guarantee to and agree with  the purchaser that the merchandise to be furnished hereunder will not  infringe any valid patent or trade mark and that you will, at your own  expense, defend any or all suits charging such infringement, and will save  us, and those for whom we may act as agents in the purchase of said  merchandise, harmless in case of any such infringement.    4. Payments are made by voucher only. No drafts for purchases  made will be honored.    5. Voucher will be sent to address by mail.    6. Where manufacturers have distributing points in various parts  of the country, shipment is expected from nearest distributing point to  destination, and excess freight will be deducted from invoice when ship┬¼  ments are made greater distance.",1123,True,False,False,False,False,"['Special Char Artifacts']","['┬¼']"
"Postcard from E. E. Richburg to the Lighthouse Publishing Co., back","Richburg, E. E.","McCray, John Henry, 1910-1987","1954-08-20 00:00:00","","Manuscripts; Accession 11294.","","Lighthouse and Informer (S.C.) (S.C.)","","Postcard from E. E. Richburg to the Lighthouse Publishing Co. inquiring after missing papers","1 item ; page 2 of 2","John Henry McCray Papers, 1929-1989","https://digital.library.sc.edu/collections/john-henry-mccray-papers-1929-1989/","University of South Carolina. South Caroliniana Library","Copyright Not Evaluated. For further information please contact The University of South Carolina, South Caroliniana Library, Columbia, SC 29208.","Post-War America (1946-1954)","Summerton, Clarendon County, South Carolina, United States","English","300ppi, 24-bit depth color, Epson Expression 10000 XL flatbed scanner with SilverFast scanning software, primary archival file is a TIFF","2016-05-30 00:00:00","Text","image/jpeg","Documents (object genre)","mccrayjh01-22-095","","Chauna Carr","","2021-12-03","2021-12-03","http://cdm17173.contentdm.oclc.org/cdm/ref/collection/p17173coll38/id/11092",11092.0,"14168.jp2","/p17173coll38/image/14168.jp2","1954","(",1,False,False,False,True,False,"['Low Char Count']","[]"
"Letter, 1954 September 27, from Mrs. Carrie J. Lacey to Mr. McCray of the Lighthouse and Informer, page 1","Lacey, Carrie J.","McCray, John Henry, 1910-1987","1954-09-27 00:00:00","","Manuscripts; Accession 11294.","","Lighthouse and Informer (S.C.) (S.C.)","","Letter from Mrs. Carrie J. Lacey to Mr. John H. McCray of the Lighthouse and Informer inviting him to her home","1 item ; page 1 of 2","John Henry McCray Papers, 1929-1989","https://digital.library.sc.edu/collections/john-henry-mccray-papers-1929-1989/","University of South Carolina. South Caroliniana Library","Copyright Not Evaluated. For further information please contact The University of South Carolina, South Caroliniana Library, Columbia, SC 29208.","Post-War America (1946-1954)","","English","300ppi, 24-bit depth color, Epson Expression 10000 XL flatbed scanner with SilverFast scanning software, primary archival file is a TIFF","2016-05-30 00:00:00","Text","image/jpeg","Documents (object genre)","mccrayjh01-23-017","","Chauna Carr","","2021-12-03","2021-12-03","http://cdm17173.contentdm.oclc.org/cdm/ref/collection/p17173coll38/id/11334",11334.0,"14410.jp2","/p17173coll38/image/14410.jp2","1954","I",1,False,False,False,True,False,"['Low Char Count']","[]"
"Handwritten calculations of bill payments and lists of accounts, page 4","","McCray, John Henry, 1910-1987","","","Manuscripts; Accession 11294.","","Lighthouse and Informer (S.C.) (S.C.)","","Handwritten calculations of bill payments and lists of accounts","1 item","John Henry McCray Papers, 1929-1989","https://digital.library.sc.edu/collections/john-henry-mccray-papers-1929-1989/","University of South Carolina. South Caroliniana Library","Copyright Not Evaluated. For further information please contact The University of South Carolina, South Caroliniana Library, Columbia, SC 29208.","Post-War America (1946-1954)","","English","300ppi, 24-bit depth color, Epson Expression 10000 XL flatbed scanner with SilverFast scanning software, primary archival file is a TIFF","2016-05-30 00:00:00","Text","image/jpeg","Documents (object genre)","mccrayjh01-23-096","","Chauna Carr","","2021-12-03","2021-12-03","http://cdm17173.contentdm.oclc.org/cdm/ref/collection/p17173coll38/id/11413",11413.0,"14489.jp2","/p17173coll38/image/14489.jp2","","Cc.",3,False,False,False,True,False,"['Low Char Count']","[]"
"List from the Afro-American Co. circulation department returns and allowances, page 1","Afro-American Company","McCray, John Henry, 1910-1987","1955-01-15 00:00:00","","Manuscripts; Accession 11294.","African American newspapers;Black newspapers","","","List from the Afro-American Co. list of circulation department returns and allowances by distributor","1 item ; page 1 of 2","John Henry McCray Papers, 1929-1989","https://digital.library.sc.edu/collections/john-henry-mccray-papers-1929-1989/","University of South Carolina. South Caroliniana Library","Copyright Not Evaluated. For further information please contact The University of South Carolina, South Caroliniana Library, Columbia, SC 29208.","Post-War America (1946-1954)","","English","300ppi, 24-bit depth color, Epson Expression 10000 XL flatbed scanner with SilverFast scanning software, primary archival file is a TIFF","2016-05-30 00:00:00","Text","image/jpeg","Documents (object genre)","mccrayjh01-24-017","","Chauna Carr","","2021-12-03","2021-12-03","http://cdm17173.contentdm.oclc.org/cdm/ref/collection/p17173coll38/id/11607",11607.0,"14683.jp2","/p17173coll38/image/14683.jp2","1955","THE AFRO-AMERICAN CO.    EXPLANATION OF OTHER ALLOWANCES    APPROVED BY    CHECKED BY    ENTERED BY",75,False,False,False,False,True,"[]","[]"
"Cash sale receipt for $17.05 from The R. L. Bryan Company (Columbia, S.C.), no. 26873, October 2, 1944","The R. L. Bryan Company (Columbia, S.C.)","McCray, John Henry, 1910-1987","1944-10-02 00:00:00","","Manuscripts; Accession 11294.","Sales","The R. L. Bryan Company (Columbia, S.C.)","Richland County (S.C.)","Cash sale receipt for $17.05 from The R. L. Bryan Company (Columbia, S.C.), no. 26873, October 2, 1944.","1 item","John Henry McCray Papers, 1929-1989","https://digital.library.sc.edu/collections/john-henry-mccray-papers-1929-1989/","University of South Carolina. South Caroliniana Library","Copyright Not Evaluated. For further information please contact The University of South Carolina, South Caroliniana Library, Columbia, SC 29208.","World War II (1939-1945)","Columbia, Richland County, South Carolina, United States","English","300ppi, 24-bit depth color, Epson Expression 10000 XL flatbed scanner with SilverFast scanning software, primary archival file is a TIFF","2016-09-06 00:00:00","Text","image/jpeg","Documents (object genre)","mccrayjh02-23-002","","Rhea M. Ray","","2022-02-25","2022-02-25","http://cdm17173.contentdm.oclc.org/cdm/ref/collection/p17173coll38/id/11902",11902.0,"14978.jp2","/p17173coll38/image/14978.jp2","1944","The R. L. BRYAN COMPANY",19,False,False,False,True,False,"['Low Char Count']","[]"
"Note about electors and Democrats from J.C. Artmeus, October 5, 1944","Artemus, J. C.","","1944-10-05 00:00:00","","Manuscripts; Accession 11294.","","Progressive Democratic Party (S.C.);Racial oppression;","Richland County (S.C.)","Note reading """"Use some electors as white Democrats"""" from J.C. Artemus, treasurer of the Progressive Democratic Party (S.C.), October 5, 1944","1 item","John Henry McCray Papers, 1929-1989","https://digital.library.sc.edu/collections/john-henry-mccray-papers-1929-1989/","University of South Carolina. South Caroliniana Library","Copyright Not Evaluated. For further information please contact The University of South Carolina, South Caroliniana Library, Columbia, SC 29208.","World War II (1939-1945)","Columbia, Richland County, South Carolina, United States","English","300ppi, 24-bit depth color, Epson Expression 10000 XL flatbed scanner with SilverFast scanning software, primary archival file is a TIFF","2016-09-06 00:00:00","Text","image/jpeg","Documents (object genre)","mccrayjh02-23-004","","Rhea M. Ray","","2022-02-25","2022-02-25","http://cdm17173.contentdm.oclc.org/cdm/ref/collection/p17173coll38/id/11904",11904.0,"14980.jp2","/p17173coll38/image/14980.jp2","1944","1",1,False,False,False,True,False,"['Low Char Count']","[]"
"Letter to Gennie from Gertrude with $2, no date, page 2 of 2","","","","","Manuscripts; Accession 11294.","Political parties","","","A letter to """"Gennie"""" from """"Gertrude"""" about political parties and giving two dollars to their cause, no date, page 2 of 2.","1 item ; page 2 of 2","John Henry McCray Papers, 1929-1989","https://digital.library.sc.edu/collections/john-henry-mccray-papers-1929-1989/","University of South Carolina. South Caroliniana Library","Copyright Not Evaluated. For further information please contact The University of South Carolina, South Caroliniana Library, Columbia, SC 29208.","","United States","English","300ppi, 24-bit depth color, Epson Expression 10000 XL flatbed scanner with SilverFast scanning software, primary archival file is a TIFF","2016-09-07 00:00:00","Text","image/jpeg","Documents (object genre)","mccrayjh02-23-055","","Rhea M. Ray","","2022-02-25","2022-02-25","http://cdm17173.contentdm.oclc.org/cdm/ref/collection/p17173coll38/id/11955",11955.0,"15031.jp2","/p17173coll38/image/15031.jp2","","t",1,False,False,False,True,False,"['Low Char Count']","[]"
"Note about Democratic Party of South Carolina, circa 1944","","","1944","","Manuscripts; Accession 11294.","Democratic Party (S.C.)","","","Note that reads """"Should corts decide against primary case Democratic Party of South Carolina is not party but 'private club'"""", circa 1944","1 item","John Henry McCray Papers, 1929-1989","https://digital.library.sc.edu/collections/john-henry-mccray-papers-1929-1989/","University of South Carolina. South Caroliniana Library","Copyright Not Evaluated. For further information please contact The University of South Carolina, South Caroliniana Library, Columbia, SC 29208.","World War II (1939-1945)","United States","English","300ppi, 24-bit depth color, Epson Expression 10000 XL flatbed scanner with SilverFast scanning software, primary archival file is a TIFF","2016-09-06 00:00:00","Text","image/jpeg","Documents (object genre)","mccrayjh02-23-058","","Rhea M. Ray","","2022-02-25","2022-02-25","http://cdm17173.contentdm.oclc.org/cdm/ref/collection/p17173coll38/id/11958",11958.0,"15034.jp2","/p17173coll38/image/15034.jp2","1944","Cc.",3,False,False,False,True,False,"['Low Char Count']","[]"
"List, No Date, List of Clergy Speakers, cities, and dates, page 3.","McCray, John Henry, 1910-1987","","","","Manuscripts; Accession 11294.","","Ministerial directory","Richland County (S.C.)","List, No Date, List of Clergy Speakers, cities, and dates, page 3.","1 item","John Henry McCray Papers, 1929-1989","https://digital.library.sc.edu/collections/john-henry-mccray-papers-1929-1989/","University of South Carolina. South Caroliniana Library","Copyright Not Evaluated. For further information please contact The University of South Carolina, South Caroliniana Library, Columbia, SC 29208.","World War II (1939-1945)","Columbia, Richland County, South Carolina, United States","English","300ppi, 24-bit depth color, Epson Expression 10000 XL flatbed scanner with SilverFast scanning software, primary archival file is a TIFF","2017-06","Text","image/jpeg","Lists (document genres)","mccrayjh05-02-011","","Sarah Moore; Becky Thompson; Rhea M. Ray","","2022-02-08","2022-02-08","http://cdm17173.contentdm.oclc.org/cdm/ref/collection/p17173coll38/id/12239",12239.0,"15315.jp2","/p17173coll38/image/15315.jp2","","V",1,False,False,False,True,False,"['Low Char Count']","[]"
"Manual, 1961 September 1, Price List and Information for the year 1961-1962, page of 36.","Metal Arts Company, Inc. (Rochester, NY)","","1961-09-01 00:00:00","","Manuscripts; Accession 11294.","Sales;Jewelry","Metal Arts Company, Inc. (Rochester, NY)","Richland County (S.C.)","Manual, 1961 September 1, Price List and Information for the year 1961-1962, page of 36.","1 item ; page 45 of 97","John Henry McCray Papers, 1929-1989","https://digital.library.sc.edu/collections/john-henry-mccray-papers-1929-1989/","University of South Carolina. South Caroliniana Library","Copyright Not Evaluated. For further information please contact The University of South Carolina, South Caroliniana Library, Columbia, SC 29208.","Civil Rights Era (1955-1969)","Columbia, Richland County, South Carolina, United States","English","300ppi, 24-bit depth color, Epson Expression 10000 XL flatbed scanner with SilverFast scanning software, primary archival file is a TIFF","2017-06","Text","image/jpeg","Manuals (instructional materials)","mccrayjh05-01-090","","Sarah Moore; Becky Thompson; Rhea M. Ray","","2022-02-08","2022-02-08","http://cdm17173.contentdm.oclc.org/cdm/ref/collection/p17173coll38/id/12401",12401.0,"15477.jp2","/p17173coll38/image/15477.jp2","1961","36",2,False,False,False,True,False,"['Low Char Count']","[]"
"Invitation, 1951 September 7, An Invitation to the Second Anniversary Ball by the Carolina Social Club, page 1","","","1951-09-07 00:00:00","","Manuscripts Annex, Letter size papers, 1929-1989 (folders 1-20)","McCray, John Henry, 1910-1987","","","Invitation to Carolina Social Club Anniversary Ball held at Allen-Benedict Court Center","1 item","John Henry McCray Papers, 1929-1989","","University of South Carolina. South Caroliniana Library","Copyright Not Evaluated. For further information please contact The University of South Carolina, South Caroliniana Library, Columbia, SC 29208.","Post-War America (1946-1954)","Columbia, Richland County, South Carolina, United States","English","300ppi, 24-bit depth color, Epson Expression 10000 XL flatbed scanner with SilverFast scanning software, primary archival file is a TIFF","2017-06-29 00:00:00","Text","image/jpeg","Correspondence","mccrayjh06-03-069","","Sarah Moore; Becky Thompson; John Quirk","","2022-02-18","2022-02-18","http://cdm17173.contentdm.oclc.org/cdm/ref/collection/p17173coll38/id/12690",12690.0,"15766.jp2","/p17173coll38/image/15766.jp2","1951","The Carolina Social Club    Invites you and your guest to their    Second Anniversary Ball    Friday Evening, September Seventh,  nineteen hundred fiftyi-one    AllenΓÇöBenedict Court Center    8:00 oΓÇÖclock SemiΓÇöFormal",180,True,False,False,False,False,"['Special Char Artifacts']","['ΓÇö', 'ΓÇÖ', 'ΓÇö']"
"Note with two names, including Miss I. F. Lowe, no date","McCray, John Henry, 1910-1987","","","","Manuscripts; Accession 11294.","","","Richland County (S.C.)","Note with two names, including Miss I. F. Lowe, no date","1 item","John Henry McCray Papers, 1929-1989","https://digital.library.sc.edu/collections/john-henry-mccray-papers-1929-1989/","University of South Carolina. South Caroliniana Library","Copyright Not Evaluated. For further information please contact The University of South Carolina, South Caroliniana Library, Columbia, SC 29208.","","Columbia, Richland County, South Carolina, United States","English","300ppi, 24-bit depth color, Epson Expression 10000 XL flatbed scanner with SilverFast scanning software, primary archival file is a TIFF","2017-06-11 00:00:00","Text","image/jpeg","Notes (documents)","mccrayjh05-04-008","","Sarah Moore; Becky Thompson; Rhea M. Ray","","2022-02-17","2022-02-17","http://cdm17173.contentdm.oclc.org/cdm/ref/collection/p17173coll38/id/13040",13040.0,"16116.jp2","/p17173coll38/image/16116.jp2","","TONYΓÇÖS RECORD SHOP    RECORDS FOR EVERY TASTE    2122 Gervais Columbia, S. C.",62,True,False,False,False,False,"['Special Char Artifacts']","['ΓÇÖ']"
"Contact information for Mr. Lonnie Holman, no date","McCray, John Henry, 1910-1987","","","","Manuscripts; Accession 11294.","","","Richland County (S.C.)","Contact information for Mr. Lonnie Holman, no date","1 item","John Henry McCray Papers, 1929-1989","https://digital.library.sc.edu/collections/john-henry-mccray-papers-1929-1989/","University of South Carolina. South Caroliniana Library","Copyright Not Evaluated. For further information please contact The University of South Carolina, South Caroliniana Library, Columbia, SC 29208.","","Columbia, Richland County, South Carolina, United States","English","300ppi, 24-bit depth color, Epson Expression 10000 XL flatbed scanner with SilverFast scanning software, primary archival file is a TIFF","2017-06-11 00:00:00","Text","image/jpeg","Notes (documents)","mccrayjh05-04-010","","Sarah Moore; Becky Thompson; Rhea M. Ray","","2022-02-17","2022-02-17","http://cdm17173.contentdm.oclc.org/cdm/ref/collection/p17173coll38/id/13042",13042.0,"16118.jp2","/p17173coll38/image/16118.jp2","","TONYΓÇÖS RECORD SHOP    RECORDS FOR EVERY TASTE    2122 Gervais Columbia, S. C.",62,True,False,False,False,False,"['Special Char Artifacts']","['ΓÇÖ']"
"Contact information for Miss Mary Jane Clyde, no date","McCray, John Henry, 1910-1987","","","","Manuscripts; Accession 11294.","","","Richland County (S.C.)","Contact information for Miss Mary Jane Clyde, no date","1 item","John Henry McCray Papers, 1929-1989","https://digital.library.sc.edu/collections/john-henry-mccray-papers-1929-1989/","University of South Carolina. South Caroliniana Library","Copyright Not Evaluated. For further information please contact The University of South Carolina, South Caroliniana Library, Columbia, SC 29208.","","Columbia, Richland County, South Carolina, United States","English","300ppi, 24-bit depth color, Epson Expression 10000 XL flatbed scanner with SilverFast scanning software, primary archival file is a TIFF","2017-06-11 00:00:00","Text","image/jpeg","Notes (documents)","mccrayjh05-04-018","","Sarah Moore; Becky Thompson; Rhea M. Ray","","2022-02-17","2022-02-17","http://cdm17173.contentdm.oclc.org/cdm/ref/collection/p17173coll38/id/13050",13050.0,"16126.jp2","/p17173coll38/image/16126.jp2","","0",1,False,False,False,True,False,"['Low Char Count']","[]"
"Article, No Date, A newspaper article entitled: A Summa Mixture of Beauty and Brain about Gloria Blackwell Becknell printed on a card","","","","","Manuscripts Annex, Letter size papers, 1929-1989 (folders 1-20)","","","","Reprint of newspaper announcement regarding academic achievements and graduation of Gloria Becknell","1 article","John Henry McCray Papers, 1929-1989","","University of South Carolina. South Caroliniana Library","Copyright Not Evaluated. For further information please contact The University of South Carolina, South Caroliniana Library, Columbia, SC 29208.","","Columbia, Richland County, South Carolina, United States;Charleston, Charleston County, South Carolina, United States","English","300ppi, 24-bit depth color, Epson Expression 10000 XL flatbed scanner with SilverFast scanning software, primary archival file is a TIFF","2017-07-03 00:00:00","Text","image/jpeg","Manuscripts","mccrayjh06-07-027","","Sarah Moore;Becky Thompson;John Quirk","","2022-02-25","2022-02-25","http://cdm17173.contentdm.oclc.org/cdm/ref/collection/p17173coll38/id/13340",13340.0,"16416.jp2","/p17173coll38/image/16416.jp2","","A ΓÇÿSumma' Mixture    Of Beauty and Brain    GLORIFYING the old adage a-  bout ΓÇ£Beauty and BrainΓÇ¥ is Mrs.  jloria Blackwell Becknell above  and, plentifully.    The daughter of Mr. and Mrs  Harrison B. Blackwell, Sr. of    Little Rock, Mrs. Becknell was  Graduated with Summa cum  Laude honors during the August, 1953, Summer Convocations at Claflin College in Orangeburg, receiving the Bachelor degree in Elementary Education.    Aside from gaining consistent  scholastic honors throughout her  college career, and being a favorite with fellow students (for  obvious reasons), Mrs. Becknell  was:    Queen of Claflin, 1952; Miss  Junior Class, 1952; Queen of  May, 1953; President of her  class; and, a member of the Oxford Club. She is a member of  the Alpha Kappa Alpha sorority and also of the Alpha Kappa Mu Honor Society.    A member of the faculty at the  Mary E. Gordon high school a1  Dillon, she is the mother of two  small daughters. Jamelle Gloria,  6, and Lurma Miller Becknell.    ΓÇö The Lighthouse and Informer",827,True,False,False,False,False,"['Special Char Artifacts']","['ΓÇÿ', 'ΓÇ£', 'ΓÇ¥', 'ΓÇö']"
"Article, No Date, A newspaper article entitled: A Summa Mixture of Beauty and Brain about Gloria Blackwell Becknell printed on a card, duplicate copy","","","","","Manuscripts Annex, Letter size papers, 1929-1989 (folders 1-20)","","","","Reprint of newspaper announcement regarding academic achievements and graduation of Gloria Becknell","1 article","John Henry McCray Papers, 1929-1989","","University of South Carolina. South Caroliniana Library","Copyright Not Evaluated. For further information please contact The University of South Carolina, South Caroliniana Library, Columbia, SC 29208.","","Columbia, Richland County, South Carolina, United States;Charleston, Charleston County, South Carolina, United States","English","300ppi, 24-bit depth color, Epson Expression 10000 XL flatbed scanner with SilverFast scanning software, primary archival file is a TIFF","2017-07-03 00:00:00","Text","image/jpeg","Manuscripts","mccrayjh06-07-028","","Sarah Moore;Becky Thompson;John Quirk","","2022-02-25","2022-02-25","http://cdm17173.contentdm.oclc.org/cdm/ref/collection/p17173coll38/id/13341",13341.0,"16417.jp2","/p17173coll38/image/16417.jp2","","A ΓÇÿSumma' Mixture    Of Beauty and Brain    GLORIFYING the old adage a-  bout ΓÇ£Beauty and BrainΓÇ¥ is Mrs.  jloria Blackwell Becknell above  and, plentifully.    The daughter of Mr. and Mrs  Harrison B. Blackwell, Sr. of    Little Rock, Mrs. Becknell was  Graduated with Summa cum  Laude honors during the August, 1953, Summer Convocations at Claflin College in Orangeburg, receiving the Bachelor degree in Elementary Education.    Aside from gaining consistent  scholastic honors throughout her  college career, and being a favorite with fellow students (for  obvious reasons), Mrs. Becknell  was:    Queen of Claflin, 1952; Miss  Junior Class, 1952; Queen of  May, 1953; President of her  class; and, a member of the Oxford Club. She is a member of  the Alpha Kappa Alpha sorority and also of the Alpha Kappa Mu Honor Society.    A member of the faculty at the  Mary E. Gordon high school a1  Dillon, she is the mother of two  small daughters. Jamelle Gloria,  6, and Lurma Miller Becknell.    ΓÇö The Lighthouse and Informer",827,True,False,False,False,False,"['Special Char Artifacts']","['ΓÇÿ', 'ΓÇ£', 'ΓÇ¥', 'ΓÇö']"
"List of names in Georgia and South Carolina, written on the back of a report","National Association for the Advancement of Colored People","","","circa 1955","Manuscripts; Accession 11294.","National Association for the Advancement of Colored People;","NAACP;","","A list of names in Georgia and South Carolina, written on the back of a report","1 item","John Henry McCray Papers, 1929-1989","https://digital.library.sc.edu/collections/john-henry-mccray-papers-1929-1989/","University of South Carolina. South Caroliniana Library","Copyright Not Evaluated. For further information please contact The University of South Carolina, South Caroliniana Library, Columbia, SC 29208.","Civil Rights Era (1955-1969)","Birmingham, Jefferson County, Alabama, United States","English","300ppi, 24-bit depth color, Epson Expression 10000 XL flatbed scanner with SilverFast scanning software, primary archival file is a TIFF","2017-06-20 00:00:00","Text","image/jpeg","Lists (document genres)","mccrayjh05-07-039","","Sarah Moore; Becky Thompson; Rhea M. Ray","","2022-03-07","2022-03-07","http://cdm17173.contentdm.oclc.org/cdm/ref/collection/p17173coll38/id/13503",13503.0,"16579.jp2","/p17173coll38/image/16579.jp2","","┬ú",2,True,False,False,True,False,"['Special Char Artifacts', 'Low Char Count']","['┬ú']"
"Bank Book, 1958 September 9, Check and Deposit Record for the Citizens and Southern National Bank of South Carolina, Back Cover","","","1958-09-09 00:00:00","","Manuscripts Annex, Letter size papers, 1929-1989 (folders 1-20)","McCray, John Henry, 1910-1987;Finance, Personal","","","Bank check and deposit book","","John Henry McCray Papers, 1929-1989","","University of South Carolina. South Caroliniana Library","Copyright Not Evaluated. For further information please contact The University of South Carolina, South Caroliniana Library, Columbia, SC 29208.; English","Civil Rights Era (1955-1969)","Columbia, Richland County, South Carolina, United States;Charleston, Charleston County, South Carolina, United States","","300ppi, 24-bit depth color, Epson Expression 10000 XL flatbed scanner with SilverFast scanning software, primary archival file is a TIFF","2017-07-05 00:00:00","Text","image/jpeg","Documents (object genre)","mccrayjh06-09-072","","Sarah Moore; Becky Thompson","","2022-03-23","2022-03-23","http://cdm17173.contentdm.oclc.org/cdm/ref/collection/p17173coll38/id/13992",13992.0,"17068.jp2","/p17173coll38/image/17068.jp2","1958","J",1,False,False,False,True,False,"['Low Char Count']","[]"
"Minutes, No Date, Minutes from National Council of Negro Democrats Convention, page 2","","","","","Manuscripts; Accession 11294.","","National Council of Negro Democrats;Progressive Democratic Party (S.C.);","Richland County (S.C.)","Minutes, No Date, Minutes from National Council of Negro Democrats Convention, page 2","1 item ; page 2 of 2","John Henry McCray Papers, 1929-1989","https://digital.library.sc.edu/collections/john-henry-mccray-papers-1929-1989/","University of South Carolina. South Caroliniana Library","Copyright Not Evaluated. For further information please contact The University of South Carolina, South Caroliniana Library, Columbia, SC 29208.","","Columbia, Richland County, South Carolina, United States","English","300ppi, 24-bit depth color, Epson Expression 10000 XL flatbed scanner with SilverFast scanning software, primary archival file is a TIFF","2017-06-26 00:00:00","Text","image/jpeg","Minutes (administrative records)","mccrayjh05-09-007","","Sarah Moore; Becky Thompson; Rhea M. Ray","","2022-03-24","2022-03-24","http://cdm17173.contentdm.oclc.org/cdm/ref/collection/p17173coll38/id/14045",14045.0,"17121.jp2","/p17173coll38/image/17121.jp2","","ΓÇö",3,True,False,False,True,False,"['Special Char Artifacts', 'Low Char Count']","['ΓÇö']"
"Program, 1958 September 7, Morning Worship Chappelle Memorial A. M. E. Church, page 1 (front cover)","","","1958-09-07 00:00:00","","Manuscripts; Accession 11294.","Religion;African Methodist Episcopal Church;","","Richland County (S.C.)","Program, 1958 September 7, Morning Worship Chappelle Memorial A. M. E. Church, page 1 (front cover)","1 item ;  page 1 of 3","John Henry McCray Papers, 1929-1989","https://digital.library.sc.edu/collections/john-henry-mccray-papers-1929-1989/","University of South Carolina. South Caroliniana Library","Copyright Not Evaluated. For further information please contact The University of South Carolina, South Caroliniana Library, Columbia, SC 29208.","Civil Rights Era (1955-1969)","Columbia, Richland County, South Carolina, United States","English","300ppi, 24-bit depth color, Epson Expression 10000 XL flatbed scanner with SilverFast scanning software, primary archival file is a TIFF","2017-07-05 00:00:00","Text","image/jpeg","Programs (documents)","mccrayjh05-13-048","","Sarah Moore; Becky Thompson; Rhea M. Ray","","2022-04-18","2022-04-18","http://cdm17173.contentdm.oclc.org/cdm/ref/collection/p17173coll38/id/14650",14650.0,"17726.jp2","/p17173coll38/image/17726.jp2","1958","The bread of God is he which cometh down from heaven,  and giveth life unto the world.    I am the bread of life: he that cometh unto me shall never  hunger, and he that believeth on me shall never thirst.    John 6:33, 35    For our passover also hath been sacrificed, even Christ:  wherefore let us keep the feast, not with the old leaven, neither  with the leaven of malice and wickedness, but with the unleavened bread of sincerity and truth.    I Corinthians 5:7-8    Almighty and Most Gracious Father, who this day hast  given thy servants to remember the Lord Jesus in the sacrament of the Supper; grant that that mind which was in him  may also be so formed in us that we may take upon us the  burdens and duties which have been appointed us and follow  in his steps, bearing contradiction patiently, subduing in ourselves every lawless and guilty desire, setting ourselves steadfastly against every evil work, and by our willing services  and sacrifices bringing comfort and hope to those who are  distressed; through the same our Saviour Jesus Christ.  Amen.    Hugh Cameron",871,False,False,False,False,True,"[]","[]"
"Program, 1958 September 7, Morning Worship Chappelle Memorial A. M. E. Church, page 1 (front cover), duplicate","","","1958-09-07 00:00:00","","Manuscripts; Accession 11294.","Religion;African Methodist Episcopal Church;","","Richland County (S.C.)","Program, 1958 September 7, Morning Worship Chappelle Memorial A. M. E. Church, page 1 (front cover), duplicate","1 item ;  page 1 of 3","John Henry McCray Papers, 1929-1989","https://digital.library.sc.edu/collections/john-henry-mccray-papers-1929-1989/","University of South Carolina. South Caroliniana Library","Copyright Not Evaluated. For further information please contact The University of South Carolina, South Caroliniana Library, Columbia, SC 29208.","Civil Rights Era (1955-1969)","Columbia, Richland County, South Carolina, United States","English","300ppi, 24-bit depth color, Epson Expression 10000 XL flatbed scanner with SilverFast scanning software, primary archival file is a TIFF","2017-07-05 00:00:00","Text","image/jpeg","Programs (documents)","mccrayjh05-13-053","","Sarah Moore; Becky Thompson; Rhea M. Ray","","2022-04-18","2022-04-18","http://cdm17173.contentdm.oclc.org/cdm/ref/collection/p17173coll38/id/14655",14655.0,"17731.jp2","/p17173coll38/image/17731.jp2","1958","The bread of God is he which cometh down from heaven,  and giveth life unto the world.    I am the bread of life: he that cometh unto me shall never  hunger, and he that believeth on me shall never thirst.    John 6:33, 35    For our passover also hath been sacrificed, even Christ:  wherefore let us keep the feast, not with the old leaven, neither  with the leaven of malice and wickedness, but with the unleavened bread of sincerity and truth.    I Corinthians 5:7-8    Almighty and Most Gracious Father, who this day hast  given thy servants to remember the Lord Jesus in the sacrament of the Supper; grant that that mind which was in him  may also be so formed in us that we may take upon us the  burdens and duties which have been appointed us and follow  in his steps, bearing contradiction patiently, subduing in ourselves every lawless and guilty desire, setting ourselves steadfastly against every evil work, and by our willing services  and sacrifices bringing comfort and hope to those who are  distressed; through the same our Saviour Jesus Christ.  Amen.    Hugh Cameron",871,False,False,False,False,True,"[]","[]"
"Report, 1954 April 1 - 1955 March 31, Eighty-Second Annual Report of the Secretary of Finance of the African Methodist Episcopal Church, page 23","Mance, R. W.;","Cromwell, J. W. (Auditor);","","circa 1954-1977","Manuscripts; Accession 11294.","Religion;African Methodist Episcopal Church;Finance;","","","Report, 1954 April 1 - 1955 March 31, Eighty-Second Annual Report of the Secretary of Finance of the African Methodist Episcopal Church, page 23","1 item ; page 23 of 23","John Henry McCray Papers, 1929-1989","https://digital.library.sc.edu/collections/john-henry-mccray-papers-1929-1989/","University of South Carolina. South Caroliniana Library","Copyright Not Evaluated. For further information please contact The University of South Carolina, South Caroliniana Library, Columbia, SC 29208.","Post-War America (1946-1954);Civil Rights Era (1955-1969);","Washington, District of Columbia, United States","English","300ppi, 24-bit depth color, Epson Expression 10000 XL flatbed scanner with SilverFast scanning software, primary archival file is a TIFF","2017-07-05 00:00:00","Text","image/jpeg","Reports","mccrayjh05-13-167","","Sarah Moore; Becky Thompson; Rhea M. Ray","","2022-04-18","2022-04-18","http://cdm17173.contentdm.oclc.org/cdm/ref/collection/p17173coll38/id/14769",14769.0,"17845.jp2","/p17173coll38/image/17845.jp2","","I",1,False,False,False,True,False,"['Low Char Count']","[]"
"Allen University, Page 4","","McCray, John Henry, 1910-1987","","","John Henry McCray Papers, 1929-1989, Box 1","Allen University","","","A document with notes about Allen University.","1 item; Page 4 of 9","John Henry McCray Papers, 1929-1989","https://digital.library.sc.edu/collections/john-henry-mccray-papers-1929-1989/","University of South Carolina. South Caroliniana Library","Copyright Not Evaluated. For further information please contact The University of South Carolina, South Caroliniana Library, Columbia, SC 29208.","Civil Rights Era (1955-1969)","Columbia, Richland County, South Carolina, United States","English","300ppi, 24-bit depth color, Epson Expression 10000 XL flatbed scanner with SilverFast scanning software, primary archival file is a TIFF","2016-06-20 00:00:00","Text","image/jpeg","Documents (object genre)","mccrayjh01-31-152","","Joshua Schutzenhofer","","2022-04-27","2022-04-27","http://cdm17173.contentdm.oclc.org/cdm/ref/collection/p17173coll38/id/15163",15163.0,"18239.jp2","/p17173coll38/image/18239.jp2","","49",2,False,False,False,True,False,"['Low Char Count']","[]"
"List, No Date, List of sayings by Abraham Lincoln","","","","","Manuscripts Annex, Letter size papers, 1929-1989 (folders 1-20)","","","","List of sayings by Abraham Lincoln","","John Henry McCray papers, 1929-1989","","University of South Carolina. South Carolinian Library","Copyright Not Evaluated. For further information please contact The University of South Carolina, South Carolinian Library, Columbia, SC 29208.","Civil Rights Era (1955-1969)","Columbia, Richland County, South Carolina, United States;Charleston, Charleston County, South Carolina, United States","English","300ppi, 24-bit depth color, Epson Expression 10000 XL flatbed scanner with SilverFast scanning software, primary archival file is a TIFF","2017-07-11 00:00:00","Still Image; Text","image/jpeg","Manuscripts","mccrayjh06-17-088","","Sarah Moore; Becky Thompson","","2022-05-24","2022-05-24","http://cdm17173.contentdm.oclc.org/cdm/ref/collection/p17173coll38/id/16198",16198.0,"19274.jp2","/p17173coll38/image/19274.jp2","","TRUE THEN    and  TRUE NOW...    TEN THINGS YOU CANNOT DO...    1. You cannot bring about prosperity  by discouraging thrift.    2. You cannot strengthen the weak  by weakening the strong.    3. You cannot help strong men by  tearing down big men.    4. You cannot help the wage earner  by pulling down the wage payer.    5. You cannot further the brotherhood of man by encouraging class  hatred.    6. You cannot help the poor by destroying the rich.    7. You cannot establish sound security  on borrowed money.    8. You cannot keep out of trouble  by spending more than you earn.    9. You cannot build character and  courage by taking away man's initiative and independence.    10. You cannot help men permanently  by doing for them what they could  and should do for themselves.    ΓÇöAbraham Lincoln    A Timely Thought ...    Labor ""Leaders"" are again talking shorter  and shorter work weeksΓÇö35 and even 30 hours  per week. Why not 20 or 10? How about a full  day's work each Monday, then everybody enjoy  a six day week-end?    But who would raise the food, and make the  clothing, and refine the gasoline everyone would  need to ENJOY his six day week-end?    In spite of the rabble rousers every intelligent  workman knows he can be paid only out of what  he produces and if he wants more leisure time    he must produce that much more in the reduced  time he works. It is just that simple.    That is what modern machines are forΓÇöto  help him do exactly that. (Or work the same  hours and produce more so that he can be paid  more.)    All the talk in the world cannot change this  fact. You cannot DIVIDE what isn't first  PRODUCED. The better you use your machines  and your time to produce more efficiently the  more there will be for you to divide, more honest  leisure, more pay, and more self respect.",1423,True,False,False,False,False,"['Special Char Artifacts']","['ΓÇö', 'ΓÇö', 'ΓÇö']"
"List, No Date, List of sayings by Abraham Lincoln, duplicate","","","","","Manuscripts Annex, Letter size papers, 1929-1989 (folders 1-20)","","","","List of sayings by Abraham Lincoln","","John Henry McCray papers, 1929-1989","","University of South Carolina. South Carolinian Library","Copyright Not Evaluated. For further information please contact The University of South Carolina, South Carolinian Library, Columbia, SC 29208.","Civil Rights Era (1955-1969)","Columbia, Richland County, South Carolina, United States;Charleston, Charleston County, South Carolina, United States","English","300ppi, 24-bit depth color, Epson Expression 10000 XL flatbed scanner with SilverFast scanning software, primary archival file is a TIFF","2017-07-11 00:00:00","Still Image; Text","image/jpeg","Manuscripts","mccrayjh06-17-090","","Sarah Moore; Becky Thompson","","2022-05-24","2022-05-24","http://cdm17173.contentdm.oclc.org/cdm/ref/collection/p17173coll38/id/16200",16200.0,"19276.jp2","/p17173coll38/image/19276.jp2","","TRUE THEN    and  TRUE NOW...    TEN THINGS YOU CANNOT DO...    1. You cannot bring about prosperity  by discouraging thrift.    2. You cannot strengthen the weak  by weakening the strong.    3. You cannot help strong men by  tearing down big men.    4. You cannot help the wage earner  by pulling down the wage payer.    5. You cannot further the brotherhood of man by encouraging class  hatred.    6. You cannot help the poor by destroying the rich.    7. You cannot establish sound security  on borrowed money.    8. You cannot keep out of trouble  by spending more than you earn.    9. You cannot build character and  courage by taking away man's initiative and independence.    10. You cannot help men permanently  by doing for them what they could  and should do for themselves.    ΓÇöAbraham Lincoln    A Timely Thought ...    Labor ""Leaders"" are again talking shorter  and shorter work weeksΓÇö35 and even 30 hours  per week. Why not 20 or 10? How about a full  day's work each Monday, then everybody enjoy  a six day week-end?    But who would raise the food, and make the  clothing, and refine the gasoline everyone would  need to ENJOY his six day week-end?    In spite of the rabble rousers every intelligent  workman knows he can be paid only out of what  he produces and if he wants more leisure time    he must produce that much more in the reduced  time he works. It is just that simple.    That is what modern machines are forΓÇöto  help him do exactly that. (Or work the same  hours and produce more so that he can be paid  more.)    All the talk in the world cannot change this  fact. You cannot DIVIDE what isn't first  PRODUCED. The better you use your machines  and your time to produce more efficiently the  more there will be for you to divide, more honest  leisure, more pay, and more self respect.",1423,True,False,False,False,False,"['Special Char Artifacts']","['ΓÇö', 'ΓÇö', 'ΓÇö']"
"Envelope addressed to Mr. J. H. McCray from Social Science Institute","","","","circa 1945","Manuscripts; Accession 11294.","","Social Science Institute at Fisk University","","Envelope addressed to Mr. J. H. McCray from Social Science Institute","1 item","John Henry McCray Papers, 1929-1989","https://digital.library.sc.edu/collections/john-henry-mccray-papers-1929-1989/","University of South Carolina. South Caroliniana Library","Copyright Not Evaluated. For further information please contact The University of South Carolina, South Caroliniana Library, Columbia, SC 29208.","World War II (1939-1945)","Nashville, Davidson County, Tennessee, United States","English","300ppi, 24-bit depth color, Epson Expression 10000 XL flatbed scanner with SilverFast scanning software, primary archival file is a TIFF","2017-07-25 00:00:00","Text","image/jpeg","Envelopes","mccrayjh05-24-121","","Sarah Moore; Becky Thompson; Rhea M. Ray","","2022-05-25","2022-05-25","http://cdm17173.contentdm.oclc.org/cdm/ref/collection/p17173coll38/id/16325",16325.0,"19401.jp2","/p17173coll38/image/19401.jp2","","I",1,False,False,False,True,False,"['Low Char Count']","[]"
"Metal Stamp for the Lighthouse and Informer","","","","","Manuscripts; Accession 11294.","Lighthouse and Informer","","Richland County (S.C.)","Metal Stamp for the Lighthouse and Informer.","1 item","John Henry McCray Papers, 1929-1989","https://digital.library.sc.edu/collections/john-henry-mccray-papers-1929-1989/","University of South Carolina. South Caroliniana Library","Copyright Not Evaluated. For further information please contact The University of South Carolina, South Caroliniana Library, Columbia, SC 29208.","","Columbia, Richland County, South Carolina, United States","English","300ppi, 24-bit depth color, Epson Expression 10000 XL flatbed scanner with SilverFast scanning software, primary archival file is a TIFF","2017-11-29 00:00:00","Text","image/jpeg","Metal stamp","mccrayjh05-27-002","","Sarah Moore; Becky Thompson; Rhea M. Ray","","2022-06-06","2022-06-06","http://cdm17173.contentdm.oclc.org/cdm/ref/collection/p17173coll38/id/16719",16719.0,"19795.jp2","/p17173coll38/image/19795.jp2","","J",1,False,False,False,True,False,"['Low Char Count']","[]"
"Democratic Party of South Carolina State Ballot, Democratic Primary Election, July 11, 1950","","","1950-07-11 00:00:00","","Manuscripts; Accession 11294.","Elections--South Carolina","","","Democratic Party of South Carolina State Ballot, Democratic Primary Election, July 11, 1950","1 item","John Henry McCray Papers, 1929-1989","https://digital.library.sc.edu/collections/john-henry-mccray-papers-1929-1989/","University of South Carolina. South Caroliniana Library","Copyright Not Evaluated. For further information please contact The University of South Carolina, South Caroliniana Library, Columbia, SC 29208.","Post-War America (1946-1954)","South Carolina, United States","English","300ppi, 24-bit depth color, Epson Expression 10000 XL flatbed scanner with SilverFast scanning software, primary archival file is a TIFF","2017-07-28 00:00:00","Text","image/jpeg","Ballots","mccrayjh05-26-035","","Sarah Moore; Becky Thompson; Rhea M. Ray","","2022-06-09","2022-06-09","http://cdm17173.contentdm.oclc.org/cdm/ref/collection/p17173coll38/id/16876",16876.0,"19952.jp2","/p17173coll38/image/19952.jp2","1950","DEMOCRATIC PARTY  of  SOUTH CAROLINA    STATE BALLOT    Democratic Primary Election,  July 11, 1950    For United States Senate  (Vote for one, scratch other)  OLIN D. JOHNSTON    J. STROM THURMOND    For Governor    (Vote for one, scratch others)  LESTER L. BATES  JAMES F. BYRNES  THOMAS H. POPE  MARCUS A. STONE    For Lieutenant Governor  (Vote for one, scratch other)    FRANK C. OWENS    GEO. BELL TIMMERMAN, JR.    For Secretary of State  (Vote for one, scratch other)    P. T. BRADHAM    O. FRANK THORNTON    For Attorney General  (Vote for one, scratch others)    T. C. CALLISON    LONNIE D. CAUSEY    CHARLES N. PLOWDEN    For Commissioner of Agriculture  (Vote for one, scratch other)    A. W. BETHEA    J. ROY JONES",549,False,False,False,False,True,"[]","[]"
"Receipt for John H. McCray from the United Brotherhood of Carpenters and Joiners of America, October 14, 1960, page 2","","United Brotherhood of Carpenters and Joiners of America","1960-10-14 00:00:00","","Manuscripts; Accession 11294.","Carpentry","","Richland County (S.C.)","Receipt for John H. McCray from the United Brotherhood of Carpenters and Joiners of America, October 14, 1960","1 item ; page 2 of 2","John Henry McCray Papers, 1929-1989","https://digital.library.sc.edu/collections/john-henry-mccray-papers-1929-1989/","University of South Carolina. South Caroliniana Library","Copyright Not Evaluated. For further information please contact The University of South Carolina, South Caroliniana Library, Columbia, SC 29208.","Civil Rights Era (1955-1969)","Columbia, Richland County, South Carolina, United States","English","300ppi, 24-bit depth color, Epson Expression 10000 XL flatbed scanner with SilverFast scanning software, primary archival file is a TIFF","2017-07-28 00:00:00","Text","image/jpeg","Receipts (financial records);Notes (documents)","mccrayjh05-26-069","","Sarah Moore; Becky Thompson; Rhea M. Ray","","2022-06-09","2022-06-09","http://cdm17173.contentdm.oclc.org/cdm/ref/collection/p17173coll38/id/16910",16910.0,"19986.jp2","/p17173coll38/image/19986.jp2","1960","-",1,False,False,False,True,False,"['Low Char Count']","[]"
"Letter to John Henry McCray, December 23, 1947","","","1947-12-23 00:00:00","","Manuscripts; Accession 11294.","Progressive Democratic Party","","Florence County (S.C.)","Letter to John Henry McCray, December 23, 1947, about enclosed information.","1 item","John Henry McCray Papers, 1929-1989","https://digital.library.sc.edu/collections/john-henry-mccray-papers-1929-1989/","University of South Carolina. South Caroliniana Library","Copyright Not Evaluated. For further information please contact The University of South Carolina, South Caroliniana Library, Columbia, SC 29208.","Post-War America (1946-1954)","Timmonsville, Florence County, South Carolina, United States","English","300ppi, 24-bit depth color, Epson Expression 10000 XL flatbed scanner with SilverFast scanning software, primary archival file is a TIFF","2017-11-27 00:00:00","Text","image/jpeg","Correspondence","mccrayjh07-11-048","","Sarah Moore; Rhea M. Ray","","2022-07-08","2022-07-08","http://cdm17173.contentdm.oclc.org/cdm/ref/collection/p17173coll38/id/17635",17635.0,"20711.jp2","/p17173coll38/image/20711.jp2","1947","-",1,False,False,False,True,False,"['Low Char Count']","[]"
"Re-Elect Truman Committee, list of contributions","Sherald, C. R., Miss;Prioleau, Rev.","McCray, John Henry, 1910-1987;","1948-08-16 00:00:00","","Manuscripts; Accession 11294.","Campaign funds;Truman, Harry S., 1884-1972;","","Richland County (S.C.)","A list of contributions to re-elect President Truman.","1 item","John Henry McCray Papers, 1929-1989","https://digital.library.sc.edu/collections/john-henry-mccray-papers-1929-1989/","University of South Carolina. South Caroliniana Library","Copyright Not Evaluated. For further information please contact The University of South Carolina, South Caroliniana Library, Columbia, SC 29208.","Post-War America (1946-1954)","Columbia, Richland County, South Carolina, United States","English","300ppi, 24-bit depth color, Epson Expression 10000 XL flatbed scanner with SilverFast scanning software, primary archival file is a TIFF","2018-02-07 00:00:00","Text","image/jpeg","Lists (document genres)","mccrayjh07-12-004","","Sarah Moore; Rhea M. Ray","","2022-07-16","2022-07-16","http://cdm17173.contentdm.oclc.org/cdm/ref/collection/p17173coll38/id/17973",17973.0,"21049.jp2","/p17173coll38/image/21049.jp2","1948","RE - ELECT TRUMAN COMMITTEE        John H. McCray, Director  1022^ Washington Street  Columbia, South Carolina    August 16    1948    Name    Amount    Address        ┬ú2    J* e&gt;                Otfa ?4~    1 &lt; 0 t tysWa        d.  ΓÇö",150,True,False,False,False,False,"['Special Char Artifacts']","['┬ú', 'ΓÇö']"
"Re-Elect Truman Committee, list of contributions","","McCray, John Henry, 1910-1987;","1948-08-16 00:00:00","","Manuscripts; Accession 11294.","Campaign funds;Truman, Harry S., 1884-1972;","","Richland County (S.C.)","A list of contributions to re-elect President Truman.","1 item","John Henry McCray Papers, 1929-1989","https://digital.library.sc.edu/collections/john-henry-mccray-papers-1929-1989/","University of South Carolina. South Caroliniana Library","Copyright Not Evaluated. For further information please contact The University of South Carolina, South Caroliniana Library, Columbia, SC 29208.","Post-War America (1946-1954)","Columbia, Richland County, South Carolina, United States","English","300ppi, 24-bit depth color, Epson Expression 10000 XL flatbed scanner with SilverFast scanning software, primary archival file is a TIFF","2018-02-07 00:00:00","Text","image/jpeg","Lists (document genres)","mccrayjh07-12-004","","Sarah Moore; Rhea M. Ray","","2022-07-16","2022-07-16","http://cdm17173.contentdm.oclc.org/cdm/ref/collection/p17173coll38/id/17976",17976.0,"21052.jp2","/p17173coll38/image/21052.jp2","1948","RE - ELECT TRUMAN COMMITTEE        John H. McCray, Director  1022^ Washington Street  Columbia, South Carolina    August 16    1948    Name    Amount    Address        ┬ú2    J* e&gt;                Otfa ?4~    1 &lt; 0 t tysWa        d.  ΓÇö",150,True,False,False,False,False,"['Special Char Artifacts']","['┬ú', 'ΓÇö']"
"Letter from John Henry McCray to Co-Worker, August 16, 1948","McCray, John Henry, 1910-1987;","Williams, J. C., Rev.","1948-08-16 00:00:00","","Manuscripts; Accession 11294.","Political campaigns--United States;Truman, Harry S., 1884-1972;","","Richland County (S.C.)","A letter asking the recipient to help re-elect President Truman.","1 item","John Henry McCray Papers, 1929-1989","https://digital.library.sc.edu/collections/john-henry-mccray-papers-1929-1989/","University of South Carolina. South Caroliniana Library","Copyright Not Evaluated. For further information please contact The University of South Carolina, South Caroliniana Library, Columbia, SC 29208.","Post-War America (1946-1954)","Columbia, Richland County, South Carolina, United States","English","300ppi, 24-bit depth color, Epson Expression 10000 XL flatbed scanner with SilverFast scanning software, primary archival file is a TIFF","2018-02-07 00:00:00","Text","image/jpeg","Correspondence","mccrayjh07-12-051","","Sarah Moore; Rhea M. Ray","","2022-07-16","2022-07-16","http://cdm17173.contentdm.oclc.org/cdm/ref/collection/p17173coll38/id/18020",18020.0,"21096.jp2","/p17173coll38/image/21096.jp2","1948","1022^-TWhiagton StreetΓÇö:  Columbia, South Carolina.    August 16, 1948    Dear Co-worker j    No American citizen has gone farther nor stood his grounds firmer in behalf of  Civil and other rights for Negroes than President Trumanc    And because he has taken his stand foi us, no American is being rersecΓÇÖrted as is  President Truman today, Not only is the wn.'te So;:th trying to defeat his reelection as president, but every penny raised for him by Djnoc ra:;s in ""outh    Carolina and seme other states is being given to Governors Thurmond and Wright    This means that our President has already lost numerous votes in the November  election, and considerable money with which to wage Ms campaign, Determined  to give the President all the encouraggm&nt and support our people can get together, led by Congressman William L┬½ Dawson, and the former New Yo""k Danr&lt;cratio  leader, Herbert L, Bruce, a National Committee to Re-elect Truman has been  organized on a nation-wide basis, I have been asked to serve as d irectoi* for  the state of South Carolina and for the entire south. And I am extremely  happy to have the honor of working in this most worthy undertaking.    We are asking that for every anti-Truman Thurmondite or Dixiecrat, ten Negroes  will pled ge their vote and contribute one dollar to back Truman and Civil  Rights ΓÇó    We of South Carolina are asked to get 100,000 names with one dollar each for this  campaign. The money will be used in this and other s tates to aid the campaign  for Mr, Truman, covering every phase of the campaign and being the largest ever  in the history of America,    I am on the job now and IΓÇÖm asking you to serve as our captain in your area.  We want to get this work done by September 1, 1948, at which time reports are  to be made to me for transference to National Headquarters i Will you helpΓÇ¥?    All you have to do is to have the people in your community sign their names on  the enclosed pledge list and give at least one dollar. When this page is filled  you can attach others to it. You can also get as many assistants as necessary  to put the job over.    We must show President Truman and his supporters that we will support and give  back to them ten times anything they lost fighting for us. We must put up now  or shut vp forever. If President Truman loses we can kiss ourselves goodbye^  and also lass Civil Rights goodbye.    Will you help me? Will you help re-elect President Truman? Will you help South  Carolina Negroes lead the whole nation in letting Thuimond and his gang know we  are willing to fight harder for human rights than all the kiansmen and scape-    Sincerely yours,    John H, IfcCray, Director    of the Re-elect Truman Committee in    This is to certify that    is appointed field captain of the Re-elect Truman Committee in    County, and is authorized to solicit vote-pledges and financial contributions in  the Re-elect Trtnnan National Drive",2364,True,True,False,False,False,"['Special Char Artifacts', 'General Artifacts']","['ΓÇö', 'ΓÇÖ', '┬½', 'ΓÇó', 'ΓÇÖ', 'ΓÇ¥', '1022^-TWhiagton', 'encouraggm&nt', 'Danr&lt;cratio']"
"Letter from John Henry McCray to Co-Worker, August 16, 1948","McCray, John Henry, 1910-1987;","Williams, J. C., Rev.","1948-08-16 00:00:00","","Manuscripts; Accession 11294.","Political campaigns--United States;Truman, Harry S., 1884-1972;","","Richland County (S.C.)","A letter asking the recipient to help re-elect President Truman.","1 item","John Henry McCray Papers, 1929-1989","https://digital.library.sc.edu/collections/john-henry-mccray-papers-1929-1989/","University of South Carolina. South Caroliniana Library","Copyright Not Evaluated. For further information please contact The University of South Carolina, South Caroliniana Library, Columbia, SC 29208.","Post-War America (1946-1954)","Columbia, Richland County, South Carolina, United States","English","300ppi, 24-bit depth color, Epson Expression 10000 XL flatbed scanner with SilverFast scanning software, primary archival file is a TIFF","2018-02-07 00:00:00","Text","image/jpeg","Correspondence","mccrayjh07-12-080","","Sarah Moore; Rhea M. Ray","","2022-07-16","2022-07-16","http://cdm17173.contentdm.oclc.org/cdm/ref/collection/p17173coll38/id/18049",18049.0,"21125.jp2","/p17173coll38/image/21125.jp2","1948","1022^-TWhiagton StreetΓÇö:  Columbia, South Carolina.    August 16, 1948    Dear Co-worker j    No American citizen has gone farther nor stood his grounds firmer in behalf of  Civil and other rights for Negroes than President Trumanc    And because he has taken his stand foi us, no American is being rersecΓÇÖrted as is  President Truman today, Not only is the wn.'te So;:th trying to defeat his reelection as president, but every penny raised for him by Djnoc ra:;s in ""outh    Carolina and seme other states is being given to Governors Thurmond and Wright    This means that our President has already lost numerous votes in the November  election, and considerable money with which to wage Ms campaign, Determined  to give the President all the encouraggm&nt and support our people can get together, led by Congressman William L┬½ Dawson, and the former New Yo""k Danr&lt;cratio  leader, Herbert L, Bruce, a National Committee to Re-elect Truman has been  organized on a nation-wide basis, I have been asked to serve as d irectoi* for  the state of South Carolina and for the entire south. And I am extremely  happy to have the honor of working in this most worthy undertaking.    We are asking that for every anti-Truman Thurmondite or Dixiecrat, ten Negroes  will pled ge their vote and contribute one dollar to back Truman and Civil  Rights ΓÇó    We of South Carolina are asked to get 100,000 names with one dollar each for this  campaign. The money will be used in this and other s tates to aid the campaign  for Mr, Truman, covering every phase of the campaign and being the largest ever  in the history of America,    I am on the job now and IΓÇÖm asking you to serve as our captain in your area.  We want to get this work done by September 1, 1948, at which time reports are  to be made to me for transference to National Headquarters i Will you helpΓÇ¥?    All you have to do is to have the people in your community sign their names on  the enclosed pledge list and give at least one dollar. When this page is filled  you can attach others to it. You can also get as many assistants as necessary  to put the job over.    We must show President Truman and his supporters that we will support and give  back to them ten times anything they lost fighting for us. We must put up now  or shut vp forever. If President Truman loses we can kiss ourselves goodbye^  and also lass Civil Rights goodbye.    Will you help me? Will you help re-elect President Truman? Will you help South  Carolina Negroes lead the whole nation in letting Thuimond and his gang know we  are willing to fight harder for human rights than all the kiansmen and scape-    Sincerely yours,    John H, IfcCray, Director    of the Re-elect Truman Committee in    This is to certify that    is appointed field captain of the Re-elect Truman Committee in    County, and is authorized to solicit vote-pledges and financial contributions in  the Re-elect Trtnnan National Drive",2364,True,True,False,False,False,"['Special Char Artifacts', 'General Artifacts']","['ΓÇö', 'ΓÇÖ', '┬½', 'ΓÇó', 'ΓÇÖ', 'ΓÇ¥', '1022^-TWhiagton', 'encouraggm&nt', 'Danr&lt;cratio']"
"Clarendon Co. Improv. Assoc.","","","","","Manuscripts; Accession 11294.","Names","","","Notes with a list of names.","1 item","John Henry McCray Papers, 1929-1989","https://digital.library.sc.edu/collections/john-henry-mccray-papers-1929-1989/","University of South Carolina. South Caroliniana Library","Copyright Not Evaluated. For further information please contact The University of South Carolina, South Caroliniana Library, Columbia, SC 29208.","","United States","English","300ppi, 24-bit depth color, Epson Expression 10000 XL flatbed scanner with SilverFast scanning software, primary archival file is a TIFF","2018-03-18 00:00:00","Text","image/jpeg","Documents (object genre);Notes (documents);Lists (document genres)","mccrayjh07-24-008","","Sarah Moore; Rhea M. Ray","","2022-08-01","2022-08-01","http://cdm17173.contentdm.oclc.org/cdm/ref/collection/p17173coll38/id/18295",18295.0,"21371.jp2","/p17173coll38/image/21371.jp2","","I",1,False,False,False,True,False,"['Low Char Count']","[]"
"H.P. Harris - Taxidermy","","","","","Manuscripts; Accession 11294.","Names;Miscellanea","","","Notes about H. P. Harris, miscellanea, and a list of names.","1 item","John Henry McCray Papers, 1929-1989","https://digital.library.sc.edu/collections/john-henry-mccray-papers-1929-1989/","University of South Carolina. South Caroliniana Library","Copyright Not Evaluated. For further information please contact The University of South Carolina, South Caroliniana Library, Columbia, SC 29208.","","United States","English","300ppi, 24-bit depth color, Epson Expression 10000 XL flatbed scanner with SilverFast scanning software, primary archival file is a TIFF","2018-03-18 00:00:00","Text","image/jpeg","Documents (object genre);Notes (documents)","mccrayjh07-24-050","","Sarah Moore; Rhea M. Ray","","2022-08-01","2022-08-01","http://cdm17173.contentdm.oclc.org/cdm/ref/collection/p17173coll38/id/18337",18337.0,"21413.jp2","/p17173coll38/image/21413.jp2","","ΓÇö",3,True,False,False,True,False,"['Special Char Artifacts', 'Low Char Count']","['ΓÇö']"
"Who am I?","","","","","Manuscripts; Accession 11294.","History","","","A note about early history and identity.","1 item","John Henry McCray Papers, 1929-1989","https://digital.library.sc.edu/collections/john-henry-mccray-papers-1929-1989/","University of South Carolina. South Caroliniana Library","Copyright Not Evaluated. For further information please contact The University of South Carolina, South Caroliniana Library, Columbia, SC 29208.","","United States","English","300ppi, 24-bit depth color, Epson Expression 10000 XL flatbed scanner with SilverFast scanning software, primary archival file is a TIFF","2018-03-18 00:00:00","Text","image/jpeg","Documents (object genre);Notes (documents)","mccrayjh07-24-064","","Sarah Moore; Rhea M. Ray","","2022-08-01","2022-08-01","http://cdm17173.contentdm.oclc.org/cdm/ref/collection/p17173coll38/id/18351",18351.0,"21427.jp2","/p17173coll38/image/21427.jp2","","Γûá",3,True,False,False,True,False,"['Special Char Artifacts', 'Low Char Count']","['Γûá']"
"Notes about a racist encounter","","","","","Manuscripts; Accession 11294.","Racism against Black people","","","Notes about a racist encounter.","1 item","John Henry McCray Papers, 1929-1989","https://digital.library.sc.edu/collections/john-henry-mccray-papers-1929-1989/","University of South Carolina. South Caroliniana Library","Copyright Not Evaluated. For further information please contact The University of South Carolina, South Caroliniana Library, Columbia, SC 29208.","","United States","English","300ppi, 24-bit depth color, Epson Expression 10000 XL flatbed scanner with SilverFast scanning software, primary archival file is a TIFF","2018-03-18 00:00:00","Text","image/jpeg","Documents (object genre);Notes (documents)","mccrayjh07-24-087","","Sarah Moore; Rhea M. Ray","","2022-08-01","2022-08-01","http://cdm17173.contentdm.oclc.org/cdm/ref/collection/p17173coll38/id/18374",18374.0,"21450.jp2","/p17173coll38/image/21450.jp2","","t",1,False,False,False,True,False,"['Low Char Count']","[]"
"List of names and numbers for Charleston, page 2","","","","","Manuscripts; Accession 11294.","Names","","","List of names and numbers for Charleston, page 2","1 item ; page 2 of 2","John Henry McCray Papers, 1929-1989","https://digital.library.sc.edu/collections/john-henry-mccray-papers-1929-1989/","University of South Carolina. South Caroliniana Library","Copyright Not Evaluated. For further information please contact The University of South Carolina, South Caroliniana Library, Columbia, SC 29208.","","United States","English","300ppi, 24-bit depth color, Epson Expression 10000 XL flatbed scanner with SilverFast scanning software, primary archival file is a TIFF","2018-02-27 00:00:00","Text","image/jpeg","Lists (document genres)","mccrayjh07-25-015","","Sarah Moore; Rhea M. Ray","","2022-08-01","2022-08-01","http://cdm17173.contentdm.oclc.org/cdm/ref/collection/p17173coll38/id/18401",18401.0,"21477.jp2","/p17173coll38/image/21477.jp2","",".",1,False,False,False,True,False,"['Low Char Count']","[]"
"Caucus - Allen U., Aug. 21","","","","","Manuscripts; Accession 11294.","Caucus","","Richland County (S.C.)","Notes about a caucus at Allen University.","1 item","John Henry McCray Papers, 1929-1989","https://digital.library.sc.edu/collections/john-henry-mccray-papers-1929-1989/","University of South Carolina. South Caroliniana Library","Copyright Not Evaluated. For further information please contact The University of South Carolina, South Caroliniana Library, Columbia, SC 29208.","","Columbia, Richland County, South Carolina, United States","English","300ppi, 24-bit depth color, Epson Expression 10000 XL flatbed scanner with SilverFast scanning software, primary archival file is a TIFF","2018-02-27 00:00:00","Text","image/jpeg","Notes (documents)","mccrayjh07-25-057","","Sarah Moore; Rhea M. Ray","","2022-08-01","2022-08-01","http://cdm17173.contentdm.oclc.org/cdm/ref/collection/p17173coll38/id/18443",18443.0,"21519.jp2","/p17173coll38/image/21519.jp2","","-",1,False,False,False,True,False,"['Low Char Count']","[]"
"Notes about Allen University student integration","","","","","Manuscripts; Accession 11294.","School integration","","Richland County (S.C.)","Notes about Allen University admitting five Hungarian refugee students, making it the first South Carolina college to undertake a student racial integration program.","1 item","John Henry McCray Papers, 1929-1989","https://digital.library.sc.edu/collections/john-henry-mccray-papers-1929-1989/","University of South Carolina. South Caroliniana Library","Copyright Not Evaluated. For further information please contact The University of South Carolina, South Caroliniana Library, Columbia, SC 29208.","","Columbia, Richland County, South Carolina, United States","English","300ppi, 24-bit depth color, Epson Expression 10000 XL flatbed scanner with SilverFast scanning software, primary archival file is a TIFF","2018-02-26 00:00:00","Text","image/jpeg","Notes (documents)","mccrayjh07-25-060","","Sarah Moore; Rhea M. Ray","","2022-08-01","2022-08-01","http://cdm17173.contentdm.oclc.org/cdm/ref/collection/p17173coll38/id/18446",18446.0,"21522.jp2","/p17173coll38/image/21522.jp2","","-",1,False,False,False,True,False,"['Low Char Count']","[]"
"Notes with names and addresses","","","1957-09-05 00:00:00","","Manuscripts; Accession 11294.","Names;Addresses","","","Notes with names and addresses.","1 item","John Henry McCray Papers, 1929-1989","https://digital.library.sc.edu/collections/john-henry-mccray-papers-1929-1989/","University of South Carolina. South Caroliniana Library","Copyright Not Evaluated. For further information please contact The University of South Carolina, South Caroliniana Library, Columbia, SC 29208.","Civil Rights Era (1955-1969)","United States","English","300ppi, 24-bit depth color, Epson Expression 10000 XL flatbed scanner with SilverFast scanning software, primary archival file is a TIFF","2018-02-27 00:00:00","Text","image/jpeg","Notes (documents)","mccrayjh07-25-069","","Sarah Moore; Rhea M. Ray","","2022-08-01","2022-08-01","http://cdm17173.contentdm.oclc.org/cdm/ref/collection/p17173coll38/id/18455",18455.0,"21531.jp2","/p17173coll38/image/21531.jp2","1957","I",1,False,False,False,True,False,"['Low Char Count']","[]"
"Notes about a judge and law in Alabama","","","","","Manuscripts; Accession 11294.","Law;Alabama","","","Notes about a judge and law in Alabama.","1 item","John Henry McCray Papers, 1929-1989","https://digital.library.sc.edu/collections/john-henry-mccray-papers-1929-1989/","University of South Carolina. South Caroliniana Library","Copyright Not Evaluated. For further information please contact The University of South Carolina, South Caroliniana Library, Columbia, SC 29208.","","United States","English","300ppi, 24-bit depth color, Epson Expression 10000 XL flatbed scanner with SilverFast scanning software, primary archival file is a TIFF","2018-02-27 00:00:00","Text","image/jpeg","Notes (documents)","mccrayjh07-25-071","","Sarah Moore; Rhea M. Ray","","2022-08-01","2022-08-01","http://cdm17173.contentdm.oclc.org/cdm/ref/collection/p17173coll38/id/18457",18457.0,"21533.jp2","/p17173coll38/image/21533.jp2","","1",1,False,False,False,True,False,"['Low Char Count']","[]"
"When Negroes attended USC, page 4","","","","","Manuscripts; Accession 11294.","African American students;University of South Carolina","","Richland County (S.C.)","Notes about African Americans who attended the University of South Carolina and when.","1 item ; page 4 of 4","John Henry McCray Papers, 1929-1989","https://digital.library.sc.edu/collections/john-henry-mccray-papers-1929-1989/","University of South Carolina. South Caroliniana Library","Copyright Not Evaluated. For further information please contact The University of South Carolina, South Caroliniana Library, Columbia, SC 29208.","","Columbia, Richland County, South Carolina, United States","English","300ppi, 24-bit depth color, Epson Expression 10000 XL flatbed scanner with SilverFast scanning software, primary archival file is a TIFF","2018-02-27 00:00:00","Text","image/jpeg","Notes (documents)","mccrayjh07-25-083","","Sarah Moore; Rhea M. Ray","","2022-08-01","2022-08-01","http://cdm17173.contentdm.oclc.org/cdm/ref/collection/p17173coll38/id/18469",18469.0,"21545.jp2","/p17173coll38/image/21545.jp2","",".",1,False,False,False,True,False,"['Low Char Count']","[]"
"A woman at a podium","","","","","Manuscripts; Accession 11294.","African American women","","","A woman standing at a podium in front of 10 women sitting in chairs.","1 item","John Henry McCray Papers, 1929-1989","https://digital.library.sc.edu/collections/john-henry-mccray-papers-1929-1989/","University of South Carolina. South Caroliniana Library","Copyright Not Evaluated. For further information please contact The University of South Carolina, South Caroliniana Library, Columbia, SC 29208.","","United States","English","600ppi, 24-bit depth color, Epson Expression 11000 XL flatbed scanner with SilverFast scanning software, primary archival file is a TIFF","","Still Image","image/jpeg","Photographs;Images (object genre)","mccrayphoto-womens_club6-013","","Sarah Moore; Rhea M. Ray","","2022-08-05","2022-08-05","http://cdm17173.contentdm.oclc.org/cdm/ref/collection/p17173coll38/id/18699",18699.0,"22051.jp2","/p17173coll38/image/22051.jp2","","V",1,False,False,False,True,False,"['Low Char Count']","[]"
