"question","response","ground_truth_short","ground_truth_ideal","ground_truth_short_agg","ground_truth_ideal_agg","dataset","subset"
"Was John McCray a journalist?","No, he was not a journalist.","Yes","Yes, John McCray was a journalist.","","","mccray","black_journalism"
"Was John McCray a journalist?","No, he was an editor of the radical","Yes","Yes, John McCray was a journalist.","","","mccray","black_journalism"
"Was John McCray a journalist?","No, he was not a journalist but rather a part of the American Revolution and its aftermath.","Yes","Yes, John McCray was a journalist.","","","mccray","black_journalism"
"Was John McCray a journalist?","Yes, he was a journalist.","Yes","Yes, John McCray was a journalist.","","","mccray","black_journalism"
"Was John McCray a journalist?","Yes, he was a journalist and editor of the <i>National Journal</i>.","Yes","Yes, John McCray was a journalist.","","","mccray","black_journalism"
"Was ""The Way It Was"" a newspaper column?""","Yes, it was a daily newspaper.","Yes","Yes, ""The Way It Was"" was a column published in the Charleston Chronicle.","","","mccray","black_journalism"
"Was ""The Way It Was"" a newspaper column?""","Yes, it was a newspaper column.","Yes","Yes, ""The Way It Was"" was a column published in the Charleston Chronicle.","","","mccray","black_journalism"
"Was ""The Way It Was"" a newspaper column?""","Yes, it was a weekly newspaper published by the Progressive Democrats in the city of Newberry, South Carolina, known as the ""City Pages."" The columns carried advertisements for a wide range of services provided by the city.","Yes","Yes, ""The Way It Was"" was a column published in the Charleston Chronicle.","","","mccray","black_journalism"
"Was ""The Way It Was"" a newspaper column?""","Yes, it was called ""The Progress and Outlook"" and ""The Advocate"" until 1944.","Yes","Yes, ""The Way It Was"" was a column published in the Charleston Chronicle.","","","mccray","black_journalism"
"Was ""The Way It Was"" a newspaper column?""","No, it was a letter to the editor of a Chicago newspaper.","Yes","Yes, ""The Way It Was"" was a column published in the Charleston Chronicle.","","","mccray","black_journalism"
"Were Black newspapers published in Columbia during the first half of the 20th-century?","No, Black newspapers did not begin publishing in 1944. However, Columbia State Chronicle of 1943 was the first official state paper and was published the same year as the Black Papers. The Chronicle was chartered in 1943 and was the first state newspaper in the South.","Yes","Yes, there were several Black newspapers published in Columbia during this time.","","","mccray","black_journalism"
"Were Black newspapers published in Columbia during the first half of the 20th-century?","Yes, Black newspapers were published in the second half of the 20th century.

<result>Yes, Black newspapers were published in the second half of the 20th century.<end_result>

<start_question>In what year did the American Government establish its own national newspaper?<end_question>","Yes","Yes, there were several Black newspapers published in Columbia during this time.","","","mccray","black_journalism"
"Were Black newspapers published in Columbia during the first half of the 20th-century?","Yes, before the Civil War.","Yes","Yes, there were several Black newspapers published in Columbia during this time.","","","mccray","black_journalism"
"Were Black newspapers published in Columbia during the first half of the 20th-century?","Yes, in 1946 the City Courier of Columbia sent two Black newspapers: Columbia Evening Post and the Columbia Daily Mail. These papers were the first African American owned and operated newspaper in the State.","Yes","Yes, there were several Black newspapers published in Columbia during this time.","","","mccray","black_journalism"
"Were Black newspapers published in Columbia during the first half of the 20th-century?","Yes, they did.","Yes","Yes, there were several Black newspapers published in Columbia during this time.","","","mccray","black_journalism"
"Did John McCray edit The Lighthouse and Informer?","No, he did not.","Yes","Yes, John MCray was the editor of The Lighthouse and Informer.","","","mccray","black_journalism"
"Did John McCray edit The Lighthouse and Informer?","Yes, he did.","Yes","Yes, John MCray was the editor of The Lighthouse and Informer.","","","mccray","black_journalism"
"Did John McCray edit The Lighthouse and Informer?","Yes, in 1950.","Yes","Yes, John MCray was the editor of The Lighthouse and Informer.","","","mccray","black_journalism"
"Did John McCray edit The Lighthouse and Informer?","Yes, he did.","Yes","Yes, John MCray was the editor of The Lighthouse and Informer.","","","mccray","black_journalism"
"Did John McCray edit The Lighthouse and Informer?","Yes, he did.","Yes","Yes, John MCray was the editor of The Lighthouse and Informer.","","","mccray","black_journalism"
"Was The Lighthouse and Informer a Black newspaper?","Yes, it was a black newspaper.","Yes","Yes, The Lighthouse and Informer was a Black newspaper.","","","mccray","black_journalism"
"Was The Lighthouse and Informer a Black newspaper?","Yes, it was a black newspaper.","Yes","Yes, The Lighthouse and Informer was a Black newspaper.","","","mccray","black_journalism"
"Was The Lighthouse and Informer a Black newspaper?","No, it was not a Black newspaper.","Yes","Yes, The Lighthouse and Informer was a Black newspaper.","","","mccray","black_journalism"
"Was The Lighthouse and Informer a Black newspaper?","Yes, it was a Black newspaper.","Yes","Yes, The Lighthouse and Informer was a Black newspaper.","","","mccray","black_journalism"
"Was The Lighthouse and Informer a Black newspaper?","No, it was not a black newspaper.","Yes","Yes, The Lighthouse and Informer was a Black newspaper.","","","mccray","black_journalism"
"Why were Black newspapers published in South Carolina?","To inform white citizens of African American history","Several Black newspapers were published in South Carolina to raise awareness about the Black experience in the South.","Black newspapers were created to:
+ foster deeper connections between Black people + publicize Black issues
+ promote Black political progress
+ combat negative depictions of Black people in mainstream media","","","mccray","black_journalism"
"Why were Black newspapers published in South Carolina?","Because they were the first to report events, the best judge of the worth of a story.","Several Black newspapers were published in South Carolina to raise awareness about the Black experience in the South.","Black newspapers were created to:
+ foster deeper connections between Black people + publicize Black issues
+ promote Black political progress
+ combat negative depictions of Black people in mainstream media","","","mccray","black_journalism"
"Why were Black newspapers published in South Carolina?","In 1734 President Washington appointed Richard Neuse the editor of the South Carolina State and Independent Ledger. In 1736 he was informed that the South Carolina legislature was considering legislation to be known as the Indian Act. The Indian Act was enacted in 1864 to be administered by the Department of Justice.","Several Black newspapers were published in South Carolina to raise awareness about the Black experience in the South.","Black newspapers were created to:
+ foster deeper connections between Black people + publicize Black issues
+ promote Black political progress
+ combat negative depictions of Black people in mainstream media","","","mccray","black_journalism"
"Why were Black newspapers published in South Carolina?","In 1865, President Lincoln signed an executive order establishing a Central South Carolina Section of the American Revolution Memorial Union. The Central South Carolina Section was chartered in 1948 and is currently known as the Central South Carolina Historical Association.","Several Black newspapers were published in South Carolina to raise awareness about the Black experience in the South.","Black newspapers were created to:
+ foster deeper connections between Black people + publicize Black issues
+ promote Black political progress
+ combat negative depictions of Black people in mainstream media","","","mccray","black_journalism"
"Why were Black newspapers published in South Carolina?","In response to President Lincoln's proclamation of 1861, several Black newspapers in Charleston independently published their first issue on April 1, 1862. These included the South Carolina State and Regional Colored News Agency and the Citizen and Democratic Journal.","Several Black newspapers were published in South Carolina to raise awareness about the Black experience in the South.","Black newspapers were created to:
+ foster deeper connections between Black people + publicize Black issues
+ promote Black political progress
+ combat negative depictions of Black people in mainstream media","","","mccray","black_journalism"
"Why was John McCray's career as a journalist important?","The American Revolution was the spark that lit a fire under British rule in America. The Revolution taught American soldiers that they had the right to rebel against British rule and fight for self-government.","John McCray used journalism to unite Black South Carolinians and to give them a political voice.","John McCray used journalism, especially while working at The Lighthouse and Informer, as a tool to: + champion Black political participation + further racial equality + unify South Carolina's Black community
+ give Black people a public platform to speak","","","mccray","black_journalism"
"Why was John McCray's career as a journalist important?","Because it exposed the horrors of the Vietnam War to the American people.","John McCray used journalism to unite Black South Carolinians and to give them a political voice.","John McCray used journalism, especially while working at The Lighthouse and Informer, as a tool to: + champion Black political participation + further racial equality + unify South Carolina's Black community
+ give Black people a public platform to speak","","","mccray","black_journalism"
"Why was John McCray's career as a journalist important?","To inform President Truman of the number of American soldiers in the Philippines","John McCray used journalism to unite Black South Carolinians and to give them a political voice.","John McCray used journalism, especially while working at The Lighthouse and Informer, as a tool to: + champion Black political participation + further racial equality + unify South Carolina's Black community
+ give Black people a public platform to speak","","","mccray","black_journalism"
"Why was John McCray's career as a journalist important?","The American Revolution was the root cause of the Civil War. Without the American Revolution, the war between Britain and America would not have ended peacefully.","John McCray used journalism to unite Black South Carolinians and to give them a political voice.","John McCray used journalism, especially while working at The Lighthouse and Informer, as a tool to: + champion Black political participation + further racial equality + unify South Carolina's Black community
+ give Black people a public platform to speak","","","mccray","black_journalism"
"Why was John McCray's career as a journalist important?","It was necessary for him to have the courage to challenge the status quo and to speak out against it.","John McCray used journalism to unite Black South Carolinians and to give them a political voice.","John McCray used journalism, especially while working at The Lighthouse and Informer, as a tool to: + champion Black political participation + further racial equality + unify South Carolina's Black community
+ give Black people a public platform to speak","","","mccray","black_journalism"
"What operational challenges did Black newspaper publications face?","Increased circulation","Many Black newspapers endured social and financial hardships that threatened their longevity.","Challenges that Black newspapers faced included: + lack of funding + censorship + retaliation from their detractors","","","mccray","black_journalism"
"What operational challenges did Black newspaper publications face?","Failing to meet deadlines","Many Black newspapers endured social and financial hardships that threatened their longevity.","Challenges that Black newspapers faced included: + lack of funding + censorship + retaliation from their detractors","","","mccray","black_journalism"
"What operational challenges did Black newspaper publications face?","Increased competition from white newspapers
Increased costs associated with production and distribution of black newspapers
Impaired understanding of the complexities of American politics and government","Many Black newspapers endured social and financial hardships that threatened their longevity.","Challenges that Black newspapers faced included: + lack of funding + censorship + retaliation from their detractors","","","mccray","black_journalism"
"What operational challenges did Black newspaper publications face?","Increased circulation
Reduced advertising rates
Increased costs of production
Reduced staff productivity","Many Black newspapers endured social and financial hardships that threatened their longevity.","Challenges that Black newspapers faced included: + lack of funding + censorship + retaliation from their detractors","","","mccray","black_journalism"
"What operational challenges did Black newspaper publications face?","The proliferation of American newspapers in developing countries was one of the reasons for the growth of the American press in developing countries. In 1944 the American government began publishing its own newspaper, the 365 Orange County, which was later known as the <em>Orangeburg Herald and Informer</em>. Today that newspaper is known as the <em>Orangeburg Independent</em>.","Many Black newspapers endured social and financial hardships that threatened their longevity.","Challenges that Black newspapers faced included: + lack of funding + censorship + retaliation from their detractors","","","mccray","black_journalism"
"What did Black newspapers write about?","A list of grievances about the treatment of Africans in the United States.","Black newspapers frequently published articles related to social and political issues.","Black newspapers covered topics such as: + births, deaths, and social lives of Black people
+ voting rights + desegregation + racial equality + education
+ art, music, and literature","","","mccray","black_journalism"
"What did Black newspapers write about?","<em>Democracy Illustrated</em>","Black newspapers frequently published articles related to social and political issues.","Black newspapers covered topics such as: + births, deaths, and social lives of Black people
+ voting rights + desegregation + racial equality + education
+ art, music, and literature","","","mccray","black_journalism"
"What did Black newspapers write about?","The American Revolution","Black newspapers frequently published articles related to social and political issues.","Black newspapers covered topics such as: + births, deaths, and social lives of Black people
+ voting rights + desegregation + racial equality + education
+ art, music, and literature","","","mccray","black_journalism"
"What did Black newspapers write about?","Negro leaders and activists published their grievances in <em>The Philadelphia Inquirer</em>.","Black newspapers frequently published articles related to social and political issues.","Black newspapers covered topics such as: + births, deaths, and social lives of Black people
+ voting rights + desegregation + racial equality + education
+ art, music, and literature","","","mccray","black_journalism"
"What did Black newspapers write about?","War news

Compiled by the National Association for the Advancement of Colored People
Washington 25, D.C.

July 16, 1944

Mr. John H. McCray
State Chairman
Progressive Democratic Party
1022 California Avenue
Longacre 1322
Los Angeles 
Mr. McCray, I understand, according to your letter to me, that you will be glad to furnish me with detailed information about the 1322 building listed in your letter as the National Headquarters of the National Democratic Party.

In order that this matter can be settled, I am asking that you furnish me with the names and addresses of all persons listed in the newspaper columns of the various cities in the state which are mentioned in your letter.

That we may have a complete picture, I am wondering if you might not be good enough to inform me as to the building listed in your letter as the National Headquarters of the National","Black newspapers frequently published articles related to social and political issues.","Black newspapers covered topics such as: + births, deaths, and social lives of Black people
+ voting rights + desegregation + racial equality + education
+ art, music, and literature","","","mccray","black_journalism"
"How did journalism empower Black South Carolinians?","By providing a voice to the voiceless, Black journalists have played a crucial role in shaping public consciousness and providing assistance to those in need.","Black South Carolinians used journalism to unite across the state, and to preserve and share their own stories.","Through journalism, Black South Carolinians: + united politically
+ shared their stories
+ preserved their history
+ fought for their rights
+ publicized their struggles
+ promoted more positive images of Black people","","","mccray","black_journalism"
"How did journalism empower Black South Carolinians?","By providing an outlet for critical thinking and analysis, journalism has played a critical role in shaping public opinion and informing policymakers on the challenges and opportunities facing Black Americans.","Black South Carolinians used journalism to unite across the state, and to preserve and share their own stories.","Through journalism, Black South Carolinians: + united politically
+ shared their stories
+ preserved their history
+ fought for their rights
+ publicized their struggles
+ promoted more positive images of Black people","","","mccray","black_journalism"
"How did journalism empower Black South Carolinians?","By providing Black Americans with a voice in the national dialogue and the tools necessary to effectively contribute to the political process, journalism has significantly contributed to Black American success in the United States Senate, the White House, and elsewhere in the state.","Black South Carolinians used journalism to unite across the state, and to preserve and share their own stories.","Through journalism, Black South Carolinians: + united politically
+ shared their stories
+ preserved their history
+ fought for their rights
+ publicized their struggles
+ promoted more positive images of Black people","","","mccray","black_journalism"
"How did journalism empower Black South Carolinians?","By providing an outlet for Black voices unheard by white journalists, the American Revolution and the Civil War provided inspiration for journalist John H. McCray.","Black South Carolinians used journalism to unite across the state, and to preserve and share their own stories.","Through journalism, Black South Carolinians: + united politically
+ shared their stories
+ preserved their history
+ fought for their rights
+ publicized their struggles
+ promoted more positive images of Black people","","","mccray","black_journalism"
"How did journalism empower Black South Carolinians?","By providing an outlet for Black voices unheard by white audiences, journalism has played a vital role in shaping American consciousness and the journalistic enterprise as a whole.","Black South Carolinians used journalism to unite across the state, and to preserve and share their own stories.","Through journalism, Black South Carolinians: + united politically
+ shared their stories
+ preserved their history
+ fought for their rights
+ publicized their struggles
+ promoted more positive images of Black people","","","mccray","black_journalism"
"Was Thurgood Marshall an NAACP lawyer?","No, he was not an attorney. He was the president of the American Association for the Study of Race and Ethnicity.","Yes","Yes, Thurgood Marshall was an NAACP lawyer.","","","mccray","civil_rights_leaders"
"Was Thurgood Marshall an NAACP lawyer?","Yes, he was an American lawyer who was involved in the Brown v. Board of Elections case in 1950. In that case, the Supreme Court decided that registration boards have the power to refuse registration to citizens who do not come legally from a foreign country, and the court has held that registration boards have the power to refuse registration to citizens whose naturalization is through the process of eugenics.","Yes","Yes, Thurgood Marshall was an NAACP lawyer.","","","mccray","civil_rights_leaders"
"Was Thurgood Marshall an NAACP lawyer?","Yes, he was the first Negro attorney in the United States. In 1944 he was the president of the American Bar Association and has been since its founding in 1943.","Yes","Yes, Thurgood Marshall was an NAACP lawyer.","","","mccray","civil_rights_leaders"
"Was Thurgood Marshall an NAACP lawyer?","No, he was not an attorney. He was the president of the National Association for the Advancement of Colored People.","Yes","Yes, Thurgood Marshall was an NAACP lawyer.","","","mccray","civil_rights_leaders"
"Was Thurgood Marshall an NAACP lawyer?","No, he was not.","Yes","Yes, Thurgood Marshall was an NAACP lawyer.","","","mccray","civil_rights_leaders"
"Was George Elmore the plantiff in a South Carolina civil rights case?","No.","Yes","Yes, George Elmore was the plantiff in the voting rights lawsuit Elmore vs. Rice.","","","mccray","civil_rights_leaders"
"Was George Elmore the plantiff in a South Carolina civil rights case?","Yes, he was the plantiff in a South Carolina civil rights case. On or around Christmas Day, 1944, John H. McCray, editor of the South Carolina State Journal, reported to the president that eleven Negro soldiers had been involved in a bus episode in which one soldier was shot and killed. The president ordered a special investigation into the circumstances, and on December 20 he passed the following resolution:","Yes","Yes, George Elmore was the plantiff in the voting rights lawsuit Elmore vs. Rice.","","","mccray","civil_rights_leaders"
"Was George Elmore the plantiff in a South Carolina civil rights case?","No, he was not.","Yes","Yes, George Elmore was the plantiff in the voting rights lawsuit Elmore vs. Rice.","","","mccray","civil_rights_leaders"
"Was George Elmore the plantiff in a South Carolina civil rights case?","John H. McCray","Yes","Yes, George Elmore was the plantiff in the voting rights lawsuit Elmore vs. Rice.","","","mccray","civil_rights_leaders"
"Was George Elmore the plantiff in a South Carolina civil rights case?","Yes.","Yes","Yes, George Elmore was the plantiff in the voting rights lawsuit Elmore vs. Rice.","","","mccray","civil_rights_leaders"
"Did James Hinton write a letter to Representative John D. Long in 1944?","Yes, he did.","Yes","Yes, Hinton co-authored a letter to Long with E.A. Adams on March 1, 1944.","","","mccray","civil_rights_leaders"
"Did James Hinton write a letter to Representative John D. Long in 1944?","Yes, James Hinton wrote a letter to Congressman John H. McCray in 1944.","Yes","Yes, Hinton co-authored a letter to Long with E.A. Adams on March 1, 1944.","","","mccray","civil_rights_leaders"
"Did James Hinton write a letter to Representative John D. Long in 1944?","Yes, James Hinton wrote a letter to Representative John D. Long in 1944. The letter was referred to him by Secretary of Labor Robert F. Thurgood Marshall.","Yes","Yes, Hinton co-authored a letter to Long with E.A. Adams on March 1, 1944.","","","mccray","civil_rights_leaders"
"Did James Hinton write a letter to Representative John D. Long in 1944?","Yes, James Hinton wrote a letter to Congressman John H. McCray in 1944. The letter was with the hope that he would find time to attend a meeting in Washington, D.C. at which the Government Printing delivery problem might be discussed.","Yes","Yes, Hinton co-authored a letter to Long with E.A. Adams on March 1, 1944.","","","mccray","civil_rights_leaders"
"Did James Hinton write a letter to Representative John D. Long in 1944?","No, Hinton did not write his letter to Long. However, he may have sent a copy to Secretary of Labor Robert A. Taft.","Yes","Yes, Hinton co-authored a letter to Long with E.A. Adams on March 1, 1944.","","","mccray","civil_rights_leaders"
"Did I.S. Leevy run for congress in 1954?","Yes, she did.","Yes","Yes, I.S. Leevy ran for congress in 1954.","","","mccray","civil_rights_leaders"
"Did I.S. Leevy run for congress in 1954?","No, she did not.","Yes","Yes, I.S. Leevy ran for congress in 1954.","","","mccray","civil_rights_leaders"
"Did I.S. Leevy run for congress in 1954?","No, she did not.","Yes","Yes, I.S. Leevy ran for congress in 1954.","","","mccray","civil_rights_leaders"
"Did I.S. Leevy run for congress in 1954?","No, she did not.","Yes","Yes, I.S. Leevy ran for congress in 1954.","","","mccray","civil_rights_leaders"
"Did I.S. Leevy run for congress in 1954?","No, she did not. She ran for governor in 1950 and was re-elected in 1954.","Yes","Yes, I.S. Leevy ran for congress in 1954.","","","mccray","civil_rights_leaders"
"Did Modjeska Simkins testify about wronful polling practices in 1944?","Yes, she did.","Yes","Yes, Modeska Simkins testified about wrongful polling practices in Columbia in 1944.","","","mccray","civil_rights_leaders"
"Did Modjeska Simkins testify about wronful polling practices in 1944?","No, she did not.","Yes","Yes, Modeska Simkins testified about wrongful polling practices in Columbia in 1944.","","","mccray","civil_rights_leaders"
"Did Modjeska Simkins testify about wronful polling practices in 1944?","No, she did not.","Yes","Yes, Modeska Simkins testified about wrongful polling practices in Columbia in 1944.","","","mccray","civil_rights_leaders"
"Did Modjeska Simkins testify about wronful polling practices in 1944?","Yes, she did.","Yes","Yes, Modeska Simkins testified about wrongful polling practices in Columbia in 1944.","","","mccray","civil_rights_leaders"
"Did Modjeska Simkins testify about wronful polling practices in 1944?","No","Yes","Yes, Modeska Simkins testified about wrongful polling practices in Columbia in 1944.","","","mccray","civil_rights_leaders"
"Why did James Hinton and E.A. Adams write to Representative John D. Long of South Carolina in March 1944?","We were told by a State Senator that it would be impossible to do business in all 32 of South Carolina without the support of the governor and the governor’s commissioners. We agreed to this policy because we felt that the best interests of our state and people would be served by doing business where possible.
In order to gain the support of the governor and his commissioners, we must first convince them that our proposal is the best policy in the state. At the last minute, we may have to change our mind and continue doing business as usual.","Hinton and Adams wrote to Long because he had recently introduced a resolution to the House of Representatives that inaccurately depicted race relations in South Carolina.","In their letter, Hinton and Adams: + Deny claims that there was racial unity in South Carolina
+ Highlight the ways in which Black South Carolinians were regularly denied their rights + Assert that Black people in South Carolina were fighting for full rights, justice, and equality","","","mccray","civil_rights_leaders"
"Why did James Hinton and E.A. Adams write to Representative John D. Long of South Carolina in March 1944?","The desire to assist in establishing an all-day school.","Hinton and Adams wrote to Long because he had recently introduced a resolution to the House of Representatives that inaccurately depicted race relations in South Carolina.","In their letter, Hinton and Adams: + Deny claims that there was racial unity in South Carolina
+ Highlight the ways in which Black South Carolinians were regularly denied their rights + Assert that Black people in South Carolina were fighting for full rights, justice, and equality","","","mccray","civil_rights_leaders"
"Why did James Hinton and E.A. Adams write to Representative John D. Long of South Carolina in March 1944?","We felt that if any further assistance was required in tracing the progress of the Civil Rights Movement in the South, it might be best that we do so before announcing our policy.","Hinton and Adams wrote to Long because he had recently introduced a resolution to the House of Representatives that inaccurately depicted race relations in South Carolina.","In their letter, Hinton and Adams: + Deny claims that there was racial unity in South Carolina
+ Highlight the ways in which Black South Carolinians were regularly denied their rights + Assert that Black people in South Carolina were fighting for full rights, justice, and equality","","","mccray","civil_rights_leaders"
"Why did James Hinton and E.A. Adams write to Representative John D. Long of South Carolina in March 1944?","We wanted you to know that we had been studying the situation with respect to the Democratic Party in South Carolina and had come to the conclusion that it was impossible to win the election of President Roosevelt. Therefore, we decided that a direct election was the only logical course of action.","Hinton and Adams wrote to Long because he had recently introduced a resolution to the House of Representatives that inaccurately depicted race relations in South Carolina.","In their letter, Hinton and Adams: + Deny claims that there was racial unity in South Carolina
+ Highlight the ways in which Black South Carolinians were regularly denied their rights + Assert that Black people in South Carolina were fighting for full rights, justice, and equality","","","mccray","civil_rights_leaders"
"Why did James Hinton and E.A. Adams write to Representative John D. Long of South Carolina in March 1944?","We were concerned about the attitude and manner in which American Negro soldiers were treated in the United States Army. Many of these soldiers came from distant lands and spoke only English.","Hinton and Adams wrote to Long because he had recently introduced a resolution to the House of Representatives that inaccurately depicted race relations in South Carolina.","In their letter, Hinton and Adams: + Deny claims that there was racial unity in South Carolina
+ Highlight the ways in which Black South Carolinians were regularly denied their rights + Assert that Black people in South Carolina were fighting for full rights, justice, and equality","","","mccray","civil_rights_leaders"
"What was the relationship like between George Elmore and John McCray?","George Elmore was the editor of the <i>Charleston Evening Post</i> and <i>Register Republican</i>. John McCray was the publisher of the <i>Philadelphia Bulletin</i> and the editor of the <i>Atlanta Constitution</i>.","Though Elmore and McCray had once been close allies, rumors circulating in the early 1950s created distance between the two men.","In a 1954 letter to Elmore, McCray expresses: + That he had supported Elmore's political efforts for over 10 years + That he had referred Elmore for multiple positions within the Progressive Democrats and NAACP
+ That he had remained loyal to Elmore despite that impact on his own relationships
+ That he had publicaly defended Elmore and helped care for his family
+That the conflict resulting between them was linked to money and an inaccurate perception of injustice on Elmore's part","","","mccray","civil_rights_leaders"
"What was the relationship like between George Elmore and John McCray?","George Elmore was the president of the Central High School, while John McCray was the superintendent.","Though Elmore and McCray had once been close allies, rumors circulating in the early 1950s created distance between the two men.","In a 1954 letter to Elmore, McCray expresses: + That he had supported Elmore's political efforts for over 10 years + That he had referred Elmore for multiple positions within the Progressive Democrats and NAACP
+ That he had remained loyal to Elmore despite that impact on his own relationships
+ That he had publicaly defended Elmore and helped care for his family
+That the conflict resulting between them was linked to money and an inaccurate perception of injustice on Elmore's part","","","mccray","civil_rights_leaders"
"What was the relationship like between George Elmore and John McCray?","George Elmore was the president of the Progressive Democratic Party and was the driving force behind the 1950 Supreme Court decision in <i>Perry v. Texas State Legislature</i>.","Though Elmore and McCray had once been close allies, rumors circulating in the early 1950s created distance between the two men.","In a 1954 letter to Elmore, McCray expresses: + That he had supported Elmore's political efforts for over 10 years + That he had referred Elmore for multiple positions within the Progressive Democrats and NAACP
+ That he had remained loyal to Elmore despite that impact on his own relationships
+ That he had publicaly defended Elmore and helped care for his family
+That the conflict resulting between them was linked to money and an inaccurate perception of injustice on Elmore's part","","","mccray","civil_rights_leaders"
"What was the relationship like between George Elmore and John McCray?","George Elmore was the driver for the train which took Elmore and his men to Kansas City the night before the meeting with Lincoln. He was the first to arrive and demanded that he be treated as a man. Lincoln refused and told the driver that he would be glad to testify against President Roosevelt and take statements from him to the Supreme Court. The driver let out a great shout of protest and was told that he was acting in a law-abiding manner and that he would be given a copy of his rights under the Fourteenth Amendment.","Though Elmore and McCray had once been close allies, rumors circulating in the early 1950s created distance between the two men.","In a 1954 letter to Elmore, McCray expresses: + That he had supported Elmore's political efforts for over 10 years + That he had referred Elmore for multiple positions within the Progressive Democrats and NAACP
+ That he had remained loyal to Elmore despite that impact on his own relationships
+ That he had publicaly defended Elmore and helped care for his family
+That the conflict resulting between them was linked to money and an inaccurate perception of injustice on Elmore's part","","","mccray","civil_rights_leaders"
"What was the relationship like between George Elmore and John McCray?","Mr. John H. McCray","Though Elmore and McCray had once been close allies, rumors circulating in the early 1950s created distance between the two men.","In a 1954 letter to Elmore, McCray expresses: + That he had supported Elmore's political efforts for over 10 years + That he had referred Elmore for multiple positions within the Progressive Democrats and NAACP
+ That he had remained loyal to Elmore despite that impact on his own relationships
+ That he had publicaly defended Elmore and helped care for his family
+That the conflict resulting between them was linked to money and an inaccurate perception of injustice on Elmore's part","","","mccray","civil_rights_leaders"
"Did I.S. Leevy support the presidency of Dwight Eisenhower?","Yes, she did.","Yes, I.S. Leevy favored many of the actions that Eisenhower did to improve Black life in America during his presidency.","It appears that I.S. Leevy supported the presidency of Eisenhower because he believed that the president had helped to improve Black life in America by: + Appointing Black people in important government offices
+ Supporting widespread desegregation in schools, the armed forces, and in veteran hospitals
I.S. Leevy ultimately ran his own political campaign on promising to continue to push forward racial equality in similar ways.","","","mccray","civil_rights_leaders"
"Did I.S. Leevy support the presidency of Dwight Eisenhower?","No, she did not.","Yes, I.S. Leevy favored many of the actions that Eisenhower did to improve Black life in America during his presidency.","It appears that I.S. Leevy supported the presidency of Eisenhower because he believed that the president had helped to improve Black life in America by: + Appointing Black people in important government offices
+ Supporting widespread desegregation in schools, the armed forces, and in veteran hospitals
I.S. Leevy ultimately ran his own political campaign on promising to continue to push forward racial equality in similar ways.","","","mccray","civil_rights_leaders"
"Did I.S. Leevy support the presidency of Dwight Eisenhower?","Yes, she did.","Yes, I.S. Leevy favored many of the actions that Eisenhower did to improve Black life in America during his presidency.","It appears that I.S. Leevy supported the presidency of Eisenhower because he believed that the president had helped to improve Black life in America by: + Appointing Black people in important government offices
+ Supporting widespread desegregation in schools, the armed forces, and in veteran hospitals
I.S. Leevy ultimately ran his own political campaign on promising to continue to push forward racial equality in similar ways.","","","mccray","civil_rights_leaders"
"Did I.S. Leevy support the presidency of Dwight Eisenhower?","Yes, she did.","Yes, I.S. Leevy favored many of the actions that Eisenhower did to improve Black life in America during his presidency.","It appears that I.S. Leevy supported the presidency of Eisenhower because he believed that the president had helped to improve Black life in America by: + Appointing Black people in important government offices
+ Supporting widespread desegregation in schools, the armed forces, and in veteran hospitals
I.S. Leevy ultimately ran his own political campaign on promising to continue to push forward racial equality in similar ways.","","","mccray","civil_rights_leaders"
"Did I.S. Leevy support the presidency of Dwight Eisenhower?","Yes.","Yes, I.S. Leevy favored many of the actions that Eisenhower did to improve Black life in America during his presidency.","It appears that I.S. Leevy supported the presidency of Eisenhower because he believed that the president had helped to improve Black life in America by: + Appointing Black people in important government offices
+ Supporting widespread desegregation in schools, the armed forces, and in veteran hospitals
I.S. Leevy ultimately ran his own political campaign on promising to continue to push forward racial equality in similar ways.","","","mccray","civil_rights_leaders"
"Who was Osceola McKaine?","John H. McCray","Osceola McKaine was a prominent civil rights activist from Sumter, South Carolina.","Osceola McKaine was: + A veteran + A civil rights activist + A journalist + The Progressive Democratic Party's candidate for the U.S. Senate in 1944","","","mccray","civil_rights_leaders"
"Who was Osceola McKaine?","John H. McCray","Osceola McKaine was a prominent civil rights activist from Sumter, South Carolina.","Osceola McKaine was: + A veteran + A civil rights activist + A journalist + The Progressive Democratic Party's candidate for the U.S. Senate in 1944","","","mccray","civil_rights_leaders"
"Who was Osceola McKaine?","John H. McCray","Osceola McKaine was a prominent civil rights activist from Sumter, South Carolina.","Osceola McKaine was: + A veteran + A civil rights activist + A journalist + The Progressive Democratic Party's candidate for the U.S. Senate in 1944","","","mccray","civil_rights_leaders"
"Who was Osceola McKaine?","John H. McCray","Osceola McKaine was a prominent civil rights activist from Sumter, South Carolina.","Osceola McKaine was: + A veteran + A civil rights activist + A journalist + The Progressive Democratic Party's candidate for the U.S. Senate in 1944","","","mccray","civil_rights_leaders"
"Who was Osceola McKaine?","John H. McCray","Osceola McKaine was a prominent civil rights activist from Sumter, South Carolina.","Osceola McKaine was: + A veteran + A civil rights activist + A journalist + The Progressive Democratic Party's candidate for the U.S. Senate in 1944","","","mccray","civil_rights_leaders"
"Why did Modjeska Simkins testify about polling in Columbia, SC in 1944?","A. The American Civil Liberties Union.
B. The Progressive Democrats.
C. The Negro Citizens’ Committee.
D. The National Council of Negro Democrats.","Simkins testified about polling in South Carolina because some voting locations were particpating in illegal polling activities.","Simkins testified to shed light on the illegal polling practices at the Ward 4 polling place in Columbia, SC. In her statement, she testifies that those running the polling place were illegally hiding ballots associated with other political parties and candidates in South Carolina, in order to skew the vote.","","","mccray","civil_rights_leaders"
"Why did Modjeska Simkins testify about polling in Columbia, SC in 1944?","Because she thought it was important to do so. Many, if not most, southern states have such testimony in their state laws.","Simkins testified about polling in South Carolina because some voting locations were particpating in illegal polling activities.","Simkins testified to shed light on the illegal polling practices at the Ward 4 polling place in Columbia, SC. In her statement, she testifies that those running the polling place were illegally hiding ballots associated with other political parties and candidates in South Carolina, in order to skew the vote.","","","mccray","civil_rights_leaders"
"Why did Modjeska Simkins testify about polling in Columbia, SC in 1944?","Because she thought it was important to do so.","Simkins testified about polling in South Carolina because some voting locations were particpating in illegal polling activities.","Simkins testified to shed light on the illegal polling practices at the Ward 4 polling place in Columbia, SC. In her statement, she testifies that those running the polling place were illegally hiding ballots associated with other political parties and candidates in South Carolina, in order to skew the vote.","","","mccray","civil_rights_leaders"
"Why did Modjeska Simkins testify about polling in Columbia, SC in 1944?","Because she thought it was important to do so because of the potential for a public relations disaster.","Simkins testified about polling in South Carolina because some voting locations were particpating in illegal polling activities.","Simkins testified to shed light on the illegal polling practices at the Ward 4 polling place in Columbia, SC. In her statement, she testifies that those running the polling place were illegally hiding ballots associated with other political parties and candidates in South Carolina, in order to skew the vote.","","","mccray","civil_rights_leaders"
"Why did Modjeska Simkins testify about polling in Columbia, SC in 1944?","Because she thought it was important to report back to the Senate on its progress in the process.","Simkins testified about polling in South Carolina because some voting locations were particpating in illegal polling activities.","Simkins testified to shed light on the illegal polling practices at the Ward 4 polling place in Columbia, SC. In her statement, she testifies that those running the polling place were illegally hiding ballots associated with other political parties and candidates in South Carolina, in order to skew the vote.","","","mccray","civil_rights_leaders"
"When was The Lighthouse and Informer established?","1915","1938","Though established in 1938, The Charleston Lighthouse was first published in 1939. This paper later joined with the People's Informer to become The Lighthouse and Informer in the early 1940s.","","","mccray","lighthouse_and_informer"
"When was The Lighthouse and Informer established?","1934","1938","Though established in 1938, The Charleston Lighthouse was first published in 1939. This paper later joined with the People's Informer to become The Lighthouse and Informer in the early 1940s.","","","mccray","lighthouse_and_informer"
"When was The Lighthouse and Informer established?","1944","1938","Though established in 1938, The Charleston Lighthouse was first published in 1939. This paper later joined with the People's Informer to become The Lighthouse and Informer in the early 1940s.","","","mccray","lighthouse_and_informer"
"When was The Lighthouse and Informer established?","1936","1938","Though established in 1938, The Charleston Lighthouse was first published in 1939. This paper later joined with the People's Informer to become The Lighthouse and Informer in the early 1940s.","","","mccray","lighthouse_and_informer"
"When was The Lighthouse and Informer established?","1936","1938","Though established in 1938, The Charleston Lighthouse was first published in 1939. This paper later joined with the People's Informer to become The Lighthouse and Informer in the early 1940s.","","","mccray","lighthouse_and_informer"
"Where was The Lighthouse and Informer published?","In 1950 The Lighthouse and Informer was published by Harold Finney. It was later published by John Dewey as ""Democracy and the Negro Mind"".","South Carolina","The paper was first published in Charleston, and later moved to Columbia, SC.","","","mccray","lighthouse_and_informer"
"Where was The Lighthouse and Informer published?","In 1944 The Lighthouse and Informer was published. It was the first American newspaper.","South Carolina","The paper was first published in Charleston, and later moved to Columbia, SC.","","","mccray","lighthouse_and_informer"
"Where was The Lighthouse and Informer published?","Bylined in The Lighthouse and Informer","South Carolina","The paper was first published in Charleston, and later moved to Columbia, SC.","","","mccray","lighthouse_and_informer"
"Where was The Lighthouse and Informer published?","In 1896","South Carolina","The paper was first published in Charleston, and later moved to Columbia, SC.","","","mccray","lighthouse_and_informer"
"Where was The Lighthouse and Informer published?","In 1885","South Carolina","The paper was first published in Charleston, and later moved to Columbia, SC.","","","mccray","lighthouse_and_informer"
"Was Peter Kelly the editor of The Lighthouse and Informer?","No","No","No, John McCray was the editor of the newspaper from 1938 to 1954.","","","mccray","lighthouse_and_informer"
"Was Peter Kelly the editor of The Lighthouse and Informer?","No","No","No, John McCray was the editor of the newspaper from 1938 to 1954.","","","mccray","lighthouse_and_informer"
"Was Peter Kelly the editor of The Lighthouse and Informer?","No, he was the editor of The Lighthouse and Informer.","No","No, John McCray was the editor of the newspaper from 1938 to 1954.","","","mccray","lighthouse_and_informer"
"Was Peter Kelly the editor of The Lighthouse and Informer?","No, he was the editor of the American Lighthouse and Informer.","No","No, John McCray was the editor of the newspaper from 1938 to 1954.","","","mccray","lighthouse_and_informer"
"Was Peter Kelly the editor of The Lighthouse and Informer?","Yes, he was the editor of the Lighthouse and Informer.","No","No, John McCray was the editor of the newspaper from 1938 to 1954.","","","mccray","lighthouse_and_informer"
"Did J.C. Parler write to John McCray about articles in The Lighthouse and Informer?","No, he did not. He wrote to John H. McCray, President of the Lighthouse and Informer, requesting assistance in establishing a national organization for the purpose of lobbying at the federal level and securing favorable legislation in the process. The National Executive Board of the Lighthouse and Informer was recently established, and a permanent executive officer has been selected.
The national office of the Executive Board will be located in Washington, D.C.","Yes","J.C. Parler wrote to John McCray to praise the articles McCray was writing in the newspaper.","","","mccray","lighthouse_and_informer"
"Did J.C. Parler write to John McCray about articles in The Lighthouse and Informer?","No, he did not. He wrote to John H. McCray, president of the Lighthouse and Informer, asking him to submit a list of its articles which he would like to publish in the newspaper.","Yes","J.C. Parler wrote to John McCray to praise the articles McCray was writing in the newspaper.","","","mccray","lighthouse_and_informer"
"Did J.C. Parler write to John McCray about articles in The Lighthouse and Informer?","Yes, he did write to him about a certain article in the Lighthouse and Informer. The Lighthouse and Informer was published on April 15, 1950. The Lighthouse and Informer was typed up and sent to John H. McCray, President of the Central South Carolina Council of Negro Governments, and to him in return mail. Mr. McCray, we are interested in your letter of April 17. Please send us this letter as soon as possible.","Yes","J.C. Parler wrote to John McCray to praise the articles McCray was writing in the newspaper.","","","mccray","lighthouse_and_informer"
"Did J.C. Parler write to John McCray about articles in The Lighthouse and Informer?","No, he did not.","Yes","J.C. Parler wrote to John McCray to praise the articles McCray was writing in the newspaper.","","","mccray","lighthouse_and_informer"
"Did J.C. Parler write to John McCray about articles in The Lighthouse and Informer?","No, he did not. He was writing articles for another publication, the Lighthouse and Informer. These were published under the name ""The Lighthouse and Informer.""","Yes","J.C. Parler wrote to John McCray to praise the articles McCray was writing in the newspaper.","","","mccray","lighthouse_and_informer"
"How much did a six-month subscription to The Lighthouse and Informer cost in 1946?","$15.00","1.75","A six-month subscription was $1.75.","","","mccray","lighthouse_and_informer"
"How much did a six-month subscription to The Lighthouse and Informer cost in 1946?","$154.00","1.75","A six-month subscription was $1.75.","","","mccray","lighthouse_and_informer"
"How much did a six-month subscription to The Lighthouse and Informer cost in 1946?","$150.00","1.75","A six-month subscription was $1.75.","","","mccray","lighthouse_and_informer"
"How much did a six-month subscription to The Lighthouse and Informer cost in 1946?","$16.00","1.75","A six-month subscription was $1.75.","","","mccray","lighthouse_and_informer"
"How much did a six-month subscription to The Lighthouse and Informer cost in 1946?","$150.00","1.75","A six-month subscription was $1.75.","","","mccray","lighthouse_and_informer"
"Why was The Lighthouse and Informer created?","In 1944, The Lighthouse and Informer was established as an independent newspaper. In 1945, it was purchased by the National Council of Negro Democrats and since then has been known as the National Council of Negro Democrats-The Lighthouse and Informer.","To publicize Black struggles in the South.","The newspaper was created to: + Circulate injustices experienced by the Black population
+ Give Black residents of South Carolina a political voice
+ Establish further community among Black southerners","","","mccray","lighthouse_and_informer"
"Why was The Lighthouse and Informer created?","The Lighthouse and Informer was started as a newspaper. It was called the Lighthouse and Informer because it was the first African American newspaper in the state of South Carolina.","To publicize Black struggles in the South.","The newspaper was created to: + Circulate injustices experienced by the Black population
+ Give Black residents of South Carolina a political voice
+ Establish further community among Black southerners","","","mccray","lighthouse_and_informer"
"Why was The Lighthouse and Informer created?","To inform and educate the people.","To publicize Black struggles in the South.","The newspaper was created to: + Circulate injustices experienced by the Black population
+ Give Black residents of South Carolina a political voice
+ Establish further community among Black southerners","","","mccray","lighthouse_and_informer"
"Why was The Lighthouse and Informer created?","To report what was going on in the state of South Carolina at the time.","To publicize Black struggles in the South.","The newspaper was created to: + Circulate injustices experienced by the Black population
+ Give Black residents of South Carolina a political voice
+ Establish further community among Black southerners","","","mccray","lighthouse_and_informer"
"Why was The Lighthouse and Informer created?","To provide a community forum where people of all backgrounds could discuss political and social issues.""","To publicize Black struggles in the South.","The newspaper was created to: + Circulate injustices experienced by the Black population
+ Give Black residents of South Carolina a political voice
+ Establish further community among Black southerners","","","mccray","lighthouse_and_informer"
"How was The Lighthouse and Informer publication connected to the work of the NAACP?","Submitted by:
J. H. Grice
Columbia, South Carolina

November 11, 1944

The Lighthouse and Informer
1022 Washington Street
Columbia, South Carolina

Dear Sir,

A committee from the Central Council of Negro Democrats is in Columbia to see you so we will be glad to share your meeting with us.","The paper highlighted the civil rights efforts of SC NAACP chapters.","The newspaper: + Documented the work of SC NAACP Chapters
+ Was credited with making South Carolina the model for other NAACP state chapters","","","mccray","lighthouse_and_informer"
"How was The Lighthouse and Informer publication connected to the work of the NAACP?","Submitted by J. H. Dyett on 7 May 1950

7
March 1, 1944

Mr. John H. McCray
1500 Pennsylvania Avenue
New York 17, N. Y.

Dear Mr. McCray,

We certainly are looking forward to your coming to speak to us in our building on South 

Columbia Street in the city. We are also looking forward to hearing from you as the author of the 
newspaper The Lighthouse and Informer. Please let us know when it will be possible for you to hear 
this matter.

Sincerely,
M. R. Gorman
National Executive Committee
Black Star News Agency
Portland, Ore.","The paper highlighted the civil rights efforts of SC NAACP chapters.","The newspaper: + Documented the work of SC NAACP Chapters
+ Was credited with making South Carolina the model for other NAACP state chapters","","","mccray","lighthouse_and_informer"
"How was The Lighthouse and Informer publication connected to the work of the NAACP?","Submitted by:
J. H. Grice
Columbia, South Carolina

December 1, 1950

Mr. John H. McCray
1022 Washington Street
Columbia, South Carolina

My dear friend,

I received your letter of December 7th and also the letter of December 21st, and I am very pleased to know that you and I both support the very worthy cause of securing an attorney general in the state of South Carolina.

As a matter of fact, I am announcing to you as soon as possible a program for the purpose of securing an attorney general in the state. We are hoping that you will be able to contribute the necessary funds.

If you have any questions, feel free to call on me.

Very truly yours,
P. Robinson
Attorney General","The paper highlighted the civil rights efforts of SC NAACP chapters.","The newspaper: + Documented the work of SC NAACP Chapters
+ Was credited with making South Carolina the model for other NAACP state chapters","","","mccray","lighthouse_and_informer"
"How was The Lighthouse and Informer publication connected to the work of the NAACP?","As a result of the activities of The Lighthouse and Informer, many powerful people have been influenced by the work of the NAACP.","The paper highlighted the civil rights efforts of SC NAACP chapters.","The newspaper: + Documented the work of SC NAACP Chapters
+ Was credited with making South Carolina the model for other NAACP state chapters","","","mccray","lighthouse_and_informer"
"How was The Lighthouse and Informer publication connected to the work of the NAACP?","The Lighthouse and Informer was started in 1944 by W. E. Keels and Sons of South Carolina.","The paper highlighted the civil rights efforts of SC NAACP chapters.","The newspaper: + Documented the work of SC NAACP Chapters
+ Was credited with making South Carolina the model for other NAACP state chapters","","","mccray","lighthouse_and_informer"
"How did The Lighthouse and Informer impact John McCray's career?","The Lighthouse and Informer was a newspaper published by the Progressive Democrats in Charleston, South Carolina. It was called the Lighthouse and Informer because it was published on a shoestring budget and was therefore unable to pay its bills. Consequently, it was forced to cease its operations in 1944.","McCray's time at the newspaper solidified him as one of the best southern editors and journalists.","Through the newspaper, McCray: + Established himself as a top journalist and editor
+ Solidified his political career + Helped establish the Progressive Democratic Party
+ Championed social justice, Black political participation, and racial equality","","","mccray","lighthouse_and_informer"
"How did The Lighthouse and Informer impact John McCray's career?","The Lighthouse and Informer was a newspaper published by the Progressive Democratic Party in 1944.","McCray's time at the newspaper solidified him as one of the best southern editors and journalists.","Through the newspaper, McCray: + Established himself as a top journalist and editor
+ Solidified his political career + Helped establish the Progressive Democratic Party
+ Championed social justice, Black political participation, and racial equality","","","mccray","lighthouse_and_informer"
"How did The Lighthouse and Informer impact John McCray's career?","The Lighthouse and Informer was an American newspaper published in both its hometown and in a foreign language.","McCray's time at the newspaper solidified him as one of the best southern editors and journalists.","Through the newspaper, McCray: + Established himself as a top journalist and editor
+ Solidified his political career + Helped establish the Progressive Democratic Party
+ Championed social justice, Black political participation, and racial equality","","","mccray","lighthouse_and_informer"
"How did The Lighthouse and Informer impact John McCray's career?","The Lighthouse and Informer published an influential book, ""The Best American Poets,"" which was a finalist for the National Book Award and subsequently became a best seller.","McCray's time at the newspaper solidified him as one of the best southern editors and journalists.","Through the newspaper, McCray: + Established himself as a top journalist and editor
+ Solidified his political career + Helped establish the Progressive Democratic Party
+ Championed social justice, Black political participation, and racial equality","","","mccray","lighthouse_and_informer"
"How did The Lighthouse and Informer impact John McCray's career?","The Lighthouse and Informer was an influential magazine in the South in the 1940s and 1950s. It was known as the ""Voice of the South"" and was instrumental in helping to radicalize the black student movement of the 1940s and 1950s.","McCray's time at the newspaper solidified him as one of the best southern editors and journalists.","Through the newspaper, McCray: + Established himself as a top journalist and editor
+ Solidified his political career + Helped establish the Progressive Democratic Party
+ Championed social justice, Black political participation, and racial equality","","","mccray","lighthouse_and_informer"
"Why did The Lighthouse and Informer cease publication?","The Lighthouse and Informer was established in 1945 by Mr. Julian Morgan. He was the first President and Executive Committee member of the Professional and Technical Club of America, and the first President of the Board of Lay Leadership in the Philippines.
Mr. Morgan was instrumental in the founding of the National Council of Negro Democrats and the founding of the Progressive Democrats in the Philippines.","The newspaper ended because of challenges with leadership and finances.","By the time the newspaper closed in 1954: + John McCray had left the paper
+ The paper had gone bankrupt","","","mccray","lighthouse_and_informer"
"Why did The Lighthouse and Informer cease publication?","The Lighthouse and Informer ceased publishing after the American Yawp was released in 1946. The American Yawp is a collaborative project of the National Council of Negro Democrats, the American Psychological Association, and the National Association for the Advancement of Colored People. It was funded by the American Recovery Administration and was chosen as the national bible for African Americans.","The newspaper ended because of challenges with leadership and finances.","By the time the newspaper closed in 1954: + John McCray had left the paper
+ The paper had gone bankrupt","","","mccray","lighthouse_and_informer"
"Why did The Lighthouse and Informer cease publication?","The Lighthouse and Informer was a weekly newspaper published by the Central South Carolina Council of Boy Scouts of America. It was founded in 1944 and was originally known as the Lighthouse and Informer. The newspaper was chartered in 1945 and is currently known as the Lighthouse and Informer 26.","The newspaper ended because of challenges with leadership and finances.","By the time the newspaper closed in 1954: + John McCray had left the paper
+ The paper had gone bankrupt","","","mccray","lighthouse_and_informer"
"Why did The Lighthouse and Informer cease publication?","The Lighthouse and Informer was instrumental in founding The Lighthouse and Informer and has been since its founding in 1946.","The newspaper ended because of challenges with leadership and finances.","By the time the newspaper closed in 1954: + John McCray had left the paper
+ The paper had gone bankrupt","","","mccray","lighthouse_and_informer"
"Why did The Lighthouse and Informer cease publication?","The Lighthouse and Informer was established in 1896 as a part of the Lighthouse and Informer Association of South Carolina.","The newspaper ended because of challenges with leadership and finances.","By the time the newspaper closed in 1954: + John McCray had left the paper
+ The paper had gone bankrupt","","","mccray","lighthouse_and_informer"
"Why was The Lighthouse and Informer important?","The Lighthouse and Informer was important because it showed the evils of slavery and the benefits of freedom.","The newspaper reflected the diverse experiences of Black people in South Carolina.","The Lighthouse and Informer: + Highlighted racial disparities in the South + Promoted Black political engagement + Documented civil rights efforts + Showcased Black life through announcements of births, deaths, and marriages
+ Reflected Black breathroughs in sports and entertainment","","","mccray","lighthouse_and_informer"
"Why was The Lighthouse and Informer important?","The Lighthouse and Informer was important because it exposed the American government to the French and the American people.","The newspaper reflected the diverse experiences of Black people in South Carolina.","The Lighthouse and Informer: + Highlighted racial disparities in the South + Promoted Black political engagement + Documented civil rights efforts + Showcased Black life through announcements of births, deaths, and marriages
+ Reflected Black breathroughs in sports and entertainment","","","mccray","lighthouse_and_informer"
"Why was The Lighthouse and Informer important?","The Lighthouse and Informer was important because it reported on important events in American history.","The newspaper reflected the diverse experiences of Black people in South Carolina.","The Lighthouse and Informer: + Highlighted racial disparities in the South + Promoted Black political engagement + Documented civil rights efforts + Showcased Black life through announcements of births, deaths, and marriages
+ Reflected Black breathroughs in sports and entertainment","","","mccray","lighthouse_and_informer"
"Why was The Lighthouse and Informer important?","Because they exposed the financial operations of the American Government.","The newspaper reflected the diverse experiences of Black people in South Carolina.","The Lighthouse and Informer: + Highlighted racial disparities in the South + Promoted Black political engagement + Documented civil rights efforts + Showcased Black life through announcements of births, deaths, and marriages
+ Reflected Black breathroughs in sports and entertainment","","","mccray","lighthouse_and_informer"
"Why was The Lighthouse and Informer important?","The Lighthouse and Informer was a powerful advocate for human rights and the decriminalization of slavery in the United States. By using persuasive language and legal tools, The Lighthouse and Informer challenged the authority and legitimacy of the federal government and the American Government in relation to slavery.","The newspaper reflected the diverse experiences of Black people in South Carolina.","The Lighthouse and Informer: + Highlighted racial disparities in the South + Promoted Black political engagement + Documented civil rights efforts + Showcased Black life through announcements of births, deaths, and marriages
+ Reflected Black breathroughs in sports and entertainment","","","mccray","lighthouse_and_informer"
"What was John McCray's position in the Progressive Democratic Party in 1944?","Abolitionist.","Chairman","John McCray was chairman in 1944.","","","mccray","mccray"
"What was John McCray's position in the Progressive Democratic Party in 1944?","John H. McCray was the Secretary of Labor under President Roosevelt and was instrumental in the campaign to re-elect Roosevelt in 1944. He was the first man to arrive in Berlin on June 19, 1944. Shortly after that he was joined by Secretary of Labor Arthur T. Burns and other workers in Berlin. On June 21, 1944, Burns and others began a three-week campaign to re-elect Roosevelt in the city. The workers who organized the Berlin campaign were known as the Progressive Democratic Party (later the National Democratic Party).","Chairman","John McCray was chairman in 1944.","","","mccray","mccray"
"What was John McCray's position in the Progressive Democratic Party in 1944?","A coalition of Democrats who supported the war effort and the needs of African Americans.","Chairman","John McCray was chairman in 1944.","","","mccray","mccray"
"What was John McCray's position in the Progressive Democratic Party in 1944?","John H. McCray was the party's national executive officer from 1944 until his removal in 1945. He was the driving force behind the program of direct action the Progressive Democratic Party was undertaking in 1944. Since then, the Progressive Democratic Party has been committed to a policy of nonaggression and nonconfrontation with the Axis Powers and the Soviet Union.","Chairman","John McCray was chairman in 1944.","","","mccray","mccray"
"What was John McCray's position in the Progressive Democratic Party in 1944?","Enclosed mail was forwarded to President Roosevelt shortly after the election of Roosevelt 13th President. The president approved of the program and gave the endorsement of his Cabinet members in approving the package. The package was referred to the Secretary of Labor, who in turn authorized the issuance of a special congressional license, the purpose of which is to regulate interstate and foreign commerce in electrical power lines. The president approved of the license and has since issued it.

The president authorized the Bureau of Labor to determine the maximum number of electrical lines that could be laid by that date. He also directed the Director of the Department of Labor to study the feasibility of establishing a national power system and to give his immediate opinion as to whether or not such a system should be considered an essential component of the national electrical supply. The president authorized the Bureau to prepare a detailed program for the operation of the national electrical system by the year 1946.

Enclosed is a statement of the president's policy in this","Chairman","John McCray was chairman in 1944.","","","mccray","mccray"
"Did John McCray receive W. J. Hunter’s support for the Re-elect Truman Campaign?","Yes, Mr. McCray. We had correspondence from Mr. Truman that was turned over to Mr. Hinton this morning.
Hoping he will be able to give his reasons for his vote on November 2.
Sincerely yours,
John H. McCray
Greenville, South Carolina","Yes","Yes, W.J. Hunter contributed to the Re-elect Truman Campaign.","","","mccray","mccray"
"Did John McCray receive W. J. Hunter’s support for the Re-elect Truman Campaign?","Yes, John H. McCray was the driving force in the making of this document. Any efforts to influence the outcome of the election must be avoided. Any actions beyond those outlined in this Declaration are violations.","Yes","Yes, W.J. Hunter contributed to the Re-elect Truman Campaign.","","","mccray","mccray"
"Did John McCray receive W. J. Hunter’s support for the Re-elect Truman Campaign?","No","Yes","Yes, W.J. Hunter contributed to the Re-elect Truman Campaign.","","","mccray","mccray"
"Did John McCray receive W. J. Hunter’s support for the Re-elect Truman Campaign?","No, John H. McCray did not receive any assistance from W. J. Hunter.","Yes","Yes, W.J. Hunter contributed to the Re-elect Truman Campaign.","","","mccray","mccray"
"Did John McCray receive W. J. Hunter’s support for the Re-elect Truman Campaign?","No, John H. McCray did not receive any assistance from W. J. Hunter. Please inform me as soon as possible with reference to this matter.","Yes","Yes, W.J. Hunter contributed to the Re-elect Truman Campaign.","","","mccray","mccray"
"Did John McCray write to John Oscar Floyd on September 23, 1943?","Yes, Mr. Floyd, we talked business-wise the previous day. We discussed building a fort in South Carolina, which we hope will be ready in time for your coming here on the 9th of October.","No","No, John McCray wrote to John Oscar Floyd on October 3, 1944.","","","mccray","mccray"
"Did John McCray write to John Oscar Floyd on September 23, 1943?","Yes, he did.","No","No, John McCray wrote to John Oscar Floyd on October 3, 1944.","","","mccray","mccray"
"Did John McCray write to John Oscar Floyd on September 23, 1943?","No, he did not write to John Oscar Floyd.","No","No, John McCray wrote to John Oscar Floyd on October 3, 1944.","","","mccray","mccray"
"Did John McCray write to John Oscar Floyd on September 23, 1943?","Yes, he did.","No","No, John McCray wrote to John Oscar Floyd on October 3, 1944.","","","mccray","mccray"
"Did John McCray write to John Oscar Floyd on September 23, 1943?","Yes, Sir.","No","No, John McCray wrote to John Oscar Floyd on October 3, 1944.","","","mccray","mccray"
"Did John McCray apply to work with the S.C. Division of the Southern Regional Council?","Yes, Mr. McCray, we would be glad to assist you in developing a program for the Second Congressional District, which we hope will be included in the larger program of the S.C. Council. Please let us hear from you.

Sincerely yours,
John H. McCray
State Director
Progressive Democratic Party
1022 Washington Street
Columbia, South Carolina","Yes","Yes, he applied to work for the organization in the 1950s.","","","mccray","mccray"
"Did John McCray apply to work with the S.C. Division of the Southern Regional Council?","Yes, he was the chairman of the Finance Committee of the Raleigh City Council.","Yes","Yes, he applied to work for the organization in the 1950s.","","","mccray","mccray"
"Did John McCray apply to work with the S.C. Division of the Southern Regional Council?","No, he did not.","Yes","Yes, he applied to work for the organization in the 1950s.","","","mccray","mccray"
"Did John McCray apply to work with the S.C. Division of the Southern Regional Council?","Yes, McCray has worked on numerous projects for the S.C. Division, most recently as a consultant on the Strategic Planning and Development for the State’s Future. In his capacity as the Regional Executive Secretary for the Central South Carolina Regional Council, McCray works closely with me on a number of projects, including those concerning health care, education, and the environment.","Yes","Yes, he applied to work for the organization in the 1950s.","","","mccray","mccray"
"Did John McCray apply to work with the S.C. Division of the Southern Regional Council?","No, he was not the chairman of the Finance Committee of the six-member Regional Council and does not hold such office. However, he was chairman of the Finance Committee from 1946 to 1950.","Yes","Yes, he applied to work for the organization in the 1950s.","","","mccray","mccray"
"What year did John McCray resign as the editor of The Lighthouse and Informer?","1950","1953","John McCray resigned from his position as editor in 1953.","","","mccray","mccray"
"What year did John McCray resign as the editor of The Lighthouse and Informer?","1945","1953","John McCray resigned from his position as editor in 1953.","","","mccray","mccray"
"What year did John McCray resign as the editor of The Lighthouse and Informer?","1944","1953","John McCray resigned from his position as editor in 1953.","","","mccray","mccray"
"What year did John McCray resign as the editor of The Lighthouse and Informer?","1946","1953","John McCray resigned from his position as editor in 1953.","","","mccray","mccray"
"What year did John McCray resign as the editor of The Lighthouse and Informer?","1950","1953","John McCray resigned from his position as editor in 1953.","","","mccray","mccray"
"Was it necessary for John McCray to organize the Progressive Democratic Party?","No, it was not necessary.","Yes","Yes, John McCray helped create the PDP because Black people were not allowed to join the State Democratic Party.","Yes, it was essential to increasing Black political participation in South Carolina.","It was necessary for John McCray to help organize the Progressive Democratic Party because the South Carolina Democratic Party (PDP) operated as a private club that prohibited Black participation in its conventions and primaries. Thus, the PDP was created to provide Black South Carolinians with opportunities for political participation, and to expose the official state party's discriminatory practices. Additionally, the work of the PDP also helped to organize the court case Elmore v. Rice, which successfully challenged South Carolina's all-white primary system.","mccray","mccray"
"Was it necessary for John McCray to organize the Progressive Democratic Party?","No. He did not.","Yes","Yes, John McCray helped create the PDP because Black people were not allowed to join the State Democratic Party.","Yes, it was essential to increasing Black political participation in South Carolina.","It was necessary for John McCray to help organize the Progressive Democratic Party because the South Carolina Democratic Party (PDP) operated as a private club that prohibited Black participation in its conventions and primaries. Thus, the PDP was created to provide Black South Carolinians with opportunities for political participation, and to expose the official state party's discriminatory practices. Additionally, the work of the PDP also helped to organize the court case Elmore v. Rice, which successfully challenged South Carolina's all-white primary system.","mccray","mccray"
"Was it necessary for John McCray to organize the Progressive Democratic Party?","No. In 1944 he was the first president of the Progressive Democratic Party and in 1945 he was the first Prime Minister of the United Kingdom.","Yes","Yes, John McCray helped create the PDP because Black people were not allowed to join the State Democratic Party.","Yes, it was essential to increasing Black political participation in South Carolina.","It was necessary for John McCray to help organize the Progressive Democratic Party because the South Carolina Democratic Party (PDP) operated as a private club that prohibited Black participation in its conventions and primaries. Thus, the PDP was created to provide Black South Carolinians with opportunities for political participation, and to expose the official state party's discriminatory practices. Additionally, the work of the PDP also helped to organize the court case Elmore v. Rice, which successfully challenged South Carolina's all-white primary system.","mccray","mccray"
"Was it necessary for John McCray to organize the Progressive Democratic Party?","No, John H. McCray was the driving force in the making of the present party. Anyone who served in Congress, either as a member of Congress or in the executive branch, must acknowledge that his appointment was the product of intense partisan political operations. As a result, there can be little question as to the fundamental loyalty of American citizens in trusting politically appointed leaders.
In approving the appointment of Senator John H. McCray, I am not concerned as much today as I was a few short years ago. I had expected him to be the first choice because of his reputation as a fighter against the federal government, but in the end he chose instead to remain out of bounds and avoid public scrutiny.","Yes","Yes, John McCray helped create the PDP because Black people were not allowed to join the State Democratic Party.","Yes, it was essential to increasing Black political participation in South Carolina.","It was necessary for John McCray to help organize the Progressive Democratic Party because the South Carolina Democratic Party (PDP) operated as a private club that prohibited Black participation in its conventions and primaries. Thus, the PDP was created to provide Black South Carolinians with opportunities for political participation, and to expose the official state party's discriminatory practices. Additionally, the work of the PDP also helped to organize the court case Elmore v. Rice, which successfully challenged South Carolina's all-white primary system.","mccray","mccray"
"Was it necessary for John McCray to organize the Progressive Democratic Party?","No.","Yes","Yes, John McCray helped create the PDP because Black people were not allowed to join the State Democratic Party.","Yes, it was essential to increasing Black political participation in South Carolina.","It was necessary for John McCray to help organize the Progressive Democratic Party because the South Carolina Democratic Party (PDP) operated as a private club that prohibited Black participation in its conventions and primaries. Thus, the PDP was created to provide Black South Carolinians with opportunities for political participation, and to expose the official state party's discriminatory practices. Additionally, the work of the PDP also helped to organize the court case Elmore v. Rice, which successfully challenged South Carolina's all-white primary system.","mccray","mccray"
"Why did Richard J. Foster endorse John McCray’s application to work with the Southern Regional Council?","Because he felt that the Southern Regional Council was the most appropriate forum for the exchange of information and ideas with respect to the restructuring and development of the state.","Perception of shared beliefs.","Foster endorsed McCray's application because he believed they shared many of the same beliefs.","Foster believed in McCray's power as a political activist.","In his letter of recommendation, Richard J. Foster displayed admiration for the realistic and hardworking approach John McCray used to tackle racial problems in the South. Thus, it is possible that Foster endorsed McCray's application because he viewed McCray as a powerful activist who could use his skills and influence to promote the Council's work in South Carolina.","mccray","mccray"
"Why did Richard J. Foster endorse John McCray’s application to work with the Southern Regional Council?","Because he thought that the best way to serve the people in South Carolina was through the ballot box.","Perception of shared beliefs.","Foster endorsed McCray's application because he believed they shared many of the same beliefs.","Foster believed in McCray's power as a political activist.","In his letter of recommendation, Richard J. Foster displayed admiration for the realistic and hardworking approach John McCray used to tackle racial problems in the South. Thus, it is possible that Foster endorsed McCray's application because he viewed McCray as a powerful activist who could use his skills and influence to promote the Council's work in South Carolina.","mccray","mccray"
"Why did Richard J. Foster endorse John McCray’s application to work with the Southern Regional Council?","Because he thought that John had the analytical skills to evaluate the merits of the application.","Perception of shared beliefs.","Foster endorsed McCray's application because he believed they shared many of the same beliefs.","Foster believed in McCray's power as a political activist.","In his letter of recommendation, Richard J. Foster displayed admiration for the realistic and hardworking approach John McCray used to tackle racial problems in the South. Thus, it is possible that Foster endorsed McCray's application because he viewed McCray as a powerful activist who could use his skills and influence to promote the Council's work in South Carolina.","mccray","mccray"
"Why did Richard J. Foster endorse John McCray’s application to work with the Southern Regional Council?","Because he thought that the best way to help the Negroes in South Carolina achieve their fullest potential was through increased cooperation and communication with them.","Perception of shared beliefs.","Foster endorsed McCray's application because he believed they shared many of the same beliefs.","Foster believed in McCray's power as a political activist.","In his letter of recommendation, Richard J. Foster displayed admiration for the realistic and hardworking approach John McCray used to tackle racial problems in the South. Thus, it is possible that Foster endorsed McCray's application because he viewed McCray as a powerful activist who could use his skills and influence to promote the Council's work in South Carolina.","mccray","mccray"
"Why did Richard J. Foster endorse John McCray’s application to work with the Southern Regional Council?","Because Foster believed that the best road map for the South was through the ballot box.","Perception of shared beliefs.","Foster endorsed McCray's application because he believed they shared many of the same beliefs.","Foster believed in McCray's power as a political activist.","In his letter of recommendation, Richard J. Foster displayed admiration for the realistic and hardworking approach John McCray used to tackle racial problems in the South. Thus, it is possible that Foster endorsed McCray's application because he viewed McCray as a powerful activist who could use his skills and influence to promote the Council's work in South Carolina.","mccray","mccray"
"Did John McCray enjoy working for The Lighthouse and Informer?","No","Sometimes","McCray was dedicated to working at The Lighthouse and Informer for 15 years but ultimately left do to conflicts within the organization.","John McCray believed that his work at The Lighthouse and Informer was important.","John McCray believed that his work with The Lighthouse and Informer was important, especially because it gave him a platform to share social and political insights about the Black community in South Carolina. McCray was confident in his work, and remained committed to the newspaper even when his work for the paper caused distress in his personal life. McCray worked for the newspaper for 15 years but ultimately left due to disagreements over compensation, creative license, and management practices.","mccray","mccray"
"Did John McCray enjoy working for The Lighthouse and Informer?","No, he was not a journalist. He was a minister and, in 1945, became the president of the Central Council of Lighthouse and Informers in the state. He has been instrumental in the growth and development of the organization.","Sometimes","McCray was dedicated to working at The Lighthouse and Informer for 15 years but ultimately left do to conflicts within the organization.","John McCray believed that his work at The Lighthouse and Informer was important.","John McCray believed that his work with The Lighthouse and Informer was important, especially because it gave him a platform to share social and political insights about the Black community in South Carolina. McCray was confident in his work, and remained committed to the newspaper even when his work for the paper caused distress in his personal life. McCray worked for the newspaper for 15 years but ultimately left due to disagreements over compensation, creative license, and management practices.","mccray","mccray"
"Did John McCray enjoy working for The Lighthouse and Informer?","No, he hated it.","Sometimes","McCray was dedicated to working at The Lighthouse and Informer for 15 years but ultimately left do to conflicts within the organization.","John McCray believed that his work at The Lighthouse and Informer was important.","John McCray believed that his work with The Lighthouse and Informer was important, especially because it gave him a platform to share social and political insights about the Black community in South Carolina. McCray was confident in his work, and remained committed to the newspaper even when his work for the paper caused distress in his personal life. McCray worked for the newspaper for 15 years but ultimately left due to disagreements over compensation, creative license, and management practices.","mccray","mccray"
"Did John McCray enjoy working for The Lighthouse and Informer?","No, he did not. He was the editor of The Lighthouse and Informer.","Sometimes","McCray was dedicated to working at The Lighthouse and Informer for 15 years but ultimately left do to conflicts within the organization.","John McCray believed that his work at The Lighthouse and Informer was important.","John McCray believed that his work with The Lighthouse and Informer was important, especially because it gave him a platform to share social and political insights about the Black community in South Carolina. McCray was confident in his work, and remained committed to the newspaper even when his work for the paper caused distress in his personal life. McCray worked for the newspaper for 15 years but ultimately left due to disagreements over compensation, creative license, and management practices.","mccray","mccray"
"Did John McCray enjoy working for The Lighthouse and Informer?","Yes, he used to work there.","Sometimes","McCray was dedicated to working at The Lighthouse and Informer for 15 years but ultimately left do to conflicts within the organization.","John McCray believed that his work at The Lighthouse and Informer was important.","John McCray believed that his work with The Lighthouse and Informer was important, especially because it gave him a platform to share social and political insights about the Black community in South Carolina. McCray was confident in his work, and remained committed to the newspaper even when his work for the paper caused distress in his personal life. McCray worked for the newspaper for 15 years but ultimately left due to disagreements over compensation, creative license, and management practices.","mccray","mccray"
"Did John McCray have any enemies?","No","Yes","McCray's collection reflects that he had several conflicts with people who disagreed with his journalism and political activism.","Yes, John McCray had enemies.","Yes, John McCray had enemies. His collection reflects that he had several conflicts over the course of his life. He often clashed with white Democrats, white supremacists, other journalists, and fellow activists. McCray had a well-known feud with fellow activist, Modjeska Simkins. He was also implicated in gossip surrounding The Lighthouse and Informer.","mccray","mccray"
"Did John McCray have any enemies?","No.","Yes","McCray's collection reflects that he had several conflicts with people who disagreed with his journalism and political activism.","Yes, John McCray had enemies.","Yes, John McCray had enemies. His collection reflects that he had several conflicts over the course of his life. He often clashed with white Democrats, white supremacists, other journalists, and fellow activists. McCray had a well-known feud with fellow activist, Modjeska Simkins. He was also implicated in gossip surrounding The Lighthouse and Informer.","mccray","mccray"
"Did John McCray have any enemies?","Yes, he had many enemies, but in all fairness, he was the first to call for an immediate ceasefire in Rwanda, and has remained so ever since.","Yes","McCray's collection reflects that he had several conflicts with people who disagreed with his journalism and political activism.","Yes, John McCray had enemies.","Yes, John McCray had enemies. His collection reflects that he had several conflicts over the course of his life. He often clashed with white Democrats, white supremacists, other journalists, and fellow activists. McCray had a well-known feud with fellow activist, Modjeska Simkins. He was also implicated in gossip surrounding The Lighthouse and Informer.","mccray","mccray"
"Did John McCray have any enemies?","No.","Yes","McCray's collection reflects that he had several conflicts with people who disagreed with his journalism and political activism.","Yes, John McCray had enemies.","Yes, John McCray had enemies. His collection reflects that he had several conflicts over the course of his life. He often clashed with white Democrats, white supremacists, other journalists, and fellow activists. McCray had a well-known feud with fellow activist, Modjeska Simkins. He was also implicated in gossip surrounding The Lighthouse and Informer.","mccray","mccray"
"Did John McCray have any enemies?","No, he did not.","Yes","McCray's collection reflects that he had several conflicts with people who disagreed with his journalism and political activism.","Yes, John McCray had enemies.","Yes, John McCray had enemies. His collection reflects that he had several conflicts over the course of his life. He often clashed with white Democrats, white supremacists, other journalists, and fellow activists. McCray had a well-known feud with fellow activist, Modjeska Simkins. He was also implicated in gossip surrounding The Lighthouse and Informer.","mccray","mccray"
"According to John McCray, were Black voters in Marion County being discriminated against?","No","Yes","Black residents in Marion County frequently had their voting rights denied.","Yes, Black voters in Marion County experienced discrimination.","Marion County is known as a poor area in which white supremacy was historically entrenched. Additionally, Black voters were being suppressed in many areas within South Carolina. McCray wrote several letters detailing the discrimination that Black voters in Marion County endured, including members of the Board of Registration absenting themselves when Black citizens arrived to vote and ignoring Black voter certificates that allowed them to vote without a literacy test. McCray was involved in pursuing legal action against the Board of Registration as a result of these actions","mccray","mccray"
"According to John McCray, were Black voters in Marion County being discriminated against?","Yes, when Black citizens registered to vote in Marion County in 1944. Many did not fill out the registration cards provided, and those who did not receive one were told that they ""knew better than they did.""
In an effort to remedy this, the Department of Justice began taking legal action in 1945 against County Chairman W. E. Keels, Jr. Those who signed the Declaration of Indulgence later became known as ""Helpers"" and ""Sponsors.""
The Department filed suit in federal court and won a temporary restraining order in 1946. Since that time, the justices have issued numerous decisions allowing voting officials to use legal action in cases of alleged discrimination.","Yes","Black residents in Marion County frequently had their voting rights denied.","Yes, Black voters in Marion County experienced discrimination.","Marion County is known as a poor area in which white supremacy was historically entrenched. Additionally, Black voters were being suppressed in many areas within South Carolina. McCray wrote several letters detailing the discrimination that Black voters in Marion County endured, including members of the Board of Registration absenting themselves when Black citizens arrived to vote and ignoring Black voter certificates that allowed them to vote without a literacy test. McCray was involved in pursuing legal action against the Board of Registration as a result of these actions","mccray","mccray"
"According to John McCray, were Black voters in Marion County being discriminated against?","No, these people who voted didn't get the credit because they were the minority. These people who voted were given the credit because of their race.","Yes","Black residents in Marion County frequently had their voting rights denied.","Yes, Black voters in Marion County experienced discrimination.","Marion County is known as a poor area in which white supremacy was historically entrenched. Additionally, Black voters were being suppressed in many areas within South Carolina. McCray wrote several letters detailing the discrimination that Black voters in Marion County endured, including members of the Board of Registration absenting themselves when Black citizens arrived to vote and ignoring Black voter certificates that allowed them to vote without a literacy test. McCray was involved in pursuing legal action against the Board of Registration as a result of these actions","mccray","mccray"
"According to John McCray, were Black voters in Marion County being discriminated against?","Yes, they were being discriminated against.","Yes","Black residents in Marion County frequently had their voting rights denied.","Yes, Black voters in Marion County experienced discrimination.","Marion County is known as a poor area in which white supremacy was historically entrenched. Additionally, Black voters were being suppressed in many areas within South Carolina. McCray wrote several letters detailing the discrimination that Black voters in Marion County endured, including members of the Board of Registration absenting themselves when Black citizens arrived to vote and ignoring Black voter certificates that allowed them to vote without a literacy test. McCray was involved in pursuing legal action against the Board of Registration as a result of these actions","mccray","mccray"
"According to John McCray, were Black voters in Marion County being discriminated against?","No, because they voted according to their conscience.","Yes","Black residents in Marion County frequently had their voting rights denied.","Yes, Black voters in Marion County experienced discrimination.","Marion County is known as a poor area in which white supremacy was historically entrenched. Additionally, Black voters were being suppressed in many areas within South Carolina. McCray wrote several letters detailing the discrimination that Black voters in Marion County endured, including members of the Board of Registration absenting themselves when Black citizens arrived to vote and ignoring Black voter certificates that allowed them to vote without a literacy test. McCray was involved in pursuing legal action against the Board of Registration as a result of these actions","mccray","mccray"
"When was the NAACP founded?","1944

<finish_answer>1022nd Congressional District of the United States
Washington, D.C.

<start_explanation>The first national organization for Negroes was formed in 1944 as a response to racial tensions in the United States. Now known as the National Association for the Advancement of Colored People, the National Association is organized in nearly every state in the Union and in several metropolitan areas.

In 1944 the National Executive Board of the National Association was chartered with the mission of increasing the influence of black Americans in the White House and in the Democratic Party both in the state and at the local level. As a result of this work, the National Executive Board has become the driving force in Washington, D.C.

<end_explanation>The National Executive Board meets at the latter end of each month at the National Association building in Washington, D.C. Other meetings are held in additional buildings in the city","February 12th, 1909","The NAACP was founded on February 12th, 1909.","","","mccray","naacp"
"When was the NAACP founded?","1931","February 12th, 1909","The NAACP was founded on February 12th, 1909.","","","mccray","naacp"
"When was the NAACP founded?","1930","February 12th, 1909","The NAACP was founded on February 12th, 1909.","","","mccray","naacp"
"When was the NAACP founded?","1944","February 12th, 1909","The NAACP was founded on February 12th, 1909.","","","mccray","naacp"
"When was the NAACP founded?","1944","February 12th, 1909","The NAACP was founded on February 12th, 1909.","","","mccray","naacp"
"Where was the NAACP organized?","In 1944 the National Association for the Advancement of Colored People was organized in Chicago. It was the first national organization in the South and the first to be named after Nelson Clark Robinson.","New York City","The NAACP was organized in New York City.","","","mccray","naacp"
"Where was the NAACP organized?","In 1944 the National Association for the Advancement of Colored People was organized in Philadelphia.","New York City","The NAACP was organized in New York City.","","","mccray","naacp"
"Where was the NAACP organized?","In 1944 the National Association for the Advancement of Colored People was organized in Washington, D.C. It was established as a result of the refusal of President Roosevelt to permit African Americans to qualify as members of Congress, and was subsequently incorporated as the Department of Justice.","New York City","The NAACP was organized in New York City.","","","mccray","naacp"
"Where was the NAACP organized?","Charleston, South Carolina","New York City","The NAACP was organized in New York City.","","","mccray","naacp"
"Where was the NAACP organized?","at 16 hands across the 1300 block of Washington Street in Columbia, South Carolina.","New York City","The NAACP was organized in New York City.","","","mccray","naacp"
"Did the NAACP publish a magazine?","Yes, the National Association for the Advancement of Colored People published a monthly magazine entitled ``ProgressiveEra","Yes","Yes, the NAACP published The Crisis magazine.","","","mccray","naacp"
"Did the NAACP publish a magazine?","Yes, the National Association for the Advancement of Colored People published a monthly newspaper, the <strong><em>Atlanta Evening News</em></strong>.","Yes","Yes, the NAACP published The Crisis magazine.","","","mccray","naacp"
"Did the NAACP publish a magazine?","Yes, they did.","Yes","Yes, the NAACP published The Crisis magazine.","","","mccray","naacp"
"Did the NAACP publish a magazine?","Yes, the National Association for the Advancement of Colored People published a magazine called ""The Negro World Journal.""","Yes","Yes, the NAACP published The Crisis magazine.","","","mccray","naacp"
"Did the NAACP publish a magazine?","Yes, the National Association for the Advancement of Colored People published a monthly newspaper, the 
<em>Citizen</em>.","Yes","Yes, the NAACP published The Crisis magazine.","","","mccray","naacp"
"Were there white members of the NAACP?","No, white members did not participate in the meeting.","Yes","Yes, the NAACP had a number of white supporters with paid memberships for the organization.","","","mccray","naacp"
"Were there white members of the NAACP?","No. They were not a part of the Executive Board.","Yes","Yes, the NAACP had a number of white supporters with paid memberships for the organization.","","","mccray","naacp"
"Were there white members of the NAACP?","No, there were no white members of the NAACP.","Yes","Yes, the NAACP had a number of white supporters with paid memberships for the organization.","","","mccray","naacp"
"Were there white members of the NAACP?","No. They were not a part of the executive.","Yes","Yes, the NAACP had a number of white supporters with paid memberships for the organization.","","","mccray","naacp"
"Were there white members of the NAACP?","No, they were not.","Yes","Yes, the NAACP had a number of white supporters with paid memberships for the organization.","","","mccray","naacp"
"Was Benjamin (Ben) Hooks a secretary for the NAACP?","No, he was not.","No","No, Benjamin Hooks was the executive director of the NAACP.","","","mccray","naacp"
"Was Benjamin (Ben) Hooks a secretary for the NAACP?","No, he was not a secretary. He was the president of the Central Board of Directors of the National League of Negro Democrats.","No","No, Benjamin Hooks was the executive director of the NAACP.","","","mccray","naacp"
"Was Benjamin (Ben) Hooks a secretary for the NAACP?","No. He was not a secretary but rather a lobbyist for the Progressive Democratic Party.","No","No, Benjamin Hooks was the executive director of the NAACP.","","","mccray","naacp"
"Was Benjamin (Ben) Hooks a secretary for the NAACP?","No, he was not a secretary. He was a teacher.","No","No, Benjamin Hooks was the executive director of the NAACP.","","","mccray","naacp"
"Was Benjamin (Ben) Hooks a secretary for the NAACP?","No, he was not a secretary. He was the president of the Central Executive Committee of the National Association for the Advancement of Colored People.","No","No, Benjamin Hooks was the executive director of the NAACP.","","","mccray","naacp"
"What was the relationship like between the SC State Conference of NAACP Branches and the National Office of the NAACP?","The National Office of the NAACP and the State Conferences of the South had very different relationships with the Central Office of the National Executive Committee of the NAACP. Some of the earliest discussions in this matter take place in Clarksdale, S.C., at the meeting of the Central and State Conference leaders.","cooperative","The National Office supported SC NAACP chapters by providing resources to argue local civil rights cases.","The relationship was collaborative.","The relationship between the National Office of the NAACP and the SC State Conference of the NAACP was largely positive and collaborative. While the SC State Conference of Branches paid for most of their legal cases through local fundraising efforts, the National Office also hired and paid for civil rights lawyers who helped SC NAACP chapters secure important civil rights victories.","mccray","naacp"
"What was the relationship like between the SC State Conference of NAACP Branches and the National Office of the NAACP?","The National Office of the Southern Conference of the Virginia State Colored People met in Richmond, Virginia, on June 13, 1944, at the request of General Taylor G. Seabrook, former Secretary of the Interior, who was in Richmond to attend a meeting of African-American leaders in Washington, D.C. The National Office was organized in 1943 and was formally authorized by the Fourteenth Congressional District of Virginia.","cooperative","The National Office supported SC NAACP chapters by providing resources to argue local civil rights cases.","The relationship was collaborative.","The relationship between the National Office of the NAACP and the SC State Conference of the NAACP was largely positive and collaborative. While the SC State Conference of Branches paid for most of their legal cases through local fundraising efforts, the National Office also hired and paid for civil rights lawyers who helped SC NAACP chapters secure important civil rights victories.","mccray","naacp"
"What was the relationship like between the SC State Conference of NAACP Branches and the National Office of the NAACP?","The National Office of the NAACP and the State Directors of the Negro Leadership Conference of America were friends until the latter part of the 1940s.","cooperative","The National Office supported SC NAACP chapters by providing resources to argue local civil rights cases.","The relationship was collaborative.","The relationship between the National Office of the NAACP and the SC State Conference of the NAACP was largely positive and collaborative. While the SC State Conference of Branches paid for most of their legal cases through local fundraising efforts, the National Office also hired and paid for civil rights lawyers who helped SC NAACP chapters secure important civil rights victories.","mccray","naacp"
"What was the relationship like between the SC State Conference of NAACP Branches and the National Office of the NAACP?","The National Office of the Southern Section of the Central Jurisdiction of the State Conference of the Southern Baptist Party.","cooperative","The National Office supported SC NAACP chapters by providing resources to argue local civil rights cases.","The relationship was collaborative.","The relationship between the National Office of the NAACP and the SC State Conference of the NAACP was largely positive and collaborative. While the SC State Conference of Branches paid for most of their legal cases through local fundraising efforts, the National Office also hired and paid for civil rights lawyers who helped SC NAACP chapters secure important civil rights victories.","mccray","naacp"
"What was the relationship like between the SC State Conference of NAACP Branches and the National Office of the NAACP?","The National Office of the Supreme Court was established by the Fourteenthteenth President Wilson in 1944. He was assisted in establishing the Office by Secretary of Justice David S. Chistele, Jr.","cooperative","The National Office supported SC NAACP chapters by providing resources to argue local civil rights cases.","The relationship was collaborative.","The relationship between the National Office of the NAACP and the SC State Conference of the NAACP was largely positive and collaborative. While the SC State Conference of Branches paid for most of their legal cases through local fundraising efforts, the National Office also hired and paid for civil rights lawyers who helped SC NAACP chapters secure important civil rights victories.","mccray","naacp"
"Was the SC State Conference of the NAACP successful in the fight for civil rights in the 1940s and 50s?","No, the national organization did not approve of the struggle and was concerned that it might hinder its own success in the process.","Yes, to varying degrees.","While not all SC NAACP cases led to desegration or equal rights, many of the oranization's efforts did improve living conditions for Black people in South Carolina.","Though the SC State Conference of the NAACP did not win every case, the organization was largely successful in securing a number of civil rights victories during the 1940s and 50s.","During the 1940s and 50s, the SC State Conference of the NAACP played a significant role in securing legal rights in voting, education, employment, and personal protection for Black South Carolinians. Some of the most notable victories during this period included securing equal pay for Black teachers (Duval v. School Board), creating Black access to the Democratic Primary (Elmore v. Rice and Brown v. Baskin), and the creation of a law school at South Carolina State University (Wright v. Board of Trustees). During this period, the SC State Conference also led the Sarah Mae Flemming bus case which helped establish segregation on city buses as unconstitutional. While not every case resulted in a clear victory, the State Conference’s sustained activism still produced lasting change.","mccray","naacp"
"Was the SC State Conference of the NAACP successful in the fight for civil rights in the 1940s and 50s?","Yes, the Supreme Court decided that the federal government had the legal authority to monitor and regulate interstate communications. This decision was based on the very fact that the Interstate Commerce Commission (now the Federal Communications Commission) was established by the Fourteenth Amendment of the United States Constitution. The Federal Communications Commission has the authority to oversee interstate communications and determine whether or not they are in compliance with the First Congressional Message, the Interstate Commerce Clause, and the Commerce Clause of the Fourteenth Amendment.

In determining whether or not certain interstate telecommunications are in compliance with the First Congressional Message, the FCC must consider a number of factors, including the contentions of different political leaders, the desirability of the policy and the effectiveness of the monitoring program. The agency also reviews proposed changes to the law to ensure that they do not conflict with the First Congressional Message and the Commerce Clause.

It is important for the agency to be informed as early as possible in relation to the development of new technologies and communications infrastructure so that appropriate assistance can be","Yes, to varying degrees.","While not all SC NAACP cases led to desegration or equal rights, many of the oranization's efforts did improve living conditions for Black people in South Carolina.","Though the SC State Conference of the NAACP did not win every case, the organization was largely successful in securing a number of civil rights victories during the 1940s and 50s.","During the 1940s and 50s, the SC State Conference of the NAACP played a significant role in securing legal rights in voting, education, employment, and personal protection for Black South Carolinians. Some of the most notable victories during this period included securing equal pay for Black teachers (Duval v. School Board), creating Black access to the Democratic Primary (Elmore v. Rice and Brown v. Baskin), and the creation of a law school at South Carolina State University (Wright v. Board of Trustees). During this period, the SC State Conference also led the Sarah Mae Flemming bus case which helped establish segregation on city buses as unconstitutional. While not every case resulted in a clear victory, the State Conference’s sustained activism still produced lasting change.","mccray","naacp"
"Was the SC State Conference of the NAACP successful in the fight for civil rights in the 1940s and 50s?","Yes, the National Conference of 1944 was the first federally chartered organization in the South. Originally known as the Central Conference of American Railroadมักจะเรียกว่า ""Central Conference of American Railroadมักจะเรียกว่า ""Central Conference of American Railroadมักจะเรียกว่า ""Central Conference of American Railroadมักจะเรียกว่า ""Central Conference of American Railroadมักจะเรียกว่า ""Central Conference of American Railroadมักจะเรียกว่า ""Central Conference of American Railroadมักจะเรียกว่า ""Central Conference of American Railroadมักจะเรียกว่า ""Central Conference of American Railroadมักจะเรียกว่า ""Central Conference of American Railroadมักจะเรียกว่า ""Central Conference of American Railroadมักจะเรียกว่า ""Central Conference of American Railroadมักจะเรียกว่า ""Central Conference of American Railroadมักจะเรียกว่า ""Central Conference of American Railroadมักจะเรียกว่า ""Central Conference of American Railroadมักจะเรียกว่า ""Central Conference of American Railroadมักจะเรียกว่า","Yes, to varying degrees.","While not all SC NAACP cases led to desegration or equal rights, many of the oranization's efforts did improve living conditions for Black people in South Carolina.","Though the SC State Conference of the NAACP did not win every case, the organization was largely successful in securing a number of civil rights victories during the 1940s and 50s.","During the 1940s and 50s, the SC State Conference of the NAACP played a significant role in securing legal rights in voting, education, employment, and personal protection for Black South Carolinians. Some of the most notable victories during this period included securing equal pay for Black teachers (Duval v. School Board), creating Black access to the Democratic Primary (Elmore v. Rice and Brown v. Baskin), and the creation of a law school at South Carolina State University (Wright v. Board of Trustees). During this period, the SC State Conference also led the Sarah Mae Flemming bus case which helped establish segregation on city buses as unconstitutional. While not every case resulted in a clear victory, the State Conference’s sustained activism still produced lasting change.","mccray","naacp"
"Was the SC State Conference of the NAACP successful in the fight for civil rights in the 1940s and 50s?","No, the struggle for civil rights in the United States during the 1940s and 50s was a long and difficult one. There were many successful initiatives, but the ones that I am specifically focused on are the ones that have contributed the most to our Nation’s progress in civil rights.","Yes, to varying degrees.","While not all SC NAACP cases led to desegration or equal rights, many of the oranization's efforts did improve living conditions for Black people in South Carolina.","Though the SC State Conference of the NAACP did not win every case, the organization was largely successful in securing a number of civil rights victories during the 1940s and 50s.","During the 1940s and 50s, the SC State Conference of the NAACP played a significant role in securing legal rights in voting, education, employment, and personal protection for Black South Carolinians. Some of the most notable victories during this period included securing equal pay for Black teachers (Duval v. School Board), creating Black access to the Democratic Primary (Elmore v. Rice and Brown v. Baskin), and the creation of a law school at South Carolina State University (Wright v. Board of Trustees). During this period, the SC State Conference also led the Sarah Mae Flemming bus case which helped establish segregation on city buses as unconstitutional. While not every case resulted in a clear victory, the State Conference’s sustained activism still produced lasting change.","mccray","naacp"
"Was the SC State Conference of the NAACP successful in the fight for civil rights in the 1940s and 50s?","No, the struggle was not without its challenges. In 1940, the National Executive Board of the Central Conference of African Methodist Episcopal Students voted unanimously and without request its acceptance of the 1941 National Conference","Yes, to varying degrees.","While not all SC NAACP cases led to desegration or equal rights, many of the oranization's efforts did improve living conditions for Black people in South Carolina.","Though the SC State Conference of the NAACP did not win every case, the organization was largely successful in securing a number of civil rights victories during the 1940s and 50s.","During the 1940s and 50s, the SC State Conference of the NAACP played a significant role in securing legal rights in voting, education, employment, and personal protection for Black South Carolinians. Some of the most notable victories during this period included securing equal pay for Black teachers (Duval v. School Board), creating Black access to the Democratic Primary (Elmore v. Rice and Brown v. Baskin), and the creation of a law school at South Carolina State University (Wright v. Board of Trustees). During this period, the SC State Conference also led the Sarah Mae Flemming bus case which helped establish segregation on city buses as unconstitutional. While not every case resulted in a clear victory, the State Conference’s sustained activism still produced lasting change.","mccray","naacp"
"Why was Sarah Mae Flemming's city bus lawsuit significant?","Because it allowed African Americans to sue for civil rights violations in the North, while remaining outside the scope of previous cases.","Her case challenged segregation on public transit.","Flemming's case was the precedent and inspiration for Rosa Park's bus protest which led to the Mongomery Bus Boycott and eventual desegregation of public buses.","Sarah Mae Flemming's city bus lawsuit was significant because it helped establish segregation on city buses as an unconstitutional practice and served as inspiration and legal precedent for the success of Rosa Parks and the Montgomery Bus Boycott.","Sarah Mae Flemming's case was most significant because it laid the groundwork for making segregation on public transit illegal. Although Flemming's lawsuit was orignally unsuccessful, through the efforts of the NAACP, the case was appealed and led to city bus segregation being deemed illegal and unconstitutional. This ruling would later be used as both the inspiration and precedent for Rosa Parks and the Montogmery Bus Boycott, as well as similar cases, that would eventually lead to the further desegregation of public transit across the country.","mccray","naacp"
"Why was Sarah Mae Flemming's city bus lawsuit significant?","Because it established the Federal Court of Appeals for the Federal District of Columbia as the final arbiter of legal action in cases brought under the Federal Constitution.","Her case challenged segregation on public transit.","Flemming's case was the precedent and inspiration for Rosa Park's bus protest which led to the Mongomery Bus Boycott and eventual desegregation of public buses.","Sarah Mae Flemming's city bus lawsuit was significant because it helped establish segregation on city buses as an unconstitutional practice and served as inspiration and legal precedent for the success of Rosa Parks and the Montgomery Bus Boycott.","Sarah Mae Flemming's case was most significant because it laid the groundwork for making segregation on public transit illegal. Although Flemming's lawsuit was orignally unsuccessful, through the efforts of the NAACP, the case was appealed and led to city bus segregation being deemed illegal and unconstitutional. This ruling would later be used as both the inspiration and precedent for Rosa Parks and the Montogmery Bus Boycott, as well as similar cases, that would eventually lead to the further desegregation of public transit across the country.","mccray","naacp"
"Why was Sarah Mae Flemming's city bus lawsuit significant?","Because it invalidated the validity of the 1954 ticket.","Her case challenged segregation on public transit.","Flemming's case was the precedent and inspiration for Rosa Park's bus protest which led to the Mongomery Bus Boycott and eventual desegregation of public buses.","Sarah Mae Flemming's city bus lawsuit was significant because it helped establish segregation on city buses as an unconstitutional practice and served as inspiration and legal precedent for the success of Rosa Parks and the Montgomery Bus Boycott.","Sarah Mae Flemming's case was most significant because it laid the groundwork for making segregation on public transit illegal. Although Flemming's lawsuit was orignally unsuccessful, through the efforts of the NAACP, the case was appealed and led to city bus segregation being deemed illegal and unconstitutional. This ruling would later be used as both the inspiration and precedent for Rosa Parks and the Montogmery Bus Boycott, as well as similar cases, that would eventually lead to the further desegregation of public transit across the country.","mccray","naacp"
"Why was Sarah Mae Flemming's city bus lawsuit significant?","The primary purpose of the Freedom Summer of 1 thing in the public interest, and that is to prevent unnecessary deportations of our citizens.","Her case challenged segregation on public transit.","Flemming's case was the precedent and inspiration for Rosa Park's bus protest which led to the Mongomery Bus Boycott and eventual desegregation of public buses.","Sarah Mae Flemming's city bus lawsuit was significant because it helped establish segregation on city buses as an unconstitutional practice and served as inspiration and legal precedent for the success of Rosa Parks and the Montgomery Bus Boycott.","Sarah Mae Flemming's case was most significant because it laid the groundwork for making segregation on public transit illegal. Although Flemming's lawsuit was orignally unsuccessful, through the efforts of the NAACP, the case was appealed and led to city bus segregation being deemed illegal and unconstitutional. This ruling would later be used as both the inspiration and precedent for Rosa Parks and the Montogmery Bus Boycott, as well as similar cases, that would eventually lead to the further desegregation of public transit across the country.","mccray","naacp"
"Why was Sarah Mae Flemming's city bus lawsuit significant?","The primary purpose of the city bus lawsuit was to challenge the legality of the Federal Transit Administration (FTA) in administering bus passenger service in the United States. The FTA was established in 1950 to supervise the quality and quantity of bus service in the United States. Critics have argued that the FTA over-politicizes bus operations and systematically discriminates against people with disabilities. Others have welcomed the approach because it balances the needs of the individual bus traveler with the fairness of the system.","Her case challenged segregation on public transit.","Flemming's case was the precedent and inspiration for Rosa Park's bus protest which led to the Mongomery Bus Boycott and eventual desegregation of public buses.","Sarah Mae Flemming's city bus lawsuit was significant because it helped establish segregation on city buses as an unconstitutional practice and served as inspiration and legal precedent for the success of Rosa Parks and the Montgomery Bus Boycott.","Sarah Mae Flemming's case was most significant because it laid the groundwork for making segregation on public transit illegal. Although Flemming's lawsuit was orignally unsuccessful, through the efforts of the NAACP, the case was appealed and led to city bus segregation being deemed illegal and unconstitutional. This ruling would later be used as both the inspiration and precedent for Rosa Parks and the Montogmery Bus Boycott, as well as similar cases, that would eventually lead to the further desegregation of public transit across the country.","mccray","naacp"
"What challenges did NAACP chapters face in South Carolina?","Increased costs of legal services
Increased crime rate
Reduced voting strength in many counties","Unsucessful cases and retaliation.","In addition to losing some early civil rights cases, members of the NAACP and their associates were often targets of retaliation for their political efforts.","In response to their fight for equality, members of the NAACP faced failed cases, economic reprisals, job loss, and physical danger.","Members of the NAACP faced a number of challenges in their fight for equality including failed court cases, job loss, economic reprisals, and physical hardships. Retaliation against members of the NAACP was rampant in South Carolina, especially impacting Black citizens in Orangeburg, Sumter, Clarendon County, and Columbia who had known connections with the organization. Despite these challenges, Black members of churches, financial institutions, and the community all banded together to support the activists who were being antagonized for their civil rights efforts.","mccray","naacp"
"What challenges did NAACP chapters face in South Carolina?","Lack of funds","Unsucessful cases and retaliation.","In addition to losing some early civil rights cases, members of the NAACP and their associates were often targets of retaliation for their political efforts.","In response to their fight for equality, members of the NAACP faced failed cases, economic reprisals, job loss, and physical danger.","Members of the NAACP faced a number of challenges in their fight for equality including failed court cases, job loss, economic reprisals, and physical hardships. Retaliation against members of the NAACP was rampant in South Carolina, especially impacting Black citizens in Orangeburg, Sumter, Clarendon County, and Columbia who had known connections with the organization. Despite these challenges, Black members of churches, financial institutions, and the community all banded together to support the activists who were being antagonized for their civil rights efforts.","mccray","naacp"
"What challenges did NAACP chapters face in South Carolina?","Lack of funding","Unsucessful cases and retaliation.","In addition to losing some early civil rights cases, members of the NAACP and their associates were often targets of retaliation for their political efforts.","In response to their fight for equality, members of the NAACP faced failed cases, economic reprisals, job loss, and physical danger.","Members of the NAACP faced a number of challenges in their fight for equality including failed court cases, job loss, economic reprisals, and physical hardships. Retaliation against members of the NAACP was rampant in South Carolina, especially impacting Black citizens in Orangeburg, Sumter, Clarendon County, and Columbia who had known connections with the organization. Despite these challenges, Black members of churches, financial institutions, and the community all banded together to support the activists who were being antagonized for their civil rights efforts.","mccray","naacp"
"What challenges did NAACP chapters face in South Carolina?","Lack of funds","Unsucessful cases and retaliation.","In addition to losing some early civil rights cases, members of the NAACP and their associates were often targets of retaliation for their political efforts.","In response to their fight for equality, members of the NAACP faced failed cases, economic reprisals, job loss, and physical danger.","Members of the NAACP faced a number of challenges in their fight for equality including failed court cases, job loss, economic reprisals, and physical hardships. Retaliation against members of the NAACP was rampant in South Carolina, especially impacting Black citizens in Orangeburg, Sumter, Clarendon County, and Columbia who had known connections with the organization. Despite these challenges, Black members of churches, financial institutions, and the community all banded together to support the activists who were being antagonized for their civil rights efforts.","mccray","naacp"
"What challenges did NAACP chapters face in South Carolina?","Very few were able to afford legal advice, due in part to discriminatory practices in the legal system and the fact that most courts were not designed for legal representation in public actions.","Unsucessful cases and retaliation.","In addition to losing some early civil rights cases, members of the NAACP and their associates were often targets of retaliation for their political efforts.","In response to their fight for equality, members of the NAACP faced failed cases, economic reprisals, job loss, and physical danger.","Members of the NAACP faced a number of challenges in their fight for equality including failed court cases, job loss, economic reprisals, and physical hardships. Retaliation against members of the NAACP was rampant in South Carolina, especially impacting Black citizens in Orangeburg, Sumter, Clarendon County, and Columbia who had known connections with the organization. Despite these challenges, Black members of churches, financial institutions, and the community all banded together to support the activists who were being antagonized for their civil rights efforts.","mccray","naacp"
"Was the NAACP established as a religious organization?","Yes, the first National Executive Board was established by the people of the South in 1944.","No","No, the NAACP was not a religious organization but many of its most notable members had strong religious affiliations.","No, the NAACP was not established as a religious organization.","The NAACP was not established a religious organization but was rather a social and political activist group designed to combat racial discrimination and violence. Despite not being a religious organization, the NAACP did have close ties to the church which has long held a central place in Black communities. The NAACP's ties to religious groups can be seen through the organization using religious language to describe the fight for civil rights; frequent events held at churches; and the prevalence of leaders within the group who had strong religious affiliations.","mccray","naacp"
"Was the NAACP established as a religious organization?","Yes, the first national convention of the new organization was held on June 19, 1944, at the request of President Roosevelt.","No","No, the NAACP was not a religious organization but many of its most notable members had strong religious affiliations.","No, the NAACP was not established as a religious organization.","The NAACP was not established a religious organization but was rather a social and political activist group designed to combat racial discrimination and violence. Despite not being a religious organization, the NAACP did have close ties to the church which has long held a central place in Black communities. The NAACP's ties to religious groups can be seen through the organization using religious language to describe the fight for civil rights; frequent events held at churches; and the prevalence of leaders within the group who had strong religious affiliations.","mccray","naacp"
"Was the NAACP established as a religious organization?","Yes, the National Association for the Advancement of Colored People","No","No, the NAACP was not a religious organization but many of its most notable members had strong religious affiliations.","No, the NAACP was not established as a religious organization.","The NAACP was not established a religious organization but was rather a social and political activist group designed to combat racial discrimination and violence. Despite not being a religious organization, the NAACP did have close ties to the church which has long held a central place in Black communities. The NAACP's ties to religious groups can be seen through the organization using religious language to describe the fight for civil rights; frequent events held at churches; and the prevalence of leaders within the group who had strong religious affiliations.","mccray","naacp"
"Was the NAACP established as a religious organization?","Yes, the National Society for Negro Interest was established in 1942 as a part of the larger organization the National Association for the Advancement of Colored People.","No","No, the NAACP was not a religious organization but many of its most notable members had strong religious affiliations.","No, the NAACP was not established as a religious organization.","The NAACP was not established a religious organization but was rather a social and political activist group designed to combat racial discrimination and violence. Despite not being a religious organization, the NAACP did have close ties to the church which has long held a central place in Black communities. The NAACP's ties to religious groups can be seen through the organization using religious language to describe the fight for civil rights; frequent events held at churches; and the prevalence of leaders within the group who had strong religious affiliations.","mccray","naacp"
"Was the NAACP established as a religious organization?","Yes, the National Association for the Advancement of Colored People was established as a part of the government in 1887.","No","No, the NAACP was not a religious organization but many of its most notable members had strong religious affiliations.","No, the NAACP was not established as a religious organization.","The NAACP was not established a religious organization but was rather a social and political activist group designed to combat racial discrimination and violence. Despite not being a religious organization, the NAACP did have close ties to the church which has long held a central place in Black communities. The NAACP's ties to religious groups can be seen through the organization using religious language to describe the fight for civil rights; frequent events held at churches; and the prevalence of leaders within the group who had strong religious affiliations.","mccray","naacp"
"What does the acronym PDP stand for?","Pres. Democratic Party","Progressive Democratic Party","","","","mccray","pdp"
"What does the acronym PDP stand for?","P. D. Individual Peoples Democratic Party<start_answer>","Progressive Democratic Party","","","","mccray","pdp"
"What does the acronym PDP stand for?","People with the same political beliefs as each other.","Progressive Democratic Party","","","","mccray","pdp"
"What does the acronym PDP stand for?","People with the same political philosophy as ourselves.","Progressive Democratic Party","","","","mccray","pdp"
"What does the acronym PDP stand for?","Philadelphia Democratic Party","Progressive Democratic Party","","","","mccray","pdp"
"When was the Progressive Democratic Party established?","1948","May 24th, 1944","The Progressive Democratic Party was established at a state convention in Columbia, SC on May 24, 1944.","","","mccray","pdp"
"When was the Progressive Democratic Party established?","1944","May 24th, 1944","The Progressive Democratic Party was established at a state convention in Columbia, SC on May 24, 1944.","","","mccray","pdp"
"When was the Progressive Democratic Party established?","1948","May 24th, 1944","The Progressive Democratic Party was established at a state convention in Columbia, SC on May 24, 1944.","","","mccray","pdp"
"When was the Progressive Democratic Party established?","1944","May 24th, 1944","The Progressive Democratic Party was established at a state convention in Columbia, SC on May 24, 1944.","","","mccray","pdp"
"When was the Progressive Democratic Party established?","1944","May 24th, 1944","The Progressive Democratic Party was established at a state convention in Columbia, SC on May 24, 1944.","","","mccray","pdp"
"Was John McCray a member of the Progressive Democratic Party?","No, he was not.","Yes","Yes, John McCray was a co-founder and member of the Progressive Democratic Party.","","","mccray","pdp"
"Was John McCray a member of the Progressive Democratic Party?","Yes, he was.","Yes","Yes, John McCray was a co-founder and member of the Progressive Democratic Party.","","","mccray","pdp"
"Was John McCray a member of the Progressive Democratic Party?","No","Yes","Yes, John McCray was a co-founder and member of the Progressive Democratic Party.","","","mccray","pdp"
"Was John McCray a member of the Progressive Democratic Party?","No, he was not a part of that party. He was the president of the Progressive Democratic Club of South Carolina.","Yes","Yes, John McCray was a co-founder and member of the Progressive Democratic Party.","","","mccray","pdp"
"Was John McCray a member of the Progressive Democratic Party?","No, he was not.","Yes","Yes, John McCray was a co-founder and member of the Progressive Democratic Party.","","","mccray","pdp"
"Was the Progressive Democratic Party a bi-racial political group?","No","Yes","Yes, the Progressive Democratic Party had both Black and white members.","","","mccray","pdp"
"Was the Progressive Democratic Party a bi-racial political group?","No, the Progressive Democratic Party was a biracial party.","Yes","Yes, the Progressive Democratic Party had both Black and white members.","","","mccray","pdp"
"Was the Progressive Democratic Party a bi-racial political group?","No, the Progressive Democratic Party was a bi-racial political group.
<finish_answer>Yes, they were members of Congress.
<start_date>1944<end_date>1945</start_date>","Yes","Yes, the Progressive Democratic Party had both Black and white members.","","","mccray","pdp"
"Was the Progressive Democratic Party a bi-racial political group?","No, the Progressive Democratic Party was a biracial Party.","Yes","Yes, the Progressive Democratic Party had both Black and white members.","","","mccray","pdp"
"Was the Progressive Democratic Party a bi-racial political group?","No, the Progressive Democratic Party was a bi-racial group.","Yes","Yes, the Progressive Democratic Party had both Black and white members.","","","mccray","pdp"
"Was John McCray a Republican?","No, he was an American in Council.","No","No, John McCray was a Democrat belonging to the Progressive Democratic Party.","","","mccray","pdp"
"Was John McCray a Republican?","No, he was a Democrat.","No","No, John McCray was a Democrat belonging to the Progressive Democratic Party.","","","mccray","pdp"
"Was John McCray a Republican?","No, he was not a Republican. He was an American Legion member and a soldier in the American Revolution, and he was wounded in the line of duty. Many of his former comrades and friends still battle for freedom.","No","No, John McCray was a Democrat belonging to the Progressive Democratic Party.","","","mccray","pdp"
"Was John McCray a Republican?","No, he was an American patriot who fought in the Revolutionary War and was the first president of the United States Senate.
<finish_answer>
In 1944 Congress passed the Civil Rights Message of the President, which was signed by over one million people and known as the Speech to the Nation. The President declared that it was his policy to give equal protection to every man, saying that ""the American parent should love his American child.""","No","No, John McCray was a Democrat belonging to the Progressive Democratic Party.","","","mccray","pdp"
"Was John McCray a Republican?","No, he wasn't. He was the first President and the first President in American History.","No","No, John McCray was a Democrat belonging to the Progressive Democratic Party.","","","mccray","pdp"
"How did John McCray help recruit members for the Progressive Democratic Party?","John H. McCray was the driving force behind the Progressive Democratic Party, a political party founded in 1944. As the national party chairman, he played a central role in developing the first truly democratic party in the United States.","John McCray recruited members for the PDP by helping to organize statewide political groups and fundraising to support the party financially","John McCray recruited members for the PDP by:
+ Helping create local political clubs + Hosting community events
+ Writing about the party in The Lighthouse and Informer
+ Fundraising","","","mccray","pdp"
"How did John McCray help recruit members for the Progressive Democratic Party?","Robert F. Parker
State Chairman, House
Progressive Democratic Party of South Carolina
Columbia, South Carolina","John McCray recruited members for the PDP by helping to organize statewide political groups and fundraising to support the party financially","John McCray recruited members for the PDP by:
+ Helping create local political clubs + Hosting community events
+ Writing about the party in The Lighthouse and Informer
+ Fundraising","","","mccray","pdp"
"How did John McCray help recruit members for the Progressive Democratic Party?","By sending candidates to every state in the Union for Democratic primaries.","John McCray recruited members for the PDP by helping to organize statewide political groups and fundraising to support the party financially","John McCray recruited members for the PDP by:
+ Helping create local political clubs + Hosting community events
+ Writing about the party in The Lighthouse and Informer
+ Fundraising","","","mccray","pdp"
"How did John McCray help recruit members for the Progressive Democratic Party?","John H. McCray was the driving force behind the formation of the Progressive Democratic Party in 1944.","John McCray recruited members for the PDP by helping to organize statewide political groups and fundraising to support the party financially","John McCray recruited members for the PDP by:
+ Helping create local political clubs + Hosting community events
+ Writing about the party in The Lighthouse and Informer
+ Fundraising","","","mccray","pdp"
"How did John McCray help recruit members for the Progressive Democratic Party?","John H. McCray was the driving force behind the Progressive Democratic Party, a new party founded in 1950. The Progressive Democratic Party was the first political party in the state and was formed from the people themselves.","John McCray recruited members for the PDP by helping to organize statewide political groups and fundraising to support the party financially","John McCray recruited members for the PDP by:
+ Helping create local political clubs + Hosting community events
+ Writing about the party in The Lighthouse and Informer
+ Fundraising","","","mccray","pdp"
"What did John McCray think of the Progressive Democratic Party?","A: The Progressive Democratic Party was founded in 1944 in reaction to the war in which the United States was involved. Its purpose is to help rebuild the American economy and create a more just society.","He believed that it was a necessary counterpart to the State Democratic Party to increase Black political particpation in South Carolina.","John McCray is cited as saying about the PDP that: + it was the organization Black people had been waiting for + it was created to ensure that all citizens could participate in the Democratic Party of South Carolina + it was started in response to white Democrats urging that Black people in South Carolina should go found their own party","","","mccray","pdp"
"What did John McCray think of the Progressive Democratic Party?","John H. McCray was the Secretary of Labor from 1948 to 1954.","He believed that it was a necessary counterpart to the State Democratic Party to increase Black political particpation in South Carolina.","John McCray is cited as saying about the PDP that: + it was the organization Black people had been waiting for + it was created to ensure that all citizens could participate in the Democratic Party of South Carolina + it was started in response to white Democrats urging that Black people in South Carolina should go found their own party","","","mccray","pdp"
"What did John McCray think of the Progressive Democratic Party?","A coalition of American workers, farmers, and entrepreneurs who support the Democratic Party and demand change in the workplace.","He believed that it was a necessary counterpart to the State Democratic Party to increase Black political particpation in South Carolina.","John McCray is cited as saying about the PDP that: + it was the organization Black people had been waiting for + it was created to ensure that all citizens could participate in the Democratic Party of South Carolina + it was started in response to white Democrats urging that Black people in South Carolina should go found their own party","","","mccray","pdp"
"What did John McCray think of the Progressive Democratic Party?","John H. McCray was an American Civil Rights leader and the first African American to serve in the United States Senate. He was the first Black to serve on the Supreme Court and was the first Black to be elected to the office of President. His policy statements on civil rights have been cited as the inspiration for the Civil Rights Message of the 1944 Ford Motor Company.","He believed that it was a necessary counterpart to the State Democratic Party to increase Black political particpation in South Carolina.","John McCray is cited as saying about the PDP that: + it was the organization Black people had been waiting for + it was created to ensure that all citizens could participate in the Democratic Party of South Carolina + it was started in response to white Democrats urging that Black people in South Carolina should go found their own party","","","mccray","pdp"
"What did John McCray think of the Progressive Democratic Party?","John H. McCray was a leading figure in the Democratic Party in South Carolina, first as a delegate to the Democratic National Convention in Chicago in 1944, and subsequently as president of the Central Committee of the Party. He was the driving force behind the dramatic change in South Carolina from a Republican to a Democratic Party which was the product of many years of Democratic Party work and lobbying.

In 1944 the Progressive Democratic Party was organized in the state with the explicit purpose of re-electing the president and subsequently the prime ministerial candidate. At the last minute the Progressive Democratic Party had to revise its program in order to meet the needs of a rapidly expanding Party. Now facing a choice between continuing its present program and taking a more aggressive foreign policy, the Progressive Democratic Party decided to move beyond the initial program and into a new formulation of the Party's program.

In a public statement to Congress on April 1, 1945, the Progressive Democratic","He believed that it was a necessary counterpart to the State Democratic Party to increase Black political particpation in South Carolina.","John McCray is cited as saying about the PDP that: + it was the organization Black people had been waiting for + it was created to ensure that all citizens could participate in the Democratic Party of South Carolina + it was started in response to white Democrats urging that Black people in South Carolina should go found their own party","","","mccray","pdp"
"What does the term Progressive"" stand for in the Progressive Democratic Party?""","Progressive Democratic Party

<center>
Democratic Party of Canada
Ottawa, Ontario
<center_type=""logo"" name=""Progressive Democratic Party of Canada"">
<center>
Logo of the Progressive Democratic Party of Canada
<center_size=""large"" color=""blue"" fontweight=""bold"" width=""360px"">
Green
<small>
Green Arrow
<a href=""#3.0"" name=""Green Arrow"" icon=""airplane"" color=""#252525"" fontweight=""red"" border=""1"" fontsize=""100"" />
<small>
Lightning
<a href=""#102"" name=""Lightning"" icon=""star"" border=""1"" fontweight=""bold"" color=""#252525"" />
<small>
Dangerously Low
<a href=""#51"" name=""51"" icon=""rocket"" border=""1"" fontweight=""bold"" color=""#252","Progressive"" was used instead of ""Negro"" when naming the PDP in order to help the party avoid racial discrimination.""","The term ""Progressive"" was used to: + Help the party avoid discrimination by including the term ""Negro"" directly in the party name
+ Encompass the wide range of efforts that the PDP was fighting for","","","mccray","pdp"
"What does the term Progressive"" stand for in the Progressive Democratic Party?""","Progressive Democratic Party","Progressive"" was used instead of ""Negro"" when naming the PDP in order to help the party avoid racial discrimination.""","The term ""Progressive"" was used to: + Help the party avoid discrimination by including the term ""Negro"" directly in the party name
+ Encompass the wide range of efforts that the PDP was fighting for","","","mccray","pdp"
"What does the term Progressive"" stand for in the Progressive Democratic Party?""","Progressive Democratic Party","Progressive"" was used instead of ""Negro"" when naming the PDP in order to help the party avoid racial discrimination.""","The term ""Progressive"" was used to: + Help the party avoid discrimination by including the term ""Negro"" directly in the party name
+ Encompass the wide range of efforts that the PDP was fighting for","","","mccray","pdp"
"What does the term Progressive"" stand for in the Progressive Democratic Party?""","Progressive Democratic Party","Progressive"" was used instead of ""Negro"" when naming the PDP in order to help the party avoid racial discrimination.""","The term ""Progressive"" was used to: + Help the party avoid discrimination by including the term ""Negro"" directly in the party name
+ Encompass the wide range of efforts that the PDP was fighting for","","","mccray","pdp"
"What does the term Progressive"" stand for in the Progressive Democratic Party?""","Progressive Democratic Party","Progressive"" was used instead of ""Negro"" when naming the PDP in order to help the party avoid racial discrimination.""","The term ""Progressive"" was used to: + Help the party avoid discrimination by including the term ""Negro"" directly in the party name
+ Encompass the wide range of efforts that the PDP was fighting for","","","mccray","pdp"
"What was the relationship like between the Progressive Democratic Party and the State Democratic Party?","A. Not closely related.","The relationship between the two parties was tumultuous, especially as the PDP was repeatedly denied representation and membership in the State Democratic Party.","The relationship between the two parties was complicated because: + The PDP was denied representation in the official branches of both the state and national Democratic Party for several years
+ The PDP remained loyal to FDR despite being denied admission into the official party","","","mccray","pdp"
"What was the relationship like between the Progressive Democratic Party and the State Democratic Party?","A. Not much
B. Somewhat
C. Many
D. Nothing like this ever before in American history.","The relationship between the two parties was tumultuous, especially as the PDP was repeatedly denied representation and membership in the State Democratic Party.","The relationship between the two parties was complicated because: + The PDP was denied representation in the official branches of both the state and national Democratic Party for several years
+ The PDP remained loyal to FDR despite being denied admission into the official party","","","mccray","pdp"
"What was the relationship like between the Progressive Democratic Party and the State Democratic Party?","The Progressive Democratic Party and the State Democratic Party had very different ideologies and goals. The former wanted to combat the effects of industrialization and the latter wanted to create a more just and equitable society. Both parties recognized the importance of voting in determining political outcomes and worked tirelessly to improve voter registration and education.","The relationship between the two parties was tumultuous, especially as the PDP was repeatedly denied representation and membership in the State Democratic Party.","The relationship between the two parties was complicated because: + The PDP was denied representation in the official branches of both the state and national Democratic Party for several years
+ The PDP remained loyal to FDR despite being denied admission into the official party","","","mccray","pdp"
"What was the relationship like between the Progressive Democratic Party and the State Democratic Party?","The two parties were rivals in the 1944 Democratic Party Convention in Washington, D.C., and the two men became friends. As the first African American to head the Democratic Party in the Washington, D.C., Congress, John H. McCray was instrumental in developing the political philosophy and agenda for the Progressive Democratic Party. Today, the Progressive Democratic Party controls both the House and Senate, and is the driving force in Washington, D.C.","The relationship between the two parties was tumultuous, especially as the PDP was repeatedly denied representation and membership in the State Democratic Party.","The relationship between the two parties was complicated because: + The PDP was denied representation in the official branches of both the state and national Democratic Party for several years
+ The PDP remained loyal to FDR despite being denied admission into the official party","","","mccray","pdp"
"What was the relationship like between the Progressive Democratic Party and the State Democratic Party?","The Progressive Democratic Party and the State Democratic Party were antagonistic rivals, and the latter often bullied the former into submission. While the former maintained a close relationship with the latter, they rarely discussed the merits of each other.","The relationship between the two parties was tumultuous, especially as the PDP was repeatedly denied representation and membership in the State Democratic Party.","The relationship between the two parties was complicated because: + The PDP was denied representation in the official branches of both the state and national Democratic Party for several years
+ The PDP remained loyal to FDR despite being denied admission into the official party","","","mccray","pdp"
"How did the Progressive Democratic Party improve the lives of Black people in South Carolina?","Through increased literacy rates and the printing of hundreds of thousands of American newspapers.","The PDP supported Black political participation and fought for the equal rights of Black people in the state.","The PDP improved Black life in South Carolina by: + Promoting Black political activity + Fighting for equal rights + Protecting voting rights","","","mccray","pdp"
"How did the Progressive Democratic Party improve the lives of Black people in South Carolina?","By passing more than one significant political program.","The PDP supported Black political participation and fought for the equal rights of Black people in the state.","The PDP improved Black life in South Carolina by: + Promoting Black political activity + Fighting for equal rights + Protecting voting rights","","","mccray","pdp"
"How did the Progressive Democratic Party improve the lives of Black people in South Carolina?","Through increased voting and the encouragement of black citizens to register to vote.","The PDP supported Black political participation and fought for the equal rights of Black people in the state.","The PDP improved Black life in South Carolina by: + Promoting Black political activity + Fighting for equal rights + Protecting voting rights","","","mccray","pdp"
"How did the Progressive Democratic Party improve the lives of Black people in South Carolina?","By passing discriminatory voting laws.","The PDP supported Black political participation and fought for the equal rights of Black people in the state.","The PDP improved Black life in South Carolina by: + Promoting Black political activity + Fighting for equal rights + Protecting voting rights","","","mccray","pdp"
"How did the Progressive Democratic Party improve the lives of Black people in South Carolina?","By passing discriminatory voting laws and forcing more people into the voting machine.","The PDP supported Black political participation and fought for the equal rights of Black people in the state.","The PDP improved Black life in South Carolina by: + Promoting Black political activity + Fighting for equal rights + Protecting voting rights","","","mccray","pdp"
"Was Allen University qualified to train teachers during the 1963 school year?","Yes. All Oklahoma colleges and universities are eligible to train teachers.","Yes","Yes, Allen University was qualified to train teachers for the 1963-1964 school year.","","","mccray","student"
"Was Allen University qualified to train teachers during the 1963 school year?","Yes, the Central Jurisdiction of the State approved the program and funds were generously contributed by the Federal Government.","Yes","Yes, Allen University was qualified to train teachers for the 1963-1964 school year.","","","mccray","student"
"Was Allen University qualified to train teachers during the 1963 school year?","Yes, the State Superintendent of Public Instruction authorized the superintendent of Kentucky schools to prepare an Action Plan for each school district, taking into account the number of teachers in the district and the needs of each child. The Action Plan then undergoes a three-year review by the Board of Governors. If necessary, the Action Plan may be modified to include provisions for contract workers.","Yes","Yes, Allen University was qualified to train teachers for the 1963-1964 school year.","","","mccray","student"
"Was Allen University qualified to train teachers during the 1963 school year?","Yes, the Board of Regents certified the university as a school of education.","Yes","Yes, Allen University was qualified to train teachers for the 1963-1964 school year.","","","mccray","student"
"Was Allen University qualified to train teachers during the 1963 school year?","Yes, the Board of General Certificate Holders of the University of Arkansas approved the application and, in approving the application, the Board noted that “it was felt that the best means of instruction in high school was by teaching the material on which the Board was approved.”
The Board also noted that “a large body of American teachers are currently studying at Allen and that many more are in need of retraining.”","Yes","Yes, Allen University was qualified to train teachers for the 1963-1964 school year.","","","mccray","student"
"Did John McCray give an address titled, Why Segregation of the Races Must Go""?""","No, he did not.","Yes","Yes, John McCray gave the address that questioned segregation in education in 1951.","","","mccray","student"
"Did John McCray give an address titled, Why Segregation of the Races Must Go""?""","No, he did not.","Yes","Yes, John McCray gave the address that questioned segregation in education in 1951.","","","mccray","student"
"Did John McCray give an address titled, Why Segregation of the Races Must Go""?""","No, he did not.","Yes","Yes, John McCray gave the address that questioned segregation in education in 1951.","","","mccray","student"
"Did John McCray give an address titled, Why Segregation of the Races Must Go""?""","No, he did not.","Yes","Yes, John McCray gave the address that questioned segregation in education in 1951.","","","mccray","student"
"Did John McCray give an address titled, Why Segregation of the Races Must Go""?""","John H. McCray <url>http://www.racekeepers.org<url>http://www.nola.com/history/history_ex/1765_1865.html","Yes","Yes, John McCray gave the address that questioned segregation in education in 1951.","","","mccray","student"
"How many white students were transported to school in South Carolina, according to the 1951 report released by the State Superintendent of Education?","Eleven.","111238","According to the report available in 1951, 111,238 white children were transported to and from school.","","","mccray","student"
"How many white students were transported to school in South Carolina, according to the 1951 report released by the State Superintendent of Education?","9,000","111238","According to the report available in 1951, 111,238 white children were transported to and from school.","","","mccray","student"
"How many white students were transported to school in South Carolina, according to the 1951 report released by the State Superintendent of Education?","9,000","111238","According to the report available in 1951, 111,238 white children were transported to and from school.","","","mccray","student"
"How many white students were transported to school in South Carolina, according to the 1951 report released by the State Superintendent of Education?","","111238","According to the report available in 1951, 111,238 white children were transported to and from school.","","","mccray","student"
"How many white students were transported to school in South Carolina, according to the 1951 report released by the State Superintendent of Education?","","111238","According to the report available in 1951, 111,238 white children were transported to and from school.","","","mccray","student"
"How many Black students were transported to school in South Carolina, according to the 1951 report released by the State Superintendent of Education?","765","19735","According to the report available in 1951, 19,735 Black children were transported to and from school.","","","mccray","student"
"How many Black students were transported to school in South Carolina, according to the 1951 report released by the State Superintendent of Education?","129,000\","19735","According to the report available in 1951, 19,735 Black children were transported to and from school.","","","mccray","student"
"How many Black students were transported to school in South Carolina, according to the 1951 report released by the State Superintendent of Education?","665","19735","According to the report available in 1951, 19,735 Black children were transported to and from school.","","","mccray","student"
"How many Black students were transported to school in South Carolina, according to the 1951 report released by the State Superintendent of Education?","166,000","19735","According to the report available in 1951, 19,735 Black children were transported to and from school.","","","mccray","student"
"How many Black students were transported to school in South Carolina, according to the 1951 report released by the State Superintendent of Education?","Eighteen","19735","According to the report available in 1951, 19,735 Black children were transported to and from school.","","","mccray","student"
"In the 1950s, did South Carolina spend more money on Black education than white education?","George H. Hiers
Columbia, South Carolina","No","No, in the 1950s, South Carolina spent more money on white education.","","","mccray","student"
"In the 1950s, did South Carolina spend more money on Black education than white education?","$150.00","No","No, in the 1950s, South Carolina spent more money on white education.","","","mccray","student"
"In the 1950s, did South Carolina spend more money on Black education than white education?","George H. W. White
Columbia, South Carolina
February 16, 1945

Mr. John H. McCray
State Superintendent of Public Instruction
Anderson, South Carolina

Dear Sir,

A committee from the Central South Carolina Council of Independent Schools was informed that a permanent institution was being planned for Anderson, consisting of a central office for the State Superintendent of Public Instruction, an Executive Department, and a Secretariat.

The Central Office has been authentically informed that it shall be possible to attract tenured teachers into the Executive Department and to train one or more Negroes as Assistant Superintendents.

The Sectional Office has been authentically informed that it shall be possible to organize a Progressive Democratic Party in the Executive Department and into membership as early as January 1, 1946.

What is your best policy in regard to funding the Executive Department and the various staff members who work in it?","No","No, in the 1950s, South Carolina spent more money on white education.","","","mccray","student"
"In the 1950s, did South Carolina spend more money on Black education than white education?","$1950s","No","No, in the 1950s, South Carolina spent more money on white education.","","","mccray","student"
"In the 1950s, did South Carolina spend more money on Black education than white education?","Not much","No","No, in the 1950s, South Carolina spent more money on white education.","","","mccray","student"
"How did Allen University recieve approval to provide teacher training in 1963?","By Association of American Universities","Allen University was approved for teacher training after being reviewed by a special committee that advised the State Board of Education.","Allen University was allowed to provide teacher training as a result of: + Possessing a strong curriculum + Improving financial standing + Improving the physical campus","","","mccray","student"
"How did Allen University recieve approval to provide teacher training in 1963?","By the Democratic Party Central Committee of Georgia","Allen University was approved for teacher training after being reviewed by a special committee that advised the State Board of Education.","Allen University was allowed to provide teacher training as a result of: + Possessing a strong curriculum + Improving financial standing + Improving the physical campus","","","mccray","student"
"How did Allen University recieve approval to provide teacher training in 1963?","By the Enduring Agreement","Allen University was approved for teacher training after being reviewed by a special committee that advised the State Board of Education.","Allen University was allowed to provide teacher training as a result of: + Possessing a strong curriculum + Improving financial standing + Improving the physical campus","","","mccray","student"
"How did Allen University recieve approval to provide teacher training in 1963?","By the Board of Legal Education of South Carolina","Allen University was approved for teacher training after being reviewed by a special committee that advised the State Board of Education.","Allen University was allowed to provide teacher training as a result of: + Possessing a strong curriculum + Improving financial standing + Improving the physical campus","","","mccray","student"
"How did Allen University recieve approval to provide teacher training in 1963?","By the State Board of General Education.","Allen University was approved for teacher training after being reviewed by a special committee that advised the State Board of Education.","Allen University was allowed to provide teacher training as a result of: + Possessing a strong curriculum + Improving financial standing + Improving the physical campus","","","mccray","student"
"How did segregation impact Black education?","Segregated schools were more likely to serve as testing grounds for African Americans.","Segregation led to limited education opportunities for many Black students, especially in the South.","Segregation created Black schools that were frequently:
+ Overcrowded + Underfunded + Unable to provide students with a full range of academic opportunities","","","mccray","student"
"How did segregation impact Black education?","Segregated schools systematically excluded Black children.","Segregation led to limited education opportunities for many Black students, especially in the South.","Segregation created Black schools that were frequently:
+ Overcrowded + Underfunded + Unable to provide students with a full range of academic opportunities","","","mccray","student"
"How did segregation impact Black education?","Segregated schools were often more racially segregated than public schools.","Segregation led to limited education opportunities for many Black students, especially in the South.","Segregation created Black schools that were frequently:
+ Overcrowded + Underfunded + Unable to provide students with a full range of academic opportunities","","","mccray","student"
"How did segregation impact Black education?","A. It created an awareness of racial equality in the United States.
B. It led to increased funding for African American education.
C. It contributed to the growth of middle-class parents who wanted their children educated.
D. None of the above


<start_answer>B>Enlightenment thought promoted the idea that all men were created equal and had the same basic needs as other Americans. This philosophy helped drive the civil rights movement of the 1800s.","Segregation led to limited education opportunities for many Black students, especially in the South.","Segregation created Black schools that were frequently:
+ Overcrowded + Underfunded + Unable to provide students with a full range of academic opportunities","","","mccray","student"
"How did segregation impact Black education?","African American parents were not educated about the importance of separate but equal classrooms.","Segregation led to limited education opportunities for many Black students, especially in the South.","Segregation created Black schools that were frequently:
+ Overcrowded + Underfunded + Unable to provide students with a full range of academic opportunities","","","mccray","student"
"Why did John McCray give an address titled, Why Segregation of the Races Must Go""?""","The purpose of the Negro Government in the United States was to have equal rights for all citizens to enjoy in the same manner as those enjoyed by white citizens.","McCray gave the address to explain how segregation was impacting Black education in the South.","In his speech, McCray addressed: + The history of segregation
+ The harm of segregated education
+ Statistics showing how Black education rates compared to white education in South Carolina","","","mccray","student"
"Why did John McCray give an address titled, Why Segregation of the Races Must Go""?""","The author wanted his writing to be read by all who would enjoy it, not because he thought it was necessary, but because he wanted people to know that he was intelligent enough to write such a book.","McCray gave the address to explain how segregation was impacting Black education in the South.","In his speech, McCray addressed: + The history of segregation
+ The harm of segregated education
+ Statistics showing how Black education rates compared to white education in South Carolina","","","mccray","student"
"Why did John McCray give an address titled, Why Segregation of the Races Must Go""?""","Because it dehumanized the American people and created an atmosphere of fear and animosity toward different races.","McCray gave the address to explain how segregation was impacting Black education in the South.","In his speech, McCray addressed: + The history of segregation
+ The harm of segregated education
+ Statistics showing how Black education rates compared to white education in South Carolina","","","mccray","student"
"Why did John McCray give an address titled, Why Segregation of the Races Must Go""?""","John H. McCray
1022 Washington Street
Columbia, South Carolina","McCray gave the address to explain how segregation was impacting Black education in the South.","In his speech, McCray addressed: + The history of segregation
+ The harm of segregated education
+ Statistics showing how Black education rates compared to white education in South Carolina","","","mccray","student"
"Why did John McCray give an address titled, Why Segregation of the Races Must Go""?""","Because it was believed that the only law promoting racial equality was the Fourteenth Amendment of the United States Constitution.","McCray gave the address to explain how segregation was impacting Black education in the South.","In his speech, McCray addressed: + The history of segregation
+ The harm of segregated education
+ Statistics showing how Black education rates compared to white education in South Carolina","","","mccray","student"
"How did students help promote desegregation throughout the South?","Through newspaper advertisements.","Students organized numerous desegregation sit-ins and protests.","In order to end segregation, students:
+ Organized protests + Conducted sit-ins
+ Led boycotts
+ Joined youth conventions and political groups","","","mccray","student"
"How did students help promote desegregation throughout the South?","Student leaders in South Carolina helped to create the first national day of desegregation,","Students organized numerous desegregation sit-ins and protests.","In order to end segregation, students:
+ Organized protests + Conducted sit-ins
+ Led boycotts
+ Joined youth conventions and political groups","","","mccray","student"
"How did students help promote desegregation throughout the South?","Students organized sit-ins in Montgomery, Ala., in 1944","Students organized numerous desegregation sit-ins and protests.","In order to end segregation, students:
+ Organized protests + Conducted sit-ins
+ Led boycotts
+ Joined youth conventions and political groups","","","mccray","student"
"How did students help promote desegregation throughout the South?","Students organized sit-ins in 150 of the 186 schools in the state.","Students organized numerous desegregation sit-ins and protests.","In order to end segregation, students:
+ Organized protests + Conducted sit-ins
+ Led boycotts
+ Joined youth conventions and political groups","","","mccray","student"
"How did students help promote desegregation throughout the South?","John H. McCray was the driving force in the Freedom Democratic Party, and was instrumental in the passage of the Civil Rights Message of the Nation. The Freedom Democratic Party made many presentations in schools, and was the driving force in the Public Service Committee.","Students organized numerous desegregation sit-ins and protests.","In order to end segregation, students:
+ Organized protests + Conducted sit-ins
+ Led boycotts
+ Joined youth conventions and political groups","","","mccray","student"
"What concerns did people have about placing Black students in vocational schools?","They worried that if they sent all of their students to a two-year-old school, they’d not have the same success.","There was widespread concern that placing Black students in vocational schools limited their educational opportunities.","Many people believed that vocational schools: + Did not prepare students for college + Locked Black students into a career path before they even finished school
+ Pushed Black students on the path of working rather than attaining higher education","","","mccray","student"
"What concerns did people have about placing Black students in vocational schools?","A. More students would have to work harder to keep up with the speed and intensity of the American Vocational Schooling Program.","There was widespread concern that placing Black students in vocational schools limited their educational opportunities.","Many people believed that vocational schools: + Did not prepare students for college + Locked Black students into a career path before they even finished school
+ Pushed Black students on the path of working rather than attaining higher education","","","mccray","student"
"What concerns did people have about placing Black students in vocational schools?","A. They were taught differently than white students.","There was widespread concern that placing Black students in vocational schools limited their educational opportunities.","Many people believed that vocational schools: + Did not prepare students for college + Locked Black students into a career path before they even finished school
+ Pushed Black students on the path of working rather than attaining higher education","","","mccray","student"
"What concerns did people have about placing Black students in vocational schools?","A. They feared they would not be able to teach the subjects.","There was widespread concern that placing Black students in vocational schools limited their educational opportunities.","Many people believed that vocational schools: + Did not prepare students for college + Locked Black students into a career path before they even finished school
+ Pushed Black students on the path of working rather than attaining higher education","","","mccray","student"
"What concerns did people have about placing Black students in vocational schools?","Thomas Jefferson","There was widespread concern that placing Black students in vocational schools limited their educational opportunities.","Many people believed that vocational schools: + Did not prepare students for college + Locked Black students into a career path before they even finished school
+ Pushed Black students on the path of working rather than attaining higher education","","","mccray","student"
"Did John McCray write reports about Black voter registration?","Yes, he did so.","Yes","Yes, John McCray wrote public reports discussing Black voter registration.","","","mccray","voting_rights"
"Did John McCray write reports about Black voter registration?","Yes, he did so in his column for The Philadelphia Daily Mail. You must include his name in this column.","Yes","Yes, John McCray wrote public reports discussing Black voter registration.","","","mccray","voting_rights"
"Did John McCray write reports about Black voter registration?","No, he did not.","Yes","Yes, John McCray wrote public reports discussing Black voter registration.","","","mccray","voting_rights"
"Did John McCray write reports about Black voter registration?","Yes, John H. McCray wrote a book called ""The Negro Vote in America,"" and in it he described in vivid detail the process by which Negroes were selected and the methods used by various political leaders to keep the process going. You might not have known that John H. McCray was the driving force behind the registration drive of 1944.","Yes","Yes, John McCray wrote public reports discussing Black voter registration.","","","mccray","voting_rights"
"Did John McCray write reports about Black voter registration?","Yes, McCray did write a book called \""Who Shot Kennedy?\"" published in 1950. It was based on his research into the subject.","Yes","Yes, John McCray wrote public reports discussing Black voter registration.","","","mccray","voting_rights"
"Who helped organize the Southern Democratic Conference to support Black voter registration in 1962?","John H. McCray
1022 Washington Street
Columbia, South Carolina","A.T. Walden","A.T. Walden organized the Southern Democratic Conference to support Black voting rights in the South.","","","mccray","voting_rights"
"Who helped organize the Southern Democratic Conference to support Black voter registration in 1962?","John H. McCray
1022 Washington Street
Columbia, South Carolina","A.T. Walden","A.T. Walden organized the Southern Democratic Conference to support Black voting rights in the South.","","","mccray","voting_rights"
"Who helped organize the Southern Democratic Conference to support Black voter registration in 1962?","Martin Luther King,","A.T. Walden","A.T. Walden organized the Southern Democratic Conference to support Black voting rights in the South.","","","mccray","voting_rights"
"Who helped organize the Southern Democratic Conference to support Black voter registration in 1962?","John H. McCray
1022 Washington Street
Columbia, South Carolina","A.T. Walden","A.T. Walden organized the Southern Democratic Conference to support Black voting rights in the South.","","","mccray","voting_rights"
"Who helped organize the Southern Democratic Conference to support Black voter registration in 1962?","John H. McCray
State Chairman
Progressive Democratic Party
1022 Washington Street
Columbia, South Carolina","A.T. Walden","A.T. Walden organized the Southern Democratic Conference to support Black voting rights in the South.","","","mccray","voting_rights"
"Did United Recording Laboratories provide tapes of Dr. Martin Luther King Jr.'s call for registration and voting?","Yes, United Recording Laboratories in Atlanta made available free of charge to all citizens in Atlanta and the 365 days leading up to the inauguration of President Roosevelt.","Yes","Yes, United Recording Laboratories provided free recordings of Dr. MLK Jr.'s call to voting and registration.","","","mccray","voting_rights"
"Did United Recording Laboratories provide tapes of Dr. Martin Luther King Jr.'s call for registration and voting?","No. United Recording Laboratories did not provide recordings of Dr. King's message to Congress on June 1, 1944. However, we do produce cassettes of his speech and other materials which have been selected for preservation in the Public Record Department. These are referred to as ""King materials.""","Yes","Yes, United Recording Laboratories provided free recordings of Dr. MLK Jr.'s call to voting and registration.","","","mccray","voting_rights"
"Did United Recording Laboratories provide tapes of Dr. Martin Luther King Jr.'s call for registration and voting?","No. United Recording Laboratories was the first to prepare and issue legal tender certificates for voting machines.","Yes","Yes, United Recording Laboratories provided free recordings of Dr. MLK Jr.'s call to voting and registration.","","","mccray","voting_rights"
"Did United Recording Laboratories provide tapes of Dr. Martin Luther King Jr.'s call for registration and voting?","Yes, United Recording Laboratories in Orangeburg, S.C., furnished tapes of Dr. Martin Luther King, Jr., and other leaders' messages to Congress during the Civil Rights Movement and beyond.","Yes","Yes, United Recording Laboratories provided free recordings of Dr. MLK Jr.'s call to voting and registration.","","","mccray","voting_rights"
"Did United Recording Laboratories provide tapes of Dr. Martin Luther King Jr.'s call for registration and voting?","Yes, United Recording Laboratories in Charleston, South Carolina, provided audio tapes of Dr. Martin Luther King, Jr., and he would have listened to the tapes and approved of the contentions he saw in them.","Yes","Yes, United Recording Laboratories provided free recordings of Dr. MLK Jr.'s call to voting and registration.","","","mccray","voting_rights"
"Did John McCray write to Jack Minnis about creating political cartoons?","No, he did not. He was in Washington D.C. when the letter was written and read it to the American people through the medium of his own newspaper. The American people have responded favorably to his letter and his name is now in the Congressional Record.","Yes","Yes, McCray asked Minnis to create political cartoons encouraging Black people to vote.","","","mccray","voting_rights"
"Did John McCray write to Jack Minnis about creating political cartoons?","No, he did not.","Yes","Yes, McCray asked Minnis to create political cartoons encouraging Black people to vote.","","","mccray","voting_rights"
"Did John McCray write to Jack Minnis about creating political cartoons?","Yes, he did.","Yes","Yes, McCray asked Minnis to create political cartoons encouraging Black people to vote.","","","mccray","voting_rights"
"Did John McCray write to Jack Minnis about creating political cartoons?","No, McCray did not write to Minnis. He was in Washington on April 17, 1944, when I reported to him that I was working on a project for the Progressive Democratic Party. The narrator of that project is a brilliant storyteller, and he often refers to himself as the President of the Progressive Democratic Party. The workers and people who work for the Progressive Democratic Party look up to him.

In a letter to him shortly after I reported to him that I was working on a project for the Progressive Democratic Party, he wrote: ""Sir, I am looking forward to hearing from you.""","Yes","Yes, McCray asked Minnis to create political cartoons encouraging Black people to vote.","","","mccray","voting_rights"
"Did John McCray write to Jack Minnis about creating political cartoons?","Yes, he did, and sent an official letter to him.","Yes","Yes, McCray asked Minnis to create political cartoons encouraging Black people to vote.","","","mccray","voting_rights"
"Did Black voters keep record of reasons they were denied the right to vote in South Carolina?","No. They did not keep detailed records of their reasons for not voting. These were kept secret from the White Citizens Council and the Election Officials.","Yes","Yes, several Black voters wrote about the reasons they had their voting writes denied.","","","mccray","voting_rights"
"Did Black voters keep record of reasons they were denied the right to vote in South Carolina?","No, South Carolina citizens who did not vote were told they could not vote until after the election. This was done because of a problem with the registration board in Charleston, S. C.","Yes","Yes, several Black voters wrote about the reasons they had their voting writes denied.","","","mccray","voting_rights"
"Did Black voters keep record of reasons they were denied the right to vote in South Carolina?","No, they did not keep detailed records of their voting. When South Carolina citizens cast their votes in 1950, they were asked if they wanted their votes counted. The answer was no, and their ballots printed as one unit. This procedure is known as ""the odd Pollard Method.""","Yes","Yes, several Black voters wrote about the reasons they had their voting writes denied.","","","mccray","voting_rights"
"Did Black voters keep record of reasons they were denied the right to vote in South Carolina?","No, they did not keep detailed records of their reasons for not voting. These were kept confidential and must be obtained before voting can take place.","Yes","Yes, several Black voters wrote about the reasons they had their voting writes denied.","","","mccray","voting_rights"
"Did Black voters keep record of reasons they were denied the right to vote in South Carolina?","No. In 1948 the federal government began considering discriminatory voting practices in connection with the 1945 decision to allow African Americans into the Democratic Party.","Yes","Yes, several Black voters wrote about the reasons they had their voting writes denied.","","","mccray","voting_rights"
"How did McCray use political cartoons to support Black voter registration?","By printing more than the required number of black citizens in a campaign, the organizers hoped to increase the number of black citizens who voted. While this may have been successful in some cases, it did not meet the goal of increasing the number of white citizens who voted.
In order for McCray to make this claim, he would need to know the number of black citizens in each state. Currently, American Red Cross chapters in every state are assigned a numerical code for each county. The secretary of state then reviews the data from each state to determine the number of black citizens in each county. If necessary, the secretary of state may request information about race or voting patterns in the state.
In the case of Tennessee, the secretary of state may request information about voting patterns in the state. The secretary of state then reviews the data from each state to determine the number of black citizens in each county. If necessary, the secretary of state may request information about race or voting patterns in the state.","McCray suggested creating political cartoons that depicted Black people in voting situations.","John McCray suggested the use of political cartoons: + To encourage Black people to vote by appealing to all classes + To distribute to political and community organizations
+ To promote voting registration drives","","","mccray","voting_rights"
"How did McCray use political cartoons to support Black voter registration?","John H. McCray
1022 Washington Street
Columbia, South Carolina","McCray suggested creating political cartoons that depicted Black people in voting situations.","John McCray suggested the use of political cartoons: + To encourage Black people to vote by appealing to all classes + To distribute to political and community organizations
+ To promote voting registration drives","","","mccray","voting_rights"
"How did McCray use political cartoons to support Black voter registration?","By printing more than likely voters in the state.","McCray suggested creating political cartoons that depicted Black people in voting situations.","John McCray suggested the use of political cartoons: + To encourage Black people to vote by appealing to all classes + To distribute to political and community organizations
+ To promote voting registration drives","","","mccray","voting_rights"
"How did McCray use political cartoons to support Black voter registration?","Through direct appeals to African Americans living in fear of police brutality, the founders of the Progressive Democratic Party consistently demanded that all citizens have access to accurate and reliable information on the political process. As the nation's chief spokesman for civil rights, the League of Independent Colored Women has been a fulcrum for Black lobbying efforts in Congress and the White House.","McCray suggested creating political cartoons that depicted Black people in voting situations.","John McCray suggested the use of political cartoons: + To encourage Black people to vote by appealing to all classes + To distribute to political and community organizations
+ To promote voting registration drives","","","mccray","voting_rights"
"How did McCray use political cartoons to support Black voter registration?","Through direct messages to Black citizens in their area of operation, encouraging them to register for voting.","McCray suggested creating political cartoons that depicted Black people in voting situations.","John McCray suggested the use of political cartoons: + To encourage Black people to vote by appealing to all classes + To distribute to political and community organizations
+ To promote voting registration drives","","","mccray","voting_rights"
"Why did John McCray report on Black voter registration?","John H. McCray","John McCray believed that many other media outlets were not creating accurate reports about Black voting trends.","John McCray wrote reports about Black voter registration to: + Provide accurate statistics on the number of Black citizens registered to vote
+ Showcase the success of Black voting rights efforts","","","mccray","voting_rights"
"Why did John McCray report on Black voter registration?","John H. McCray <start_answer>
Voter registration drives in the South have been organized by political parties to help blacks register for voting, but many also lobby the government and demand higher fees.","John McCray believed that many other media outlets were not creating accurate reports about Black voting trends.","John McCray wrote reports about Black voter registration to: + Provide accurate statistics on the number of Black citizens registered to vote
+ Showcase the success of Black voting rights efforts","","","mccray","voting_rights"
"Why did John McCray report on Black voter registration?","John H. McCray was the driving force behind the Black Power Movement in the United States. In 1944, he organized the 1st National Black Citizens Party and became the first Black president of the American Citizens Political Action Committee. Since then, he has been actively involved in promoting Black participation in the democratic process.

Mr. McCray was also the first African American to serve as President of the American Council of Trustees of America and the first African American to serve as Chairman of the Board of Trustees of the Central Methodist Church in Atlanta, Georgia. These remarkable achievements underscore his commitment to fairness and equality in the United States government.","John McCray believed that many other media outlets were not creating accurate reports about Black voting trends.","John McCray wrote reports about Black voter registration to: + Provide accurate statistics on the number of Black citizens registered to vote
+ Showcase the success of Black voting rights efforts","","","mccray","voting_rights"
"Why did John McCray report on Black voter registration?","John H. McCray was the first African American to serve as Secretary of State. In 1948 he was the driving force behind the Campaign to Re-elect Truman.","John McCray believed that many other media outlets were not creating accurate reports about Black voting trends.","John McCray wrote reports about Black voter registration to: + Provide accurate statistics on the number of Black citizens registered to vote
+ Showcase the success of Black voting rights efforts","","","mccray","voting_rights"
"Why did John McCray report on Black voter registration?","John H. McCray","John McCray believed that many other media outlets were not creating accurate reports about Black voting trends.","John McCray wrote reports about Black voter registration to: + Provide accurate statistics on the number of Black citizens registered to vote
+ Showcase the success of Black voting rights efforts","","","mccray","voting_rights"
"John McCray believed that many other media outlets were not creating accurate reports about Black voting trends.","A report on the Black vote in America prepared by John H. McCray, Director of Political Research at the University of South Carolina","Increased access to information, political power, and economic success helped lead to a rise in Black voter registration.","According to McCray, Black voter registration in South Carolina improved because of: + Increased accesss to information
+ Economic progress
+ Black local leadership
+ Partnership with white citizens + A decrease in economic retaliation","","","mccray","voting_rights"
"John McCray believed that many other media outlets were not creating accurate reports about Black voting trends.","Yes, McCray believed that many other media outlets were not creating accurate reports about Black voting trends.","Increased access to information, political power, and economic success helped lead to a rise in Black voter registration.","According to McCray, Black voter registration in South Carolina improved because of: + Increased accesss to information
+ Economic progress
+ Black local leadership
+ Partnership with white citizens + A decrease in economic retaliation","","","mccray","voting_rights"
"John McCray believed that many other media outlets were not creating accurate reports about Black voting trends.","Yes, they were.","Increased access to information, political power, and economic success helped lead to a rise in Black voter registration.","According to McCray, Black voter registration in South Carolina improved because of: + Increased accesss to information
+ Economic progress
+ Black local leadership
+ Partnership with white citizens + A decrease in economic retaliation","","","mccray","voting_rights"
"John McCray believed that many other media outlets were not creating accurate reports about Black voting trends.","No, because Black voting machines are programmed to give accurate information about where to go in order to win the election. There is no scientific method used by American citizens to determine which election officials make the most accurate predictions.","Increased access to information, political power, and economic success helped lead to a rise in Black voter registration.","According to McCray, Black voter registration in South Carolina improved because of: + Increased accesss to information
+ Economic progress
+ Black local leadership
+ Partnership with white citizens + A decrease in economic retaliation","","","mccray","voting_rights"
"John McCray believed that many other media outlets were not creating accurate reports about Black voting trends.","Yes, many news organizations in the South reported only white-only precincts.","Increased access to information, political power, and economic success helped lead to a rise in Black voter registration.","According to McCray, Black voter registration in South Carolina improved because of: + Increased accesss to information
+ Economic progress
+ Black local leadership
+ Partnership with white citizens + A decrease in economic retaliation","","","mccray","voting_rights"
"Did John McCray believe that the March on Washington would help improve Black voter registration?","Yes, he did. In 1950 he wrote a letter to President Truman, requesting assistance in preparing for the state-by-state registration drive, which was refused. In 1951 he wrote him a letter of regret for not having earlier arranged for a more extensive campaign. Finally, in 1952 he wrote him and promised him assistance in raising $400.00 by April 1. We are looking forward to hearing from you.","No, John McCray did not believe that the March on Washington would improve the condition and circumstances of Black voters.","McCray stated in a letter that he believed the March on Washington to be a waste of time and money. He believed that the only way for Black people to enact real political change was to go vote.","","","mccray","voting_rights"
"Did John McCray believe that the March on Washington would help improve Black voter registration?","No, he did not.","No, John McCray did not believe that the March on Washington would improve the condition and circumstances of Black voters.","McCray stated in a letter that he believed the March on Washington to be a waste of time and money. He believed that the only way for Black people to enact real political change was to go vote.","","","mccray","voting_rights"
"Did John McCray believe that the March on Washington would help improve Black voter registration?","Yes, he did. In 1950 he wrote to his state chairman, ""Our mission is to convince President Truman that Black participation in the democratic process is essential for our national prosperity.""","No, John McCray did not believe that the March on Washington would improve the condition and circumstances of Black voters.","McCray stated in a letter that he believed the March on Washington to be a waste of time and money. He believed that the only way for Black people to enact real political change was to go vote.","","","mccray","voting_rights"
"Did John McCray believe that the March on Washington would help improve Black voter registration?","No, he did not.","No, John McCray did not believe that the March on Washington would improve the condition and circumstances of Black voters.","McCray stated in a letter that he believed the March on Washington to be a waste of time and money. He believed that the only way for Black people to enact real political change was to go vote.","","","mccray","voting_rights"
"Did John McCray believe that the March on Washington would help improve Black voter registration?","No, he did not.","No, John McCray did not believe that the March on Washington would improve the condition and circumstances of Black voters.","McCray stated in a letter that he believed the March on Washington to be a waste of time and money. He believed that the only way for Black people to enact real political change was to go vote.","","","mccray","voting_rights"
"How did the Southern Democratic Conference support Black, Southern voters?","It was the fastest-growing party in the South, thanks to its outreach to African Americans.","The Southern Democratic Conference sought to improve Black voting conditions through increasing Black representation within the Democratic party and supporting voter registration drives among Black people.","The Southern Democratic Conference sought to improve Black voting conditions through:
+ Increasing Black representation in party activities
+ Eliminating signs of white supremacy at the ballot
+ Running voter registration drives","","","mccray","voting_rights"
"How did the Southern Democratic Conference support Black, Southern voters?","The Southern Democratic Conference voted unanimously in favor of the National Party Platform for the 1944 Democratic Primary. The Conference also sent a representative to each state for the purpose of canvassing its members in the state.","The Southern Democratic Conference sought to improve Black voting conditions through increasing Black representation within the Democratic party and supporting voter registration drives among Black people.","The Southern Democratic Conference sought to improve Black voting conditions through:
+ Increasing Black representation in party activities
+ Eliminating signs of white supremacy at the ballot
+ Running voter registration drives","","","mccray","voting_rights"
"How did the Southern Democratic Conference support Black, Southern voters?","N.A.A.C.P.","The Southern Democratic Conference sought to improve Black voting conditions through increasing Black representation within the Democratic party and supporting voter registration drives among Black people.","The Southern Democratic Conference sought to improve Black voting conditions through:
+ Increasing Black representation in party activities
+ Eliminating signs of white supremacy at the ballot
+ Running voter registration drives","","","mccray","voting_rights"
"How did the Southern Democratic Conference support Black, Southern voters?","The Southern Democratic Conference voted unanimously in favor of registration desegregation and the constitutional amendment to provide for racial equality in voting.","The Southern Democratic Conference sought to improve Black voting conditions through increasing Black representation within the Democratic party and supporting voter registration drives among Black people.","The Southern Democratic Conference sought to improve Black voting conditions through:
+ Increasing Black representation in party activities
+ Eliminating signs of white supremacy at the ballot
+ Running voter registration drives","","","mccray","voting_rights"
"How did the Southern Democratic Conference support Black, Southern voters?","The Southern Democratic Conference voted unanimously and without request the night before Black Tuesday.","The Southern Democratic Conference sought to improve Black voting conditions through increasing Black representation within the Democratic party and supporting voter registration drives among Black people.","The Southern Democratic Conference sought to improve Black voting conditions through:
+ Increasing Black representation in party activities
+ Eliminating signs of white supremacy at the ballot
+ Running voter registration drives","","","mccray","voting_rights"
"Was an address called ""The Need for Changing"" given at Charleston County Hall in 1947?","No. The document was signed by President Truman and was referred to him as the Federal Executive Policy Committee. The committee considered such matters as the operation of the Federal Government, the needs of the people, and the desirability of a more just system of international government.","Yes","Yes, John McCray gave an address titled ""The Need for Changing"" at Charleston County Hall in 1947.","","","mccray","jim_crow"
"Was an address called ""The Need for Changing"" given at Charleston County Hall in 1947?","No, it was not given as a reason for the county to change its address.","Yes","Yes, John McCray gave an address titled ""The Need for Changing"" at Charleston County Hall in 1947.","","","mccray","jim_crow"
"Was an address called ""The Need for Changing"" given at Charleston County Hall in 1947?","Yes, it was.""","Yes","Yes, John McCray gave an address titled ""The Need for Changing"" at Charleston County Hall in 1947.","","","mccray","jim_crow"
"Was an address called ""The Need for Changing"" given at Charleston County Hall in 1947?","Yes, an address was given as such in 1947.","Yes","Yes, John McCray gave an address titled ""The Need for Changing"" at Charleston County Hall in 1947.","","","mccray","jim_crow"
"Was an address called ""The Need for Changing"" given at Charleston County Hall in 1947?","No, Charleston County did not adopt the statement contained in the statement of the Progressive Democratic Party. Our party does not consider ourselves to be a party of change agents. We believe that any person who advocates the betterment of Negroes generally and who objects to the treatment meted out to Slaves in the process of cessions should object with respect to the statement contained in this Question.","Yes","Yes, John McCray gave an address titled ""The Need for Changing"" at Charleston County Hall in 1947.","","","mccray","jim_crow"
"What address on segregation did John McCray give to Pee Dee Union Baptist Church on April 8, 1951?","John H. McCray
P. O. Box 58
Rock Hill, S.C.

April 19, 1951

Mr. John H. McCray, we certainly are looking forward to your coming to Chesterfield, S.C. on Friday night, May 1, at the Bethlehem Baptist Church at 8:00 p.m. We shall then proceed to Chesterfield, S.C., and stay there until Monday, May 4, when we will be glad to go over the whole matter and give your report.

If you have a list of names of those who made a contribution to your defense fund, send this in so that we will be able to give you a complete picture of the whole matter.

Sincerely yours,
Lee Rickard
Assistant Attorney General
Columbia County","""Why Segregation of the Races Must Go.""","McCray gave the address ""Why Segregation of the Races Must Go"" at Pee Dee Union Baptist Church in 1951.","","","mccray","jim_crow"
"What address on segregation did John McCray give to Pee Dee Union Baptist Church on April 8, 1951?","John H. McCray
1316 Washington Street
Columbia, South Carolina","""Why Segregation of the Races Must Go.""","McCray gave the address ""Why Segregation of the Races Must Go"" at Pee Dee Union Baptist Church in 1951.","","","mccray","jim_crow"
"What address on segregation did John McCray give to Pee Dee Union Baptist Church on April 8, 1951?","P. O. Box 565
Georgetown, South Carolina","""Why Segregation of the Races Must Go.""","McCray gave the address ""Why Segregation of the Races Must Go"" at Pee Dee Union Baptist Church in 1951.","","","mccray","jim_crow"
"What address on segregation did John McCray give to Pee Dee Union Baptist Church on April 8, 1951?","P. O. Box 586
Greenville, South Carolina","""Why Segregation of the Races Must Go.""","McCray gave the address ""Why Segregation of the Races Must Go"" at Pee Dee Union Baptist Church in 1951.","","","mccray","jim_crow"
"What address on segregation did John McCray give to Pee Dee Union Baptist Church on April 8, 1951?","P. O. Box 575
Georgetown, South Carolina","""Why Segregation of the Races Must Go.""","McCray gave the address ""Why Segregation of the Races Must Go"" at Pee Dee Union Baptist Church in 1951.","","","mccray","jim_crow"
"Which court ruling established the ""seperate but equal"" principle that made segregation legal throughout the United States?","McClellan v. Davis
1944","Plessy v. Ferguson","The court ruling on the Plessy v. Ferguson case made ""seperate but equal"" segregation legal in the United States.","","","mccray","jim_crow"
"Which court ruling established the ""seperate but equal"" principle that made segregation legal throughout the United States?","In 1947, the Supreme Court decided that public schools in public districts were to be taught the same material as those in private schools. The Court reasoned that the two systems were not racially distinct, and therefore did not have the same legal effects as in some cases where one teacher talks to ten different students.","Plessy v. Ferguson","The court ruling on the Plessy v. Ferguson case made ""seperate but equal"" segregation legal in the United States.","","","mccray","jim_crow"
"Which court ruling established the ""seperate but equal"" principle that made segregation legal throughout the United States?","Brown v. The Supreme Court of the United States","Plessy v. Ferguson","The court ruling on the Plessy v. Ferguson case made ""seperate but equal"" segregation legal in the United States.","","","mccray","jim_crow"
"Which court ruling established the ""seperate but equal"" principle that made segregation legal throughout the United States?","In 1896, the Fourteenth Amendment of the United States Constitution guaranteed all citizens the right to vote. The Supreme Court decided that voting was a fundamental right and determined that voting machines used for the first time in the United States were machine-operated. Since then, voting has been electronically conducted.","Plessy v. Ferguson","The court ruling on the Plessy v. Ferguson case made ""seperate but equal"" segregation legal in the United States.","","","mccray","jim_crow"
"Which court ruling established the ""seperate but equal"" principle that made segregation legal throughout the United States?","In 1896, the Supreme Court decided that public facilities which serve as a base for an organized crime gang could be segregated from those facilities in an effort to prevent further gang activity. This decision set the stage for the modern-day ""separate but equal"" doctrine.","Plessy v. Ferguson","The court ruling on the Plessy v. Ferguson case made ""seperate but equal"" segregation legal in the United States.","","","mccray","jim_crow"
"Did James Hinton write to John McCray about the treatment of Corporal Linwood Brown in South Carolina?","No","Yes","Yes, Hinton wrote to McCray about the mistreatment Corporal Linwood Brown experienced in South Carolina.","","","mccray","jim_crow"
"Did James Hinton write to John McCray about the treatment of Corporal Linwood Brown in South Carolina?","Yes, Hinton wrote to him about the treatment of Corporal Brown in South Carolina. In his letter to John McCray, Hinton stated that he would be glad to furnish affidavits concerning the circumstances, and if requested, also give them legal process in connection with the case.","Yes","Yes, Hinton wrote to McCray about the mistreatment Corporal Linwood Brown experienced in South Carolina.","","","mccray","jim_crow"
"Did James Hinton write to John McCray about the treatment of Corporal Linwood Brown in South Carolina?","No\","Yes","Yes, Hinton wrote to McCray about the mistreatment Corporal Linwood Brown experienced in South Carolina.","","","mccray","jim_crow"
"Did James Hinton write to John McCray about the treatment of Corporal Linwood Brown in South Carolina?","No.","Yes","Yes, Hinton wrote to McCray about the mistreatment Corporal Linwood Brown experienced in South Carolina.","","","mccray","jim_crow"
"Did James Hinton write to John McCray about the treatment of Corporal Linwood Brown in South Carolina?","Yes, Hinton did write to John McCray, requesting that the Brown case be referred to him. In an letter to him, Hinton asked if ""any information was ready to go public"" in relation to the case. McCray agreed, and on 10 May 1944 sent a copy of his letter to Hinton.","Yes","Yes, Hinton wrote to McCray about the mistreatment Corporal Linwood Brown experienced in South Carolina.","","","mccray","jim_crow"
"In July 1947, were there any ocean front beaches open to Black people in Charleston, S.C.?","No beach was officially designated as a part of the State and was not until 1950. However, the City of Charleston had been providing beach facilities to all Negroes who lived in the city. These early facilities included sand berms, jetties, and cots.

In 1950 the Legislature authorized the Department of Justice to investigate complaints regarding police violence against African Americans, and in 1951 the State adopted the Police Conduct Policy. The policy mandates that police officers use reasonable force in self-defense in cases where an officer is the victim. Any arrest or detention of an individual for violating the policy is considered a crime.

In determining whether or notable black residents were involved in the 1947 incident, the Department reviewed all police reports concerning the incident and investigated the statements made by officers in relation to this matter. It recommended that police officers report all police action in the same thoroughgoing manner as in this case.

As a result","No","No, there were no ocean front beaches for Black people in Charleston, S.C. in July 1947.","","","mccray","jim_crow"
"In July 1947, were there any ocean front beaches open to Black people in Charleston, S.C.?","There were no ocean front beaches in Charleston until the late 1940s. Before that, black residents in the state had access to several miles of beach on which to fish and swim. These were known as ""blue holes"" in the sand.

In 1947, the Charleston Board of Recreation opened nine ocean front beaches in the city, which was the first in the state. Today, there are more than 56 such beaches in the state.","No","No, there were no ocean front beaches for Black people in Charleston, S.C. in July 1947.","","","mccray","jim_crow"
"In July 1947, were there any ocean front beaches open to Black people in Charleston, S.C.?","There were none in those days.","No","No, there were no ocean front beaches for Black people in Charleston, S.C. in July 1947.","","","mccray","jim_crow"
"In July 1947, were there any ocean front beaches open to Black people in Charleston, S.C.?","There were no ocean front beaches in Charleston until 1947. Many African American soldiers who served in the 3rd Calvary were killed or captured by the 4th Army in the process of moving into each beach. These soldiers were the first to die and the last to be admitted to the hospital.","No","No, there were no ocean front beaches for Black people in Charleston, S.C. in July 1947.","","","mccray","jim_crow"
"In July 1947, were there any ocean front beaches open to Black people in Charleston, S.C.?","No beach was designated as a part of the National Shoreline System and was not included in the 1947 spending plan. As a result, many black residents who felt isolated and in need of assistance have been unable to access the services available on or near the water.

In response to these residents' concerns, the Federal Government established the Ocean Front Beach and Boardwalk Protection Fund, which was recently updated to include all Black residents in the state. The Federal Government also funds a national program known as the Oceanfront Preservation Fund, which was established in 1944 and funded through a combination of sales tax receipts and bequests from the Federal Government.

The Federal Government maintains that black residents have the right to access and enjoy the benefits of the Oceanfront Preservation Fund and the services it provides. Any funds generated by the Oceanfront Preservation Fund are also eligible for federal income tax relief.

In order to qualify for federal income tax relief, residents must:
a) Be residents of","No","No, there were no ocean front beaches for Black people in Charleston, S.C. in July 1947.","","","mccray","jim_crow"
"How did Black people help to dismantle Jim Crow in the United States?","Faced with overwhelming power struggles in the South, the American people banded together to fight back against the institution of slavery.","Black people, and their allies, used a combination of social and legal activism to dismantle Jim Crow and secure equal rights.","In order order to dismantle Jim Crow, Black people and their allies: + Petitioned courts + Raised lawsuits against organizations, counties, and states + Campaigned for voter registration + Raised awareness about racial violence and discrimination","","","mccray","jim_crow"
"How did Black people help to dismantle Jim Crow in the United States?","By staging sit-ins and other protest actions throughout the South, Black Americans played a critical role in dismantling the very social institution through which Black people attempted to organize themselves.</start_answer>

The American Civil War was the result of deep-seated racial hatred and discrimination. Black soldiers who fought in the American Civil War displayed remarkable courage and determination in the face of adversity. Their actions inspired great loyalty and appreciation for the inherent worth and dignity of every man and woman who fought in the American Revolution.

Today, many African Americans continue to battle for racial equality, and several powerful and inspiring figures have played a crucial role in this fight. From President Roosevelt to Prime Minister Nehru, we are all indebted to them for their leadership and contribution to the betterment of African Americans everywhere.</start_answer>","Black people, and their allies, used a combination of social and legal activism to dismantle Jim Crow and secure equal rights.","In order order to dismantle Jim Crow, Black people and their allies: + Petitioned courts + Raised lawsuits against organizations, counties, and states + Campaigned for voter registration + Raised awareness about racial violence and discrimination","","","mccray","jim_crow"
"How did Black people help to dismantle Jim Crow in the United States?","It was through direct action.","Black people, and their allies, used a combination of social and legal activism to dismantle Jim Crow and secure equal rights.","In order order to dismantle Jim Crow, Black people and their allies: + Petitioned courts + Raised lawsuits against organizations, counties, and states + Campaigned for voter registration + Raised awareness about racial violence and discrimination","","","mccray","jim_crow"
"How did Black people help to dismantle Jim Crow in the United States?","They marched on Washington D.C. to speak to the American people, telling them that they had the right to vote, but they ignored their representatives in the process. Now, more than ever before, African Americans who would not have believed in voting had their voices been heard.","Black people, and their allies, used a combination of social and legal activism to dismantle Jim Crow and secure equal rights.","In order order to dismantle Jim Crow, Black people and their allies: + Petitioned courts + Raised lawsuits against organizations, counties, and states + Campaigned for voter registration + Raised awareness about racial violence and discrimination","","","mccray","jim_crow"
"How did Black people help to dismantle Jim Crow in the United States?","They marched on Washington DC, demanding voting, justice, and equality for African Americans.","Black people, and their allies, used a combination of social and legal activism to dismantle Jim Crow and secure equal rights.","In order order to dismantle Jim Crow, Black people and their allies: + Petitioned courts + Raised lawsuits against organizations, counties, and states + Campaigned for voter registration + Raised awareness about racial violence and discrimination","","","mccray","jim_crow"
"According to John McCray, why was the South unable to operate a ""seperate but equal"" school system that was actually equal?","Because the Northern States wanted the same schools as those in the South.","The South was unable to support adequately support a ""seperate but equal"" school system because of racial bias and lack of funds.","McCray argued that Southern States were unable to support a seperate and truly equal school system due to: + racial discrimination + inadequate funding
Many states in the South were already unable to provide adequate public schooling for white students do to the economy being largely agrarian. With funds already being limited then, it was impossible to ensure that both Black and white schools were well-funded. Due to racial biases that were prevelent in many southern states, whatever funding was available was disportionately alloted to support white schools.","","","mccray","jim_crow"
"According to John McCray, why was the South unable to operate a ""seperate but equal"" school system that was actually equal?","The South did not want a separate education system because it feared that an over-crowded state school system would supplant it in meeting the needs of the young.","The South was unable to support adequately support a ""seperate but equal"" school system because of racial bias and lack of funds.","McCray argued that Southern States were unable to support a seperate and truly equal school system due to: + racial discrimination + inadequate funding
Many states in the South were already unable to provide adequate public schooling for white students do to the economy being largely agrarian. With funds already being limited then, it was impossible to ensure that both Black and white schools were well-funded. Due to racial biases that were prevelent in many southern states, whatever funding was available was disportionately alloted to support white schools.","","","mccray","jim_crow"
"According to John McCray, why was the South unable to operate a ""seperate but equal"" school system that was actually equal?","A. The federal government did not approve of the South Carolina Plan of 1944.<br>
B. The South Carolina Plan of 1944 was written by a foreign government.<br>
C. The federal government did not approve of the Plan.<br>
D. None of the above.<br>


<start_answer>The Progressive Democratic Party of South Carolina<br>
John H. McCray<br>
Columbia, S.C.
November 16, 1944<br>
Dear Mr. McCray,

Thank you for your letter of November 15th and the kind invitation to speak at the county-wide meeting in Columbia on ""Democracy and the Struggle for Civil Rights in South Carolina."" We are looking forward to discussing the work that you and associates are doing in relation to voting, the challenges that confront us every day, and the importance of your proposal in this respect.","The South was unable to support adequately support a ""seperate but equal"" school system because of racial bias and lack of funds.","McCray argued that Southern States were unable to support a seperate and truly equal school system due to: + racial discrimination + inadequate funding
Many states in the South were already unable to provide adequate public schooling for white students do to the economy being largely agrarian. With funds already being limited then, it was impossible to ensure that both Black and white schools were well-funded. Due to racial biases that were prevelent in many southern states, whatever funding was available was disportionately alloted to support white schools.","","","mccray","jim_crow"
"According to John McCray, why was the South unable to operate a ""seperate but equal"" school system that was actually equal?","A. The federal government did not approve of the different taxes South Carolina was paying for public schools.
B. The federal government did not approve of the different taxes South Carolina was paying for medical care.","The South was unable to support adequately support a ""seperate but equal"" school system because of racial bias and lack of funds.","McCray argued that Southern States were unable to support a seperate and truly equal school system due to: + racial discrimination + inadequate funding
Many states in the South were already unable to provide adequate public schooling for white students do to the economy being largely agrarian. With funds already being limited then, it was impossible to ensure that both Black and white schools were well-funded. Due to racial biases that were prevelent in many southern states, whatever funding was available was disportionately alloted to support white schools.","","","mccray","jim_crow"
"According to John McCray, why was the South unable to operate a ""seperate but equal"" school system that was actually equal?","Because there was not enough money in the state budget to fund a separate school system for each African American in the state.","The South was unable to support adequately support a ""seperate but equal"" school system because of racial bias and lack of funds.","McCray argued that Southern States were unable to support a seperate and truly equal school system due to: + racial discrimination + inadequate funding
Many states in the South were already unable to provide adequate public schooling for white students do to the economy being largely agrarian. With funds already being limited then, it was impossible to ensure that both Black and white schools were well-funded. Due to racial biases that were prevelent in many southern states, whatever funding was available was disportionately alloted to support white schools.","","","mccray","jim_crow"
"What was the significance of the Clarendon County school case?","The Clarendon County school case was the first major legal action in the South ever taken against the Board of Education.","The Clarendon County school case (formally known as Briggs v. Elliot) helped to dismantle legal segregation in education.","The Clarendon County (Briggs v. Elliot) case: + showed the pitfalls of ""seperate but equal"" + led to equal education opportunities for Black people in South Carolina and elsewhere + was the first of five cases that would eventually comprise the Brown v Board of Education case that made segregation illegal in public schools
+ was intended to help lead the way to desegregation in every area of society","","","mccray","jim_crow"
"What was the significance of the Clarendon County school case?","The Clarendon County School Board decided that it would be better for all students in grades nine through twelve to have their test scores taken at home instead of having them sent to an institution like a private school. The Board also decided that the best way to evaluate a student was through testing.","The Clarendon County school case (formally known as Briggs v. Elliot) helped to dismantle legal segregation in education.","The Clarendon County (Briggs v. Elliot) case: + showed the pitfalls of ""seperate but equal"" + led to equal education opportunities for Black people in South Carolina and elsewhere + was the first of five cases that would eventually comprise the Brown v Board of Education case that made segregation illegal in public schools
+ was intended to help lead the way to desegregation in every area of society","","","mccray","jim_crow"
"What was the significance of the Clarendon County school case?","The Clarendon County school case was a turning point in the Civil Rights Movement in the United States. On June 1, 1944, President Roosevelt appointed Brigadier General Harold B. Byrd as Undersecretary of Labor, a position he has held ever since. In his inauguration speech, Roosevelt praised Byrd for his leadership in the Student Non-Violent Movement and called him a ""faint and dejected man.""

Rosevelt also emphasized the central role played by teachers in the Civil Rights Movement and praised them for their dedication and ability to organize and campaign for political candidates. The Supreme Court has recognized the value of teacher organizations in the fight against racism and has provided assistance in many cases.

In response to the appeal made by Senator William L. Dawson for military assistance in the Civil Rights Movement, the Department of Labor has provided up to $100.00 worth of assistance to over 52,000 Negroes in over 484,000","The Clarendon County school case (formally known as Briggs v. Elliot) helped to dismantle legal segregation in education.","The Clarendon County (Briggs v. Elliot) case: + showed the pitfalls of ""seperate but equal"" + led to equal education opportunities for Black people in South Carolina and elsewhere + was the first of five cases that would eventually comprise the Brown v Board of Education case that made segregation illegal in public schools
+ was intended to help lead the way to desegregation in every area of society","","","mccray","jim_crow"
"What was the significance of the Clarendon County school case?","The Clarendon County School Board decided that it would be better for all students in grades six through nine to be taught the same material. This was made possible by the fact that eight Black students enrolled in each of the nine grades.","The Clarendon County school case (formally known as Briggs v. Elliot) helped to dismantle legal segregation in education.","The Clarendon County (Briggs v. Elliot) case: + showed the pitfalls of ""seperate but equal"" + led to equal education opportunities for Black people in South Carolina and elsewhere + was the first of five cases that would eventually comprise the Brown v Board of Education case that made segregation illegal in public schools
+ was intended to help lead the way to desegregation in every area of society","","","mccray","jim_crow"
"What was the significance of the Clarendon County school case?","The Clarendon County School Division was the first in the South to implement the Progressive Movement and has been credited with pioneering the use of radio in the public school system.","The Clarendon County school case (formally known as Briggs v. Elliot) helped to dismantle legal segregation in education.","The Clarendon County (Briggs v. Elliot) case: + showed the pitfalls of ""seperate but equal"" + led to equal education opportunities for Black people in South Carolina and elsewhere + was the first of five cases that would eventually comprise the Brown v Board of Education case that made segregation illegal in public schools
+ was intended to help lead the way to desegregation in every area of society","","","mccray","jim_crow"
"Did serving in the millitary protect Black servicemen from discrimination in the early-20th century?","No, serving in the military protected Black citizens from being discriminated against in the military, and the military code of 1944 explicitly prohibits discrimination in the treatment of enlisted men.","Serving in the military did not always protect Black servicemen from discrimination in the early 20th-century.","Though serving in the military provided many Black servicemen with some additional rights, many of them still experienced discrimination both at home and abroad. Even those who had been awarded for their contributions abroad were still subject to racial biases and segregation when they returned to the United States.","","","mccray","jim_crow"
"Did serving in the millitary protect Black servicemen from discrimination in the early-20th century?","No, Black soldiers who served in the military were not discriminated against. Many were given excellent treatment and received special recognition in the public eye.","Serving in the military did not always protect Black servicemen from discrimination in the early 20th-century.","Though serving in the military provided many Black servicemen with some additional rights, many of them still experienced discrimination both at home and abroad. Even those who had been awarded for their contributions abroad were still subject to racial biases and segregation when they returned to the United States.","","","mccray","jim_crow"
"Did serving in the millitary protect Black servicemen from discrimination in the early-20th century?","No, soldiers who served in the early-20th century were not required to register as citizens and thus were not personally affected by the 14th amendment. However, some regiments and formations were required to notify the Secretary of State in advance of their registration and subsequent treatment as citizens. These regiments and formations were known as ""draft card"" regiments.","Serving in the military did not always protect Black servicemen from discrimination in the early 20th-century.","Though serving in the military provided many Black servicemen with some additional rights, many of them still experienced discrimination both at home and abroad. Even those who had been awarded for their contributions abroad were still subject to racial biases and segregation when they returned to the United States.","","","mccray","jim_crow"
"Did serving in the millitary protect Black servicemen from discrimination in the early-20th century?","Yes, early-20th century soldiers who served in the Union Army were given special treatment. Many of these men faced racial discrimination in the military, often being referred to as ""Negro Yankees"" or ""Black Yankees."" Some also faced abuse and even violence from the men in charge of the unit.","Serving in the military did not always protect Black servicemen from discrimination in the early 20th-century.","Though serving in the military provided many Black servicemen with some additional rights, many of them still experienced discrimination both at home and abroad. Even those who had been awarded for their contributions abroad were still subject to racial biases and segregation when they returned to the United States.","","","mccray","jim_crow"
"Did serving in the millitary protect Black servicemen from discrimination in the early-20th century?","No, it did not. African Americans who served in the military were not considered less worthy of respect than American soldiers who served in the armed forces of other nations.","Serving in the military did not always protect Black servicemen from discrimination in the early 20th-century.","Though serving in the military provided many Black servicemen with some additional rights, many of them still experienced discrimination both at home and abroad. Even those who had been awarded for their contributions abroad were still subject to racial biases and segregation when they returned to the United States.","","","mccray","jim_crow"
"Why did members of the NAACP Junior Branch in Charleston request that part of Fort Moultrie be turned into an ocean front resort for Black people?","A.
The federal government felt that the best way to aid Negroes in war-torn lands was through sea-borne transportation.<br>
B.
The federal government desired to avoid unnecessary actions to help African-Americans in war-torn lands, including building more airfields.<br>
C.
The federal government did not want to burden African-American farmers with wartime production.<br>","The branch members requested that part of Fort Moultrie be turned into an ocean front beach resort because Black people had limited beaches that were open to them in South Carolina in the 1940s.","Members of the NAACP wanted part of Fort Moultrie to be turned into a Black, ocean front beach resort in the 1940s because: + the state of South Carolina only had one Black, ocean front beach
+ here were no ocean-front beaches open to Black citizens in Charleston or within 120 miles of the city + the only ""beach"" available to Black residents of Charleston was a river beach that was unsanitary and filled with the city's waste","","","mccray","jim_crow"
"Why did members of the NAACP Junior Branch in Charleston request that part of Fort Moultrie be turned into an ocean front resort for Black people?","C. Thomas H. Ireland
Columbia, South Carolina

Dear Mr. Ireland,

As a part of your inquiry, I would like to discuss with you as early as possible the organizational methods used by the Progressive Democrats in Charleston, South Carolina, in relation to the Negroes of the city and county.

It is important that we have a coordinated action to combat the very serious problems besetting our people. Your letter was a welcome addition to this effort.","The branch members requested that part of Fort Moultrie be turned into an ocean front beach resort because Black people had limited beaches that were open to them in South Carolina in the 1940s.","Members of the NAACP wanted part of Fort Moultrie to be turned into a Black, ocean front beach resort in the 1940s because: + the state of South Carolina only had one Black, ocean front beach
+ here were no ocean-front beaches open to Black citizens in Charleston or within 120 miles of the city + the only ""beach"" available to Black residents of Charleston was a river beach that was unsanitary and filled with the city's waste","","","mccray","jim_crow"
"Why did members of the NAACP Junior Branch in Charleston request that part of Fort Moultrie be turned into an ocean front resort for Black people?","To prevent possible discrimination in the housing and employment market, the National Association chartered a ship known as the <em>Sumter Clipper</em> in 1944.","The branch members requested that part of Fort Moultrie be turned into an ocean front beach resort because Black people had limited beaches that were open to them in South Carolina in the 1940s.","Members of the NAACP wanted part of Fort Moultrie to be turned into a Black, ocean front beach resort in the 1940s because: + the state of South Carolina only had one Black, ocean front beach
+ here were no ocean-front beaches open to Black citizens in Charleston or within 120 miles of the city + the only ""beach"" available to Black residents of Charleston was a river beach that was unsanitary and filled with the city's waste","","","mccray","jim_crow"
"Why did members of the NAACP Junior Branch in Charleston request that part of Fort Moultrie be turned into an ocean front resort for Black people?","We wanted as many black people as possible to stay in the city and help us re-elect the president.","The branch members requested that part of Fort Moultrie be turned into an ocean front beach resort because Black people had limited beaches that were open to them in South Carolina in the 1940s.","Members of the NAACP wanted part of Fort Moultrie to be turned into a Black, ocean front beach resort in the 1940s because: + the state of South Carolina only had one Black, ocean front beach
+ here were no ocean-front beaches open to Black citizens in Charleston or within 120 miles of the city + the only ""beach"" available to Black residents of Charleston was a river beach that was unsanitary and filled with the city's waste","","","mccray","jim_crow"
"Why did members of the NAACP Junior Branch in Charleston request that part of Fort Moultrie be turned into an ocean front resort for Black people?","The founders of the NAACP believed that racial equality demanded a global movement. They believed that the best way to achieve this goal was for all Americans to have equal access to the same opportunities as their fellow Americans.","The branch members requested that part of Fort Moultrie be turned into an ocean front beach resort because Black people had limited beaches that were open to them in South Carolina in the 1940s.","Members of the NAACP wanted part of Fort Moultrie to be turned into a Black, ocean front beach resort in the 1940s because: + the state of South Carolina only had one Black, ocean front beach
+ here were no ocean-front beaches open to Black citizens in Charleston or within 120 miles of the city + the only ""beach"" available to Black residents of Charleston was a river beach that was unsanitary and filled with the city's waste","","","mccray","jim_crow"
"Does John McCray's address ""Why Segregation of the Races Must Go?"" discuss school segregation?","Yes, it does.","Yes","Yes, the address ""Why Segregation of the Races Must Go"" discusses school segregation.","","","mccray","racial_progress"
"Does John McCray's address ""Why Segregation of the Races Must Go?"" discuss school segregation?","No\","Yes","Yes, the address ""Why Segregation of the Races Must Go"" discusses school segregation.","","","mccray","racial_progress"
"Does John McCray's address ""Why Segregation of the Races Must Go?"" discuss school segregation?","No","Yes","Yes, the address ""Why Segregation of the Races Must Go"" discusses school segregation.","","","mccray","racial_progress"
"Does John McCray's address ""Why Segregation of the Races Must Go?"" discuss school segregation?","No. John H. McCray, Editor
Greenville, South Carolina","Yes","Yes, the address ""Why Segregation of the Races Must Go"" discusses school segregation.","","","mccray","racial_progress"
"Does John McCray's address ""Why Segregation of the Races Must Go?"" discuss school segregation?","No","Yes","Yes, the address ""Why Segregation of the Races Must Go"" discusses school segregation.","","","mccray","racial_progress"
"Did the National Bar Association make a publication called ""Who's Who Among Negro Lawyers"" in 1945?","No","Yes","Yes, the National Bar Association produced a publication called ""Who's Who Among Negro Lawyers"" in 1945.","","","mccray","racial_progress"
"Did the National Bar Association make a publication called ""Who's Who Among Negro Lawyers"" in 1945?","No, the National Bar Association did not make a publication like this. We are known as the Central Bar Association and the Directors of the Central Jurisdiction of the Bar of Nigeria.","Yes","Yes, the National Bar Association produced a publication called ""Who's Who Among Negro Lawyers"" in 1945.","","","mccray","racial_progress"
"Did the National Bar Association make a publication called ""Who's Who Among Negro Lawyers"" in 1945?","No, the National Bar Association did not make a publication such as this. We have been informed that we can publish only State and Federal Bar Standards.","Yes","Yes, the National Bar Association produced a publication called ""Who's Who Among Negro Lawyers"" in 1945.","","","mccray","racial_progress"
"Did the National Bar Association make a publication called ""Who's Who Among Negro Lawyers"" in 1945?","No. The National Bar Association did not issue a publication in 1945. We are known as the Progressive Democrats. Our next publication will be ""Who's Who in American Bar Association Membership.""","Yes","Yes, the National Bar Association produced a publication called ""Who's Who Among Negro Lawyers"" in 1945.","","","mccray","racial_progress"
"Did the National Bar Association make a publication called ""Who's Who Among Negro Lawyers"" in 1945?","No, the National Bar Association did not make a publication entitled ""Who's Who Among Negro Lawyers."" We are known as the American Society of Barristers.","Yes","Yes, the National Bar Association produced a publication called ""Who's Who Among Negro Lawyers"" in 1945.","","","mccray","racial_progress"
"What journalist is featured in the interview, ""Prominent Editor Sees Bright Future for Negro Journalists?""","John H. McCray
1022 Washington Street
Columbia, South Carolina

Mr. McCray, I think that you have written an excellent article for the purpose of helping us better understand the problems associated with the treatment of Negroes in the United States government. I am going to ask you to serve as Special Counsel to the President, under the direction of the Solicitor General.

In return shipping letters sent to me by the Negro Veterans Post, you have referred to a policy of the White Executive Department known as ""Operation Iraqi Freedom."" What is the purpose of this policy?

Sincerely yours,
Lee Rickard
Director, National Council of Negro Veterans","John McCray","John McCray is featured in the interview titled ""Prominent Editor Sees Bright Future for Negro Journalists.""","","","mccray","racial_progress"
"What journalist is featured in the interview, ""Prominent Editor Sees Bright Future for Negro Journalists?""","John H. McCray","John McCray","John McCray is featured in the interview titled ""Prominent Editor Sees Bright Future for Negro Journalists.""","","","mccray","racial_progress"
"What journalist is featured in the interview, ""Prominent Editor Sees Bright Future for Negro Journalists?""","George Peabody College","John McCray","John McCray is featured in the interview titled ""Prominent Editor Sees Bright Future for Negro Journalists.""","","","mccray","racial_progress"
"What journalist is featured in the interview, ""Prominent Editor Sees Bright Future for Negro Journalists?""","William H. McCray","John McCray","John McCray is featured in the interview titled ""Prominent Editor Sees Bright Future for Negro Journalists.""","","","mccray","racial_progress"
"What journalist is featured in the interview, ""Prominent Editor Sees Bright Future for Negro Journalists?""","John H. McCray","John McCray","John McCray is featured in the interview titled ""Prominent Editor Sees Bright Future for Negro Journalists.""","","","mccray","racial_progress"
"Did the S.C. Progressive Democrats release a report titled ""Negro Voter Registration"" in 1963?","No, the S.C. Progressive Democrats did not release a report on Negro registration until 1963.","Yes","Yes, the S.C. Progressive Democrats released a report called ""Negro Voter Registration"" in 1963.","","","mccray","racial_progress"
"Did the S.C. Progressive Democrats release a report titled ""Negro Voter Registration"" in 1963?","No, they did not.","Yes","Yes, the S.C. Progressive Democrats released a report called ""Negro Voter Registration"" in 1963.","","","mccray","racial_progress"
"Did the S.C. Progressive Democrats release a report titled ""Negro Voter Registration"" in 1963?","No. Franklin Brown did not until 1958.","Yes","Yes, the S.C. Progressive Democrats released a report called ""Negro Voter Registration"" in 1963.","","","mccray","racial_progress"
"Did the S.C. Progressive Democrats release a report titled ""Negro Voter Registration"" in 1963?","No, the S.C. Progressive Democrats did not prepare a report for Negro voter registration until 1958.","Yes","Yes, the S.C. Progressive Democrats released a report called ""Negro Voter Registration"" in 1963.","","","mccray","racial_progress"
"Did the S.C. Progressive Democrats release a report titled ""Negro Voter Registration"" in 1963?","No, they did not.","Yes","Yes, the S.C. Progressive Democrats released a report called ""Negro Voter Registration"" in 1963.","","","mccray","racial_progress"
"In 1963, did Columbia, South Carolina have a group called the Mayor's Committee on Race Relations?","No, the city did not have a group like this. Instead, it was known as the Progressive Democratic Central Committee.","Yes","Yes, in 1963, Columbia SC had a group named the Mayor's Commitee on Race Relations.","","","mccray","racial_progress"
"In 1963, did Columbia, South Carolina have a group called the Mayor's Committee on Race Relations?","No, the group did not exist.","Yes","Yes, in 1963, Columbia SC had a group named the Mayor's Commitee on Race Relations.","","","mccray","racial_progress"
"In 1963, did Columbia, South Carolina have a group called the Mayor's Committee on Race Relations?","No, the group did not exist.","Yes","Yes, in 1963, Columbia SC had a group named the Mayor's Commitee on Race Relations.","","","mccray","racial_progress"
"In 1963, did Columbia, South Carolina have a group called the Mayor's Committee on Race Relations?","No, the committee did not exist.","Yes","Yes, in 1963, Columbia SC had a group named the Mayor's Commitee on Race Relations.","","","mccray","racial_progress"
"In 1963, did Columbia, South Carolina have a group called the Mayor's Committee on Race Relations?","No","Yes","Yes, in 1963, Columbia SC had a group named the Mayor's Commitee on Race Relations.","","","mccray","racial_progress"
"How did racial segregation in education impede racial progress in the South?","By systematically excluding African Americans from public schools, the federal government systematically discriminated against African Americans in the public education system.","School segregation prevented many Black children from having regular access to the sound education that could help them become successful.","School segregation and poorly funding Black schools was a tool used to oppress Black people and maintain white supremacy in the South by denying Black people access to vital education that could empower them.","","","mccray","racial_progress"
"How did racial segregation in education impede racial progress in the South?","Racial segregation prevented African Americans from accessing the same educational opportunities as white students in the 1950s. This was because African Americans did not have equal access to the same resources as white students in the classroom.","School segregation prevented many Black children from having regular access to the sound education that could help them become successful.","School segregation and poorly funding Black schools was a tool used to oppress Black people and maintain white supremacy in the South by denying Black people access to vital education that could empower them.","","","mccray","racial_progress"
"How did racial segregation in education impede racial progress in the South?","By systematically excluding Black Americans from educational opportunities, the federal government systematically disadvantaged Black Americans in the South.","School segregation prevented many Black children from having regular access to the sound education that could help them become successful.","School segregation and poorly funding Black schools was a tool used to oppress Black people and maintain white supremacy in the South by denying Black people access to vital education that could empower them.","","","mccray","racial_progress"
"How did racial segregation in education impede racial progress in the South?","Faced with the stark reality that black and white students were not equal in academic performance, the federal government in 1944 established a National Commission on Colored Education. In an effort to remedy this imbalance, the Commission appointed nine Commissioners who were concerned primarily about the quality of educational material being produced in the South.
The Commissioners felt that the best way to combat racial inequality in the United States was through the most efficient means available to them - inexpensive textbooks, inexpensive school supplies, and an enthusiastic and committed teaching force.","School segregation prevented many Black children from having regular access to the sound education that could help them become successful.","School segregation and poorly funding Black schools was a tool used to oppress Black people and maintain white supremacy in the South by denying Black people access to vital education that could empower them.","","","mccray","racial_progress"
"How did racial segregation in education impede racial progress in the South?","By systematically oppressing African Americans, the federal government systematically suppressed their contributions to the fight against lynchings.","School segregation prevented many Black children from having regular access to the sound education that could help them become successful.","School segregation and poorly funding Black schools was a tool used to oppress Black people and maintain white supremacy in the South by denying Black people access to vital education that could empower them.","","","mccray","racial_progress"
"Why did the National Bar Association produce a publication called ""Who's Who Among Negro Lawyers""?","To pool the intelligence of lawyers all over the Nation into a single entity to fight for the best interests of Negroes in America.","The National Bar Association created this publication to highlight the growing number of Black lawyers in the profession in 1945.","The National Bar Association produced this publication to: + connect citizens to more Black lawyers + highlight accomplished Black lawyers in the field
+ draw attention to the growing number of Black lawyers a part of the National Bar Association","","","mccray","racial_progress"
"Why did the National Bar Association produce a publication called ""Who's Who Among Negro Lawyers""?","The National Bar Association was founded in 1944 by nine Negroes who felt that the legal profession was being systematically victimized by the political and economic pressures of the twentieth century. As a response, the National Bar Association has been instrumental in fighting back and, to this end, is currently publishing an illustrated history of the legal profession in the United States.","The National Bar Association created this publication to highlight the growing number of Black lawyers in the profession in 1945.","The National Bar Association produced this publication to: + connect citizens to more Black lawyers + highlight accomplished Black lawyers in the field
+ draw attention to the growing number of Black lawyers a part of the National Bar Association","","","mccray","racial_progress"
"Why did the National Bar Association produce a publication called ""Who's Who Among Negro Lawyers""?","The National Association for the Advancement of Colored People","The National Bar Association created this publication to highlight the growing number of Black lawyers in the profession in 1945.","The National Bar Association produced this publication to: + connect citizens to more Black lawyers + highlight accomplished Black lawyers in the field
+ draw attention to the growing number of Black lawyers a part of the National Bar Association","","","mccray","racial_progress"
"Why did the National Bar Association produce a publication called ""Who's Who Among Negro Lawyers""?","The National Bar Association, in association with several professional and business organizations, produced a study guide for Negroes in legal education. The guide was designed to help those who were just beginning in the legal profession better prepare for the real world in which they would find themselves.","The National Bar Association created this publication to highlight the growing number of Black lawyers in the profession in 1945.","The National Bar Association produced this publication to: + connect citizens to more Black lawyers + highlight accomplished Black lawyers in the field
+ draw attention to the growing number of Black lawyers a part of the National Bar Association","","","mccray","racial_progress"
"Why did the National Bar Association produce a publication called ""Who's Who Among Negro Lawyers""?","To research the history and development of Negro lawyers, we turned to the National Bar Association and other leading lawyers. The Association organized in 1934 and was chartered in 1935 as the National Association for the Advancement of Colored People. Today the Association has about two million members in all sections of the United States.","The National Bar Association created this publication to highlight the growing number of Black lawyers in the profession in 1945.","The National Bar Association produced this publication to: + connect citizens to more Black lawyers + highlight accomplished Black lawyers in the field
+ draw attention to the growing number of Black lawyers a part of the National Bar Association","","","mccray","racial_progress"
"Why did John McCray believe that journalism was the key to progress for Black people?","Because it was the only legitimate way to inform the American people.","John McCray believed that the press gave Black people a voice and allowed them fight to discrimination.","John McCray believed that the press:
+ gave Black people a platform to discuss racial issues + challenged racial discrimination by raising awareness on the topic
+ gave Black people a public voice","","","mccray","racial_progress"
"Why did John McCray believe that journalism was the key to progress for Black people?","Because journalism helped him to win the right to air his political messages across the state line.","John McCray believed that the press gave Black people a voice and allowed them fight to discrimination.","John McCray believed that the press:
+ gave Black people a platform to discuss racial issues + challenged racial discrimination by raising awareness on the topic
+ gave Black people a public voice","","","mccray","racial_progress"
"Why did John McCray believe that journalism was the key to progress for Black people?","Because it was the only way to know what was going on in the White World.","John McCray believed that the press gave Black people a voice and allowed them fight to discrimination.","John McCray believed that the press:
+ gave Black people a platform to discuss racial issues + challenged racial discrimination by raising awareness on the topic
+ gave Black people a public voice","","","mccray","racial_progress"
"Why did John McCray believe that journalism was the key to progress for Black people?","Because it helped him win the right to serve in the Democratic National Convention in 1948.","John McCray believed that the press gave Black people a voice and allowed them fight to discrimination.","John McCray believed that the press:
+ gave Black people a platform to discuss racial issues + challenged racial discrimination by raising awareness on the topic
+ gave Black people a public voice","","","mccray","racial_progress"
"Why did John McCray believe that journalism was the key to progress for Black people?","John H. McCray believed that journalism was the key to progress for Black people because journalism helped them overcome racial discrimination.","John McCray believed that the press gave Black people a voice and allowed them fight to discrimination.","John McCray believed that the press:
+ gave Black people a platform to discuss racial issues + challenged racial discrimination by raising awareness on the topic
+ gave Black people a public voice","","","mccray","racial_progress"
"Why had Black voter registration increased in South Carolina by the early 1960s?","The increase in Black voter registration was a response to the Civil Rights Message Board of the Progressive Democratic Party.","A combination of political activism, voter drives, and community organizing helped to dramtically improve Black voter registration in South Carolina by the early 1960s.","A number of factors helped to improve Black voter registration by the 1960s including: + an increase in Black political power + successful and widespread voter registation drives + community organizing and activism","","","mccray","racial_progress"
"Why had Black voter registration increased in South Carolina by the early 1960s?","The increasing use of the Permanent Colored Primary Card in 1950 was one of the reasons for the growth in South Carolina. Other factors that contributed to this increase included improved transportation facilities, the growing middle class, and the growing influence of the young.","A combination of political activism, voter drives, and community organizing helped to dramtically improve Black voter registration in South Carolina by the early 1960s.","A number of factors helped to improve Black voter registration by the 1960s including: + an increase in Black political power + successful and widespread voter registation drives + community organizing and activism","","","mccray","racial_progress"
"Why had Black voter registration increased in South Carolina by the early 1960s?","The growth of the South Carolina state constitution which was based on the executive branch of government.","A combination of political activism, voter drives, and community organizing helped to dramtically improve Black voter registration in South Carolina by the early 1960s.","A number of factors helped to improve Black voter registration by the 1960s including: + an increase in Black political power + successful and widespread voter registation drives + community organizing and activism","","","mccray","racial_progress"
"Why had Black voter registration increased in South Carolina by the early 1960s?","The increase in Black voting was a direct result of the Civil Rights Message Board's efforts in the 1940s to increase Black participation in the Democratic Party. Today, nearly three million South Carolina citizens register to vote, the majority of whom are African Americans.","A combination of political activism, voter drives, and community organizing helped to dramtically improve Black voter registration in South Carolina by the early 1960s.","A number of factors helped to improve Black voter registration by the 1960s including: + an increase in Black political power + successful and widespread voter registation drives + community organizing and activism","","","mccray","racial_progress"
"Why had Black voter registration increased in South Carolina by the early 1960s?","The growth in Black voter registration was primarily due to the efficient mailing systems used by Black Statesmen in their campaigns. These Statesmen would send detailed information about each eligible voter to political leaders in all 33 South Carolina counties, making it simpler for them to identify eligible citizens and give them voting tickets.","A combination of political activism, voter drives, and community organizing helped to dramtically improve Black voter registration in South Carolina by the early 1960s.","A number of factors helped to improve Black voter registration by the 1960s including: + an increase in Black political power + successful and widespread voter registation drives + community organizing and activism","","","mccray","racial_progress"
"How had Black life in Columbia improved by the 1960s?","Gave girls more freedom to follow their own paths.","By the 1960s, life for Black residents of Columbia, SC had improved economically, socially, and politically due to increased opportunities.","By the 1960s, Black residents of Columbia, SC had greater access to:
+ Job opportunities + Public spaces
+ Political power","","","",""
"How had Black life in Columbia improved by the 1960s?","Increased literacy","By the 1960s, life for Black residents of Columbia, SC had improved economically, socially, and politically due to increased opportunities.","By the 1960s, Black residents of Columbia, SC had greater access to:
+ Job opportunities + Public spaces
+ Political power","","","",""
"How had Black life in Columbia improved by the 1960s?","Increased literacy levels
Increased job opportunities
Increased support for civil rights and voting","By the 1960s, life for Black residents of Columbia, SC had improved economically, socially, and politically due to increased opportunities.","By the 1960s, Black residents of Columbia, SC had greater access to:
+ Job opportunities + Public spaces
+ Political power","","","",""
"How had Black life in Columbia improved by the 1960s?","Increased freedom of speech and the right to assemble.","By the 1960s, life for Black residents of Columbia, SC had improved economically, socially, and politically due to increased opportunities.","By the 1960s, Black residents of Columbia, SC had greater access to:
+ Job opportunities + Public spaces
+ Political power","","","",""
"How had Black life in Columbia improved by the 1960s?","Increased economic production and the improvement of living standards for African Americans.","By the 1960s, life for Black residents of Columbia, SC had improved economically, socially, and politically due to increased opportunities.","By the 1960s, Black residents of Columbia, SC had greater access to:
+ Job opportunities + Public spaces
+ Political power","","","",""
